nameseq,average,median,maximum,minimum,peak,none_levated_peak,sample_standard_deviation,population_standard_deviation,percentile15,percentile25,percentile50,percentile75,amplitude,variance,interquartile_range,semi_interquartile_range,coefficient_of_variation,skewness,kurtosis,label
LG10_16547211_16547399,21.382394947110082,1.7314166348787057,3604.6293288464653,0.002174859453449211,2.946349094936847,38.03706964918986,261.34458972612873,262.0387332853168,0.24538525109374484,0.6019933496673529,1.7314166348787057,2.8894363978467794,3604.6271539870118,68664.29774177342,2.2874430481794263,1.1437215240897132,12.22241897470192,0.22557549401911392,0.22030619207627086,fourier
