nameseq,average,median,maximum,minimum,peak,none_levated_peak,sample_standard_deviation,population_standard_deviation,percentile15,percentile25,percentile50,percentile75,amplitude,variance,interquartile_range,semi_interquartile_range,coefficient_of_variation,skewness,kurtosis,label
LG10_10493969_10494016,12.145651476683812,2.008262375434321,469.13693926901203,0.2313852054700656,1.3173439095231276,8.607950051258602,66.68400344407624,67.3896739258022,0.7630580092268728,0.9746662876407285,2.008262375434321,3.7584424148996565,468.90555406354196,4541.3681518259455,2.783776127258928,1.391888063629464,5.490360362479569,0.45606390937900537,0.3018142130947682,fourier
