nameseq,average,median,maximum,minimum,peak,none_levated_peak,sample_standard_deviation,population_standard_deviation,percentile15,percentile25,percentile50,percentile75,amplitude,variance,interquartile_range,semi_interquartile_range,coefficient_of_variation,skewness,kurtosis,label
LG10_16440103_16440388,44.647358053891985,3.9621208167180226,10850.775882471173,0.10449445673008878,2.1352513897521193,36.69223440348894,640.148130836751,641.2702143111017,0.8291482734831648,1.6346419940442896,3.9621208167180226,8.26756813438265,10850.671388014443,411227.4877626063,6.63292614033836,3.31646307016918,14.337872580591545,0.19066791861436871,0.20070234636734974,fourier
