nameseq,average,median,maximum,minimum,peak,none_levated_peak,sample_standard_deviation,population_standard_deviation,percentile15,percentile25,percentile50,percentile75,amplitude,variance,interquartile_range,semi_interquartile_range,coefficient_of_variation,skewness,kurtosis,label
LG10_7112544_7112729,21.36476047611191,2.0992845057814384,3461.116999344626,0.003018848745344779,2.901974963366551,34.69000636389612,252.9106927475428,253.59331394251095,0.4903656242223864,0.8970606314534811,2.0992845057814384,3.779880419299285,3461.1139804958807,64309.568876344914,2.8828197878458037,1.4414098939229019,11.837749972920315,0.22852504685788125,0.24976022077267335,fourier
