nameseq,average,median,maximum,minimum,peak,none_levated_peak,sample_standard_deviation,population_standard_deviation,percentile15,percentile25,percentile50,percentile75,amplitude,variance,interquartile_range,semi_interquartile_range,coefficient_of_variation,skewness,kurtosis,label
LG10_6569810_6575466,401.3286261812852,8.918101632110426,2193624.006683895,0.0031570202593639097,4.698560091785946,542.667966488988,29162.725100348496,29165.303020804397,1.952811884013483,3.6519466488683254,8.918101632110426,18.09034218787876,2193624.003526875,850614900.295342,14.438395539010436,7.219197769505218,72.66544970349393,0.0403676806470139,0.2392849461841164,fourier
