nameseq,average,median,maximum,minimum,peak,none_levated_peak,sample_standard_deviation,population_standard_deviation,percentile15,percentile25,percentile50,percentile75,amplitude,variance,interquartile_range,semi_interquartile_range,coefficient_of_variation,skewness,kurtosis,label
LG10_6215926_6216155,39.593899148875,2.9195691473081475,8096.466759825195,0.09122276631511624,1.936325249968341,34.286069572702665,532.4334835381942,533.5947356996538,0.8177391683843082,1.2516095025137401,2.9195691473081475,5.510822415835351,8096.375537058881,284723.34196638345,4.259212913321611,2.1296064566608055,13.44736171439489,0.20664175602473742,0.1956167604806928,fourier
