nameseq,average,median,maximum,minimum,peak,none_levated_peak,sample_standard_deviation,population_standard_deviation,percentile15,percentile25,percentile50,percentile75,amplitude,variance,interquartile_range,semi_interquartile_range,coefficient_of_variation,skewness,kurtosis,label
LG10_17407061_17407397,23.860518716787237,0.8139460255782787,7712.051178816572,0.0008767206308060056,4.707916649536224,97.56303076162895,419.42622040951574,420.0499028661545,0.20130624017776863,0.35210219286080635,0.8139460255782787,1.2932311345957042,7712.050302095941,176441.92089786584,0.9411289417348978,0.4705644708674489,17.578252400457057,0.16484357607905592,0.25231833388144664,fourier
