nameseq,average,median,maximum,minimum,peak,none_levated_peak,sample_standard_deviation,population_standard_deviation,percentile15,percentile25,percentile50,percentile75,amplitude,variance,interquartile_range,semi_interquartile_range,coefficient_of_variation,skewness,kurtosis,label
LG10_10453584_10453649,7.657167814035848,0.6966518275705557,417.60347884360243,0.0809491713790802,2.873124963994292,16.79144603777291,50.865849518760356,51.255631843580254,0.19414706251814928,0.3240426401861685,0.6966518275705557,2.489654612098326,417.52252967222336,2627.139795684638,2.1656119719121576,1.0828059859560788,6.642906457596702,0.4105219544538294,0.31754732728746976,fourier
