nameseq,average,median,maximum,minimum,peak,none_levated_peak,sample_standard_deviation,population_standard_deviation,percentile15,percentile25,percentile50,percentile75,amplitude,variance,interquartile_range,semi_interquartile_range,coefficient_of_variation,skewness,kurtosis,label
LG10_18768853_18769254,61.3427309355313,6.17153407132924,21138.650114800294,0.14780463039617936,2.184447903710523,44.9850749347609,1052.5879907428803,1053.8996273772707,1.2952311197902886,2.4155942248638373,6.17153407132924,12.23180279713731,21138.502310169897,1110704.4245859499,9.81620857227347,4.908104286136735,17.15913156603848,0.1572444223649107,0.24747129306142288,fourier
