nameseq,average,median,maximum,minimum,peak,none_levated_peak,sample_standard_deviation,population_standard_deviation,percentile15,percentile25,percentile50,percentile75,amplitude,variance,interquartile_range,semi_interquartile_range,coefficient_of_variation,skewness,kurtosis,label
LG10_4337934_4338227,30.518502684560364,2.591765898891967,7904.716082170011,0.022754681760937423,3.211166714597019,49.80182942293173,460.02974498534917,460.8141099965038,0.38460262173324655,0.9062035098176129,2.591765898891967,5.279614139433446,7904.69332748825,212349.64397186993,4.373410629615833,2.1867053148079165,15.073798008382735,0.18211911570994913,0.24370641616567112,fourier
