nameseq,average,median,maximum,minimum,peak,none_levated_peak,sample_standard_deviation,population_standard_deviation,percentile15,percentile25,percentile50,percentile75,amplitude,variance,interquartile_range,semi_interquartile_range,coefficient_of_variation,skewness,kurtosis,label
LG10_11732502_11732603,23.689837220278182,1.9942344415327637,2133.6943603356303,0.05685788599956277,1.4352145894399164,17.97001126677958,209.97807341317304,211.01500847704733,0.4148263462409459,0.7551424622208401,1.9942344415327637,3.613627907511581,2133.6375024496306,44527.33380256836,2.858485445290741,1.4292427226453706,8.863635130149168,0.3099695471925071,0.24263999877318823,fourier
