nameseq,average,median,maximum,minimum,peak,none_levated_peak,sample_standard_deviation,population_standard_deviation,percentile15,percentile25,percentile50,percentile75,amplitude,variance,interquartile_range,semi_interquartile_range,coefficient_of_variation,skewness,kurtosis,label
LG10_6609406_6612951,302.6060210197949,17.88493714387026,978288.4707056824,0.002476750599339072,3.906069006877691,245.4369870896264,16425.755996705113,16428.072583134614,4.03563773782766,7.282482271272331,17.88493714387026,36.49249380510622,978288.4682289318,269881568.7967392,29.210011533833892,14.605005766916946,54.28099527349003,0.05200145745493314,0.25164097481751974,fourier
