nameseq,average,median,maximum,minimum,peak,none_levated_peak,sample_standard_deviation,population_standard_deviation,percentile15,percentile25,percentile50,percentile75,amplitude,variance,interquartile_range,semi_interquartile_range,coefficient_of_variation,skewness,kurtosis,label
LG10_5600870_5601110,47.72507000920785,10.39024751842163,8276.620902871791,0.03485420941541127,1.683252288950738,22.343241764694245,531.4376654706051,532.54367637658,2.286202627454175,4.346700137620253,10.39024751842163,16.82199667082038,8276.586048662375,283602.76724868367,12.475296533200126,6.237648266600063,11.13539834238215,0.2107574881301932,0.24214890521045343,fourier
