nameseq,average,median,maximum,minimum,peak,none_levated_peak,sample_standard_deviation,population_standard_deviation,percentile15,percentile25,percentile50,percentile75,amplitude,variance,interquartile_range,semi_interquartile_range,coefficient_of_variation,skewness,kurtosis,label
LG10_13927165_13927465,36.226144696327296,3.094130336045835,9619.676630584716,0.05549602027210305,2.7696387284486663,47.13168924666481,553.3201994014393,554.2416325116696,0.5124195674041091,1.0387484117963601,3.094130336045835,5.830232572727869,9619.621134564444,307183.7872092007,4.791484160931509,2.3957420804657543,15.274057011579716,0.1796356669942056,0.22756519241570453,fourier
