nameseq,average,median,maximum,minimum,peak,none_levated_peak,sample_standard_deviation,population_standard_deviation,percentile15,percentile25,percentile50,percentile75,amplitude,variance,interquartile_range,semi_interquartile_range,coefficient_of_variation,skewness,kurtosis,label
LG10_5981321_5984102,259.8217843974904,16.631169890627383,653544.0604997816,0.02457395341835809,3.5691130960545068,198.85305789898717,12388.043127256273,12390.270191207253,3.6379192107105283,6.26544212609121,16.631169890627383,33.969194476729555,653544.0359258282,153518795.41111904,27.703752350638347,13.851876175319173,47.67900103520315,0.05889322760875599,0.25049599718160875,fourier
