nameseq,average,median,maximum,minimum,peak,none_levated_peak,sample_standard_deviation,population_standard_deviation,percentile15,percentile25,percentile50,percentile75,amplitude,variance,interquartile_range,semi_interquartile_range,coefficient_of_variation,skewness,kurtosis,label
LG10_5667807_5670407,213.59793779281352,10.2596527741096,515811.3764756711,0.004562837265594046,4.059027952044067,232.8488545713392,10111.716795786158,10113.661169767363,2.4107136464298953,4.281643454651692,10.2596527741096,21.348919872708002,515811.3719128338,102286142.25686014,17.06727641805631,8.533638209028155,47.339955152536895,0.060327525718513235,0.24963308600862935,fourier
