nameseq,average,median,maximum,minimum,peak,none_levated_peak,sample_standard_deviation,population_standard_deviation,percentile15,percentile25,percentile50,percentile75,amplitude,variance,interquartile_range,semi_interquartile_range,coefficient_of_variation,skewness,kurtosis,label
LG10_13261045_13261403,46.017710596534535,4.453175711125691,13977.695490985163,0.043607354519886156,2.6004480691327228,45.82306882555972,736.3657566177513,737.39348322621,0.9579431816617503,1.8096114587049166,4.453175711125691,9.435552056354423,13977.651883630642,543749.1491044828,7.625940597649507,3.8129702988247534,16.00179033402859,0.16933650639726203,0.259480922380431,fourier
