nameseq,average,median,maximum,minimum,peak,none_levated_peak,sample_standard_deviation,population_standard_deviation,percentile15,percentile25,percentile50,percentile75,amplitude,variance,interquartile_range,semi_interquartile_range,coefficient_of_variation,skewness,kurtosis,label
LG10_16105482_16105721,23.877223685785154,2.207965989882512,5009.864461845523,0.007640770535102591,3.35047328168335,44.25792279793303,322.5300309145519,323.20407560151693,0.2926293403028076,0.7490423321369657,2.207965989882512,4.547967298093754,5009.856821074987,104460.87448543108,3.7989249659567883,1.8994624829783942,13.507853138996389,0.20155572150405576,0.2596418970708702,fourier
