nameseq,average,median,maximum,minimum,peak,none_levated_peak,sample_standard_deviation,population_standard_deviation,percentile15,percentile25,percentile50,percentile75,amplitude,variance,interquartile_range,semi_interquartile_range,coefficient_of_variation,skewness,kurtosis,label
LG10_9625549_9629568,322.4493034294999,13.78556403128402,1209082.4439550517,0.007519781556173928,4.155692028942394,307.6688173410298,19066.959404844107,19069.331359745964,3.4042617327443527,5.977360844448879,13.78556403128402,29.013212057016133,1209082.4364352701,363639398.50779086,23.035851212567255,11.517925606283628,59.13165016035737,0.04856522734083088,0.24145474954047744,fourier
