nameseq,average,median,maximum,minimum,peak,none_levated_peak,sample_standard_deviation,population_standard_deviation,percentile15,percentile25,percentile50,percentile75,amplitude,variance,interquartile_range,semi_interquartile_range,coefficient_of_variation,skewness,kurtosis,label
LG10_16728876_16729283,31.846422129967706,1.3679351935245836,12130.83915477803,0.0011106578390151214,4.270495424728514,88.73631777989692,599.7296901463401,600.4660068019698,0.24133459913247696,0.6217796337478259,1.3679351935245836,3.1373149424108804,12130.838044120192,360559.4253247032,2.5155353086630545,1.2577676543315273,18.831933072380846,0.15246112092102393,0.2848964949461337,fourier
