nameseq,average,median,maximum,minimum,peak,none_levated_peak,sample_standard_deviation,population_standard_deviation,percentile15,percentile25,percentile50,percentile75,amplitude,variance,interquartile_range,semi_interquartile_range,coefficient_of_variation,skewness,kurtosis,label
LG10_17001175_17001494,24.83198450040743,1.4013891362392716,7312.64118966664,0.0016376957992589494,4.295535327227534,70.44901963604828,408.0434977047244,408.68256387188296,0.32291915197325777,0.46778902245264947,1.4013891362392716,2.8595324922577654,7312.63955197084,167021.4380128957,2.391743469805116,1.195871734902558,16.432174307213725,0.1722654238773589,0.24258900893378288,fourier
