nameseq,average,median,maximum,minimum,peak,none_levated_peak,sample_standard_deviation,population_standard_deviation,percentile15,percentile25,percentile50,percentile75,amplitude,variance,interquartile_range,semi_interquartile_range,coefficient_of_variation,skewness,kurtosis,label
LG10_9839099_9843064,300.10020621792495,11.132935155571639,1124607.555180135,0.00016574276025348915,4.405195240152544,344.5020867109449,17855.158386466668,17857.409840783224,2.449810842383592,4.355871855111451,11.132935155571639,23.107536375195554,1124607.5550143921,318887086.22170156,18.751664520084105,9.375832260042053,59.49732128308075,0.048551897128178305,0.25481217582236404,fourier
