nameseq,average,median,maximum,minimum,peak,none_levated_peak,sample_standard_deviation,population_standard_deviation,percentile15,percentile25,percentile50,percentile75,amplitude,variance,interquartile_range,semi_interquartile_range,coefficient_of_variation,skewness,kurtosis,label
LG10_4871674_4875592,412.8643074742687,20.213956523645884,1484766.4497226817,0.00031753733125618064,3.164074272549581,248.70866879321207,23714.19377848114,23717.21989905475,4.736037303010337,8.154165316102954,20.213956523645884,42.14859710502807,1484766.4494051444,562506519.7401186,33.99443178892511,16.997215894462556,57.43822691662224,0.04967282733097892,0.24349968904354763,fourier
