nameseq,average,median,maximum,minimum,peak,none_levated_peak,sample_standard_deviation,population_standard_deviation,percentile15,percentile25,percentile50,percentile75,amplitude,variance,interquartile_range,semi_interquartile_range,coefficient_of_variation,skewness,kurtosis,label
LG10_19167811_19170309,196.7561797191176,5.423173034471933,469742.43458536104,0.01640969270620884,4.2336662624226715,291.7386591115056,9394.67785077801,9396.558102543215,1.2345692320875805,2.202512884984655,5.423173034471933,11.540878652952166,469742.41817566834,88295304.17447056,9.338365767967511,4.669182883983756,47.74781592217094,0.06109831855558537,0.2343834220745969,fourier
