nameseq,average,median,maximum,minimum,peak,none_levated_peak,sample_standard_deviation,population_standard_deviation,percentile15,percentile25,percentile50,percentile75,amplitude,variance,interquartile_range,semi_interquartile_range,coefficient_of_variation,skewness,kurtosis,label
LG10_6717260_6717735,53.88101578680007,4.554072534057468,21849.659427779192,0.005053463387397077,2.9447601228323035,57.76711775340277,1000.1040418678672,1001.1562294727784,1.0323655573193924,1.9543540681121547,4.554072534057468,10.261706495778316,21849.654374315804,1002313.7958121505,8.307352427666162,4.153676213833081,18.561343494806117,0.1479654351579742,0.22741732221399555,fourier
