nameseq,average,median,maximum,minimum,peak,none_levated_peak,sample_standard_deviation,population_standard_deviation,percentile15,percentile25,percentile50,percentile75,amplitude,variance,interquartile_range,semi_interquartile_range,coefficient_of_variation,skewness,kurtosis,label
LG10_10013604_10013674,14.540408957936625,2.3374456454939345,804.7020949230423,0.0018155629192604284,1.627647938591757,11.969709544809238,94.49203406310086,95.16458371820426,0.6270186129607453,0.8951417423066774,2.3374456454939345,4.070443143343067,804.7002793601231,9056.297994259106,3.17530140103639,1.587650700518195,6.498581596738656,0.3874283192261584,0.22688129360536388,fourier
