nameseq,average,median,maximum,minimum,peak,none_levated_peak,sample_standard_deviation,population_standard_deviation,percentile15,percentile25,percentile50,percentile75,amplitude,variance,interquartile_range,semi_interquartile_range,coefficient_of_variation,skewness,kurtosis,label
LG10_8980388_8980527,20.43226187158561,1.744553946553926,2444.4175847468,0.008218404369768055,2.2839696828457483,25.58412010155506,205.64326316655396,206.38166146032734,0.2702735512299548,0.6654169779500148,1.744553946553926,4.184872350014262,2444.40936634243,42593.39018712516,3.5194553720642476,1.7597276860321238,10.06463525472598,0.2726231966553097,0.29488053794672137,fourier
