nameseq,average,median,maximum,minimum,peak,none_levated_peak,sample_standard_deviation,population_standard_deviation,percentile15,percentile25,percentile50,percentile75,amplitude,variance,interquartile_range,semi_interquartile_range,coefficient_of_variation,skewness,kurtosis,label
LG10_12700468_12700698,35.77842084220191,4.437567366562328,6955.282352228116,0.013260701221751754,2.1521352308868753,30.765540053613954,456.2856382451619,457.2764877035394,1.1262748532170663,1.8775266162357105,4.437567366562328,7.534089381193302,6955.269091526894,209101.7862064852,5.656562764957592,2.828281382478796,12.753096070326192,0.20606074911435301,0.23302364882801224,fourier
