nameseq,average,median,maximum,minimum,peak,none_levated_peak,sample_standard_deviation,population_standard_deviation,percentile15,percentile25,percentile50,percentile75,amplitude,variance,interquartile_range,semi_interquartile_range,coefficient_of_variation,skewness,kurtosis,label
LG10_8239199_8246066,642.5748165235636,43.573266582703944,3962117.4331578175,0.05146274524931014,3.562749853346271,311.41037071899285,47805.099250660096,47808.579908806656,9.79631774133855,17.469350040544242,43.573266582703944,87.32405324531604,3962117.381695072,2285660312.896752,69.8547032047718,34.9273516023859,74.39616060475824,0.0375902294523061,0.25111675236396525,fourier
