nameseq,average,median,maximum,minimum,peak,none_levated_peak,sample_standard_deviation,population_standard_deviation,percentile15,percentile25,percentile50,percentile75,amplitude,variance,interquartile_range,semi_interquartile_range,coefficient_of_variation,skewness,kurtosis,label
LG10_5259984_5260292,36.96332369678949,4.878787218853094,9044.35826182132,0.007261869260126674,2.786545951465567,37.758484511310904,513.3288352315743,514.1614859576255,1.2803708284203217,2.2581089474353053,4.878787218853094,9.81961839562368,9044.350999952061,264362.03364215343,7.5615094481883744,3.7807547240941872,13.887518326068724,0.1875086744160534,0.2528498317443621,fourier
