nameseq,average,median,maximum,minimum,peak,none_levated_peak,sample_standard_deviation,population_standard_deviation,percentile15,percentile25,percentile50,percentile75,amplitude,variance,interquartile_range,semi_interquartile_range,coefficient_of_variation,skewness,kurtosis,label
LG10_18890232_18890420,32.27891775150608,4.460940916260181,4793.196364212683,0.09768487538705801,1.9517382981980718,23.312430608806196,347.29740440140733,348.21984269117877,1.5997667711055341,2.0532671504419624,4.460940916260181,8.780457337255523,4793.098679337296,121257.05884386931,6.72719018681356,3.36359509340678,10.759264206904925,0.2402952899967009,0.21536217131459934,fourier
