nameseq,average,median,maximum,minimum,peak,none_levated_peak,sample_standard_deviation,population_standard_deviation,percentile15,percentile25,percentile50,percentile75,amplitude,variance,interquartile_range,semi_interquartile_range,coefficient_of_variation,skewness,kurtosis,label
LG10_5800869_5810878,805.0174975225608,39.887004648290684,7459970.669748536,0.0061426381985924166,4.144837443826065,472.9903583285146,74558.14692583111,74561.87138805217,8.995784728337037,16.523466452428682,39.887004648290684,81.07411088059627,7459970.663605898,5559472664.888433,64.55064442816759,32.27532221408379,92.6168029332078,0.030786595070639532,0.25180964564140723,fourier
