nameseq,average,median,maximum,minimum,peak,none_levated_peak,sample_standard_deviation,population_standard_deviation,percentile15,percentile25,percentile50,percentile75,amplitude,variance,interquartile_range,semi_interquartile_range,coefficient_of_variation,skewness,kurtosis,label
LG10_9931917_9936668,367.50261290528806,11.575153721483824,1662460.5546970896,0.01739343069908397,4.310173436530708,403.45874460443514,24113.67328028895,24116.210893900847,2.727882424806539,4.878670631174352,11.575153721483824,23.27974691173675,1662460.537303659,581591627.8791019,18.4010762805624,9.2005381402812,65.61497097846069,0.044281199514478016,0.2525708945144832,fourier
