nameseq,average,median,maximum,minimum,peak,none_levated_peak,sample_standard_deviation,population_standard_deviation,percentile15,percentile25,percentile50,percentile75,amplitude,variance,interquartile_range,semi_interquartile_range,coefficient_of_variation,skewness,kurtosis,label
LG10_17357015_17357507,64.09436175382648,6.810914770733175,25888.271633180022,0.026326372929286492,2.563928071622034,50.9724382111244,1164.3546980733577,1165.5373847145436,1.781384536679984,2.733026199477851,6.810914770733175,12.509991575551494,25888.245306807094,1358477.395167218,9.776965376073644,4.888482688036822,18.166257783257276,0.14759277497968476,0.18886978196137216,fourier
