nameseq,average,median,maximum,minimum,peak,none_levated_peak,sample_standard_deviation,population_standard_deviation,percentile15,percentile25,percentile50,percentile75,amplitude,variance,interquartile_range,semi_interquartile_range,coefficient_of_variation,skewness,kurtosis,label
LG10_435948_436036,18.086164972824452,1.4758703678941458,1356.5636823161904,0.024437598043367054,1.6402961441102972,16.16633261373246,142.72349636076171,143.5321345393124,0.28313924574181976,0.6018823629025645,1.4758703678941458,3.9371360249990044,1356.539244718147,20601.473645411275,3.3352536620964397,1.6676268310482198,7.8913078906010385,0.3491428187047321,0.2296970935367846,fourier
