nameseq,average,median,maximum,minimum,peak,none_levated_peak,sample_standard_deviation,population_standard_deviation,percentile15,percentile25,percentile50,percentile75,amplitude,variance,interquartile_range,semi_interquartile_range,coefficient_of_variation,skewness,kurtosis,label
LG10_12297582_12297705,17.09244701197098,1.706579037450999,1837.8455085268104,0.04249558719348571,2.4182221132167236,24.23626188819245,164.18401226966856,164.85007590628481,0.5364378033918533,0.7647872625777452,1.706579037450999,3.360715505841959,1837.8030129396168,27175.547526307866,2.595928243264214,1.297964121632107,9.605646994528025,0.2811333654567237,0.22682650670786345,fourier
