nameseq,average,median,maximum,minimum,peak,none_levated_peak,sample_standard_deviation,population_standard_deviation,percentile15,percentile25,percentile50,percentile75,amplitude,variance,interquartile_range,semi_interquartile_range,coefficient_of_variation,skewness,kurtosis,label
LG10_5812716_5813090,31.72310223677116,1.7182204634062122,10988.426116882121,0.015494690373988979,3.9403460313256784,75.3128409615154,566.5625108208613,567.3194417005783,0.38886735769939845,0.6198740870860157,1.7182204634062122,3.414546037273843,10988.410622191748,321851.3489314558,2.7946719501878277,1.3973359750939138,17.859618728087142,0.15887857668111072,0.27540857381094624,fourier
