nameseq,average,median,maximum,minimum,peak,none_levated_peak,sample_standard_deviation,population_standard_deviation,percentile15,percentile25,percentile50,percentile75,amplitude,variance,interquartile_range,semi_interquartile_range,coefficient_of_variation,skewness,kurtosis,label
LG10_489099_489286,19.42835176748814,1.6153872822780857,3174.0617454933763,0.0257498569497881,3.2255266641576115,37.506057981310356,230.71287336373308,231.3289301970282,0.3337457858149621,0.5688966339594643,1.6153872822780857,3.2133308397548084,3174.0359956364264,53513.07394610155,2.644434205795344,1.322217102897672,11.875061565943716,0.23162510473085068,0.23884351150681238,fourier
