nameseq,average,median,maximum,minimum,peak,none_levated_peak,sample_standard_deviation,population_standard_deviation,percentile15,percentile25,percentile50,percentile75,amplitude,variance,interquartile_range,semi_interquartile_range,coefficient_of_variation,skewness,kurtosis,label
LG10_2568886_2569161,34.304317215962364,2.168304779868621,8523.650019828856,0.0348581596668952,2.6818781852096123,47.67095400145022,511.9421025484839,512.8720617210367,0.3893129930654273,0.638529457203324,2.168304779868621,5.144474405850128,8523.61516166919,263037.75169398694,4.505944948646804,2.252972474323402,14.923547357773057,0.1883182430754478,0.3076282399856637,fourier
