nameseq,average,median,maximum,minimum,peak,none_levated_peak,sample_standard_deviation,population_standard_deviation,percentile15,percentile25,percentile50,percentile75,amplitude,variance,interquartile_range,semi_interquartile_range,coefficient_of_variation,skewness,kurtosis,label
LG10_11465035_11465135,15.788160411866128,1.3088211295671373,1411.6033438315349,0.008418424623022676,2.1323995822441315,21.327731221757002,139.59776809802779,140.2940206371257,0.49216506266627547,0.6365810659883291,1.3088211295671373,2.1673250271587707,1411.594925406912,19682.41222653025,1.5307439611704416,0.7653719805852208,8.84192739726082,0.3111655611599327,0.267190067634791,fourier
