nameseq,average,median,maximum,minimum,peak,none_levated_peak,sample_standard_deviation,population_standard_deviation,percentile15,percentile25,percentile50,percentile75,amplitude,variance,interquartile_range,semi_interquartile_range,coefficient_of_variation,skewness,kurtosis,label
LG10_11794203_11794250,7.12206865848959,1.1431570886000382,270.97689391147026,0.026240898330472367,2.246538297679539,11.096107110313826,38.50459970821412,38.91206713700382,0.32830658622947484,0.738601874975664,1.1431570886000382,2.023857739473775,270.9506530131398,1514.1489688746922,1.2852558644981111,0.6426279322490556,5.406378617582714,0.46583355873304255,0.19804062191714591,fourier
