nameseq,average,median,maximum,minimum,peak,none_levated_peak,sample_standard_deviation,population_standard_deviation,percentile15,percentile25,percentile50,percentile75,amplitude,variance,interquartile_range,semi_interquartile_range,coefficient_of_variation,skewness,kurtosis,label
LG10_3801897_3802411,75.52517090057992,7.574944794417213,32687.223624489015,0.01283518338182629,2.27297289922913,50.57531580557698,1438.5016255540306,1439.9002662592904,2.0429850089477073,3.524550661810333,7.574944794417213,15.263638713226023,32687.210789305635,2073312.7767735757,11.73908805141569,5.869544025707845,19.046651710959384,0.1417104261109029,0.20316730674382638,fourier
