nameseq,average,median,maximum,minimum,peak,none_levated_peak,sample_standard_deviation,population_standard_deviation,percentile15,percentile25,percentile50,percentile75,amplitude,variance,interquartile_range,semi_interquartile_range,coefficient_of_variation,skewness,kurtosis,label
LG10_4875686_4875782,20.117617426447865,3.052889063230485,1518.0034048325992,0.027999083645697576,1.607214842987616,14.628593594690958,152.95687783457845,153.75146436496107,0.48638308822909915,0.9370692984824741,3.052889063230485,6.905366773393829,1517.9754057489536,23639.512794369894,5.968297474911354,2.984148737455677,7.603130857508597,0.33469684929773613,0.2898600125594779,fourier
