nameseq,average,median,maximum,minimum,peak,none_levated_peak,sample_standard_deviation,population_standard_deviation,percentile15,percentile25,percentile50,percentile75,amplitude,variance,interquartile_range,semi_interquartile_range,coefficient_of_variation,skewness,kurtosis,label
LG10_10186469_10187258,74.50825529549346,5.50133529967429,52834.248426094484,0.00019502137129039782,3.5342839835529034,96.85684806107957,1878.316723669621,1879.5066615296594,1.2258907945804922,2.048308530433933,5.50133529967429,10.102520892856008,52834.248231073114,3532545.2907343656,8.054212362422074,4.027106181211037,25.20951156647509,0.1102161085927011,0.26151218023646783,fourier
