nameseq,average,median,maximum,minimum,peak,none_levated_peak,sample_standard_deviation,population_standard_deviation,percentile15,percentile25,percentile50,percentile75,amplitude,variance,interquartile_range,semi_interquartile_range,coefficient_of_variation,skewness,kurtosis,label
LG10_176603_176832,37.722848429170796,3.7904946928408565,7463.568756850996,0.00046104135188684587,2.0323668508388915,32.060858142352565,490.745529392226,491.8158589720758,0.7593919508629281,1.3545107361171007,3.7904946928408565,7.888821654021468,7463.568295809644,241882.8391364407,6.534310917904367,3.2671554589521836,13.009238427836646,0.20743349681669543,0.303045676897681,fourier
