nameseq,average,median,maximum,minimum,peak,none_levated_peak,sample_standard_deviation,population_standard_deviation,percentile15,percentile25,percentile50,percentile75,amplitude,variance,interquartile_range,semi_interquartile_range,coefficient_of_variation,skewness,kurtosis,label
LG10_7562152_7571240,751.355098605242,35.19324977905774,6343350.644953575,0.0036712687923788406,4.03227005751436,452.86677606774145,66532.42368614813,66536.08404010716,8.26470636216904,14.647967117427996,35.19324977905774,72.98530510612451,6343350.641282306,4427050479.392202,58.33733798869652,29.16866899434826,88.54990644191251,0.032292308433156655,0.24586469582113596,fourier
