nameseq,average,median,maximum,minimum,peak,none_levated_peak,sample_standard_deviation,population_standard_deviation,percentile15,percentile25,percentile50,percentile75,amplitude,variance,interquartile_range,semi_interquartile_range,coefficient_of_variation,skewness,kurtosis,label
LG10_9034287_9034529,42.06886206294591,4.257362786168239,8727.059134069355,0.01531574323787651,1.9254145709670736,31.785353364501617,558.3307994753648,559.4831862524336,0.7200125094909204,1.5850761022313926,4.257362786168239,8.010474943558267,8727.043818326118,313021.4356991752,6.425398841326874,3.212699420663437,13.2718303299946,0.20316718679485654,0.23203076072716558,fourier
