nameseq,average,median,maximum,minimum,peak,none_levated_peak,sample_standard_deviation,population_standard_deviation,percentile15,percentile25,percentile50,percentile75,amplitude,variance,interquartile_range,semi_interquartile_range,coefficient_of_variation,skewness,kurtosis,label
LG10_553611_553667,6.958507108680576,1.1309089174980589,319.0329961538279,0.016654319755967185,2.7304707321916712,14.163211221959928,41.72013817193481,42.090991137794035,0.2329718407315281,0.33553635900563755,1.1309089174980589,1.874388535002681,319.01634183407197,1771.651534961856,1.5388521759970435,0.7694260879985217,5.995558748497923,0.4190492970444726,0.2399986652699089,fourier
