nameseq,average,median,maximum,minimum,peak,none_levated_peak,sample_standard_deviation,population_standard_deviation,percentile15,percentile25,percentile50,percentile75,amplitude,variance,interquartile_range,semi_interquartile_range,coefficient_of_variation,skewness,kurtosis,label
LG10_16706059_16706225,18.039358870139505,1.857937328460334,2566.786716588294,0.025040001451894393,3.0858450717343135,31.79314674248683,197.84225081794452,198.4372664496058,0.42827248454351896,0.8585756551734128,1.857937328460334,3.6341451304758827,2566.761676586842,39377.348715991844,2.77556947530247,1.387784737651235,10.967255113785235,0.24536854197897395,0.23787537778820209,fourier
