nameseq,average,median,maximum,minimum,peak,none_levated_peak,sample_standard_deviation,population_standard_deviation,percentile15,percentile25,percentile50,percentile75,amplitude,variance,interquartile_range,semi_interquartile_range,coefficient_of_variation,skewness,kurtosis,label
LG10_17393605_17394237,90.6367207506468,8.170344436443157,49388.486266321386,0.027907043419208338,2.327974779454874,61.118652188123804,1961.020558105075,1962.57138520242,2.098707420856973,3.6404506274672768,8.170344436443157,16.416652195271002,49388.45835927797,3851686.4420153457,12.776201567803724,6.388100783901862,21.636049295076475,0.1261583556174809,0.23676208170833205,fourier
