nameseq,average,median,maximum,minimum,peak,none_levated_peak,sample_standard_deviation,population_standard_deviation,percentile15,percentile25,percentile50,percentile75,amplitude,variance,interquartile_range,semi_interquartile_range,coefficient_of_variation,skewness,kurtosis,label
LG10_5202042_5214464,872.9629966067772,24.705617604100564,10388401.110350687,0.0006193452605587592,4.7436145817132465,743.1159743310553,93200.13026992364,93203.88160846167,5.620696226370914,10.235087709453811,24.705617604100564,48.902942831282765,10388401.109731343,8686963546.88414,38.66785512182895,19.333927560914475,106.7629792238551,0.027304383906309262,0.24210906298088816,fourier
