nameseq,average,median,maximum,minimum,peak,none_levated_peak,sample_standard_deviation,population_standard_deviation,percentile15,percentile25,percentile50,percentile75,amplitude,variance,interquartile_range,semi_interquartile_range,coefficient_of_variation,skewness,kurtosis,label
LG10_17073243_17073630,38.229363809181194,2.9072171559692324,13301.627103935412,0.006919109224665825,3.3830888209097676,62.265497674602315,674.2261929185271,675.0967241951381,0.7788668484068065,1.4119192675737193,2.9072171559692324,5.490127119995504,13301.620184826188,455755.5870190063,4.0782078524217855,2.0391039262108928,17.63634352598367,0.15716749226389187,0.2539132433368341,fourier
