nameseq,average,median,maximum,minimum,peak,none_levated_peak,sample_standard_deviation,population_standard_deviation,percentile15,percentile25,percentile50,percentile75,amplitude,variance,interquartile_range,semi_interquartile_range,coefficient_of_variation,skewness,kurtosis,label
LG10_12999385_12999519,33.49921345458435,2.325404110127873,3924.922975533787,0.04422248638629663,1.3433151217418142,19.61747209700451,336.2073134991157,337.4594865986791,0.7987808723238629,1.3982528768540834,2.325404110127873,6.491206135887439,3924.8787530474006,113878.90509544409,5.092953259033356,2.546476629516678,10.036274850301176,0.2781659537980735,0.2534340675653182,fourier
