nameseq,average,median,maximum,minimum,peak,none_levated_peak,sample_standard_deviation,population_standard_deviation,percentile15,percentile25,percentile50,percentile75,amplitude,variance,interquartile_range,semi_interquartile_range,coefficient_of_variation,skewness,kurtosis,label
LG10_3373822_3373940,35.75218103277156,5.672673203440055,3266.978337856805,0.17913166483263052,1.1094894219266502,13.144335712246532,297.5996982345764,298.85805352260803,1.6103290444703469,2.914698379734997,5.672673203440055,11.131610676228812,3266.799206191972,89316.13615532205,8.216912296493815,4.1084561482469075,8.32395925613006,0.3032211525189988,0.22910409629674888,fourier
