nameseq,average,median,maximum,minimum,peak,none_levated_peak,sample_standard_deviation,population_standard_deviation,percentile15,percentile25,percentile50,percentile75,amplitude,variance,interquartile_range,semi_interquartile_range,coefficient_of_variation,skewness,kurtosis,label
LG10_3004209_3004479,35.36690477225032,3.664846744222192,8183.195914226322,0.061722983734323895,2.5541769604958735,38.582216668692524,495.8857837146962,496.8032420082746,0.7882682974843628,1.5010342049823135,3.664846744222192,7.929222354514764,8183.134191242588,246813.46126993228,6.428188149532451,3.2140940747662254,14.021181296695758,0.1917904832270871,0.28493844011138664,fourier
