nameseq,average,median,maximum,minimum,peak,none_levated_peak,sample_standard_deviation,population_standard_deviation,percentile15,percentile25,percentile50,percentile75,amplitude,variance,interquartile_range,semi_interquartile_range,coefficient_of_variation,skewness,kurtosis,label
LG10_11414111_11414279,28.591390480812688,3.236937184831771,3949.811999875803,0.03908258797490215,1.9702900903381355,24.01310321765893,302.5861037116624,303.48532145546216,0.748526180856665,1.2171575197199072,3.236937184831771,8.073872055936445,3949.772917287828,92103.34033892519,6.856714536216537,3.4283572681082686,10.583119555333415,0.2513775713917925,0.2550261996589561,fourier
