nameseq,average,median,maximum,minimum,peak,none_levated_peak,sample_standard_deviation,population_standard_deviation,percentile15,percentile25,percentile50,percentile75,amplitude,variance,interquartile_range,semi_interquartile_range,coefficient_of_variation,skewness,kurtosis,label
LG10_17045678_17046162,48.2551443404123,4.101882515500853,20641.1556978725,0.0008002082793918182,3.350247292313567,67.28555945095184,936.0603586661687,937.0268641984584,1.0441272296621331,1.5477129223707105,4.101882515500853,7.717621074664173,20641.15489766422,878019.3442295961,6.169908152293463,3.0849540761467313,19.398146486990093,0.1415077395900856,0.26128056407826783,fourier
