nameseq,average,median,maximum,minimum,peak,none_levated_peak,sample_standard_deviation,population_standard_deviation,percentile15,percentile25,percentile50,percentile75,amplitude,variance,interquartile_range,semi_interquartile_range,coefficient_of_variation,skewness,kurtosis,label
LG10_10159857_10160272,32.2456752461048,1.3900582635977816,12478.811523597518,0.002778096492228224,4.300318278601321,87.70099839392086,610.9846665674133,611.7203497557241,0.45200135999231633,0.6468970568315353,1.3900582635977816,2.937843083241893,12478.808745501026,374201.78630526544,2.2909460264103574,1.1454730132051787,18.94780189604554,0.15150437648062914,0.22140841013978332,fourier
