nameseq,average,median,maximum,minimum,peak,none_levated_peak,sample_standard_deviation,population_standard_deviation,percentile15,percentile25,percentile50,percentile75,amplitude,variance,interquartile_range,semi_interquartile_range,coefficient_of_variation,skewness,kurtosis,label
LG10_13484346_13484643,49.02318842542615,5.43154915419748,12225.881069163237,0.11855258041057921,2.026251994695097,34.568183752904076,706.6179116207749,707.8065044063592,1.4466836695822491,2.089062313969673,5.43154915419748,10.916385347000347,12225.762516582827,500990.0476799494,8.827323033030673,4.413661516515337,14.41395254606254,0.1850716146067209,0.2174661571767749,fourier
