nameseq,average,median,maximum,minimum,peak,none_levated_peak,sample_standard_deviation,population_standard_deviation,percentile15,percentile25,percentile50,percentile75,amplitude,variance,interquartile_range,semi_interquartile_range,coefficient_of_variation,skewness,kurtosis,label
LG10_2490530_2490794,49.101786477783385,6.1960376275764215,10789.267198572179,0.03680865613569114,1.7989841036293184,30.065625085886033,661.0682550472173,662.3190948696997,1.2900299610748522,2.284327776785505,6.1960376275764215,11.852310409826988,10789.230389916043,438666.5834290182,9.567982633041483,4.7839913165207415,13.463222063138671,0.19471097812952332,0.26671551938611493,fourier
