nameseq,average,median,maximum,minimum,peak,none_levated_peak,sample_standard_deviation,population_standard_deviation,percentile15,percentile25,percentile50,percentile75,amplitude,variance,interquartile_range,semi_interquartile_range,coefficient_of_variation,skewness,kurtosis,label
LG10_11715410_11715904,51.88072950277901,3.2934660498283925,22145.906107166513,0.03419117622836014,3.180371625097556,68.06416292424022,994.1832538890078,995.1890035178627,0.7227162739741696,1.1707372131390699,3.2934660498283925,6.921143426380354,22145.871915990283,990401.1527228766,5.750406213241284,2.875203106620642,19.16286188373188,0.14661461032326437,0.21592981585753535,fourier
