nameseq,average,median,maximum,minimum,peak,none_levated_peak,sample_standard_deviation,population_standard_deviation,percentile15,percentile25,percentile50,percentile75,amplitude,variance,interquartile_range,semi_interquartile_range,coefficient_of_variation,skewness,kurtosis,label
LG10_17001165_17001518,27.050580607255156,1.1804209778785357,8906.361388045789,4.8087444439155124e-05,4.3621984205526285,80.41271616628481,472.6022238452247,473.27115867945724,0.30362294367808357,0.48853784014432955,1.1804209778785357,2.6480790989099274,8906.361339958345,223985.58963779602,2.1595412587655978,1.0797706293827989,17.47105656277372,0.16421945342675107,0.22299123371247018,fourier
