nameseq,average,median,maximum,minimum,peak,none_levated_peak,sample_standard_deviation,population_standard_deviation,percentile15,percentile25,percentile50,percentile75,amplitude,variance,interquartile_range,semi_interquartile_range,coefficient_of_variation,skewness,kurtosis,label
LG10_4727595_4732491,358.31839891573946,12.001152183473682,1666878.755004786,0.006716981134363437,4.55553870042042,412.65452310815516,23817.16961122459,23819.60179602656,2.74327534958644,4.619479498022309,12.001152183473682,23.744045264562406,1666878.748287805,567373429.7212718,19.124565766540098,9.562282883270049,66.46929011542422,0.04362196504269586,0.2489305671965057,fourier
