nameseq,average,median,maximum,minimum,peak,none_levated_peak,sample_standard_deviation,population_standard_deviation,percentile15,percentile25,percentile50,percentile75,amplitude,variance,interquartile_range,semi_interquartile_range,coefficient_of_variation,skewness,kurtosis,label
LG10_1715021_1715582,49.28740529490034,3.2965224170044016,24985.27185580623,0.006068921219197086,3.8008357756401576,84.06567891282876,1052.8110015419493,1053.7489179876857,0.7845688752275524,1.5176523833120061,3.2965224170044016,6.7594717544844025,24985.26578688501,1110386.782160218,5.241819371172396,2.620909685586198,21.360649749011667,0.13105167825147418,0.24971629529742026,fourier
