nameseq,average,median,maximum,minimum,peak,none_levated_peak,sample_standard_deviation,population_standard_deviation,percentile15,percentile25,percentile50,percentile75,amplitude,variance,interquartile_range,semi_interquartile_range,coefficient_of_variation,skewness,kurtosis,label
LG10_3226486_3226620,19.433791516541746,1.4376087324045534,2343.7194809820007,0.0278416288048883,2.31555432514014,27.994408137760782,200.7985646869854,201.5464204028982,0.2626957483557813,0.5127949274634342,1.4376087324045534,2.9095804268515684,2343.691639353196,40620.95957722179,2.396785499388134,1.198392749694067,10.332444109841806,0.26886919454116404,0.21667013148508601,fourier
