nameseq,average,median,maximum,minimum,peak,none_levated_peak,sample_standard_deviation,population_standard_deviation,percentile15,percentile25,percentile50,percentile75,amplitude,variance,interquartile_range,semi_interquartile_range,coefficient_of_variation,skewness,kurtosis,label
LG10_5013368_5019770,501.0157824096044,23.121675161733474,2982798.898398887,0.0037258686882017775,4.260012175800909,391.04083142713756,37272.922090149834,37275.83301382096,5.290412763527723,9.498813819607534,23.121675161733474,46.57225880140574,2982798.8946730183,1389487726.8742645,37.073444981798204,18.536722490899102,74.3947065118149,0.03846444661022415,0.23776758357250333,fourier
