nameseq,average,median,maximum,minimum,peak,none_levated_peak,sample_standard_deviation,population_standard_deviation,percentile15,percentile25,percentile50,percentile75,amplitude,variance,interquartile_range,semi_interquartile_range,coefficient_of_variation,skewness,kurtosis,label
LG10_9015865_9019836,306.88137202881734,10.58981400512324,1154940.2943453523,0.0008929053794045944,4.314370700466209,349.628530182782,18322.91582925296,18325.22277491262,2.7046587902594377,4.6953486738153725,10.58981400512324,21.54425256644197,1154940.293452447,335813789.7501763,16.848903892626595,8.424451946313297,59.70683625440898,0.04851163877814541,0.2507451715960387,fourier
