nameseq,average,median,maximum,minimum,peak,none_levated_peak,sample_standard_deviation,population_standard_deviation,percentile15,percentile25,percentile50,percentile75,amplitude,variance,interquartile_range,semi_interquartile_range,coefficient_of_variation,skewness,kurtosis,label
LG10_18126306_18126897,52.055587575233474,3.712792307061612,27852.7099316309,0.006506397499740102,3.7908194398562274,85.8190847073466,1143.5746050123134,1144.5416873035463,0.9215793794021976,1.7300609211418672,3.712792307061612,7.081329357008957,27852.7034252334,1309975.6739756488,5.351268435867089,2.6756342179335446,21.968335356114448,0.12682022245759295,0.24989786443362907,fourier
