nameseq,average,median,maximum,minimum,peak,none_levated_peak,sample_standard_deviation,population_standard_deviation,percentile15,percentile25,percentile50,percentile75,amplitude,variance,interquartile_range,semi_interquartile_range,coefficient_of_variation,skewness,kurtosis,label
LG10_2767334_2767739,80.99332235532147,5.209407822354793,29683.61934612859,0.014837244432179575,1.670919643716055,47.659686008017474,1470.9975054998577,1472.812432168546,1.0722327507462035,2.0858119965149906,5.209407822354793,10.013400117678376,29683.60450888416,2169176.4603502275,7.927588121163385,3.9637940605816926,18.161960303918924,0.15455617208653522,0.22008709666607223,fourier
