nameseq,average,median,maximum,minimum,peak,none_levated_peak,sample_standard_deviation,population_standard_deviation,percentile15,percentile25,percentile50,percentile75,amplitude,variance,interquartile_range,semi_interquartile_range,coefficient_of_variation,skewness,kurtosis,label
LG10_13809458_13809599,17.32324671821941,2.1486396050502887,2090.425267110736,0.09728972664250833,2.7323592455420824,26.67850558861904,174.60240151905646,175.2204650500769,0.49670258685263696,0.7461694461446133,2.1486396050502887,3.857488298665457,2090.3279773840936,30702.211372365222,3.1113188525208435,1.5556594262604218,10.07908069192489,0.260728494817059,0.28491596130515806,fourier
