nameseq,average,median,maximum,minimum,peak,none_levated_peak,sample_standard_deviation,population_standard_deviation,percentile15,percentile25,percentile50,percentile75,amplitude,variance,interquartile_range,semi_interquartile_range,coefficient_of_variation,skewness,kurtosis,label
LG10_2896038_2896529,45.27349435877158,2.832646353266167,20332.69809742006,0.007636684388318518,3.622428582613385,80.09958842406932,915.5683565326127,916.5002329636872,0.6215729719329408,1.2713533780274757,2.832646353266167,5.296239193302772,20332.69046073567,839972.6770224927,4.024885815275296,2.012442907637648,20.22305478073231,0.13906394111162249,0.2515329032709441,fourier
