nameseq,average,median,maximum,minimum,peak,none_levated_peak,sample_standard_deviation,population_standard_deviation,percentile15,percentile25,percentile50,percentile75,amplitude,variance,interquartile_range,semi_interquartile_range,coefficient_of_variation,skewness,kurtosis,label
LG10_19215856_19216416,45.71890135208783,2.3668661605861283,23595.101018770096,0.003671653673143915,4.090212023248024,95.16655871037774,995.1500241421902,996.0381546394759,0.5831686332116787,1.116105834828248,2.3668661605861283,5.248335662042378,23595.09734711642,992092.0054976125,4.132229827214131,2.0661149136070653,21.766709057122714,0.13068994867041503,0.2513861835850655,fourier
