nameseq,average,median,maximum,minimum,peak,none_levated_peak,sample_standard_deviation,population_standard_deviation,percentile15,percentile25,percentile50,percentile75,amplitude,variance,interquartile_range,semi_interquartile_range,coefficient_of_variation,skewness,kurtosis,label
LG10_12771287_12771356,14.93608919936738,2.719132132725689,831.4347839076531,0.05733597298093824,1.562211702265518,11.808965041769595,98.32833441688244,99.03829550960336,0.6677398794776253,1.0244796159782663,2.719132132725689,4.807601587135354,831.3774479346722,9808.583977447519,3.7831219711570876,1.8915609855785438,6.5832717724427585,0.37273967282448256,0.29658185079809535,fourier
