nameseq,average,median,maximum,minimum,peak,none_levated_peak,sample_standard_deviation,population_standard_deviation,percentile15,percentile25,percentile50,percentile75,amplitude,variance,interquartile_range,semi_interquartile_range,coefficient_of_variation,skewness,kurtosis,label
LG10_12613022_12613223,19.616509575661496,1.6455894491768088,3437.8062625373977,0.02139532391952279,3.4324828825243623,39.317266090268724,241.11383014801078,241.71287164307267,0.3538563340172378,0.701681782600661,1.6455894491768088,4.005577120378051,3437.7848672134783,58425.11231794052,3.3038953377773903,1.6519476688886952,12.291372693904954,0.22359878878104597,0.2755738567430863,fourier
