nameseq,average,median,maximum,minimum,peak,none_levated_peak,sample_standard_deviation,population_standard_deviation,percentile15,percentile25,percentile50,percentile75,amplitude,variance,interquartile_range,semi_interquartile_range,coefficient_of_variation,skewness,kurtosis,label
LG10_10402547_10402879,37.65261704227765,2.8922890906456598,10888.325072907608,0.005845281424005772,2.948002256400011,49.91471375147577,595.5467197973963,596.4429531408535,0.7537448988113711,1.1186697625489508,2.8922890906456598,6.26609508025361,10888.319227626183,355744.1963513825,5.147425317704659,2.5737126588523296,15.816874538327472,0.17510126475110488,0.21943430763163824,fourier
