nameseq,average,median,maximum,minimum,peak,none_levated_peak,sample_standard_deviation,population_standard_deviation,percentile15,percentile25,percentile50,percentile75,amplitude,variance,interquartile_range,semi_interquartile_range,coefficient_of_variation,skewness,kurtosis,label
LG10_13474234_13474372,22.981389736651384,3.0700026683181276,2584.1032481017455,0.027337942484091143,2.0161240840644026,20.981773477765433,218.05702912942473,218.84566472037122,0.5502935427763366,1.1940185592153831,3.0700026683181276,6.718591831097486,2584.0759101592616,47893.42496690113,5.524573271882103,2.7622866359410514,9.488417873252509,0.27393825112395426,0.25926396386103745,fourier
