nameseq,average,median,maximum,minimum,peak,none_levated_peak,sample_standard_deviation,population_standard_deviation,percentile15,percentile25,percentile50,percentile75,amplitude,variance,interquartile_range,semi_interquartile_range,coefficient_of_variation,skewness,kurtosis,label
LG10_8453414_8453717,29.45148861571801,2.747294762677229,7411.1593273641465,0.016345725098499766,3.4406862979161126,45.9206413897639,424.1111762707449,424.810453211019,0.6417389009359296,1.0604259048260387,2.747294762677229,6.869890244862947,7411.142981639048,180463.9211573514,5.809464340036908,2.904732170018454,14.40033072027471,0.18889523795048477,0.2161227124502993,fourier
