nameseq,average,median,maximum,minimum,peak,none_levated_peak,sample_standard_deviation,population_standard_deviation,percentile15,percentile25,percentile50,percentile75,amplitude,variance,interquartile_range,semi_interquartile_range,coefficient_of_variation,skewness,kurtosis,label
LG10_3679437_3680117,59.617962812259286,3.7005986671579554,36313.1299488864,0.05124536152419609,3.8075772685295752,93.96288961988128,1390.296468439383,1391.3183696934448,0.91333320307901,1.551214721380803,3.7005986671579554,7.311744882988065,36313.07870352488,1935766.8058464252,5.760530161607262,2.880265080803631,23.320093523113396,0.1206592235853169,0.2276247443485672,fourier
