nameseq,average,median,maximum,minimum,peak,none_levated_peak,sample_standard_deviation,population_standard_deviation,percentile15,percentile25,percentile50,percentile75,amplitude,variance,interquartile_range,semi_interquartile_range,coefficient_of_variation,skewness,kurtosis,label
LG10_10178685_10179181,38.42148912030557,1.4632501641572466,18059.799127890554,0.013958295174647821,4.3118231609381485,108.23056012991093,809.1868951244766,810.0021969888462,0.295785888760362,0.45420430338918544,1.4632501641572466,2.9984356231550313,18059.78516959538,656103.5591267577,2.5442313197658457,1.2721156598829229,21.06078951262785,0.137019911637829,0.3003984587207112,fourier
