nameseq,average,median,maximum,minimum,peak,none_levated_peak,sample_standard_deviation,population_standard_deviation,percentile15,percentile25,percentile50,percentile75,amplitude,variance,interquartile_range,semi_interquartile_range,coefficient_of_variation,skewness,kurtosis,label
LG10_16922189_16922482,22.880739617215998,1.2804161271157222,6095.021836135667,0.01472697878852546,4.283078328738226,64.25706515022713,354.74564608679486,355.35049843750284,0.2595051229282137,0.4355506069040014,1.2804161271157222,3.256916658955167,6095.007109156879,126273.97673978172,2.8213660520511654,1.4106830260255827,15.504116213965219,0.18266882535450799,0.24077190358196812,fourier
