nameseq,average,median,maximum,minimum,peak,none_levated_peak,sample_standard_deviation,population_standard_deviation,percentile15,percentile25,percentile50,percentile75,amplitude,variance,interquartile_range,semi_interquartile_range,coefficient_of_variation,skewness,kurtosis,label
LG10_5152597_5156463,362.7854351371669,23.776427722432455,1268010.0779216911,0.0009867367541072647,3.553064360239923,235.86381027865013,20387.714510354148,20390.35113687799,5.229757817616005,9.111465951838673,23.776427722432455,46.369083237196065,1268010.0769349544,415766419.48518157,37.25761728535739,18.628808642678695,56.19772056903464,0.04988430761710411,0.24334808207708947,fourier
