nameseq,average,median,maximum,minimum,peak,none_levated_peak,sample_standard_deviation,population_standard_deviation,percentile15,percentile25,percentile50,percentile75,amplitude,variance,interquartile_range,semi_interquartile_range,coefficient_of_variation,skewness,kurtosis,label
LG10_17483914_17484447,49.49645130649088,2.9948547128054503,23817.727786815998,0.006759936893333402,3.596217411583553,81.24932480746689,1029.5384176954465,1030.5037610089742,0.662945135586406,1.173087599252503,2.9948547128054503,5.931140365553766,23817.721026879106,1061938.001453641,4.7580527663012635,2.3790263831506318,20.800247098935646,0.13550226721342612,0.21945401486650115,fourier
