nameseq,average,median,maximum,minimum,peak,none_levated_peak,sample_standard_deviation,population_standard_deviation,percentile15,percentile25,percentile50,percentile75,amplitude,variance,interquartile_range,semi_interquartile_range,coefficient_of_variation,skewness,kurtosis,label
LG10_7153488_7153807,27.604253185870185,2.0073693285445025,7901.503552139258,0.042059082798831575,3.8641388321009256,59.91440799853575,440.8635586158087,441.55402663264834,0.4249954927997839,0.8003634342727256,2.0073693285445025,3.946166250683953,7901.461493056459,194969.9584355055,3.1458028164112273,1.5729014082056136,15.970856217239522,0.17418235204805485,0.2524564716139736,fourier
