nameseq,average,median,maximum,minimum,peak,none_levated_peak,sample_standard_deviation,population_standard_deviation,percentile15,percentile25,percentile50,percentile75,amplitude,variance,interquartile_range,semi_interquartile_range,coefficient_of_variation,skewness,kurtosis,label
LG10_7374563_7375820,108.09346242702786,5.526622934527179,123823.61087490471,0.006934165593344773,3.879358879973138,143.85711486410344,3489.486941301168,3490.874687206616,1.3038361659239877,2.218050195025694,5.526622934527179,12.080165726208255,123823.60394073912,12186206.081779886,9.86211553118256,4.93105776559128,32.282127549174064,0.08817930075496026,0.2546479699903884,fourier
