nameseq,average,median,maximum,minimum,peak,none_levated_peak,sample_standard_deviation,population_standard_deviation,percentile15,percentile25,percentile50,percentile75,amplitude,variance,interquartile_range,semi_interquartile_range,coefficient_of_variation,skewness,kurtosis,label
LG10_11755186_11755335,24.77718789364921,3.305059773604271,3107.8135874271516,0.04353560486064996,2.0179852618712957,23.00359738727134,252.59875047612252,253.44497981624886,0.6955103775966429,1.2054656476875116,3.305059773604271,5.8365310918913655,3107.770051822291,64234.3577940588,4.631065444203854,2.315532722101927,10.194811112558405,0.25501465956865027,0.2725620367494672,fourier
