nameseq,average,median,maximum,minimum,peak,none_levated_peak,sample_standard_deviation,population_standard_deviation,percentile15,percentile25,percentile50,percentile75,amplitude,variance,interquartile_range,semi_interquartile_range,coefficient_of_variation,skewness,kurtosis,label
LG10_3632087_3641689,724.3525690524135,27.672308410987416,6570466.457449605,0.000871965172480792,4.41911872306534,545.8727942915008,67045.17882923214,67048.66994740102,6.538157455445412,11.405820397456234,27.672308410987416,55.451307140802065,6570466.45657764,4495524141.715517,44.04548674334583,22.022743371672917,92.55876446595555,0.03117361782638734,0.2513498195962957,fourier
