nameseq,average,median,maximum,minimum,peak,none_levated_peak,sample_standard_deviation,population_standard_deviation,percentile15,percentile25,percentile50,percentile75,amplitude,variance,interquartile_range,semi_interquartile_range,coefficient_of_variation,skewness,kurtosis,label
LG10_9950313_9950558,30.629514859102436,2.831132252700155,6129.385985550278,0.026708530813040924,2.677156343389858,35.732465750905796,389.72127624782127,390.5158158620924,0.6065551120289083,1.1724213255757254,2.831132252700155,5.827663379885297,6129.359277019465,152502.60243843566,4.655242054309571,2.3276210271547857,12.723716912937146,0.21398664353694768,0.1482605780969515,fourier
