nameseq,average,median,maximum,minimum,peak,none_levated_peak,sample_standard_deviation,population_standard_deviation,percentile15,percentile25,percentile50,percentile75,amplitude,variance,interquartile_range,semi_interquartile_range,coefficient_of_variation,skewness,kurtosis,label
LG10_16335519_16335745,26.518325343125383,1.4699198885566358,5420.631556582312,0.004137964587774833,2.853372740834953,45.53649052341198,358.84837457273187,359.6414106218614,0.21956276198053126,0.48616412715077395,1.4699198885566358,3.2816869413084224,5420.627418617724,129341.94423408232,2.7955228141576485,1.3977614070788242,13.532090353728154,0.20940659534316966,0.23752371110123033,fourier
