nameseq,average,median,maximum,minimum,peak,none_levated_peak,sample_standard_deviation,population_standard_deviation,percentile15,percentile25,percentile50,percentile75,amplitude,variance,interquartile_range,semi_interquartile_range,coefficient_of_variation,skewness,kurtosis,label
LG10_7881593_7881870,49.3503168642476,6.107429379581,11447.761115169378,0.04710099703665621,1.8777319489472233,31.675693678824675,684.9181470209763,686.1533475681684,1.4581246227075524,2.4598670647084067,6.107429379581,11.089401846387279,11447.714014172341,470806.4163790038,8.629534781678872,4.314767390839436,13.878698061960632,0.18940754164311366,0.24985866526165837,fourier
