nameseq,average,median,maximum,minimum,peak,none_levated_peak,sample_standard_deviation,population_standard_deviation,percentile15,percentile25,percentile50,percentile75,amplitude,variance,interquartile_range,semi_interquartile_range,coefficient_of_variation,skewness,kurtosis,label
LG10_5664675_5665046,31.846635263806764,1.9031776393239273,10897.014141120375,0.007422337190758143,3.8936609463708147,73.6122881663786,564.0972650118248,564.8569923123503,0.36100985432915733,0.5519595079899228,1.9031776393239273,3.7335690657993847,10897.006718783185,319063.4217641545,3.181609557809462,1.590804778904731,17.71293137686395,0.1592462478462211,0.27429169401682585,fourier
