nameseq,average,median,maximum,minimum,peak,none_levated_peak,sample_standard_deviation,population_standard_deviation,percentile15,percentile25,percentile50,percentile75,amplitude,variance,interquartile_range,semi_interquartile_range,coefficient_of_variation,skewness,kurtosis,label
LG10_10485157_10486291,88.31934354318867,3.782407035174032,93818.10432827439,0.004749204039871781,4.283697298410355,159.96810977532633,2783.3775805268874,2784.604548882943,0.9579956555692903,1.6774902635699753,3.782407035174032,7.367410361055538,93818.09957907035,7754022.493659581,5.689920097485563,2.8449600487427813,31.514926049759413,0.09111620762427637,0.22077242864188243,fourier
