nameseq,average,median,maximum,minimum,peak,none_levated_peak,sample_standard_deviation,population_standard_deviation,percentile15,percentile25,percentile50,percentile75,amplitude,variance,interquartile_range,semi_interquartile_range,coefficient_of_variation,skewness,kurtosis,label
LG10_7293027_7293419,49.937659392746525,3.6600296013020848,17243.40501236259,0.04364018076445712,2.6232707258007335,53.54186317166371,868.431156257059,869.5381435213051,0.7098085417977816,1.6038287510855644,3.6600296013020848,8.146413526800023,17243.361372181826,756096.5830384777,6.542584775714459,3.2712923878572293,17.390305569331492,0.15986631568206686,0.21180560225889541,fourier
