nameseq,average,median,maximum,minimum,peak,none_levated_peak,sample_standard_deviation,population_standard_deviation,percentile15,percentile25,percentile50,percentile75,amplitude,variance,interquartile_range,semi_interquartile_range,coefficient_of_variation,skewness,kurtosis,label
LG10_16470376_16470688,47.06676764150588,4.080049412262823,12836.484351606607,0.016250784394305075,2.216709125385676,41.23867943693755,724.0827218907605,725.2421825563736,0.9508829442745107,1.7137499168925225,4.080049412262823,8.93882263987125,12836.468100822212,525976.2233591323,7.225072722978727,3.6125363614893633,15.384160803348376,0.17810141132905655,0.2776517591647835,fourier
