nameseq,average,median,maximum,minimum,peak,none_levated_peak,sample_standard_deviation,population_standard_deviation,percentile15,percentile25,percentile50,percentile75,amplitude,variance,interquartile_range,semi_interquartile_range,coefficient_of_variation,skewness,kurtosis,label
LG10_7885971_7886057,20.282777891525413,1.6896607923782034,1585.5828754971421,0.07214443871575706,1.4297844286958756,16.315279172541096,168.79908091031197,169.77763450461293,0.5430600844827154,0.9915145546073479,1.6896607923782034,2.825458026032784,1585.5107310584265,28824.44517798194,1.8339434714254361,0.9169717357127181,8.322286119439285,0.33044819318109253,0.23640210169031012,fourier
