nameseq,average,median,maximum,minimum,peak,none_levated_peak,sample_standard_deviation,population_standard_deviation,percentile15,percentile25,percentile50,percentile75,amplitude,variance,interquartile_range,semi_interquartile_range,coefficient_of_variation,skewness,kurtosis,label
LG10_11639890_11640135,34.6761774228027,4.024443932686335,7246.418891663959,0.0411935807807906,2.3647358530954348,34.433607147957,460.7697968377717,461.70918577791895,1.0243518517526293,1.3828215338510954,4.024443932686335,6.95337970399226,7246.377698083178,213175.3722317089,5.570558170141164,2.785279085070582,13.28779095860705,0.19956863731397043,0.23343967289204226,fourier
