nameseq,average,median,maximum,minimum,peak,none_levated_peak,sample_standard_deviation,population_standard_deviation,percentile15,percentile25,percentile50,percentile75,amplitude,variance,interquartile_range,semi_interquartile_range,coefficient_of_variation,skewness,kurtosis,label
LG10_747143_747553,35.706618031766716,1.9210699717738118,13316.828611271661,0.0066061083699098366,3.836823747298518,75.35644653616188,655.9271805883061,656.7266046273289,0.34701740825977,0.7161387048234922,1.9210699717738118,4.0685680576286245,13316.82200516329,431289.83322534006,3.3524293528051325,1.6762146764025663,18.369904985253843,0.15452423253610434,0.2277168629889808,fourier
