nameseq,average,median,maximum,minimum,peak,none_levated_peak,sample_standard_deviation,population_standard_deviation,percentile15,percentile25,percentile50,percentile75,amplitude,variance,interquartile_range,semi_interquartile_range,coefficient_of_variation,skewness,kurtosis,label
LG10_18523971_18524432,39.05739526548159,2.5060538618025276,16311.012929114819,0.0031497903460001434,3.9429152649127928,77.67005649620938,757.8700842541289,758.6916238820672,0.7498196377583144,1.0935907935464702,2.5060538618025276,4.992611900655722,16311.009779324473,575612.9801488081,3.8990211071092515,1.9495105535546258,19.404009896274996,0.14468709939772212,0.21136141767087194,fourier
