nameseq,average,median,maximum,minimum,peak,none_levated_peak,sample_standard_deviation,population_standard_deviation,percentile15,percentile25,percentile50,percentile75,amplitude,variance,interquartile_range,semi_interquartile_range,coefficient_of_variation,skewness,kurtosis,label
LG10_3034125_3034411,30.521327230481635,2.3971770765269262,7676.2034545458855,0.008945044419755632,3.1344202676456487,48.50115579802801,452.12719911394,452.91694154831373,0.5869446275021156,0.9378356836441648,2.3971770765269262,4.161594919166368,7676.194509501466,205133.75594147865,3.223759235522203,1.6118796177611014,14.813484213831984,0.18661219813188354,0.19631065232927566,fourier
