nameseq,average,median,maximum,minimum,peak,none_levated_peak,sample_standard_deviation,population_standard_deviation,percentile15,percentile25,percentile50,percentile75,amplitude,variance,interquartile_range,semi_interquartile_range,coefficient_of_variation,skewness,kurtosis,label
LG10_7644403_7645063,72.35143606001337,5.74759802217504,42226.04522705891,0.0173086134847657,3.0453208026247522,76.49864965206157,1640.852555987832,1642.0951556024859,1.3253022353680077,2.3538604056824943,5.74759802217504,11.982737002808152,42226.02791844543,2696476.5000531524,9.628876597125657,4.814438298562829,22.67892173732106,0.12177298525961935,0.27356279468484024,fourier
