nameseq,average,median,maximum,minimum,peak,none_levated_peak,sample_standard_deviation,population_standard_deviation,percentile15,percentile25,percentile50,percentile75,amplitude,variance,interquartile_range,semi_interquartile_range,coefficient_of_variation,skewness,kurtosis,label
LG10_5210725_5214465,260.41321600933026,5.810962192789206,940867.3118558316,0.0028650978499757153,4.788543450710741,432.44391398283574,15380.570702767192,15382.626791367084,1.4318860078994988,2.3824438639243635,5.810962192789206,12.165766456265771,940867.3089907338,236625207.0024844,9.783322592341408,4.891661296170704,59.06217410339162,0.049660495453020016,0.25303005263719225,fourier
