nameseq,average,median,maximum,minimum,peak,none_levated_peak,sample_standard_deviation,population_standard_deviation,percentile15,percentile25,percentile50,percentile75,amplitude,variance,interquartile_range,semi_interquartile_range,coefficient_of_variation,skewness,kurtosis,label
LG10_6866069_6866201,17.818073355259195,2.1182448833395573,1929.3065004527562,0.08086942042363819,2.488110383732811,22.96719535203848,166.4105263507864,167.0396799231645,0.5776264972669549,0.9470949397511328,2.1182448833395573,4.801912948786447,1929.2256310323326,27902.254668833248,3.8548180090353146,1.9274090045176573,9.339423125770697,0.28303188775735966,0.23827823181613714,fourier
