nameseq,average,median,maximum,minimum,peak,none_levated_peak,sample_standard_deviation,population_standard_deviation,percentile15,percentile25,percentile50,percentile75,amplitude,variance,interquartile_range,semi_interquartile_range,coefficient_of_variation,skewness,kurtosis,label
LG10_6204506_6204854,63.337540979530836,5.248748215867006,18953.513809823333,0.04693146975268375,1.836720079974836,38.91068400893304,1012.6733755655887,1014.1273222950467,1.3909732326083457,2.187749456813273,5.248748215867006,12.007432830091359,18953.46687835358,1028454.2258253216,9.819683373278085,4.909841686639043,15.988517392755432,0.17208547444398042,0.22974877188948156,fourier
