nameseq,average,median,maximum,minimum,peak,none_levated_peak,sample_standard_deviation,population_standard_deviation,percentile15,percentile25,percentile50,percentile75,amplitude,variance,interquartile_range,semi_interquartile_range,coefficient_of_variation,skewness,kurtosis,label
LG10_6075875_6076070,29.332653141754648,1.9606444608463889,5161.771662616519,0.016552042939508422,2.2273243752482856,34.48403084273737,367.55276058811376,368.49399839196406,0.38649771574565367,0.9678684621014333,1.9606444608463889,4.90920147206206,5161.75511057358,135787.82685089682,3.9413330099606267,1.9706665049803134,12.530498308893415,0.22341289427763397,0.3034677656451078,fourier
