nameseq,average,median,maximum,minimum,peak,none_levated_peak,sample_standard_deviation,population_standard_deviation,percentile15,percentile25,percentile50,percentile75,amplitude,variance,interquartile_range,semi_interquartile_range,coefficient_of_variation,skewness,kurtosis,label
LG10_6766581_6768161,107.1626345248993,2.033524287063482,164315.0631893158,0.000298077739078282,4.917758902964925,290.5121474170395,4131.100291175161,4132.407394606438,0.5012968045008536,0.8116728946690219,2.033524287063482,4.1627396814695565,164315.06289123808,17076790.874997973,3.3510667868005344,1.6755333934002672,38.54982018210179,0.07634463181328145,0.23283755534294662,fourier
