nameseq,average,median,maximum,minimum,peak,none_levated_peak,sample_standard_deviation,population_standard_deviation,percentile15,percentile25,percentile50,percentile75,amplitude,variance,interquartile_range,semi_interquartile_range,coefficient_of_variation,skewness,kurtosis,label
LG10_16783970_16784113,45.038303459285174,6.154119132507093,5328.002387647938,0.0004444470266746512,1.0657595049820696,16.15338961152901,441.8674125407715,443.40971186367256,0.9804690725808621,1.8992360128535233,6.154119132507093,12.448031291271692,5328.001943200911,196612.1725750251,10.548795278418169,5.274397639209084,9.810924892857512,0.26399899533114046,0.279429487562006,fourier
