nameseq,average,median,maximum,minimum,peak,none_levated_peak,sample_standard_deviation,population_standard_deviation,percentile15,percentile25,percentile50,percentile75,amplitude,variance,interquartile_range,semi_interquartile_range,coefficient_of_variation,skewness,kurtosis,label
LG10_18814590_18814712,17.107026071799112,2.076885139424454,1705.7963247128698,0.016852336099215662,2.3966760691145725,22.012587060173605,152.9351185709392,153.56062268890693,0.3510049454262672,0.5592567081261718,2.076885139424454,4.293984007419261,1705.7794723767706,23580.86484060484,3.734727299293089,1.8673636496465444,8.939900946491942,0.2948336733803146,0.2294212083695674,fourier
