nameseq,average,median,maximum,minimum,peak,none_levated_peak,sample_standard_deviation,population_standard_deviation,percentile15,percentile25,percentile50,percentile75,amplitude,variance,interquartile_range,semi_interquartile_range,coefficient_of_variation,skewness,kurtosis,label
LG10_13326216_13326497,37.09332846170339,2.3996697863571894,9368.316762082522,0.046910397117349026,2.534148427716571,47.16190406185976,556.7102823732611,557.6999903232222,0.5379474463133193,0.8045428459671392,2.3996697863571894,4.498794491243215,9368.269851685405,311029.27920652216,3.694251645276076,1.847125822638038,15.008366880530298,0.1869571648332782,0.2511409325404248,fourier
