nameseq,average,median,maximum,minimum,peak,none_levated_peak,sample_standard_deviation,population_standard_deviation,percentile15,percentile25,percentile50,percentile75,amplitude,variance,interquartile_range,semi_interquartile_range,coefficient_of_variation,skewness,kurtosis,label
LG10_15173409_15173698,42.345120900877326,4.123748194250255,10208.567721742142,0.008243212911662403,2.282828921257464,37.12065732796241,598.1194652288362,599.153380374302,1.0776647828855763,1.6524668437752914,4.123748194250255,9.605373440872416,10208.55947852923,358984.7732139529,7.952906597097124,3.976453298548562,14.124873244049331,0.1917077185842991,0.23704231377736235,fourier
