nameseq,average,median,maximum,minimum,peak,none_levated_peak,sample_standard_deviation,population_standard_deviation,percentile15,percentile25,percentile50,percentile75,amplitude,variance,interquartile_range,semi_interquartile_range,coefficient_of_variation,skewness,kurtosis,label
LG10_15305230_15305411,32.04623146636846,1.819977572184923,5276.349402416134,7.437224709275777e-05,1.8930983111176263,31.790385974597292,389.8186710355073,390.89403492970223,0.4518287080205383,0.6328779236523716,1.819977572184923,5.010501897571822,5276.349328043887,152798.14654362324,4.37762397391945,2.188811986959725,12.164259359001699,0.23261780007015362,0.30694780593520554,fourier
