nameseq,average,median,maximum,minimum,peak,none_levated_peak,sample_standard_deviation,population_standard_deviation,percentile15,percentile25,percentile50,percentile75,amplitude,variance,interquartile_range,semi_interquartile_range,coefficient_of_variation,skewness,kurtosis,label
LG10_13131416_13131667,28.184575997585405,3.9729406749747342,5794.37114378691,0.03925774942285871,2.980353509919622,36.36893207354732,363.9990745201938,364.72345150437076,0.9151000639880483,1.5912244421600974,3.9729406749747342,6.618363967960022,5794.331886037487,133023.19607726106,5.0271395257999245,2.5135697628999623,12.914832373258973,0.19954695232007355,0.23138632415048155,fourier
