nameseq,average,median,maximum,minimum,peak,none_levated_peak,sample_standard_deviation,population_standard_deviation,percentile15,percentile25,percentile50,percentile75,amplitude,variance,interquartile_range,semi_interquartile_range,coefficient_of_variation,skewness,kurtosis,label
LG10_3176356_3176726,47.33389358713888,3.824777607196737,15328.817963039422,0.0062794080881354184,2.6126451321610316,50.07792987627484,794.4761856036303,795.5490776327704,0.8858579687979021,1.5576053601364666,3.824777607196737,8.225815358799732,15328.811683631335,632898.3349223518,6.668209998663265,3.3341049993316325,16.784509479260286,0.16429359407501162,0.2563734902817075,fourier
