nameseq,average,median,maximum,minimum,peak,none_levated_peak,sample_standard_deviation,population_standard_deviation,percentile15,percentile25,percentile50,percentile75,amplitude,variance,interquartile_range,semi_interquartile_range,coefficient_of_variation,skewness,kurtosis,label
LG10_12607300_12609796,364.5489512876224,39.13523993478372,737063.304266514,0.031070937730360695,2.283186744587938,113.62249222081225,14746.959152227262,14749.912974821178,9.634865481167036,16.422957273890802,39.13523993478372,84.56815128729018,737063.2731955763,217559932.76479813,68.14519401339938,34.07259700669969,40.4526171317722,0.06619948722859739,0.2539029435808389,fourier
