nameseq,average,median,maximum,minimum,peak,none_levated_peak,sample_standard_deviation,population_standard_deviation,percentile15,percentile25,percentile50,percentile75,amplitude,variance,interquartile_range,semi_interquartile_range,coefficient_of_variation,skewness,kurtosis,label
LG10_9855745_9855901,23.252777700054164,2.285499546983661,3115.3914215665527,0.039938270770621134,2.250627172736074,26.9892155586044,247.60017723252724,248.39249982478213,0.35970760329412294,0.8054425570621633,2.285499546983661,4.539493023318768,3115.351483295782,61698.83396920439,3.7340504662566043,1.8670252331283022,10.64819783797058,0.25404599932955174,0.20122745667042186,fourier
