nameseq,average,median,maximum,minimum,peak,none_levated_peak,sample_standard_deviation,population_standard_deviation,percentile15,percentile25,percentile50,percentile75,amplitude,variance,interquartile_range,semi_interquartile_range,coefficient_of_variation,skewness,kurtosis,label
LG10_17126534_17126763,33.771257675773604,4.239332170198252,6001.558828506311,0.007266201783651832,2.270175052487454,28.909173134562693,394.58302288652686,395.44361937861316,0.8496122774636629,2.038006951847367,4.239332170198252,9.454438035199416,6001.551562304528,156375.6561072575,7.41643108335205,3.708215541676025,11.683989582940164,0.22453012769939723,0.20715899897674186,fourier
