nameseq,average,median,maximum,minimum,peak,none_levated_peak,sample_standard_deviation,population_standard_deviation,percentile15,percentile25,percentile50,percentile75,amplitude,variance,interquartile_range,semi_interquartile_range,coefficient_of_variation,skewness,kurtosis,label
LG10_17935214_17935308,25.418966779694777,3.6095035838197687,1834.44421888437,0.11449373578536026,1.2457889001201532,12.146118780698929,186.70191350723516,187.69238153725797,0.9354390525892372,1.4662965401008643,3.6095035838197687,7.577800859127528,1834.3297251485847,35228.43008712762,6.111504319026664,3.055752159513332,7.344984362479151,0.35044305844829765,0.1737890066943371,fourier
