nameseq,average,median,maximum,minimum,peak,none_levated_peak,sample_standard_deviation,population_standard_deviation,percentile15,percentile25,percentile50,percentile75,amplitude,variance,interquartile_range,semi_interquartile_range,coefficient_of_variation,skewness,kurtosis,label
LG10_5099343_5101340,159.98705644167362,8.58913740029416,295338.14513502404,0.039243347634316424,4.162836762002701,198.25907735710058,6605.353987116145,6607.007599355622,2.0145057354614755,3.551280374580661,8.58913740029416,16.657705080752713,295338.1058916764,43652549.41794294,13.106424706172053,6.5532123530860265,41.286802407820126,0.06876145593560179,0.2508286812098167,fourier
