nameseq,average,median,maximum,minimum,peak,none_levated_peak,sample_standard_deviation,population_standard_deviation,percentile15,percentile25,percentile50,percentile75,amplitude,variance,interquartile_range,semi_interquartile_range,coefficient_of_variation,skewness,kurtosis,label
LG10_16405485_16405636,17.780662447493967,2.4092504133701875,2199.4478336561992,0.00676061700426644,2.849537626412097,26.78951740452198,177.57629914007254,178.16332982929615,0.4028635996700116,0.7502652015155229,2.4092504133701875,4.984221308362916,2199.441073039195,31742.172095862566,4.233956106847393,2.1169780534236966,9.987046301815397,0.2596868857256471,0.31772431489852093,fourier
