nameseq,average,median,maximum,minimum,peak,none_levated_peak,sample_standard_deviation,population_standard_deviation,percentile15,percentile25,percentile50,percentile75,amplitude,variance,interquartile_range,semi_interquartile_range,coefficient_of_variation,skewness,kurtosis,label
LG10_15221586_15221766,33.078841987381644,3.38942871417868,5056.578157813583,0.045929496440649295,1.82392519533629,25.0194379997502,374.46432519421995,375.5030631818572,0.9399670444693089,1.463646048096746,3.38942871417868,7.44876675790611,5056.532228317143,141002.55045895785,5.985120709809364,2.992560354904682,11.320357748226623,0.23785507410729365,0.2673031039507098,fourier
