nameseq,average,median,maximum,minimum,peak,none_levated_peak,sample_standard_deviation,population_standard_deviation,percentile15,percentile25,percentile50,percentile75,amplitude,variance,interquartile_range,semi_interquartile_range,coefficient_of_variation,skewness,kurtosis,label
LG10_17353954_17354196,39.062326785669335,4.808903436583074,7965.426219803867,0.055498992760878996,2.0736091949780167,31.0692076883794,509.5672977459767,510.6190373535728,1.3403745422369135,1.9564972278130779,4.808903436583074,8.725242734051927,7965.370720811106,260731.8013078894,6.768745506238849,3.3843727531194245,13.044980667483433,0.20166182269115235,0.2736944719414568,fourier
