nameseq,average,median,maximum,minimum,peak,none_levated_peak,sample_standard_deviation,population_standard_deviation,percentile15,percentile25,percentile50,percentile75,amplitude,variance,interquartile_range,semi_interquartile_range,coefficient_of_variation,skewness,kurtosis,label
LG10_1885690_1885998,37.503775876845005,3.328143569590531,10088.93827249274,0.0910736290342945,2.746390132509102,45.658498054898224,572.7566926303036,573.6857389710456,0.7279765791216362,1.1636423523481993,3.328143569590531,6.852761901713857,10088.847198863707,329115.32709875464,5.689119549365657,2.8445597746828284,15.271974067654508,0.17900602165104912,0.26464400709426594,fourier
