nameseq,average,median,maximum,minimum,peak,none_levated_peak,sample_standard_deviation,population_standard_deviation,percentile15,percentile25,percentile50,percentile75,amplitude,variance,interquartile_range,semi_interquartile_range,coefficient_of_variation,skewness,kurtosis,label
LG10_11426274_11426602,37.32667663229728,3.6259072182971153,10366.178460775556,0.016254329769306953,2.938023862852459,45.43722079923745,570.3517193543992,571.2204962773837,0.773121191733229,1.4538574770711112,3.6259072182971153,8.401537731815523,10366.162206445786,326292.85536738066,6.947680254744412,3.473840127372206,15.280002690110821,0.1772630901445194,0.26649809624114695,fourier
