nameseq,average,median,maximum,minimum,peak,none_levated_peak,sample_standard_deviation,population_standard_deviation,percentile15,percentile25,percentile50,percentile75,amplitude,variance,interquartile_range,semi_interquartile_range,coefficient_of_variation,skewness,kurtosis,label
LG10_16902306_16902564,21.464813641827106,1.414952192351776,5054.609490709333,0.008351313280772299,4.022086321080426,57.20821440992281,313.35534042904465,313.96203091074835,0.27906273188326164,0.6096206820109584,1.414952192351776,2.994971680536712,5054.6011393960525,98572.15685360171,2.3853509985257535,1.1926754992628767,14.598558629851283,0.19195327664136652,0.27786207911257876,fourier
