nameseq,average,median,maximum,minimum,peak,none_levated_peak,sample_standard_deviation,population_standard_deviation,percentile15,percentile25,percentile50,percentile75,amplitude,variance,interquartile_range,semi_interquartile_range,coefficient_of_variation,skewness,kurtosis,label
LG10_11372521_11373069,70.89713856397668,6.410457914549949,33817.95867604815,0.009416791792004216,2.5812043152469846,60.21866638394173,1441.631934087865,1442.9466921669473,1.470434890099016,2.63710669948866,6.410457914549949,13.774161304269184,33817.949259256355,2082095.156435535,11.137054604780523,5.568527302390262,20.334134258281164,0.13419516963647474,0.2816951244925933,fourier
