nameseq,average,median,maximum,minimum,peak,none_levated_peak,sample_standard_deviation,population_standard_deviation,percentile15,percentile25,percentile50,percentile75,amplitude,variance,interquartile_range,semi_interquartile_range,coefficient_of_variation,skewness,kurtosis,label
LG11_6331490_6340934,865.8475841213057,66.11904677183799,7171529.930935412,0.02166895146488216,3.6361287957260737,345.5135393328127,73787.57731823495,73791.48379981739,15.943911209327988,28.601757387254825,66.11904677183799,129.68441871896795,7171529.909266461,5445183081.378712,101.08266133171313,50.54133066585656,85.22005335744781,0.032514763314440705,0.2415087851991246,fourier
