nameseq,average,median,maximum,minimum,peak,none_levated_peak,sample_standard_deviation,population_standard_deviation,percentile15,percentile25,percentile50,percentile75,amplitude,variance,interquartile_range,semi_interquartile_range,coefficient_of_variation,skewness,kurtosis,label
LG11_1062428_1062997,72.32025390536442,7.283031496692724,34719.463829142616,0.05680541964810574,2.627203165639143,57.46227160050993,1452.537986347696,1453.813821452116,2.0675686163560045,3.350228906162066,7.283031496692724,15.208420213957943,34719.40702372297,2113574.6274452046,11.858191307795877,5.929095653897939,20.084802083914596,0.13432465729630214,0.24175834443902514,fourier
