nameseq,average,median,maximum,minimum,peak,none_levated_peak,sample_standard_deviation,population_standard_deviation,percentile15,percentile25,percentile50,percentile75,amplitude,variance,interquartile_range,semi_interquartile_range,coefficient_of_variation,skewness,kurtosis,label
LG11_3600658_3600925,27.616780603458608,2.6853033527604673,6438.232823643017,0.00868723483893072,3.234748271930929,45.401897947376845,392.33900647801534,393.0730370663843,0.44756001525335426,0.9507305330867807,2.6853033527604673,5.265324579118605,6438.224136408177,154506.41246859112,4.314594046031824,2.157297023015912,14.206543916595422,0.1906372563450061,0.2608147658492317,fourier
