nameseq,average,median,maximum,minimum,peak,none_levated_peak,sample_standard_deviation,population_standard_deviation,percentile15,percentile25,percentile50,percentile75,amplitude,variance,interquartile_range,semi_interquartile_range,coefficient_of_variation,skewness,kurtosis,label
LG11_2169226_2169375,18.658560083203973,2.3889820021278734,2254.75629127088,0.03662786671567169,2.6797351873368247,25.381179958519304,183.22847199837682,183.84230444473414,0.4987455700818985,0.9696802336833593,2.3889820021278734,4.547981018652748,2254.7196634041643,33797.992903550316,3.5783007849693886,1.7891503924846943,9.82007567472021,0.2663818221638648,0.20887480077745635,fourier
