nameseq,average,median,maximum,minimum,peak,none_levated_peak,sample_standard_deviation,population_standard_deviation,percentile15,percentile25,percentile50,percentile75,amplitude,variance,interquartile_range,semi_interquartile_range,coefficient_of_variation,skewness,kurtosis,label
LG11_5411489_5411799,47.34874973576979,4.2998410638897715,12844.86132426709,0.023851494318095665,2.1894277514227856,40.23981895405421,726.8713184863552,728.0427476403866,1.1742300829918138,1.8870051964610695,4.2998410638897715,8.844158367705298,12844.837472772773,530046.2423917636,6.957153171244228,3.478576585622114,15.351436364057518,0.17767481358953138,0.27387617959834015,fourier
