nameseq,average,median,maximum,minimum,peak,none_levated_peak,sample_standard_deviation,population_standard_deviation,percentile15,percentile25,percentile50,percentile75,amplitude,variance,interquartile_range,semi_interquartile_range,coefficient_of_variation,skewness,kurtosis,label
LG11_2614451_2614805,52.36193334198682,6.6061735272497,14619.41080428991,0.027136327863488456,2.2599114620247764,37.361261703967486,774.3771978237767,775.4701795926115,1.2297046715665452,2.304159424931989,6.6061735272497,15.040211750987233,14619.383667962045,601353.9994373972,12.736052326055244,6.368026163027622,14.788934410923218,0.17726152039338453,0.23922490427668947,fourier
