nameseq,average,median,maximum,minimum,peak,none_levated_peak,sample_standard_deviation,population_standard_deviation,percentile15,percentile25,percentile50,percentile75,amplitude,variance,interquartile_range,semi_interquartile_range,coefficient_of_variation,skewness,kurtosis,label
LG11_1476187_1476562,40.635170827437534,1.8231080805639064,13987.869627621289,0.0006841094584638389,3.084356009368766,66.44980004413468,720.2472697578825,721.2069600833041,0.43550354459020174,0.7966257091679132,1.8231080805639064,4.442912025175112,13987.86894351183,520139.47927260067,3.646286316007199,1.8231431580035995,17.72472602161573,0.16166140869893467,0.2248307481063819,fourier
