nameseq,average,median,maximum,minimum,peak,none_levated_peak,sample_standard_deviation,population_standard_deviation,percentile15,percentile25,percentile50,percentile75,amplitude,variance,interquartile_range,semi_interquartile_range,coefficient_of_variation,skewness,kurtosis,label
LG11_4153946_4154212,55.57713100849865,6.818868234328708,12387.634799798296,0.10563981090851177,1.6013780917620677,28.45320907282104,756.1773503611282,757.5974029741378,1.9201789479008105,3.036234031562604,6.818868234328708,11.09593720193731,12387.529159987387,573953.8249931581,8.059703170374707,4.0298515851873535,13.605908341067416,0.193439790616121,0.19082661043008345,fourier
