nameseq,average,median,maximum,minimum,peak,none_levated_peak,sample_standard_deviation,population_standard_deviation,percentile15,percentile25,percentile50,percentile75,amplitude,variance,interquartile_range,semi_interquartile_range,coefficient_of_variation,skewness,kurtosis,label
LG11_4121275_4121428,31.317556201406635,3.4284360134392964,3766.913195161975,0.0025930710930187157,1.639123212654367,19.737316857815575,302.1544265141479,303.14025107958025,0.8576243747999206,1.5324280230128213,3.4284360134392964,7.911946945043063,3766.910602090882,91894.01182459094,6.3795189220302415,3.1897594610151208,9.64808443452483,0.2769026471964806,0.18310826511919348,fourier
