nameseq,average,median,maximum,minimum,peak,none_levated_peak,sample_standard_deviation,population_standard_deviation,percentile15,percentile25,percentile50,percentile75,amplitude,variance,interquartile_range,semi_interquartile_range,coefficient_of_variation,skewness,kurtosis,label
LG11_8880249_8880351,21.48312018234144,2.1935626419683114,1817.1708503638417,0.12256470751954356,1.5981539479332445,16.289259632635478,177.854127451879,178.72383497303852,0.5437010048491598,1.0078447617547042,2.1935626419683114,4.520383141036072,1817.0482856563222,31942.20918746991,3.5125383792813683,1.7562691896406841,8.278784736216782,0.32537154717860906,0.18622340512862817,fourier
