nameseq,average,median,maximum,minimum,peak,none_levated_peak,sample_standard_deviation,population_standard_deviation,percentile15,percentile25,percentile50,percentile75,amplitude,variance,interquartile_range,semi_interquartile_range,coefficient_of_variation,skewness,kurtosis,label
LG11_15019069_15019282,21.51617341096828,1.760685948129246,4060.3634002956073,0.018030546820359605,3.3153354906950976,41.474001082967604,276.7470611262893,277.39594141007194,0.5439444337859176,0.9208534975193265,1.760685948129246,3.8590875094658,4060.345369748787,76948.50831078006,2.9382340119464736,1.4691170059732368,12.862280659311484,0.21415389976434748,0.2553085566619711,fourier
