nameseq,average,median,maximum,minimum,peak,none_levated_peak,sample_standard_deviation,population_standard_deviation,percentile15,percentile25,percentile50,percentile75,amplitude,variance,interquartile_range,semi_interquartile_range,coefficient_of_variation,skewness,kurtosis,label
LG11_15461975_15462360,39.948062219569024,2.2184434990901476,13956.259037774373,0.01742055389583978,3.2208487600591997,64.5313965803506,709.2555761817002,710.176089971009,0.6148289848429674,0.9696755782934781,2.2184434990901476,4.645770501832437,13956.241617220478,504350.0787665107,3.6760949235389586,1.8380474617694793,17.75444256303033,0.15958824993776208,0.20033743432224335,fourier
