nameseq,average,median,maximum,minimum,peak,none_levated_peak,sample_standard_deviation,population_standard_deviation,percentile15,percentile25,percentile50,percentile75,amplitude,variance,interquartile_range,semi_interquartile_range,coefficient_of_variation,skewness,kurtosis,label
LG11_3688471_3688528,12.716995464045565,2.043236638853774,470.54859056504597,0.050878637507846346,1.5202752401692656,9.041568021012345,61.075993465132036,61.60941838309221,0.6822231658535435,1.5322780560359157,2.043236638853774,5.979702031782111,470.49771192753815,3795.720433502901,4.4474239757461955,2.2237119878730978,4.802706239678281,0.5242858062367197,0.275797485535862,fourier
