nameseq,average,median,maximum,minimum,peak,none_levated_peak,sample_standard_deviation,population_standard_deviation,percentile15,percentile25,percentile50,percentile75,amplitude,variance,interquartile_range,semi_interquartile_range,coefficient_of_variation,skewness,kurtosis,label
LG11_11791232_11791357,21.708831587535006,2.8243841250927213,2144.4566106858774,0.028396179511015265,1.934696477359748,18.61958521491114,189.93343383656003,190.69165415208528,0.9416347347721301,1.4148738451090268,2.8243841250927213,7.0575643762131,2144.428214506366,36363.3069632585,5.642690531104073,2.8213452655520364,8.749132032772225,0.29827998811456086,0.27682239848088763,fourier
