nameseq,average,median,maximum,minimum,peak,none_levated_peak,sample_standard_deviation,population_standard_deviation,percentile15,percentile25,percentile50,percentile75,amplitude,variance,interquartile_range,semi_interquartile_range,coefficient_of_variation,skewness,kurtosis,label
LG11_8122751_8122864,20.23462007971941,3.3602058102025762,1886.6136589716311,0.059440906282005136,1.8779695319353356,18.030171734644533,175.6031597226609,176.37845338082622,0.7065157949906804,1.173645051712527,3.3602058102025762,4.872781717200937,1886.5542180653492,31109.358817012282,3.6991366654884095,1.8495683327442047,8.678352201861355,0.28828207242114773,0.255491750920114,fourier
