nameseq,average,median,maximum,minimum,peak,none_levated_peak,sample_standard_deviation,population_standard_deviation,percentile15,percentile25,percentile50,percentile75,amplitude,variance,interquartile_range,semi_interquartile_range,coefficient_of_variation,skewness,kurtosis,label
LG11_6514233_6516597,230.00649561429313,18.201666479921517,474504.215378105,0.0027316593503107843,3.4274394348206596,158.27241906639105,9754.607342188809,9756.670281271234,4.443776992354004,7.496747261355934,18.201666479921517,38.39230087837626,474504.21264644567,95192614.97744128,30.895553617020326,15.447776808510163,42.41013853168169,0.06513993491618453,0.25078228187689655,fourier
