nameseq,average,median,maximum,minimum,peak,none_levated_peak,sample_standard_deviation,population_standard_deviation,percentile15,percentile25,percentile50,percentile75,amplitude,variance,interquartile_range,semi_interquartile_range,coefficient_of_variation,skewness,kurtosis,label
LG11_12203191_12220776,1310.8547650821345,41.57016110177398,21978026.987471364,0.008566727428753352,4.471891285098013,818.5995860161111,165726.38130416922,165731.09338905112,9.754206204515144,17.237616758876435,41.57016110177398,83.7731844414985,21978026.97890464,27466795315.93038,66.53556768262206,33.26778384131103,126.42619588279504,0.02297675108800126,0.24852712403029673,fourier
