nameseq,average,median,maximum,minimum,peak,none_levated_peak,sample_standard_deviation,population_standard_deviation,percentile15,percentile25,percentile50,percentile75,amplitude,variance,interquartile_range,semi_interquartile_range,coefficient_of_variation,skewness,kurtosis,label
LG11_10126640_10126813,29.5299910720212,4.237711144249843,4009.0739250269094,0.026403673764854235,1.9641048945305404,22.235042097473972,302.6340360870461,303.5074406046286,1.3311412173489654,2.1995835017397143,4.237711144249843,9.840193082415478,4009.0475213531445,92116.76650237215,7.640609580675764,3.820304790337882,10.24836192293275,0.25072143491979776,0.24341564231335455,fourier
