nameseq,average,median,maximum,minimum,peak,none_levated_peak,sample_standard_deviation,population_standard_deviation,percentile15,percentile25,percentile50,percentile75,amplitude,variance,interquartile_range,semi_interquartile_range,coefficient_of_variation,skewness,kurtosis,label
LG11_15615189_15622289,521.384448321261,16.564124863951655,3529431.311461066,0.00920297314069221,4.539836214181686,512.5464382047659,41880.463461827334,41883.41268639786,3.913314613825814,6.745548740263362,16.564124863951655,33.45526785072188,3529431.302258093,1754220258.259113,26.70971911045852,13.35485955522926,80.32549416591323,0.03616151410913371,0.2515458592777294,fourier
