nameseq,average,median,maximum,minimum,peak,none_levated_peak,sample_standard_deviation,population_standard_deviation,percentile15,percentile25,percentile50,percentile75,amplitude,variance,interquartile_range,semi_interquartile_range,coefficient_of_variation,skewness,kurtosis,label
LG11_2363094_2380034,1609.538378886715,103.11589706089984,24626262.604908448,0.1384899273739722,3.508459365787795,502.70314842585486,189196.74044678544,189202.32468375028,24.469900424095464,43.27461629648403,103.11589706089984,208.48610781641113,24626262.46641852,35797519665.73527,165.2114915199271,82.60574575996355,117.54720665787974,0.023886603092660365,0.25102059823394623,fourier
