nameseq,average,median,maximum,minimum,peak,none_levated_peak,sample_standard_deviation,population_standard_deviation,percentile15,percentile25,percentile50,percentile75,amplitude,variance,interquartile_range,semi_interquartile_range,coefficient_of_variation,skewness,kurtosis,label
LG11_1577907_1578112,25.330436035369445,2.340677691488543,4363.00443950905,0.011156066510799863,2.7108363460773393,33.56933636687111,303.0027408776602,303.7408728870725,0.5078198837979367,1.0099395472342294,2.340677691488543,5.259143095571206,4362.993283442539,92258.51786220074,4.249203548336976,2.124601774168488,11.962002566974007,0.22761931074243846,0.20500695214359763,fourier
