nameseq,average,median,maximum,minimum,peak,none_levated_peak,sample_standard_deviation,population_standard_deviation,percentile15,percentile25,percentile50,percentile75,amplitude,variance,interquartile_range,semi_interquartile_range,coefficient_of_variation,skewness,kurtosis,label
LG11_1361404_1361601,26.84652524387129,0.7774427230589129,4982.9122012378075,0.0020596402292369937,2.458418711563685,50.332276716732245,353.1532017199934,354.04839504901486,0.11595306965935016,0.20147491258325714,0.7774427230589129,1.5322978945577415,4982.910141597578,125350.26603678329,1.3308229819744843,0.6654114909872422,13.154521805409942,0.2214541654486989,0.254904062776844,fourier
