nameseq,average,median,maximum,minimum,peak,none_levated_peak,sample_standard_deviation,population_standard_deviation,percentile15,percentile25,percentile50,percentile75,amplitude,variance,interquartile_range,semi_interquartile_range,coefficient_of_variation,skewness,kurtosis,label
LG11_5941261_5941525,36.82558245997172,2.943134645555193,8703.178524609146,0.027629368385259163,2.3986948048778034,41.64295989635408,533.3921464966263,534.4014040623063,0.7355109542739896,1.2355383889169884,2.943134645555193,5.226710828100435,8703.15089524076,285584.8606637643,3.9911724391834467,1.9955862195917233,14.484282687895222,0.19056775415776112,0.23426190016089543,fourier
