nameseq,average,median,maximum,minimum,peak,none_levated_peak,sample_standard_deviation,population_standard_deviation,percentile15,percentile25,percentile50,percentile75,amplitude,variance,interquartile_range,semi_interquartile_range,coefficient_of_variation,skewness,kurtosis,label
LG11_587915_588013,11.97825228519529,1.0173865370054365,1003.509680983699,0.005856411767914044,2.7549928999898317,22.393657523203597,100.18272810453061,100.69256716362773,0.26504105183995447,0.4510440276043541,1.0173865370054365,2.2790198741062566,1003.5038245719311,10138.99308200168,1.8279758465019025,0.9139879232509512,8.363718322108896,0.32822621091192367,0.15696268070209893,fourier
