nameseq,average,median,maximum,minimum,peak,none_levated_peak,sample_standard_deviation,population_standard_deviation,percentile15,percentile25,percentile50,percentile75,amplitude,variance,interquartile_range,semi_interquartile_range,coefficient_of_variation,skewness,kurtosis,label
LG11_9892248_9893917,177.05065534529797,13.889445030929622,252998.76084357582,0.026858667773108642,3.1441096085242495,123.53370257005902,6188.745964057898,6190.599714575452,3.58249838093214,5.634385852016835,13.889445030929622,28.362023076240323,252998.73398490803,38323524.82610167,22.72763722422349,11.363818612111745,34.95466284486846,0.07909253890624324,0.22748433646434216,fourier
