nameseq,average,median,maximum,minimum,peak,none_levated_peak,sample_standard_deviation,population_standard_deviation,percentile15,percentile25,percentile50,percentile75,amplitude,variance,interquartile_range,semi_interquartile_range,coefficient_of_variation,skewness,kurtosis,label
LG11_9770260_9770327,29.605741723287764,3.528306544546974,1689.0724332312495,0.0002843577678189729,0.7656172535220475,9.212656588967116,202.80794644571606,204.31583298003943,0.7916794664484673,0.9430417892947561,3.528306544546974,6.561530221848651,1689.0721488734816,41744.959606327364,5.618488432553895,2.8092442162769475,6.850291012509513,0.38574576049544573,0.24719614010951235,fourier
