nameseq,average,median,maximum,minimum,peak,none_levated_peak,sample_standard_deviation,population_standard_deviation,percentile15,percentile25,percentile50,percentile75,amplitude,variance,interquartile_range,semi_interquartile_range,coefficient_of_variation,skewness,kurtosis,label
LG11_8214020_8214586,44.3216812982274,1.7501665479097845,22912.4169538434,0.029434072816420152,4.2642786659710685,100.7397298999898,961.2367263157394,962.0855006323843,0.37016088468054575,0.7356807387786981,1.7501665479097845,3.9026500270563855,22912.387519770582,925608.5105270656,3.1669692882776874,1.5834846441388437,21.68773156071999,0.13286481961676755,0.15266390691199247,fourier
