nameseq,average,median,maximum,minimum,peak,none_levated_peak,sample_standard_deviation,population_standard_deviation,percentile15,percentile25,percentile50,percentile75,amplitude,variance,interquartile_range,semi_interquartile_range,coefficient_of_variation,skewness,kurtosis,label
LG11_82877_83767,66.28829530178727,2.649009334613203,55683.79963182744,0.01094096297848164,4.4804289904856285,148.5816698464261,1864.3069464275638,1865.3540158425628,0.6506079558212923,1.1511195256692632,2.649009334613203,5.452133888298414,55683.78869086446,3479545.604419976,4.301014362629151,2.1505071813145755,28.124225218645776,0.10240688008343489,0.25992907563897927,fourier
