nameseq,average,median,maximum,minimum,peak,none_levated_peak,sample_standard_deviation,population_standard_deviation,percentile15,percentile25,percentile50,percentile75,amplitude,variance,interquartile_range,semi_interquartile_range,coefficient_of_variation,skewness,kurtosis,label
LG11_2061048_2061228,31.373621461193686,2.7149245949168908,4851.901998982461,0.007235878075622893,1.9230592619969034,26.839228751682892,359.3364910327651,360.3332654608402,0.6475407904694009,1.048849365788216,2.7149245949168908,5.7961033346645054,4851.894763104386,129840.06219767235,4.747253968876289,2.3736269844381446,11.453459125757337,0.23926345568669477,0.21299925716378393,fourier
