nameseq,average,median,maximum,minimum,peak,none_levated_peak,sample_standard_deviation,population_standard_deviation,percentile15,percentile25,percentile50,percentile75,amplitude,variance,interquartile_range,semi_interquartile_range,coefficient_of_variation,skewness,kurtosis,label
LG11_2262192_2262279,29.20932306225544,5.661354283360831,1924.8498224578836,0.11146332780295429,1.004245571553082,10.250556875571423,203.35941748694256,204.52481050899246,0.9500191424947365,1.6827380917504602,5.661354283360831,11.119393649571693,1924.7383591300807,41830.39811373928,9.436655557821233,4.718327778910616,6.962140719711697,0.34738448413002443,0.2386475612328064,fourier
