nameseq,average,median,maximum,minimum,peak,none_levated_peak,sample_standard_deviation,population_standard_deviation,percentile15,percentile25,percentile50,percentile75,amplitude,variance,interquartile_range,semi_interquartile_range,coefficient_of_variation,skewness,kurtosis,label
LG11_6699855_6699980,21.258522820325396,2.479790294470529,2254.450250948141,0.024878311833140352,1.9756781952809797,21.13449643788628,199.76915300732287,200.56663782695588,0.5896887657364343,0.7034134527408002,2.479790294470529,5.100290921531968,2254.4253726363077,40226.976209209286,4.396877468791168,2.198438734395584,9.397132373483752,0.2820064896380649,0.2597332620825912,fourier
