nameseq,average,median,maximum,minimum,peak,none_levated_peak,sample_standard_deviation,population_standard_deviation,percentile15,percentile25,percentile50,percentile75,amplitude,variance,interquartile_range,semi_interquartile_range,coefficient_of_variation,skewness,kurtosis,label
LG11_4284138_4284476,44.31691605090545,5.0376515704064975,12350.527945819318,0.09028194746774859,2.549816414801979,40.75717295086528,669.451772216792,670.4413540906222,1.4970397534638595,2.198863388503927,5.0376515704064975,9.344812384309318,12350.43766387185,449491.60927486705,7.145948995805391,3.5729744979026954,15.106009891297802,0.17602133317429897,0.20332722874642448,fourier
