nameseq,average,median,maximum,minimum,peak,none_levated_peak,sample_standard_deviation,population_standard_deviation,percentile15,percentile25,percentile50,percentile75,amplitude,variance,interquartile_range,semi_interquartile_range,coefficient_of_variation,skewness,kurtosis,label
LG11_1567529_1567691,25.872888669577677,2.2709131540592282,3582.0836034120384,0.044332087398734,2.100010324599763,26.108557871493623,279.4369663063334,280.2980992145548,0.7530674292040649,1.0317659958741672,2.2709131540592282,5.138645132613455,3582.0392713246397,78567.0244232924,4.106879136739288,2.053439568369644,10.800377564137474,0.2533878301159847,0.21044690360257154,fourier
