nameseq,average,median,maximum,minimum,peak,none_levated_peak,sample_standard_deviation,population_standard_deviation,percentile15,percentile25,percentile50,percentile75,amplitude,variance,interquartile_range,semi_interquartile_range,coefficient_of_variation,skewness,kurtosis,label
LG11_14398843_14398943,19.878742711234818,1.7876438699817685,1756.7515371369163,0.1038618218814882,1.693601409089085,18.391727538776443,173.70081986272996,174.56716349071613,0.457467917367828,0.7858222479646042,1.7876438699817685,3.817607989429024,1756.6476753150348,30473.69456919441,3.03178574146442,1.51589287073221,8.738018414241054,0.31245273664597295,0.27958146425416924,fourier
