nameseq,average,median,maximum,minimum,peak,none_levated_peak,sample_standard_deviation,population_standard_deviation,percentile15,percentile25,percentile50,percentile75,amplitude,variance,interquartile_range,semi_interquartile_range,coefficient_of_variation,skewness,kurtosis,label
LG11_2170579_2170746,24.706741651253147,2.6334427471334068,3377.199050879143,0.11083848055942626,2.2665878321984088,25.056521165344737,259.48503045574773,260.2607721877919,1.0781035866670912,1.6230922310290032,2.6334427471334068,5.217791761782894,3377.088212398584,67735.66953978571,3.5946995307538905,1.7973497653769452,10.502600226225558,0.25519736763255124,0.15150234505258028,fourier
