nameseq,average,median,maximum,minimum,peak,none_levated_peak,sample_standard_deviation,population_standard_deviation,percentile15,percentile25,percentile50,percentile75,amplitude,variance,interquartile_range,semi_interquartile_range,coefficient_of_variation,skewness,kurtosis,label
LG11_3767148_3767498,28.67516272882355,1.469947960104364,9369.140744352108,0.00709895189246507,4.080186086699851,77.21011538354281,499.2723475053506,499.98508498099864,0.21725687855227221,0.5371642640050733,1.469947960104364,2.962075871230975,9369.133645400216,249985.0852034564,2.4249116072259014,1.2124558036129507,17.41131697235303,0.16346918613449327,0.26052892725673854,fourier
