nameseq,average,median,maximum,minimum,peak,none_levated_peak,sample_standard_deviation,population_standard_deviation,percentile15,percentile25,percentile50,percentile75,amplitude,variance,interquartile_range,semi_interquartile_range,coefficient_of_variation,skewness,kurtosis,label
LG11_10956028_10956115,12.247837019361357,2.3271923734765902,865.6220363508697,0.19652940299991023,2.394980704508335,16.70213911086046,91.51432038798838,92.03876204756705,0.5576867721576012,1.0775850059922076,2.3271923734765902,3.279748887820016,865.4255069478698,8471.133719248668,2.202163881827808,1.101081940913904,7.471876074389519,0.3252161389766565,0.25662010878249936,fourier
