nameseq,average,median,maximum,minimum,peak,none_levated_peak,sample_standard_deviation,population_standard_deviation,percentile15,percentile25,percentile50,percentile75,amplitude,variance,interquartile_range,semi_interquartile_range,coefficient_of_variation,skewness,kurtosis,label
LG11_15298110_15298230,13.718239839674782,1.7972762082872236,1388.4489579790716,0.033102859155317584,2.940124520689931,24.57870777274959,125.51255126674198,126.03443522783337,0.38079182052754335,0.6306491460785467,1.7972762082872236,3.212783646541089,1388.4158551199162,15884.678863198926,2.5821345004625424,1.2910672502312712,9.14931891653802,0.28493477770329606,0.26965650295732757,fourier
