nameseq,average,median,maximum,minimum,peak,none_levated_peak,sample_standard_deviation,population_standard_deviation,percentile15,percentile25,percentile50,percentile75,amplitude,variance,interquartile_range,semi_interquartile_range,coefficient_of_variation,skewness,kurtosis,label
LG11_8233037_8233080,8.589365933202222,1.811536404859855,300.33337687998954,0.018516668457607504,1.7075377601474189,9.432538003784412,44.517843367899225,45.03251761490196,0.12094719203428259,0.5902388045845014,1.811536404859855,2.638274061281553,300.31486021153194,2027.9276427364555,2.0480352566970517,1.0240176283485258,5.182902173932927,0.4567491829509671,0.2684909852896943,fourier
