nameseq,average,median,maximum,minimum,peak,none_levated_peak,sample_standard_deviation,population_standard_deviation,percentile15,percentile25,percentile50,percentile75,amplitude,variance,interquartile_range,semi_interquartile_range,coefficient_of_variation,skewness,kurtosis,label
LG11_4914173_4914341,23.72164781745672,1.76688298883841,3539.8134233659475,0.001041600515292863,2.374764761994221,31.63536903362644,271.2947183607177,272.1009451555264,0.4854612943081852,0.7275982819378484,1.76688298883841,3.986602643691758,3539.8123817654323,74038.92435453078,3.2590043617539095,1.6295021808769548,11.436588235707317,0.24277765112360475,0.286127038686758,fourier
