nameseq,average,median,maximum,minimum,peak,none_levated_peak,sample_standard_deviation,population_standard_deviation,percentile15,percentile25,percentile50,percentile75,amplitude,variance,interquartile_range,semi_interquartile_range,coefficient_of_variation,skewness,kurtosis,label
LG11_6604467_6604812,40.094203503008565,3.4632434637871654,11981.24729340769,0.01534064162656887,2.8765587854782804,48.409625694212885,642.9143994192275,643.8454852067455,0.8771741354917528,1.387017927535491,3.4632434637871654,7.890447185998989,11981.231952766064,414537.00882110954,6.503429258463497,3.2517146292317487,16.0350959302879,0.1709292562383658,0.27822354282702544,fourier
