nameseq,average,median,maximum,minimum,peak,none_levated_peak,sample_standard_deviation,population_standard_deviation,percentile15,percentile25,percentile50,percentile75,amplitude,variance,interquartile_range,semi_interquartile_range,coefficient_of_variation,skewness,kurtosis,label
LG11_11518605_11518791,34.85632613149651,4.278149615479335,5145.225035915347,0.02124473562499381,1.7882932670006304,23.24569451294539,374.8179338263089,375.82415827796177,0.8484670362904663,1.5632084466163616,4.278149615479335,9.866970550296708,5145.2037911797215,141243.79794533848,8.303762103680347,4.151881051840173,10.753225466513518,0.24474423785325441,0.22862392582370245,fourier
