nameseq,average,median,maximum,minimum,peak,none_levated_peak,sample_standard_deviation,population_standard_deviation,percentile15,percentile25,percentile50,percentile75,amplitude,variance,interquartile_range,semi_interquartile_range,coefficient_of_variation,skewness,kurtosis,label
LG11_8895814_8896338,73.1190770671734,6.9848249375958975,31835.86567208091,0.04114404114680062,2.3933562487287707,53.314552188789214,1387.9772757941487,1389.3010503208814,2.3750631705127163,3.195354578170498,6.9848249375958975,13.637949833950964,31835.82452803976,1930157.4084227039,10.442595255780466,5.221297627890233,18.98242334923121,0.14294380740146762,0.24292339344009664,fourier
