nameseq,average,median,maximum,minimum,peak,none_levated_peak,sample_standard_deviation,population_standard_deviation,percentile15,percentile25,percentile50,percentile75,amplitude,variance,interquartile_range,semi_interquartile_range,coefficient_of_variation,skewness,kurtosis,label
LG11_6852886_6853133,25.3490791057822,2.0954583452904654,5581.662284214564,0.009815063219637108,3.2611309594994387,45.47230605098025,353.551043142705,354.2660105931352,0.6471042439186546,1.0356998483680464,2.0954583452904654,3.9247482631837025,5581.652469151345,125504.40626157538,2.8890484148156563,1.4445242074078282,13.94729337769351,0.197314825212713,0.28668218809709517,fourier
