nameseq,average,median,maximum,minimum,peak,none_levated_peak,sample_standard_deviation,population_standard_deviation,percentile15,percentile25,percentile50,percentile75,amplitude,variance,interquartile_range,semi_interquartile_range,coefficient_of_variation,skewness,kurtosis,label
LG11_3258310_3264047,449.19369481785316,22.23417682745923,2383162.0465563927,0.0021173017820860654,4.257999808840255,358.116293468308,31457.89944162664,31460.64099023454,5.141585209859904,8.671652729278138,22.23417682745923,45.11321555405604,2383162.044439091,989771931.5164258,36.441562824777904,18.220781412388952,70.03192565822353,0.040717230861138175,0.25355967131813434,fourier
