nameseq,average,median,maximum,minimum,peak,none_levated_peak,sample_standard_deviation,population_standard_deviation,percentile15,percentile25,percentile50,percentile75,amplitude,variance,interquartile_range,semi_interquartile_range,coefficient_of_variation,skewness,kurtosis,label
LG11_13760589_13760691,11.040407777726125,0.9421674680038187,986.4816395428853,0.02131602988644781,3.109788517286506,24.82388728923818,96.59335043164197,97.06569237033058,0.31084536557218084,0.5556848730905201,0.9421674680038187,1.8980541859667923,986.4603235129989,9421.748635331653,1.3423693128762721,0.6711846564381361,8.749074524812187,0.31363153668229116,0.1896935860383945,fourier
