nameseq,average,median,maximum,minimum,peak,none_levated_peak,sample_standard_deviation,population_standard_deviation,percentile15,percentile25,percentile50,percentile75,amplitude,variance,interquartile_range,semi_interquartile_range,coefficient_of_variation,skewness,kurtosis,label
LG11_11450475_11450845,67.6833370874215,5.671362700816157,22007.112362436194,0.041610472242881065,1.8271360720133478,42.08374997707766,1140.610837691939,1142.151163630319,1.305913954657465,2.203967801087608,5.671362700816157,11.230821381852056,22007.07075196395,1304509.2805820913,9.026853580764449,4.5134267903822245,16.852166083635876,0.16310201254642243,0.23365152729376443,fourier
