nameseq,average,median,maximum,minimum,peak,none_levated_peak,sample_standard_deviation,population_standard_deviation,percentile15,percentile25,percentile50,percentile75,amplitude,variance,interquartile_range,semi_interquartile_range,coefficient_of_variation,skewness,kurtosis,label
LG11_6005196_6006576,136.05840644444405,9.72583453061157,167602.09067909367,0.002670426877747643,3.38335091056133,124.56297306126828,4508.061452924681,4509.6945127329745,2.6744504330951617,4.268588659858507,9.72583453061157,20.096942295249264,167602.0880086668,20337344.598173898,15.828353635390757,7.914176817695378,33.133281292438426,0.08407110677154063,0.2597971297993973,fourier
