nameseq,average,median,maximum,minimum,peak,none_levated_peak,sample_standard_deviation,population_standard_deviation,percentile15,percentile25,percentile50,percentile75,amplitude,variance,interquartile_range,semi_interquartile_range,coefficient_of_variation,skewness,kurtosis,label
LG11_13074869_13075139,22.267484569774627,1.1900020361789199,5615.601923642068,0.014703345327166406,4.056737214761551,65.09312267779696,340.40304799231177,341.03284140401325,0.2927752858004414,0.5000766942467587,1.1900020361789199,2.088753970092822,5615.587220296741,116303.39891609484,1.5886772758460634,0.7943386379230317,15.287000510797123,0.18575758346974397,0.24041343498708123,fourier
