nameseq,average,median,maximum,minimum,peak,none_levated_peak,sample_standard_deviation,population_standard_deviation,percentile15,percentile25,percentile50,percentile75,amplitude,variance,interquartile_range,semi_interquartile_range,coefficient_of_variation,skewness,kurtosis,label
LG11_11794813_11794911,27.08464352505703,3.8497840240096206,2176.5510766518555,0.08126077672270035,1.2184025966400647,13.288848595923056,217.18633784903352,218.29161897116626,1.1792597068341988,1.8115603591734524,3.8497840240096206,6.405099309881502,2176.469815875133,47651.23091305284,4.59353895070805,2.296769475354025,8.018799939091176,0.3209436615280744,0.21517274179338203,fourier
