nameseq,average,median,maximum,minimum,peak,none_levated_peak,sample_standard_deviation,population_standard_deviation,percentile15,percentile25,percentile50,percentile75,amplitude,variance,interquartile_range,semi_interquartile_range,coefficient_of_variation,skewness,kurtosis,label
LG11_15301985_15302091,21.493196659258526,2.5541985665253057,1898.47994507272,0.20348598269800067,1.6594398326180437,17.500152174538975,182.41154688925326,183.26995891005632,0.5293622679700392,0.7189307908348748,2.5541985665253057,4.586771468164395,1898.276459090022,33587.877838893735,3.86784067732952,1.93392033866476,8.486943556191614,0.31147696101001066,0.26598158120211457,fourier
