nameseq,average,median,maximum,minimum,peak,none_levated_peak,sample_standard_deviation,population_standard_deviation,percentile15,percentile25,percentile50,percentile75,amplitude,variance,interquartile_range,semi_interquartile_range,coefficient_of_variation,skewness,kurtosis,label
LG11_2322854_2323000,20.01000762147346,1.5476590086903614,2573.368050930285,0.004815165235202892,2.4487746794966903,28.50523568626729,211.33840597675427,212.06093254929718,0.42567339603667387,0.8084297041753737,1.5476590086903614,3.230481805397614,2573.3632357650495,44969.83911367757,2.4220521012222402,1.2110260506111201,10.561635456348323,0.2620775224567629,0.25744329545432443,fourier
