nameseq,average,median,maximum,minimum,peak,none_levated_peak,sample_standard_deviation,population_standard_deviation,percentile15,percentile25,percentile50,percentile75,amplitude,variance,interquartile_range,semi_interquartile_range,coefficient_of_variation,skewness,kurtosis,label
LG11_8516082_8517059,85.73616717518348,6.601953729649589,73373.06345699936,0.006744178297054886,3.802362652086941,106.9722048623654,2344.753220562276,2345.952889722661,1.3909490084450595,2.4562530322416247,6.601953729649589,12.520359451107144,73373.05671282105,5503494.960798103,10.064106418865519,5.0320532094327595,27.34847262032691,0.10124845474342588,0.23377170710064554,fourier
