nameseq,average,median,maximum,minimum,peak,none_levated_peak,sample_standard_deviation,population_standard_deviation,percentile15,percentile25,percentile50,percentile75,amplitude,variance,interquartile_range,semi_interquartile_range,coefficient_of_variation,skewness,kurtosis,label
LG11_30955_31060,11.387223428838915,1.0502124077131605,1013.3373495972718,0.02605429443609786,3.1028927775184663,24.127072446273406,97.80232380630055,98.26694553698498,0.24352460644967192,0.5047069666722657,1.0502124077131605,2.611956532860948,1013.3112953028357,9656.39258516877,2.107249566188682,1.053624783094341,8.588777098955443,0.3170786935982751,0.24044127159349357,fourier
