nameseq,average,median,maximum,minimum,peak,none_levated_peak,sample_standard_deviation,population_standard_deviation,percentile15,percentile25,percentile50,percentile75,amplitude,variance,interquartile_range,semi_interquartile_range,coefficient_of_variation,skewness,kurtosis,label
LG11_4273599_4276098,231.34104420443555,15.620367174558805,519204.5959019725,0.0018973249257564855,3.602185406394719,183.08973867853578,10381.573704131973,10383.650641974926,3.39170565226365,6.05320674198688,15.620367174558805,32.000116028026106,519204.5940046476,107820200.6545863,25.946909286039226,12.973454643019613,44.87562395092243,0.06233756553036397,0.24545348823298446,fourier
