nameseq,average,median,maximum,minimum,peak,none_levated_peak,sample_standard_deviation,population_standard_deviation,percentile15,percentile25,percentile50,percentile75,amplitude,variance,interquartile_range,semi_interquartile_range,coefficient_of_variation,skewness,kurtosis,label
LG11_10753319_10753594,63.82976135721719,8.017908689696982,14714.15909818812,0.08473167618591254,1.4413339176552886,28.054490341431542,883.5133753572658,885.1183056089418,1.2531916186730983,2.3899394234530407,8.017908689696982,14.388303986250222,14714.074366511933,783434.414924044,11.998364562797182,5.999182281398591,13.84171515874495,0.18951106194046557,0.26186002196586944,fourier
