nameseq,average,median,maximum,minimum,peak,none_levated_peak,sample_standard_deviation,population_standard_deviation,percentile15,percentile25,percentile50,percentile75,amplitude,variance,interquartile_range,semi_interquartile_range,coefficient_of_variation,skewness,kurtosis,label
LG11_8850716_8850940,31.54963471038917,4.143043321492675,5934.933274743984,0.06704785636709802,2.3772066044017555,31.691116935382208,394.466940184321,395.3464662264587,0.7846792088198302,1.496215990381269,4.143043321492675,7.061074286179776,5934.866226887617,156298.82835774843,5.5648582957985075,2.7824291478992538,12.503058872324267,0.20843261067269916,0.24607350931261557,fourier
