nameseq,average,median,maximum,minimum,peak,none_levated_peak,sample_standard_deviation,population_standard_deviation,percentile15,percentile25,percentile50,percentile75,amplitude,variance,interquartile_range,semi_interquartile_range,coefficient_of_variation,skewness,kurtosis,label
LG11_2114264_2114531,27.236787295571954,2.4682524409085165,6430.488512086729,0.0020774113156025497,3.2798777757410758,46.9204466777286,391.8835699583488,392.6167484664227,0.5189386544703449,0.8586167697915843,2.4682524409085165,4.941432651460428,6430.486434675414,154147.91117634618,4.082815881668843,2.0414079408344215,14.388024758781285,0.189611431201078,0.2966736458516038,fourier
