nameseq,average,median,maximum,minimum,peak,none_levated_peak,sample_standard_deviation,population_standard_deviation,percentile15,percentile25,percentile50,percentile75,amplitude,variance,interquartile_range,semi_interquartile_range,coefficient_of_variation,skewness,kurtosis,label
LG11_9794313_9794567,56.38260750593501,4.105280567857871,12335.285830672668,0.04674675720295013,1.5075570953516584,29.91740646531593,770.5248537807838,772.0401450256817,1.2377169649584452,1.612546017102812,4.105280567857871,10.827555540655725,12335.239083915465,596045.9855312756,9.215009523552913,4.607504761776457,13.666002476023762,0.2035391591130304,0.2925293348950912,fourier
