nameseq,average,median,maximum,minimum,peak,none_levated_peak,sample_standard_deviation,population_standard_deviation,percentile15,percentile25,percentile50,percentile75,amplitude,variance,interquartile_range,semi_interquartile_range,coefficient_of_variation,skewness,kurtosis,label
LG11_13588766_13588858,23.539768735258065,3.0679292744593356,1739.4853521370555,0.14909716835782968,1.3169203295344163,13.246631946232805,178.9841786924499,179.95428974753344,0.781254995417674,1.0133563341969138,3.0679292744593356,7.083955303969191,1739.3362549686976,32383.54639853922,6.070598969772277,3.0352994848861385,7.603480760809934,0.3431337832821918,0.24836968879332919,fourier
