nameseq,average,median,maximum,minimum,peak,none_levated_peak,sample_standard_deviation,population_standard_deviation,percentile15,percentile25,percentile50,percentile75,amplitude,variance,interquartile_range,semi_interquartile_range,coefficient_of_variation,skewness,kurtosis,label
LG11_6406945_6413668,541.2165525351696,26.244471220232793,3375986.668135585,0.017573201632595948,4.141287480647935,387.4844156472848,41167.05603169155,41170.11757604053,6.406303881960066,11.339335694438661,26.244471220232793,51.8372107201839,3375986.6505623832,1694978581.225001,40.49787502574524,20.24893751287262,76.06392642437966,0.037527974863091756,0.24521106189193884,fourier
