nameseq,average,median,maximum,minimum,peak,none_levated_peak,sample_standard_deviation,population_standard_deviation,percentile15,percentile25,percentile50,percentile75,amplitude,variance,interquartile_range,semi_interquartile_range,coefficient_of_variation,skewness,kurtosis,label
LG11_1012892_1013419,53.22833635126333,3.464659196472087,25520.05394776733,0.01013837419562044,3.3065095034822143,77.96297885113333,1109.3634831512327,1110.4155113470101,0.7681302949013405,1.529577957674466,3.464659196472087,6.666907634154276,25520.043809393133,1233022.6078400419,5.13732967647981,2.568664838239905,20.841596021907282,0.13457359443660524,0.2503595543952367,fourier
