nameseq,average,median,maximum,minimum,peak,none_levated_peak,sample_standard_deviation,population_standard_deviation,percentile15,percentile25,percentile50,percentile75,amplitude,variance,interquartile_range,semi_interquartile_range,coefficient_of_variation,skewness,kurtosis,label
LG11_13235235_13235391,22.239034651495075,1.68389215942097,3110.485187450196,0.003438063260745734,2.3532196497483806,29.769611492755423,247.2669093466865,248.05816547898098,0.518395537319928,0.8397518869400624,1.68389215942097,3.698678528617512,3110.4817493869355,61532.853460797516,2.8589266416774497,1.4294633208387248,11.118599040901417,0.24938811116760803,0.26617147099378774,fourier
