nameseq,average,median,maximum,minimum,peak,none_levated_peak,sample_standard_deviation,population_standard_deviation,percentile15,percentile25,percentile50,percentile75,amplitude,variance,interquartile_range,semi_interquartile_range,coefficient_of_variation,skewness,kurtosis,label
LG11_3650145_3650524,55.552466766628996,6.800588330060507,16939.53988686219,0.04394044629309628,2.2801267709457824,39.33772832446433,867.349382046145,868.4928886495668,1.4229104698888542,2.677893229048046,6.800588330060507,17.021592136242855,16939.495946415896,754279.8976348689,14.34369890719481,7.171849453597405,15.613156940263394,0.16862366923543196,0.2834397390759473,fourier
