nameseq,average,median,maximum,minimum,peak,none_levated_peak,sample_standard_deviation,population_standard_deviation,percentile15,percentile25,percentile50,percentile75,amplitude,variance,interquartile_range,semi_interquartile_range,coefficient_of_variation,skewness,kurtosis,label
LG11_14925030_14925302,33.7854015909708,3.4202090540084247,7926.152934530669,0.027783530940625325,2.693471017503604,39.96444538967724,478.56557956445675,479.4444886236562,0.824239975845982,1.6757775315735641,3.4202090540084247,6.439141266470382,7926.125150999728,229867.0176715992,4.763363734896818,2.381681867448409,14.164862841007464,0.19035129457867267,0.23885397477584996,fourier
