nameseq,average,median,maximum,minimum,peak,none_levated_peak,sample_standard_deviation,population_standard_deviation,percentile15,percentile25,percentile50,percentile75,amplitude,variance,interquartile_range,semi_interquartile_range,coefficient_of_variation,skewness,kurtosis,label
LG11_5771653_5772066,55.494393364064464,4.2679609846003785,20134.504244410426,0.048785742968299656,2.4867376978907973,53.73296299609763,988.0842671219737,989.2797718146778,0.770585011957892,1.548642800743028,4.2679609846003785,8.968711003954363,20134.455458667457,978674.4669217011,7.4200682032113345,3.7100341016056673,17.805118809746467,0.15553258183739643,0.25478942937502297,fourier
