nameseq,average,median,maximum,minimum,peak,none_levated_peak,sample_standard_deviation,population_standard_deviation,percentile15,percentile25,percentile50,percentile75,amplitude,variance,interquartile_range,semi_interquartile_range,coefficient_of_variation,skewness,kurtosis,label
LG11_8647137_8647398,42.24187725617626,5.931811357361994,8789.679681785794,0.028366181598817097,2.067458621777141,30.01111135619486,541.5548399424722,542.5913094838832,1.099813287493717,2.2207657294960477,5.931811357361994,11.450128905343625,8789.651315604195,294405.3291274351,9.229363175847578,4.614681587923789,12.820330797758059,0.20114342936721633,0.27593420965400123,fourier
