nameseq,average,median,maximum,minimum,peak,none_levated_peak,sample_standard_deviation,population_standard_deviation,percentile15,percentile25,percentile50,percentile75,amplitude,variance,interquartile_range,semi_interquartile_range,coefficient_of_variation,skewness,kurtosis,label
LG11_10357332_10357503,29.169479819102435,2.933525973068933,4305.513802087385,0.009096805096231522,1.9655247090072216,26.32319830111646,327.0465866335304,328.00146921050435,0.8852449402262857,1.1613678590576837,2.933525973068933,5.644776192378544,4305.504705282288,107584.96380424943,4.4834083333208605,2.2417041666604303,11.211944424848982,0.24066253786129865,0.25355682335141766,fourier
