nameseq,average,median,maximum,minimum,peak,none_levated_peak,sample_standard_deviation,population_standard_deviation,percentile15,percentile25,percentile50,percentile75,amplitude,variance,interquartile_range,semi_interquartile_range,coefficient_of_variation,skewness,kurtosis,label
LG11_9826594_9826932,32.9385324665974,2.0504439832883183,10102.041284853975,0.008792761923612514,3.430632500539969,61.78870955853079,547.7018337225369,548.5114451529773,0.4530150566918022,0.7692567538105564,2.0504439832883183,3.954835703558595,10102.03249209205,300864.80546380766,3.185578949748039,1.5927894748740195,16.627997445786487,0.1691874296277608,0.21520600034681103,fourier
