nameseq,average,median,maximum,minimum,peak,none_levated_peak,sample_standard_deviation,population_standard_deviation,percentile15,percentile25,percentile50,percentile75,amplitude,variance,interquartile_range,semi_interquartile_range,coefficient_of_variation,skewness,kurtosis,label
LG11_2100591_2100686,21.945554890300244,2.1717214211372715,1745.1304729835647,0.042593377801016935,1.4581540617204325,15.206010267179954,176.8611021714318,177.7895132862746,0.43912119647576797,1.2272721323670024,2.1717214211372715,4.5121891751653775,1745.0878796057636,31609.111034570407,3.284917042798375,1.6424585213991876,8.059085452863302,0.3354129295767278,0.2113290778069556,fourier
