nameseq,average,median,maximum,minimum,peak,none_levated_peak,sample_standard_deviation,population_standard_deviation,percentile15,percentile25,percentile50,percentile75,amplitude,variance,interquartile_range,semi_interquartile_range,coefficient_of_variation,skewness,kurtosis,label
LG11_6502760_6503001,21.656307448131432,2.0017644023113315,4647.783839595303,0.046154012919496605,3.7248578438346294,47.11856226963864,298.00264985045453,298.62027258523443,0.5893252700621527,0.9968015152448407,2.0017644023113315,3.312094708465875,4647.737685582383,89174.06719887971,2.3152931932210343,1.1576465966105172,13.76054761709467,0.19786276788830495,0.2522068888779494,fourier
