nameseq,average,median,maximum,minimum,peak,none_levated_peak,sample_standard_deviation,population_standard_deviation,percentile15,percentile25,percentile50,percentile75,amplitude,variance,interquartile_range,semi_interquartile_range,coefficient_of_variation,skewness,kurtosis,label
LG11_8056874_8056990,34.32456794298739,4.016109531606529,3302.3538630081753,0.08872256089979956,1.1362124081147484,14.598038432108348,303.49790448334517,304.80327783863544,1.2177824312306498,1.7393084902634843,4.016109531606529,8.052803384076123,3302.2651404472754,92905.0381811764,6.3134948938126385,3.1567474469063193,8.842002177200039,0.29959144327183396,0.25284184394929926,fourier
