nameseq,average,median,maximum,minimum,peak,none_levated_peak,sample_standard_deviation,population_standard_deviation,percentile15,percentile25,percentile50,percentile75,amplitude,variance,interquartile_range,semi_interquartile_range,coefficient_of_variation,skewness,kurtosis,label
LG11_2319338_2319768,40.97423552761212,3.271546309039882,15743.773969215086,0.024631660024274395,3.5062683858946224,66.26485182230827,757.2685973011771,758.1486308314826,0.8267967896879009,1.123325067291475,3.271546309039882,6.56487249301774,15743.749337555062,574789.3464316517,5.441547425726265,2.7207737128631324,18.481579645112877,0.14936320885194707,0.2818063263764828,fourier
