nameseq,average,median,maximum,minimum,peak,none_levated_peak,sample_standard_deviation,population_standard_deviation,percentile15,percentile25,percentile50,percentile75,amplitude,variance,interquartile_range,semi_interquartile_range,coefficient_of_variation,skewness,kurtosis,label
LG11_14857750_14857894,29.51383948814021,3.999890285702909,3464.915971921997,0.003505769072243261,1.6376497999440405,19.39705457525193,286.33561022340473,287.32811098177785,0.9079847372931955,1.4719168656020911,3.999890285702909,8.599040973529931,3464.912466152925,82557.44336035685,7.127124107927839,3.5635620539639197,9.701740444121658,0.26731515352768187,0.2967652650798472,fourier
