nameseq,average,median,maximum,minimum,peak,none_levated_peak,sample_standard_deviation,population_standard_deviation,percentile15,percentile25,percentile50,percentile75,amplitude,variance,interquartile_range,semi_interquartile_range,coefficient_of_variation,skewness,kurtosis,label
LG11_4021664_4021907,20.855109007570356,1.1791479395778062,4540.049884126343,0.011218953009095764,3.899923673561693,53.04550031055213,289.9200388215031,290.5159696431704,0.21497888990768543,0.405217447159871,1.1791479395778062,3.0238911891191655,4540.038665173334,84399.5286177115,2.6186737419592947,1.3093368709796473,13.901631428359488,0.20360056325847734,0.218025278376103,fourier
