nameseq,average,median,maximum,minimum,peak,none_levated_peak,sample_standard_deviation,population_standard_deviation,percentile15,percentile25,percentile50,percentile75,amplitude,variance,interquartile_range,semi_interquartile_range,coefficient_of_variation,skewness,kurtosis,label
LG11_517324_521163,284.10061415781496,9.343884054896375,1037609.2320163046,0.008428474035270573,4.505446085691927,360.34432477566935,16741.94887399546,16744.129241117294,2.337516384606557,3.877331439732853,9.343884054896375,18.720521430199582,1037609.2235878306,280365864.04323924,14.84318999046673,7.421594995233365,58.92964689156033,0.049233825554745224,0.24412191331085395,fourier
