nameseq,average,median,maximum,minimum,peak,none_levated_peak,sample_standard_deviation,population_standard_deviation,percentile15,percentile25,percentile50,percentile75,amplitude,variance,interquartile_range,semi_interquartile_range,coefficient_of_variation,skewness,kurtosis,label
LG11_1898741_1899015,44.33585903756002,5.379964640074795,9835.679745824309,0.00946410256514444,2.0675513829338326,31.819205699351716,591.6104747556428,592.6890726880418,1.2141387295532304,2.0976857427353592,5.379964640074795,10.990601788814706,9835.670281721745,351280.336883811,8.892916046079346,4.446458023039673,13.343836966245496,0.19754160580190264,0.24436491794600215,fourier
