nameseq,average,median,maximum,minimum,peak,none_levated_peak,sample_standard_deviation,population_standard_deviation,percentile15,percentile25,percentile50,percentile75,amplitude,variance,interquartile_range,semi_interquartile_range,coefficient_of_variation,skewness,kurtosis,label
LG11_9666794_9667153,32.201789326924136,2.0555973641919674,10414.213774514288,0.032138535472084714,3.726500996007299,64.8746312271047,547.9570770388578,548.7197177378322,0.4877827229087533,0.8951782615432373,2.0555973641919674,4.427614239720749,10414.181635978815,301093.3286342862,3.532435978177512,1.766217989088756,17.016354944621266,0.1650468251581376,0.22955488358246603,fourier
