nameseq,average,median,maximum,minimum,peak,none_levated_peak,sample_standard_deviation,population_standard_deviation,percentile15,percentile25,percentile50,percentile75,amplitude,variance,interquartile_range,semi_interquartile_range,coefficient_of_variation,skewness,kurtosis,label
LG11_12198135_12198475,47.99160779927885,5.164779994303692,13806.93851599791,0.02055601979508109,2.368469652904079,41.54944374998171,746.2256848076527,747.3222698001172,0.950929727731283,2.048127315616199,5.164779994303692,9.52534589443541,13806.917959978115,558490.5749391991,7.477218578819212,3.738609289409606,15.549086997224249,0.17217376194715497,0.20458710775586003,fourier
