nameseq,average,median,maximum,minimum,peak,none_levated_peak,sample_standard_deviation,population_standard_deviation,percentile15,percentile25,percentile50,percentile75,amplitude,variance,interquartile_range,semi_interquartile_range,coefficient_of_variation,skewness,kurtosis,label
LG11_870548_871109,43.334187453931825,1.6967876585582182,22962.43754726492,0.002555587873216722,4.3229917148552905,113.2145670734791,967.649577535177,968.5116263275536,0.4202792066311506,0.73573963949583,1.6967876585582182,3.500470502773297,22962.434991677044,938014.7703316428,2.7647308632774674,1.3823654316387337,22.329934732568283,0.12908825910336316,0.28352620572901766,fourier
