nameseq,average,median,maximum,minimum,peak,none_levated_peak,sample_standard_deviation,population_standard_deviation,percentile15,percentile25,percentile50,percentile75,amplitude,variance,interquartile_range,semi_interquartile_range,coefficient_of_variation,skewness,kurtosis,label
LG11_5290045_5290272,48.34576866541135,4.400607012642782,9451.079132724442,0.0035452877601560543,1.5720093422441266,28.264124265578996,624.1285780273233,625.5017998811093,0.7731486342611981,1.618921709757246,4.400607012642782,9.888020300413958,9451.075587436682,391252.5016545073,8.269098590656712,4.134549295328356,12.909683623953876,0.2112312904738263,0.25641051464732034,fourier
