nameseq,average,median,maximum,minimum,peak,none_levated_peak,sample_standard_deviation,population_standard_deviation,percentile15,percentile25,percentile50,percentile75,amplitude,variance,interquartile_range,semi_interquartile_range,coefficient_of_variation,skewness,kurtosis,label
LG11_5879877_5880175,37.974184182591245,3.6103987830464273,9456.675900337244,0.006905375348525066,2.6245900685433954,40.02954471498563,545.6609459696205,546.5757176863683,0.8900543909712518,1.502860481067143,3.6103987830464273,8.142403919776811,9456.668994961896,298745.0151643686,6.6395434387096675,3.3197717193548337,14.36926053094174,0.18892932866112438,0.22845990174374248,fourier
