nameseq,average,median,maximum,minimum,peak,none_levated_peak,sample_standard_deviation,population_standard_deviation,percentile15,percentile25,percentile50,percentile75,amplitude,variance,interquartile_range,semi_interquartile_range,coefficient_of_variation,skewness,kurtosis,label
LG11_7897891_7898222,35.993219379397935,2.9930102743801146,10044.390815344632,0.004160619649763389,3.074653186761362,47.44672847140208,550.1911127985859,551.0215904226616,0.9398440401471728,1.5578589380257837,2.9930102743801146,6.331920822336833,10044.386654724982,303624.79311191937,4.774061884311049,2.3870309421555245,15.285965586993543,0.17993861589562904,0.22899127747814574,fourier
