nameseq,average,median,maximum,minimum,peak,none_levated_peak,sample_standard_deviation,population_standard_deviation,percentile15,percentile25,percentile50,percentile75,amplitude,variance,interquartile_range,semi_interquartile_range,coefficient_of_variation,skewness,kurtosis,label
LG11_15674860_15674998,28.106925254901583,2.7080515616734755,3334.530807940309,0.050505130304105805,1.6484668071351292,20.9842850140823,281.49574126350535,282.5138123669529,1.0381963244561754,1.2486404252559298,2.7080515616734755,5.840928259911738,3334.480302810005,79814.05417810986,4.592287834655808,2.296143917327904,10.01517379473641,0.27068480943147705,0.32869712060036876,fourier
