nameseq,average,median,maximum,minimum,peak,none_levated_peak,sample_standard_deviation,population_standard_deviation,percentile15,percentile25,percentile50,percentile75,amplitude,variance,interquartile_range,semi_interquartile_range,coefficient_of_variation,skewness,kurtosis,label
LG11_6502760_6502986,20.538999758572608,1.89093753176901,4117.50451218421,0.013467769686135533,3.6840482767465232,44.94850969729551,272.53524555706133,273.1375341271084,0.6147628124349359,0.9662244571734462,1.89093753176901,3.140103506096298,4117.491044414524,74604.11254903728,2.173879048922852,1.086939524461426,13.269158613398885,0.20527321728997297,0.24701373468780569,fourier
