nameseq,average,median,maximum,minimum,peak,none_levated_peak,sample_standard_deviation,population_standard_deviation,percentile15,percentile25,percentile50,percentile75,amplitude,variance,interquartile_range,semi_interquartile_range,coefficient_of_variation,skewness,kurtosis,label
LG12_1649648_1666748,1371.6620845780963,68.7069310728496,21710632.37264444,0.008859304694177004,4.155785449946788,622.1168108502974,166014.9095750689,166019.7637412247,16.06215097338353,29.42714387772196,68.7069310728496,137.43811807678347,21710632.363785136,27562561952.692066,108.01097419906151,54.005487099530754,121.03193012449033,0.023545267533626086,0.24182718695622019,fourier
