nameseq,average,median,maximum,minimum,peak,none_levated_peak,sample_standard_deviation,population_standard_deviation,percentile15,percentile25,percentile50,percentile75,amplitude,variance,interquartile_range,semi_interquartile_range,coefficient_of_variation,skewness,kurtosis,label
LG12_3118121_3118356,58.90659717733494,7.239607419186753,11068.108567943573,0.0972879782112033,1.3354474784860713,22.473017507612305,718.2542580221865,719.7808362757652,2.0444116380045743,3.1740167396452104,7.239607419186753,18.295847382598417,11068.011279965362,518084.45226983994,15.121830642953206,7.560915321476603,12.19310387018152,0.21580236739739125,0.2543800857342642,fourier
