nameseq,average,median,maximum,minimum,peak,none_levated_peak,sample_standard_deviation,population_standard_deviation,percentile15,percentile25,percentile50,percentile75,amplitude,variance,interquartile_range,semi_interquartile_range,coefficient_of_variation,skewness,kurtosis,label
LG12_4950211_4950366,19.814564410962305,1.5017372326108345,2751.938525403602,0.0054783897386707575,2.624332229641711,31.708759838541837,219.45922264286253,220.16601746027757,0.2811664515465293,0.6765957804282856,1.5017372326108345,3.2608438670630253,2751.9330470138634,48473.075244319254,2.58424808663474,1.29212404331737,11.075652136034233,0.25033571555322,0.28060424667886164,fourier
