nameseq,average,median,maximum,minimum,peak,none_levated_peak,sample_standard_deviation,population_standard_deviation,percentile15,percentile25,percentile50,percentile75,amplitude,variance,interquartile_range,semi_interquartile_range,coefficient_of_variation,skewness,kurtosis,label
LG12_13597785_13598939,111.3333948131345,11.173159394857988,109084.09597952076,0.004428560240471285,3.458081922734829,99.14360209133926,3207.911150189789,3209.300758723749,2.4733450272459163,4.417041687485173,11.173159394857988,21.914603470901284,109084.09155096053,10299611.35994483,17.49756178341611,8.748780891708055,28.813557294054032,0.09366864984307693,0.2225034316208104,fourier
