nameseq,average,median,maximum,minimum,peak,none_levated_peak,sample_standard_deviation,population_standard_deviation,percentile15,percentile25,percentile50,percentile75,amplitude,variance,interquartile_range,semi_interquartile_range,coefficient_of_variation,skewness,kurtosis,label
LG12_4445769_4445866,19.18310775382671,1.3481244943438195,1724.4605590288045,0.00024434655187431095,1.7028870965993614,21.281066191137143,173.1498429833246,174.0400794065615,0.2110911026431506,0.3600422482694019,1.3481244943438195,2.5254772862654367,1724.4603146822526,30289.949239842226,2.1654350379960348,1.0827175189980174,9.026162246770681,0.30900951948077443,0.2841699448574376,fourier
