nameseq,average,median,maximum,minimum,peak,none_levated_peak,sample_standard_deviation,population_standard_deviation,percentile15,percentile25,percentile50,percentile75,amplitude,variance,interquartile_range,semi_interquartile_range,coefficient_of_variation,skewness,kurtosis,label
LG12_11537377_11537546,19.765506615962646,2.5543446373507273,2770.8610900716726,0.00045343043207414735,2.8669473425438334,29.408578586727533,211.6527248455197,212.27799275086255,0.41523373974671685,0.724312067240549,2.5543446373507273,5.114060824944767,2770.8606366412405,45061.94620633525,4.3897487577042185,2.1948743788521092,10.708186183023951,0.2439537973041538,0.2831419233828552,fourier
