nameseq,average,median,maximum,minimum,peak,none_levated_peak,sample_standard_deviation,population_standard_deviation,percentile15,percentile25,percentile50,percentile75,amplitude,variance,interquartile_range,semi_interquartile_range,coefficient_of_variation,skewness,kurtosis,label
LG12_9382435_9382924,42.571969281731135,2.3689577039009824,19134.923194074112,0.011149508567403568,3.836640307908528,84.85096840798751,863.3950278213491,864.2773939461777,0.4816282159697565,0.9277288188842113,2.3689577039009824,4.505841589881644,19134.912044565546,746975.4136863963,3.578112770997433,1.7890563854987165,20.280833665635875,0.1396916021601719,0.22218679511796,fourier
