nameseq,average,median,maximum,minimum,peak,none_levated_peak,sample_standard_deviation,population_standard_deviation,percentile15,percentile25,percentile50,percentile75,amplitude,variance,interquartile_range,semi_interquartile_range,coefficient_of_variation,skewness,kurtosis,label
LG12_10875296_10878440,235.84535447968742,9.841453216738653,695348.3086234949,0.00016037269477556752,4.445003106574324,288.6840019783803,12396.931480502526,12398.902845940846,2.1886076160188948,4.006346788629288,9.841453216738653,19.774811993764278,695348.3084631222,153732791.78307998,15.76846520513499,7.884232602567495,52.56381457185002,0.05469189733404594,0.23541541246758166,fourier
