nameseq,average,median,maximum,minimum,peak,none_levated_peak,sample_standard_deviation,population_standard_deviation,percentile15,percentile25,percentile50,percentile75,amplitude,variance,interquartile_range,semi_interquartile_range,coefficient_of_variation,skewness,kurtosis,label
LG12_17147217_17147402,40.757272227125966,4.078489742858727,6214.299198778224,0.09207200858801173,1.5212009197891305,22.965178579124185,454.00866124707306,455.2340579730854,0.8959829387045453,1.388350255710373,4.078489742858727,8.625998493562133,6214.2071267696365,207238.04753864248,7.23764823785176,3.61882411892588,11.139328920665795,0.24236618559336154,0.21725257850695762,fourier
