nameseq,average,median,maximum,minimum,peak,none_levated_peak,sample_standard_deviation,population_standard_deviation,percentile15,percentile25,percentile50,percentile75,amplitude,variance,interquartile_range,semi_interquartile_range,coefficient_of_variation,skewness,kurtosis,label
LG12_13496939_13497190,20.386480120549216,1.2821983289275796,4700.003265826604,0.010660426278700725,4.1203777946605635,57.38391324125879,295.37855321135737,295.96637180910466,0.40163118381378693,0.589227852920553,1.2821983289275796,2.7456969800792184,4699.992605400325,87596.09324184517,2.1564691271586653,1.0782345635793327,14.488943234179056,0.19403184405827478,0.3263123163171111,fourier
