nameseq,average,median,maximum,minimum,peak,none_levated_peak,sample_standard_deviation,population_standard_deviation,percentile15,percentile25,percentile50,percentile75,amplitude,variance,interquartile_range,semi_interquartile_range,coefficient_of_variation,skewness,kurtosis,label
LG12_7170935_7177077,518.951416190796,30.172148639341053,2922747.380900964,0.026285711618090252,3.9457772014516066,335.61296491374446,37287.18352240117,37290.218825717064,7.27358597695312,13.127704557262593,30.172148639341053,58.76807054078455,2922747.3546152525,1390560420.069863,45.64036598352196,22.82018299176098,71.85101024696363,0.0393255178893688,0.2391588813135094,fourier
