nameseq,average,median,maximum,minimum,peak,none_levated_peak,sample_standard_deviation,population_standard_deviation,percentile15,percentile25,percentile50,percentile75,amplitude,variance,interquartile_range,semi_interquartile_range,coefficient_of_variation,skewness,kurtosis,label
LG12_7087031_7087205,29.578705954107303,4.220224938305561,3959.9399254825594,0.09920905711557564,1.9721394649191257,22.039303240942473,298.04847960870217,298.9037137327821,0.755039846333768,1.8360541389123044,4.220224938305561,10.63628113468185,3959.8407164254436,89343.43008324892,8.800226995769545,4.400113497884773,10.076454327350826,0.25524519751713587,0.25495234336951383,fourier
