nameseq,average,median,maximum,minimum,peak,none_levated_peak,sample_standard_deviation,population_standard_deviation,percentile15,percentile25,percentile50,percentile75,amplitude,variance,interquartile_range,semi_interquartile_range,coefficient_of_variation,skewness,kurtosis,label
LG12_15846084_15846642,64.04966577966138,4.5893600659238265,31185.5478783758,0.0122926522440181,2.9092007126835386,66.89556858485525,1317.5204229867468,1318.700468384953,1.214974754859097,2.461926353153903,4.5893600659238265,10.385298864852974,31185.535585723555,1738970.9253186942,7.923372511699071,3.9616862558495356,20.57029348941768,0.13539138675120713,0.2265260303416551,fourier
