nameseq,average,median,maximum,minimum,peak,none_levated_peak,sample_standard_deviation,population_standard_deviation,percentile15,percentile25,percentile50,percentile75,amplitude,variance,interquartile_range,semi_interquartile_range,coefficient_of_variation,skewness,kurtosis,label
LG12_17342470_17342754,64.95269180458246,6.192620481937402,14699.071037942264,0.026425737330992193,1.4626029708794561,27.15906400523808,868.6330866116267,870.1610263793293,1.7902149297805936,3.2294457801693905,6.192620481937402,16.34653456696044,14699.044612204932,757180.2118295279,13.117088786791049,6.5585443933955245,13.373319295603759,0.20293978744877303,0.2684307007912305,fourier
