nameseq,average,median,maximum,minimum,peak,none_levated_peak,sample_standard_deviation,population_standard_deviation,percentile15,percentile25,percentile50,percentile75,amplitude,variance,interquartile_range,semi_interquartile_range,coefficient_of_variation,skewness,kurtosis,label
LG12_5478712_5479157,34.98727005764212,1.600196153154342,14398.34622714402,0.0023875366331440272,4.249164522460192,88.63016884708756,680.8967183306631,681.6613415006478,0.3328289066135231,0.636014363712338,1.600196153154342,3.282228024940881,14398.343839607387,464662.1844964628,2.646213661228543,1.3231068306142715,19.461270262266083,0.1471019304646173,0.2050885752399237,fourier
