nameseq,average,median,maximum,minimum,peak,none_levated_peak,sample_standard_deviation,population_standard_deviation,percentile15,percentile25,percentile50,percentile75,amplitude,variance,interquartile_range,semi_interquartile_range,coefficient_of_variation,skewness,kurtosis,label
LG12_12526726_12526958,49.30008920157875,5.598937263342698,9001.238328790445,0.18844668250688382,1.5753859257556786,24.895385039975448,588.0302503166059,589.2961941937477,1.3878108916733511,2.177142376107768,5.598937263342698,14.56081883512042,9001.049882107938,347270.00449123525,12.383676459012651,6.191838229506326,11.927569703013342,0.22295359081292115,0.2602087614608451,fourier
