nameseq,average,median,maximum,minimum,peak,none_levated_peak,sample_standard_deviation,population_standard_deviation,percentile15,percentile25,percentile50,percentile75,amplitude,variance,interquartile_range,semi_interquartile_range,coefficient_of_variation,skewness,kurtosis,label
LG12_15373904_15374151,42.90779736414377,4.218313717560861,9153.125160671585,0.020774420435583606,1.9266117522906854,32.15415885691745,579.7039622318634,580.8762666895084,1.2854944209769197,1.9184263989192836,4.218313717560861,7.159261003775658,9153.104386251149,337417.2372031408,5.240834604856374,2.620417302428187,13.510457255871575,0.200220213249681,0.21739600330682118,fourier
