nameseq,average,median,maximum,minimum,peak,none_levated_peak,sample_standard_deviation,population_standard_deviation,percentile15,percentile25,percentile50,percentile75,amplitude,variance,interquartile_range,semi_interquartile_range,coefficient_of_variation,skewness,kurtosis,label
LG12_15907569_15907990,83.44715357542242,9.248002838750352,28078.616706559154,0.03468093725912404,1.685697601890366,35.86685420003226,1364.545804226862,1366.1654437337427,1.8807578601253472,3.523197787602099,9.248002838750352,22.922749682997207,28078.582025621894,1866408.0196522144,19.399551895395106,9.699775947697553,16.352215093754378,0.16312933689766296,0.25330530312572747,fourier
