nameseq,average,median,maximum,minimum,peak,none_levated_peak,sample_standard_deviation,population_standard_deviation,percentile15,percentile25,percentile50,percentile75,amplitude,variance,interquartile_range,semi_interquartile_range,coefficient_of_variation,skewness,kurtosis,label
LG12_14255854_14256410,50.24894821050169,2.744847103482623,25893.38605001905,0.02274518567896676,3.694936377352145,92.2010420295068,1096.0021952820343,1096.9873659935572,0.6697245319591971,1.340689713992568,2.744847103482623,4.95946241540339,25893.363304833372,1203381.2811494826,3.618772701410822,1.809386350705411,21.81144549913141,0.13002921338527473,0.23887156740290413,fourier
