nameseq,average,median,maximum,minimum,peak,none_levated_peak,sample_standard_deviation,population_standard_deviation,percentile15,percentile25,percentile50,percentile75,amplitude,variance,interquartile_range,semi_interquartile_range,coefficient_of_variation,skewness,kurtosis,label
LG12_2932861_2933081,33.734809183793246,4.541038937976425,6156.550243347128,0.01742381942293342,2.183698928466367,29.71135402839125,412.84587059640387,413.78309284816817,0.8405092598309727,1.4367802674499548,4.541038937976425,7.823691934673467,6156.532819527705,171216.44792699578,6.386911667223512,3.193455833611756,12.237978532712193,0.21214045476809318,0.2313084970026744,fourier
