nameseq,average,median,maximum,minimum,peak,none_levated_peak,sample_standard_deviation,population_standard_deviation,percentile15,percentile25,percentile50,percentile75,amplitude,variance,interquartile_range,semi_interquartile_range,coefficient_of_variation,skewness,kurtosis,label
LG12_13436528_13436590,11.355301770899201,1.1129835299497117,641.5376005848555,0.031010006040176136,1.8493563996526934,15.244501958631082,80.0384365517776,80.6813258879304,0.15889288323616396,0.34470522167697604,1.1129835299497117,1.7601406649577866,641.5065905788152,6509.476347034429,1.4154354432808107,0.7077177216404054,7.04855213596314,0.383902485438617,0.2684036376360056,fourier
