nameseq,average,median,maximum,minimum,peak,none_levated_peak,sample_standard_deviation,population_standard_deviation,percentile15,percentile25,percentile50,percentile75,amplitude,variance,interquartile_range,semi_interquartile_range,coefficient_of_variation,skewness,kurtosis,label
LG12_2796749_2797435,71.66764511824367,6.967492689446563,41766.85291050085,0.017157691656155494,3.195305212305712,72.37883362298139,1591.9855754432378,1593.1454922276782,1.541035140370007,2.7979585177471304,6.967492689446563,14.746990622650511,41766.835752809195,2538112.559405371,11.949032104903381,5.9745160524516905,22.213448939429195,0.12192350249929257,0.23692913342232416,fourier
