nameseq,average,median,maximum,minimum,peak,none_levated_peak,sample_standard_deviation,population_standard_deviation,percentile15,percentile25,percentile50,percentile75,amplitude,variance,interquartile_range,semi_interquartile_range,coefficient_of_variation,skewness,kurtosis,label
LG12_2728371_2728435,8.38449183293582,0.8820723907220791,479.0974466287755,0.006292597597853172,2.5841359379176723,17.449671840781775,58.8444058893851,59.30234591571497,0.16541677781701025,0.24468529097604613,0.8820723907220791,1.6932470567370492,479.09115403117767,3516.768231107116,1.448561765761003,0.7242808828805015,7.018243569423431,0.3824876466413826,0.3811811567786107,fourier
