nameseq,average,median,maximum,minimum,peak,none_levated_peak,sample_standard_deviation,population_standard_deviation,percentile15,percentile25,percentile50,percentile75,amplitude,variance,interquartile_range,semi_interquartile_range,coefficient_of_variation,skewness,kurtosis,label
LG12_6685631_6686133,51.03149382607911,3.450718138897385,22831.17052441932,0.016908581425238385,3.2855527850721544,71.36517206615865,1016.7510733835609,1017.7632698247492,0.7084203200041695,1.279488030152655,3.450718138897385,7.607845747738773,22831.153615837895,1035842.0734043652,6.328357717586118,3.164178858793059,19.923991973442114,0.14039063326141854,0.23907100839361048,fourier
