nameseq,average,median,maximum,minimum,peak,none_levated_peak,sample_standard_deviation,population_standard_deviation,percentile15,percentile25,percentile50,percentile75,amplitude,variance,interquartile_range,semi_interquartile_range,coefficient_of_variation,skewness,kurtosis,label
LG12_2842882_2843081,25.501181467899258,2.4762859818904692,4403.083878896076,0.048220177010271134,2.6142579609727608,33.588932829136105,310.3466984232949,311.1254868458463,0.8344860588205889,1.2639518731837596,2.4762859818904692,3.857484985992962,4403.035658719066,96799.06856506488,2.5935331128092023,1.2967665564046011,12.16989490522067,0.22257264797388787,0.18456846606093422,fourier
