nameseq,average,median,maximum,minimum,peak,none_levated_peak,sample_standard_deviation,population_standard_deviation,percentile15,percentile25,percentile50,percentile75,amplitude,variance,interquartile_range,semi_interquartile_range,coefficient_of_variation,skewness,kurtosis,label
LG12_15907014_15907231,24.00267069413154,1.78939401637371,4580.5274383999995,0.030160020191227432,3.0274408874189604,40.454767767141085,309.33665707648095,310.04859508853343,0.33545300234722114,0.7364345331640242,1.78939401637371,3.84323273118153,4580.497278379808,96130.13131637334,3.106798198017506,1.553399099008753,12.88759326069958,0.21542817027597652,0.22672750724481708,fourier
