nameseq,average,median,maximum,minimum,peak,none_levated_peak,sample_standard_deviation,population_standard_deviation,percentile15,percentile25,percentile50,percentile75,amplitude,variance,interquartile_range,semi_interquartile_range,coefficient_of_variation,skewness,kurtosis,label
LG12_7173822_7174729,66.74767981810719,2.2793723545114677,57209.43598391532,6.726288447121047e-05,4.534489700487834,157.74453861223165,1897.3996719974207,1898.4453594132551,0.5283930290007113,0.9266928228046457,2.2793723545114677,4.755702748158575,57209.43591665244,3604094.782677724,3.8290099253539296,1.9145049626769648,28.426451333858914,0.10193156731559194,0.2558852192298089,fourier
