nameseq,average,median,maximum,minimum,peak,none_levated_peak,sample_standard_deviation,population_standard_deviation,percentile15,percentile25,percentile50,percentile75,amplitude,variance,interquartile_range,semi_interquartile_range,coefficient_of_variation,skewness,kurtosis,label
LG12_9416239_9416741,53.2099665110017,3.897919475835213,23224.49715196773,0.04059620545385164,3.1510387557188158,65.21260778414916,1034.2285337596509,1035.2581293692854,0.7806693667799461,1.8013206634539922,3.897919475835213,8.676219560416385,23224.456555762277,1071759.394425192,6.874898896962392,3.437449448481196,19.436744684772798,0.14304008860374282,0.19946156113728136,fourier
