nameseq,average,median,maximum,minimum,peak,none_levated_peak,sample_standard_deviation,population_standard_deviation,percentile15,percentile25,percentile50,percentile75,amplitude,variance,interquartile_range,semi_interquartile_range,coefficient_of_variation,skewness,kurtosis,label
LG12_5248723_5248794,8.292532533840076,1.282496778368252,481.9605762871901,0.07857565304476366,2.8941701346435558,16.893167792589615,56.234776909413306,56.629411764423295,0.24611554981772457,0.2959916452737844,1.282496778368252,2.3885789007615537,481.88200063414536,3206.8902767846034,2.092587255487769,1.0462936277438846,6.781375494148627,0.37396978208506376,0.35742138651411354,fourier
