nameseq,average,median,maximum,minimum,peak,none_levated_peak,sample_standard_deviation,population_standard_deviation,percentile15,percentile25,percentile50,percentile75,amplitude,variance,interquartile_range,semi_interquartile_range,coefficient_of_variation,skewness,kurtosis,label
LG12_13094508_13096769,188.97526215467255,9.757748461003958,394946.1860994708,0.007523310375937755,3.989940224995512,208.84890146950227,8301.957141089017,8303.792841971837,2.0285149783962027,3.929806183109209,9.757748461003958,20.247835143611322,394946.17857616046,68952975.56238273,16.31802896050211,8.159014480251056,43.93144926182998,0.06476214366609928,0.25383287228728185,fourier
