nameseq,average,median,maximum,minimum,peak,none_levated_peak,sample_standard_deviation,population_standard_deviation,percentile15,percentile25,percentile50,percentile75,amplitude,variance,interquartile_range,semi_interquartile_range,coefficient_of_variation,skewness,kurtosis,label
LG12_9608936_9609140,24.462410727203824,2.558256213738697,4222.419637789756,0.03234613548127211,2.793401439267886,33.81356451000605,293.9529495872406,294.67254172784374,0.5027924051870916,1.124968666672725,2.558256213738697,5.205004529132118,4222.387291654275,86831.90684834779,4.080035862459393,2.0400179312296967,12.016515987132266,0.22354755627615486,0.24187800945816443,fourier
