nameseq,average,median,maximum,minimum,peak,none_levated_peak,sample_standard_deviation,population_standard_deviation,percentile15,percentile25,percentile50,percentile75,amplitude,variance,interquartile_range,semi_interquartile_range,coefficient_of_variation,skewness,kurtosis,label
LG12_6732347_6736276,382.3614722193295,24.65004058895897,1357798.1821338793,0.0070451072800643,3.4260774036578665,232.61722202985578,21655.720818961097,21658.476525636237,5.632762774762839,10.016191396672887,24.65004058895897,51.03917407580073,1357798.175088772,469089605.41153586,41.02298267912784,20.51149133956392,56.636775387607514,0.049554309637733586,0.24859151103449822,fourier
