nameseq,average,median,maximum,minimum,peak,none_levated_peak,sample_standard_deviation,population_standard_deviation,percentile15,percentile25,percentile50,percentile75,amplitude,variance,interquartile_range,semi_interquartile_range,coefficient_of_variation,skewness,kurtosis,label
LG12_9216652_9216911,47.49946085120171,7.5766585201865535,9380.785548374688,0.07695296353441873,1.8245821134299054,25.96446767792307,580.0642250887229,581.1829613741222,1.5960265229150026,2.8661013194894447,7.5766585201865535,16.5887465144931,9380.708595411154,337773.63459159445,13.722645195003654,6.861322597501827,12.212017035432257,0.20647438992591977,0.28104605667030724,fourier
