nameseq,average,median,maximum,minimum,peak,none_levated_peak,sample_standard_deviation,population_standard_deviation,percentile15,percentile25,percentile50,percentile75,amplitude,variance,interquartile_range,semi_interquartile_range,coefficient_of_variation,skewness,kurtosis,label
LG12_10567542_10568101,49.63658677702019,3.2097351628034247,25365.078934652676,0.0681164658443977,3.760666854576835,87.04967744487931,1070.7375527115776,1071.69485067008,0.8064457291526526,1.2021197119968146,3.2097351628034247,5.957308093299981,25365.01081818683,1148529.852952765,4.755188381303167,2.3775941906515836,21.57153870232043,0.1300790791262815,0.2413655102436109,fourier
