nameseq,average,median,maximum,minimum,peak,none_levated_peak,sample_standard_deviation,population_standard_deviation,percentile15,percentile25,percentile50,percentile75,amplitude,variance,interquartile_range,semi_interquartile_range,coefficient_of_variation,skewness,kurtosis,label
LG12_11473068_11473436,49.86869271454159,5.107762100011139,15593.279720544077,0.10769870811702671,2.4664773288539306,44.18012863993667,810.2943361754895,811.3945326580103,1.4176595862604484,2.27334025064055,5.107762100011139,9.54325606390842,15593.172021835959,658361.0876273111,7.26991581326787,3.634957906633935,16.248557803866586,0.16572100513178098,0.19888479646865564,fourier
