nameseq,average,median,maximum,minimum,peak,none_levated_peak,sample_standard_deviation,population_standard_deviation,percentile15,percentile25,percentile50,percentile75,amplitude,variance,interquartile_range,semi_interquartile_range,coefficient_of_variation,skewness,kurtosis,label
LG12_3151122_3151196,16.084287422577447,1.6352911457515442,990.6480224969887,0.023492189571591368,1.5543119407893449,13.305035414574165,113.33356555487723,114.09676317172712,0.3146226961539864,1.0526155017493006,1.6352911457515442,4.260930451726739,990.6245303074171,13018.071366265187,3.208314949977438,1.604157474988719,7.0462285693671065,0.3824726471654919,0.2773070400468882,fourier
