nameseq,average,median,maximum,minimum,peak,none_levated_peak,sample_standard_deviation,population_standard_deviation,percentile15,percentile25,percentile50,percentile75,amplitude,variance,interquartile_range,semi_interquartile_range,coefficient_of_variation,skewness,kurtosis,label
LG12_5795413_5795621,23.243424354615133,1.951326381062774,4360.358294579892,0.0194539136368625,2.997263467025843,40.50701531315633,300.73160173465516,301.453647436015,0.5722064219919677,0.9704574466492322,1.951326381062774,3.2147415919699163,4360.338840666255,90874.30155247723,2.244284145320684,1.122142072660342,12.938351817121255,0.21240299839528376,0.22562174428902537,fourier
