nameseq,average,median,maximum,minimum,peak,none_levated_peak,sample_standard_deviation,population_standard_deviation,percentile15,percentile25,percentile50,percentile75,amplitude,variance,interquartile_range,semi_interquartile_range,coefficient_of_variation,skewness,kurtosis,label
LG12_14877756_14878076,32.93170685719426,2.495752651831007,9377.920711990208,0.03567093253009584,3.2491483197028637,53.1858602297249,522.4137752647196,523.2294100709258,0.7692151165122961,1.1649647543128667,2.495752651831007,5.545680946165961,9377.885041057678,273769.015563169,4.380716191853094,2.190358095926547,15.863549907392459,0.17478073308810027,0.27656347806430154,fourier
