nameseq,average,median,maximum,minimum,peak,none_levated_peak,sample_standard_deviation,population_standard_deviation,percentile15,percentile25,percentile50,percentile75,amplitude,variance,interquartile_range,semi_interquartile_range,coefficient_of_variation,skewness,kurtosis,label
LG12_6346442_6346724,76.869908307558,2.8269570739165903,17204.38653282248,0.0567644917541446,1.2271815514063555,32.119315380720046,1021.8550299293423,1023.6652262639781,0.7577084194140794,1.4301990312398007,2.8269570739165903,6.952282389903623,17204.329768330725,1047890.4954620814,5.522083358663822,2.761041679331911,13.293303614216377,0.21737804991407017,0.20466095938284587,fourier
