nameseq,average,median,maximum,minimum,peak,none_levated_peak,sample_standard_deviation,population_standard_deviation,percentile15,percentile25,percentile50,percentile75,amplitude,variance,interquartile_range,semi_interquartile_range,coefficient_of_variation,skewness,kurtosis,label
LG12_5296832_5296878,5.595460360642278,0.8460167749542975,208.9675183010628,0.07666906876271005,2.7998887771351058,12.289873325533984,29.99866702497586,30.322986364179727,0.19731712564970866,0.49084699229983986,0.8460167749542975,1.6887676519435562,208.8908492323001,919.4835020422297,1.1979206596437164,0.5989603298218582,5.361250923334652,0.4749654624720915,0.2428138996324606,fourier
