nameseq,average,median,maximum,minimum,peak,none_levated_peak,sample_standard_deviation,population_standard_deviation,percentile15,percentile25,percentile50,percentile75,amplitude,variance,interquartile_range,semi_interquartile_range,coefficient_of_variation,skewness,kurtosis,label
LG12_13004011_13004147,13.54518920500603,1.0335935367608675,1677.7991467480936,0.001310717627943933,3.3714306958362146,35.04951300165335,142.7135085952689,143.2372296528649,0.18953243742328174,0.36657401189510136,1.0335935367608675,2.1582842154116753,1677.7978360304655,20516.90395862756,1.791710203516574,0.895855101758287,10.536102998289964,0.26300794770019276,0.3107208044435354,fourier
