nameseq,average,median,maximum,minimum,peak,none_levated_peak,sample_standard_deviation,population_standard_deviation,percentile15,percentile25,percentile50,percentile75,amplitude,variance,interquartile_range,semi_interquartile_range,coefficient_of_variation,skewness,kurtosis,label
LG12_17796728_17797161,39.39389471750909,2.7523800962095004,15184.167095251301,0.05617592865102613,3.672311857054535,68.78402527222309,727.8374174824678,728.6773917002284,0.6455315985692401,1.3109561962153682,2.7523800962095004,5.969852721079585,15184.110919322651,530970.741175048,4.6588965248642165,2.3294482624321082,18.475893858724554,0.15102898150540145,0.24538879846023678,fourier
