nameseq,average,median,maximum,minimum,peak,none_levated_peak,sample_standard_deviation,population_standard_deviation,percentile15,percentile25,percentile50,percentile75,amplitude,variance,interquartile_range,semi_interquartile_range,coefficient_of_variation,skewness,kurtosis,label
LG12_19188734_19190358,139.79343488709648,8.759430273794008,204365.45064623465,0.005752266421767249,3.8747646991015077,154.94340644106362,5067.818315068835,5069.378363840609,2.013008416559608,3.638597660456266,8.759430273794008,16.914054130494886,204365.44489396823,25698596.995775297,13.27545647003862,6.63772823501931,36.25219109296395,0.0775682925867811,0.2326588109694918,fourier
