nameseq,average,median,maximum,minimum,peak,none_levated_peak,sample_standard_deviation,population_standard_deviation,percentile15,percentile25,percentile50,percentile75,amplitude,variance,interquartile_range,semi_interquartile_range,coefficient_of_variation,skewness,kurtosis,label
LG12_10235356_10235567,22.45886671745984,1.8364474095100336,4272.856411175108,0.014471614040404214,3.1464929889685576,42.19612676548931,292.6169196343762,293.3095050283747,0.4893795624740238,0.7908133513742525,1.8364474095100336,3.319631905023472,4272.841939561068,86030.46573999018,2.5288185536492196,1.2644092768246098,13.029015369101044,0.21142748000065184,0.2853275383101946,fourier
