nameseq,average,median,maximum,minimum,peak,none_levated_peak,sample_standard_deviation,population_standard_deviation,percentile15,percentile25,percentile50,percentile75,amplitude,variance,interquartile_range,semi_interquartile_range,coefficient_of_variation,skewness,kurtosis,label
LG12_10051461_10051988,56.862089612022736,4.394341298944368,26684.909019330134,0.004698187559557091,3.0952080938437256,69.20692103463111,1159.952858327281,1161.052861285073,1.1299839945652685,1.9498845214029088,4.394341298944368,8.15955479594768,26684.904321142574,1348043.746698255,6.20967027454477,3.104835137272385,20.39940611120321,0.13569796721413285,0.22627508462544574,fourier
