nameseq,average,median,maximum,minimum,peak,none_levated_peak,sample_standard_deviation,population_standard_deviation,percentile15,percentile25,percentile50,percentile75,amplitude,variance,interquartile_range,semi_interquartile_range,coefficient_of_variation,skewness,kurtosis,label
LG12_2576134_2576684,80.46303186502121,7.202891121436171,37646.29284298409,0.05889428686285993,2.2826217507534663,54.8403576773278,1601.881712380414,1603.337307149062,1.5869917171380425,2.9343087813119437,7.202891121436171,15.76611311911035,37646.23394869723,2570690.5204960057,12.831804337798406,6.415902168899203,19.908294222216377,0.13720140540474673,0.21039304948533993,fourier
