nameseq,average,median,maximum,minimum,peak,none_levated_peak,sample_standard_deviation,population_standard_deviation,percentile15,percentile25,percentile50,percentile75,amplitude,variance,interquartile_range,semi_interquartile_range,coefficient_of_variation,skewness,kurtosis,label
LG12_9258546_9259800,140.5721373847361,14.36469078063868,151296.26343574794,0.020387749435733283,2.9759335037240295,97.38930309361596,4268.547019417052,4270.248652739344,3.398113089901251,5.924986908876015,14.36469078063868,28.054165540221952,151296.2430479985,18235023.55622218,22.129178631345937,11.064589315672968,30.36552690192323,0.08870051989353511,0.24728499248713187,fourier
