nameseq,average,median,maximum,minimum,peak,none_levated_peak,sample_standard_deviation,population_standard_deviation,percentile15,percentile25,percentile50,percentile75,amplitude,variance,interquartile_range,semi_interquartile_range,coefficient_of_variation,skewness,kurtosis,label
LG12_16053676_16053940,25.20527955450222,2.5654734416955796,5755.124986833688,0.024599064117342903,3.504556779159192,45.594017727773135,352.669068462603,353.33637098639343,0.4190658754416034,0.989693744018489,2.5654734416955796,5.089007886598576,5755.100387769571,124846.59106183425,4.099314142580088,2.049657071290044,13.991872920909877,0.19258683114598718,0.272880268138118,fourier
