nameseq,average,median,maximum,minimum,peak,none_levated_peak,sample_standard_deviation,population_standard_deviation,percentile15,percentile25,percentile50,percentile75,amplitude,variance,interquartile_range,semi_interquartile_range,coefficient_of_variation,skewness,kurtosis,label
LG12_257133_257741,53.35552029171191,2.7060440710325517,29672.020810073565,0.0026146244035333828,3.8046672376191486,94.76001607294661,1201.206251549414,1202.1936797897674,0.660805999261943,1.0730429631531055,2.7060440710325517,6.4451771085338825,29672.018195449164,1445269.643726462,5.372134145380777,2.6860670726903884,22.513251580755476,0.1264965350172317,0.23221964299325484,fourier
