nameseq,average,median,maximum,minimum,peak,none_levated_peak,sample_standard_deviation,population_standard_deviation,percentile15,percentile25,percentile50,percentile75,amplitude,variance,interquartile_range,semi_interquartile_range,coefficient_of_variation,skewness,kurtosis,label
LG12_11067276_11067363,37.16316035575749,6.362587271940285,2583.0967975065323,0.059333041548223366,0.7893121320288594,9.710663626057237,273.0678115478896,274.6326828779562,0.8436349985632381,2.458498049311811,6.362587271940285,11.360753499253578,2583.037464464984,75423.11050474405,8.902255449941766,4.451127724970883,7.34780919959044,0.33838378360184923,0.2825113318159473,fourier
