nameseq,average,median,maximum,minimum,peak,none_levated_peak,sample_standard_deviation,population_standard_deviation,percentile15,percentile25,percentile50,percentile75,amplitude,variance,interquartile_range,semi_interquartile_range,coefficient_of_variation,skewness,kurtosis,label
LG12_698903_699077,28.133988872128377,3.914553525516699,3926.7274243237953,0.012035693331897643,2.0734114027862818,23.689079201929523,295.6077527047612,296.4559832939177,0.6765958745685273,1.998568292557277,3.914553525516699,7.8473301690525,3926.715388630463,87886.15003076363,5.848761876495224,2.924380938247612,10.507139746458499,0.24579296508641524,0.25799945268550745,fourier
