nameseq,average,median,maximum,minimum,peak,none_levated_peak,sample_standard_deviation,population_standard_deviation,percentile15,percentile25,percentile50,percentile75,amplitude,variance,interquartile_range,semi_interquartile_range,coefficient_of_variation,skewness,kurtosis,label
LG12_9347470_9354507,525.7003061030174,21.439312501661743,3474617.328413953,0.013147483416122508,4.462618668402055,450.41170738346494,41414.054163251305,41416.99665173868,4.995495241719767,8.765071360508914,21.439312501661743,42.96014275886549,3474617.3152664695,1715367611.650133,34.195071398356575,17.097535699178287,78.77882832188368,0.0365282513718841,0.25851171069057977,fourier
