nameseq,average,median,maximum,minimum,peak,none_levated_peak,sample_standard_deviation,population_standard_deviation,percentile15,percentile25,percentile50,percentile75,amplitude,variance,interquartile_range,semi_interquartile_range,coefficient_of_variation,skewness,kurtosis,label
LG12_16392941_16393037,14.886832729293149,2.1752881199568326,1164.0653571748037,0.09390792146466867,2.1719417367879954,17.494164480869976,117.32507707833173,117.93456209948498,0.48683606391863177,0.8641572802542871,2.1752881199568326,4.351256675166165,1163.971449253339,13908.560937597278,3.487099394911878,1.743549697455939,7.881130876648368,0.32503395503885735,0.30562624178552494,fourier
