nameseq,average,median,maximum,minimum,peak,none_levated_peak,sample_standard_deviation,population_standard_deviation,percentile15,percentile25,percentile50,percentile75,amplitude,variance,interquartile_range,semi_interquartile_range,coefficient_of_variation,skewness,kurtosis,label
LG12_9267343_9270397,262.7945499890708,14.216037621329827,738509.3286033142,0.000581123409001322,3.875016941468856,237.0881047279294,13358.8112403455,13360.998162066024,3.408493043145339,5.49646006793154,14.216037621329827,27.775860349920784,738509.3280221908,178516271.88673168,22.279400281989243,11.139700140994622,50.83366927092313,0.055823495345977796,0.2531639136194139,fourier
