nameseq,average,median,maximum,minimum,peak,none_levated_peak,sample_standard_deviation,population_standard_deviation,percentile15,percentile25,percentile50,percentile75,amplitude,variance,interquartile_range,semi_interquartile_range,coefficient_of_variation,skewness,kurtosis,label
LG12_10440575_10440686,19.131164194730534,1.788583818121766,1863.3225142692631,0.05486771534209488,1.9514407462780747,20.952857565739656,175.06728480355025,175.8541080255583,0.47642495780089966,0.8567978605087626,1.788583818121766,3.2079405607694236,1863.267646553921,30924.667309464727,2.351142700260661,1.1755713501303304,9.150895524265616,0.2971871140185252,0.2418166929421821,fourier
