nameseq,average,median,maximum,minimum,peak,none_levated_peak,sample_standard_deviation,population_standard_deviation,percentile15,percentile25,percentile50,percentile75,amplitude,variance,interquartile_range,semi_interquartile_range,coefficient_of_variation,skewness,kurtosis,label
LG12_18881203_18881352,23.72463222333882,2.267000073461093,3066.5277655110694,0.0036718154456216717,2.107514229485636,25.910655866918436,249.30162593736637,250.13680960320696,0.42625367338756726,0.8491412066958202,2.267000073461093,4.300149129941231,3066.524093695624,62568.423518471005,3.4510079232454114,1.7255039616227057,10.508134481938098,0.258212902573712,0.20943274533053038,fourier
