nameseq,average,median,maximum,minimum,peak,none_levated_peak,sample_standard_deviation,population_standard_deviation,percentile15,percentile25,percentile50,percentile75,amplitude,variance,interquartile_range,semi_interquartile_range,coefficient_of_variation,skewness,kurtosis,label
LG12_4136757_4136981,30.929443082147337,3.580135347476009,5538.770460136435,0.055730004838062494,2.424873923555722,30.055625129089538,368.0824503799224,368.90314805514896,0.9744260858472107,1.3759214460152345,3.580135347476009,8.635511587277472,5538.714730131597,136089.53264499916,7.259590141262238,3.629795070631119,11.900713808596892,0.22290637089414847,0.2618050908023299,fourier
