nameseq,average,median,maximum,minimum,peak,none_levated_peak,sample_standard_deviation,population_standard_deviation,percentile15,percentile25,percentile50,percentile75,amplitude,variance,interquartile_range,semi_interquartile_range,coefficient_of_variation,skewness,kurtosis,label
LG12_5908494_5908953,34.14323244003817,1.119761911892133,14969.815389646012,0.0052318651069578415,4.4908850854298885,109.34074324627485,697.13939997987,697.8983979183064,0.34614833141202567,0.5420087034894507,1.119761911892133,2.3332592572296713,14969.810157780905,487062.1738169387,1.7912505537402206,0.8956252768701103,20.418084351098734,0.14210990167432624,0.26885854645426044,fourier
