nameseq,average,median,maximum,minimum,peak,none_levated_peak,sample_standard_deviation,population_standard_deviation,percentile15,percentile25,percentile50,percentile75,amplitude,variance,interquartile_range,semi_interquartile_range,coefficient_of_variation,skewness,kurtosis,label
LG12_18965238_18965395,30.032745830364313,2.7909844450330317,3998.7773302041246,0.002919141956378314,1.7536414074206477,23.271725838618522,316.786546035844,317.793818994384,0.5832962059229027,1.2313710299614289,2.7909844450330317,6.772231543281623,3998.7744110621684,100992.91139103533,5.540860513320194,2.770430256660097,10.548038059029558,0.25798218131001915,0.2201550122846528,fourier
