nameseq,average,median,maximum,minimum,peak,none_levated_peak,sample_standard_deviation,population_standard_deviation,percentile15,percentile25,percentile50,percentile75,amplitude,variance,interquartile_range,semi_interquartile_range,coefficient_of_variation,skewness,kurtosis,label
LG12_13033009_13033743,78.5173391056992,5.923171912464405,50724.04499648108,0.029047498706464767,3.12032988879289,81.46636646793067,1869.3948903112353,1870.6678866387492,1.5924446229438445,2.7055569753802624,5.923171912464405,12.48681841690531,50724.01594898238,3499398.342101484,9.781261441525047,4.890630720762523,23.808688776305527,0.1164989284545684,0.23986101231532028,fourier
