nameseq,average,median,maximum,minimum,peak,none_levated_peak,sample_standard_deviation,population_standard_deviation,percentile15,percentile25,percentile50,percentile75,amplitude,variance,interquartile_range,semi_interquartile_range,coefficient_of_variation,skewness,kurtosis,label
LG12_10311665_10312404,65.52442696016901,5.41666094417884,41827.23010502327,0.005414052517973925,3.764499410526862,87.22551467052386,1536.320810671953,1537.3599185423052,1.368584943461078,2.1472544895186565,5.41666094417884,11.028736836593275,41827.224690970754,2363475.5191404033,8.881482347074618,4.440741173537309,23.446535619546154,0.11737346574710593,0.23834004475212764,fourier
