nameseq,average,median,maximum,minimum,peak,none_levated_peak,sample_standard_deviation,population_standard_deviation,percentile15,percentile25,percentile50,percentile75,amplitude,variance,interquartile_range,semi_interquartile_range,coefficient_of_variation,skewness,kurtosis,label
LG12_12785096_12785195,10.60910981614265,0.98414772047703,921.3994173404078,0.007477631636912624,3.141953840709036,25.420173743806068,91.55186953800688,92.01309094337485,0.14098697676629898,0.3204387363977621,0.98414772047703,1.6707780505723677,921.3919397087709,8466.40890495377,1.3503393141746056,0.6751696570873028,8.629552443570999,0.31539373726289366,0.1566629299740902,fourier
