nameseq,average,median,maximum,minimum,peak,none_levated_peak,sample_standard_deviation,population_standard_deviation,percentile15,percentile25,percentile50,percentile75,amplitude,variance,interquartile_range,semi_interquartile_range,coefficient_of_variation,skewness,kurtosis,label
LG12_8959480_8962077,224.44395396471506,11.543187739235039,538286.4977825785,0.009431969127750572,3.8584242734208125,220.94688094135896,10558.376673297505,10560.409280241603,2.506792288573134,4.7554289675260835,11.543187739235039,23.510412039014923,538286.4883506093,111522244.16621298,18.75498307148884,9.37749153574442,47.042375108742704,0.06049247137504953,0.2499907256221229,fourier
