nameseq,average,median,maximum,minimum,peak,none_levated_peak,sample_standard_deviation,population_standard_deviation,percentile15,percentile25,percentile50,percentile75,amplitude,variance,interquartile_range,semi_interquartile_range,coefficient_of_variation,skewness,kurtosis,label
LG12_13844644_13844850,22.4493032233375,1.2768914143470993,3938.251974466108,0.0027976753032365083,3.073592053773413,38.27851090160734,272.87825771826294,273.5397817380378,0.3455791720368566,0.7508851785115043,1.2768914143470993,3.2588173528206865,3938.249176790805,74824.01219329337,2.5079321743091825,1.2539660871545912,12.155310790875166,0.23276766701050428,0.12407039836013165,fourier
