nameseq,average,median,maximum,minimum,peak,none_levated_peak,sample_standard_deviation,population_standard_deviation,percentile15,percentile25,percentile50,percentile75,amplitude,variance,interquartile_range,semi_interquartile_range,coefficient_of_variation,skewness,kurtosis,label
LG12_2932145_2932264,31.6352883717964,5.377497793020237,2906.938046050647,0.07078444190126647,1.2644107911992652,14.368967271803799,263.7532480860403,264.8591365760957,0.8833469390466738,1.9592603100300683,5.377497793020237,8.518930341506188,2906.8672616087456,70150.36222783492,6.55967003147612,3.27983501573806,8.337311327346157,0.29866313422851737,0.20229217892016496,fourier
