nameseq,average,median,maximum,minimum,peak,none_levated_peak,sample_standard_deviation,population_standard_deviation,percentile15,percentile25,percentile50,percentile75,amplitude,variance,interquartile_range,semi_interquartile_range,coefficient_of_variation,skewness,kurtosis,label
LG12_15192953_15193580,48.21197304877332,2.151613266999813,28160.315247990588,0.03256393524267561,4.341936662114257,111.63455130646483,1122.6948874066966,1123.5898216958003,0.5044684344103603,0.8940222220760136,2.151613266999813,4.622621948765444,28160.282684055346,1262454.0874184002,3.72859972668943,1.864299863344715,23.286640566875988,0.12307981526886955,0.23782058083212423,fourier
