nameseq,average,median,maximum,minimum,peak,none_levated_peak,sample_standard_deviation,population_standard_deviation,percentile15,percentile25,percentile50,percentile75,amplitude,variance,interquartile_range,semi_interquartile_range,coefficient_of_variation,skewness,kurtosis,label
LG12_6889836_6897754,611.5752717166575,22.36949307865858,4580402.214569248,0.018435827663555834,4.316176256206812,495.3699557154575,51468.0878008756,51471.33776695725,5.110544528395179,9.1137956380746,22.36949307865858,46.02611659911628,4580402.196133421,2649298611.5202,36.91232096104168,18.45616048052084,84.15658739178181,0.034343948093675344,0.2546458368021309,fourier
