nameseq,average,median,maximum,minimum,peak,none_levated_peak,sample_standard_deviation,population_standard_deviation,percentile15,percentile25,percentile50,percentile75,amplitude,variance,interquartile_range,semi_interquartile_range,coefficient_of_variation,skewness,kurtosis,label
LG12_16698235_16698478,47.40328841595675,4.230116128764558,10138.06593890624,0.03404854181702688,1.7157740749891763,31.88802785173961,647.3422513673033,648.672863771073,0.8403658088670822,1.6903156160399226,4.230116128764558,7.921709698097487,10138.031890364424,420776.4841929651,6.231394082057564,3.115697041028782,13.65606212140753,0.20007888653646208,0.2438738916799991,fourier
