nameseq,average,median,maximum,minimum,peak,none_levated_peak,sample_standard_deviation,population_standard_deviation,percentile15,percentile25,percentile50,percentile75,amplitude,variance,interquartile_range,semi_interquartile_range,coefficient_of_variation,skewness,kurtosis,label
LG12_15325334_15328157,240.73313850779357,10.21431468978221,637146.1978885384,0.0020650397939107933,3.9102773268702196,255.35200360006445,11987.262959977106,11989.385914560295,2.308114803458658,4.113078690665603,10.21431468978221,19.978563203012317,637146.1958234985,143745374.6082568,15.865484512346715,7.932742256173357,49.79481858742529,0.057690940272436875,0.2370557157622916,fourier
