nameseq,average,median,maximum,minimum,peak,none_levated_peak,sample_standard_deviation,population_standard_deviation,percentile15,percentile25,percentile50,percentile75,amplitude,variance,interquartile_range,semi_interquartile_range,coefficient_of_variation,skewness,kurtosis,label
LG12_1188985_1189132,18.835311107199026,1.3446231734418377,2425.5502283205024,0.030832365275166175,2.6191939730943807,29.549256997124736,198.5225579969653,199.19666030349077,0.2403476604103389,0.6100736056320168,1.3446231734418377,3.3565991152597654,2425.519395955227,39679.3094760643,2.7465255096277486,1.3732627548138743,10.539913934370226,0.2643128535653549,0.2363613285427137,fourier
