nameseq,average,median,maximum,minimum,peak,none_levated_peak,sample_standard_deviation,population_standard_deviation,percentile15,percentile25,percentile50,percentile75,amplitude,variance,interquartile_range,semi_interquartile_range,coefficient_of_variation,skewness,kurtosis,label
LG12_14434487_14435239,64.90785592093648,4.597944183029713,43433.225807723255,0.011335501423296446,3.867020354296408,96.48180861399402,1581.5073469878625,1582.5585317812183,1.1405708215298562,1.930618513754819,4.597944183029713,9.525204001799484,43433.21447222183,2504491.5065135253,7.594585488044665,3.7972927440223323,24.36542271422859,0.11440334789358958,0.24332892035415368,fourier
