nameseq,average,median,maximum,minimum,peak,none_levated_peak,sample_standard_deviation,population_standard_deviation,percentile15,percentile25,percentile50,percentile75,amplitude,variance,interquartile_range,semi_interquartile_range,coefficient_of_variation,skewness,kurtosis,label
LG12_7322268_7322945,53.03418529804414,3.009555898586196,32853.62257998528,0.0014486034694654176,4.261402314939204,106.35315796374675,1260.6405324868508,1261.5712380639668,0.5195351133294165,1.1458186127456695,3.009555898586196,6.0030787423296355,32853.621131381806,1591561.9887102502,4.857260129583966,2.428630064791983,23.770338422325914,0.11904574248642065,0.2469110712047225,fourier
