nameseq,average,median,maximum,minimum,peak,none_levated_peak,sample_standard_deviation,population_standard_deviation,percentile15,percentile25,percentile50,percentile75,amplitude,variance,interquartile_range,semi_interquartile_range,coefficient_of_variation,skewness,kurtosis,label
LG12_11418859_11421029,180.7985883352556,9.039324260235999,361258.9930226593,0.02430516187752921,4.0026123728619405,201.38005059779064,7751.260483130749,7753.046282136849,2.2660808183591197,3.7069241528258545,9.039324260235999,20.045316170067895,361258.9687174974,60109726.652956024,16.33839201724204,8.16919600862102,42.8723506886987,0.0664766451013316,0.24843419560551602,fourier
