nameseq,average,median,maximum,minimum,peak,none_levated_peak,sample_standard_deviation,population_standard_deviation,percentile15,percentile25,percentile50,percentile75,amplitude,variance,interquartile_range,semi_interquartile_range,coefficient_of_variation,skewness,kurtosis,label
LG12_15718892_15722709,292.42092173392456,11.350507389793284,1052973.9650270196,0.007057481269735472,4.352173774435584,329.78118195811595,17038.689272651394,17040.92107425539,2.4797833928011097,4.476524585008054,11.350507389793284,22.344664895889665,1052973.9579695384,290392991.05900156,17.86814031088161,8.934070155440805,58.267681982601076,0.049488034527739325,0.24519227848753578,fourier
