nameseq,average,median,maximum,minimum,peak,none_levated_peak,sample_standard_deviation,population_standard_deviation,percentile15,percentile25,percentile50,percentile75,amplitude,variance,interquartile_range,semi_interquartile_range,coefficient_of_variation,skewness,kurtosis,label
LG12_11798935_11799162,28.838133841148004,2.915443554634968,5364.595455600628,0.01895606424614744,2.635399378428523,34.293594468343684,354.26264527290596,355.0421019803787,0.6356034339872803,0.874182181958782,2.915443554634968,6.044217177954803,5364.576499536382,126054.89417864561,5.170034995996021,2.5850174979980105,12.284520462535008,0.21952094553923554,0.2890158405378727,fourier
