nameseq,average,median,maximum,minimum,peak,none_levated_peak,sample_standard_deviation,population_standard_deviation,percentile15,percentile25,percentile50,percentile75,amplitude,variance,interquartile_range,semi_interquartile_range,coefficient_of_variation,skewness,kurtosis,label
LG12_16196964_16200799,315.95755272869127,15.507728002719755,1126794.0082531765,0.013851691097005906,4.04695711694109,288.36531360213667,18190.322932995066,18192.694398089952,3.293599045515357,6.237229035935789,15.507728002719755,30.84000289499491,1126793.9944014854,330974129.4622935,24.60277385905912,12.30138692952956,57.57204654833767,0.04955104301875667,0.24865391987530025,fourier
