nameseq,average,median,maximum,minimum,peak,none_levated_peak,sample_standard_deviation,population_standard_deviation,percentile15,percentile25,percentile50,percentile75,amplitude,variance,interquartile_range,semi_interquartile_range,coefficient_of_variation,skewness,kurtosis,label
LG12_3468675_3468925,25.34575812672457,1.705255248381013,5632.619083927239,0.028502095895625877,3.3010125894971174,46.80483491899419,354.64821163856294,355.3568001804731,0.5022390491558884,0.8269103110400104,1.705255248381013,4.137335757863122,5632.590581831344,126278.45543450466,3.3104254468231114,1.6552127234115557,13.992408901930688,0.1999770654625767,0.2319418940345914,fourier
