nameseq,average,median,maximum,minimum,peak,none_levated_peak,sample_standard_deviation,population_standard_deviation,percentile15,percentile25,percentile50,percentile75,amplitude,variance,interquartile_range,semi_interquartile_range,coefficient_of_variation,skewness,kurtosis,label
LG12_13780345_13780612,21.71429466270932,1.1311755214478891,5348.697473973296,0.0029651180990689593,4.114033392332491,63.21129593444689,326.01157082616487,326.62150881651877,0.18846904326147848,0.3937032782637564,1.1311755214478891,2.5593469656701746,5348.694508855197,106681.61002157927,2.165643687406418,1.082821843703209,15.013684574615052,0.18940848408325403,0.2579732578234756,fourier
