nameseq,average,median,maximum,minimum,peak,none_levated_peak,sample_standard_deviation,population_standard_deviation,percentile15,percentile25,percentile50,percentile75,amplitude,variance,interquartile_range,semi_interquartile_range,coefficient_of_variation,skewness,kurtosis,label
LG12_16510562_16510763,29.339554042815458,2.2205899297513456,5182.851640847991,5.3286894450329454e-05,2.29496785244497,33.33757262110269,363.52240579655347,364.4255684451796,0.43597267285812547,0.8024337099995027,2.2205899297513456,5.075264959123435,5182.8515875610965,132805.9949365923,4.272831249123932,2.136415624561966,12.39018170712691,0.22380158978350292,0.24822538376916384,fourier
