nameseq,average,median,maximum,minimum,peak,none_levated_peak,sample_standard_deviation,population_standard_deviation,percentile15,percentile25,percentile50,percentile75,amplitude,variance,interquartile_range,semi_interquartile_range,coefficient_of_variation,skewness,kurtosis,label
LG12_10159008_10159542,49.57477901873197,3.383723083218976,23984.61140429111,0.01593963996098193,3.5972592689913876,80.2591952886162,1035.781500790399,1036.750880039339,0.8609846901795013,1.3873082226812672,3.383723083218976,6.324394455369124,23984.59546465115,1074852.3872623441,4.937086232687856,2.468543116343928,20.893315538512557,0.13378610035108232,0.23331354026667012,fourier
