nameseq,average,median,maximum,minimum,peak,none_levated_peak,sample_standard_deviation,population_standard_deviation,percentile15,percentile25,percentile50,percentile75,amplitude,variance,interquartile_range,semi_interquartile_range,coefficient_of_variation,skewness,kurtosis,label
LG12_18902874_18903181,25.828860580856304,1.568139745769646,7148.131233376887,0.0018552572430444183,3.974881754666352,61.69156924488747,406.50578733335664,407.16731061447206,0.40282518394550443,0.7181114226609631,1.568139745769646,2.99422691460246,7148.129378119645,165785.21883302197,2.2761154919414968,1.1380577459707484,15.738432830236746,0.17904336118485487,0.19018820455033886,fourier
