nameseq,average,median,maximum,minimum,peak,none_levated_peak,sample_standard_deviation,population_standard_deviation,percentile15,percentile25,percentile50,percentile75,amplitude,variance,interquartile_range,semi_interquartile_range,coefficient_of_variation,skewness,kurtosis,label
LG12_15235830_15235936,17.983819396414866,1.367212574478615,1638.7159254601129,0.05465081869220633,1.9832642822123165,19.692420781278607,157.44459180312214,158.18551162162623,0.5459408188862114,0.8124972469905712,1.367212574478615,3.8175727735059475,1638.6612746414207,25022.656086995652,3.0050755265153763,1.5025377632576882,8.754791645344772,0.31661818227547545,0.21840642992195727,fourier
