nameseq,average,median,maximum,minimum,peak,none_levated_peak,sample_standard_deviation,population_standard_deviation,percentile15,percentile25,percentile50,percentile75,amplitude,variance,interquartile_range,semi_interquartile_range,coefficient_of_variation,skewness,kurtosis,label
LG12_12051827_12052166,73.17530053808967,8.529707178389478,19476.31016171864,0.028450767869621828,1.5487921812407226,30.15196273502829,1054.1118185757803,1055.665410897948,2.2078229916475136,3.3241372927844313,8.529707178389478,18.494020302039708,19476.28171095077,1114429.4597663337,15.169883009255276,7.584941504627638,14.40529537732595,0.18398122159481173,0.19470587668557313,fourier
