nameseq,average,median,maximum,minimum,peak,none_levated_peak,sample_standard_deviation,population_standard_deviation,percentile15,percentile25,percentile50,percentile75,amplitude,variance,interquartile_range,semi_interquartile_range,coefficient_of_variation,skewness,kurtosis,label
LG12_2725491_2725552,23.07250839903272,2.8068057266515414,1131.3994857974767,0.10528869725980784,0.8957269105396918,8.49857498785405,142.0009036809597,143.16011396535447,0.5793275482815624,1.0662275551553575,2.8068057266515414,7.203933407677007,1131.294197100217,20494.81823057328,6.137705852521649,3.0688529262608246,6.15454987490276,0.42814592330862444,0.2061318734810822,fourier
