nameseq,average,median,maximum,minimum,peak,none_levated_peak,sample_standard_deviation,population_standard_deviation,percentile15,percentile25,percentile50,percentile75,amplitude,variance,interquartile_range,semi_interquartile_range,coefficient_of_variation,skewness,kurtosis,label
LG12_1348501_1348675,20.596065911444736,1.924920182898794,3168.56919864621,0.0022682280187965543,2.8322561009536735,34.47500450471147,238.65983228129113,239.34465386763887,0.24940646735263144,0.6024519602397826,1.924920182898794,3.121306111790244,3168.5669304181915,57285.86333501986,2.518854151550461,1.2594270757752306,11.587641703393153,0.23469989335959487,0.19733032244829038,fourier
