nameseq,average,median,maximum,minimum,peak,none_levated_peak,sample_standard_deviation,population_standard_deviation,percentile15,percentile25,percentile50,percentile75,amplitude,variance,interquartile_range,semi_interquartile_range,coefficient_of_variation,skewness,kurtosis,label
LG12_4131565_4131847,31.2465770983765,3.0943703957383595,7550.707166145692,0.018540633845864535,3.0189973460560156,43.31193270565619,447.803597383477,448.5968727570652,0.6980756188005633,1.2829104751890805,3.0943703957383595,6.166905680720046,7550.688625511846,201239.15424741857,4.883995205530966,2.441997602765483,14.331284862774421,0.18860192415022053,0.22262939655671038,fourier
