nameseq,average,median,maximum,minimum,peak,none_levated_peak,sample_standard_deviation,population_standard_deviation,percentile15,percentile25,percentile50,percentile75,amplitude,variance,interquartile_range,semi_interquartile_range,coefficient_of_variation,skewness,kurtosis,label
LG12_8396004_8396087,12.603998825861433,1.3425996070921484,893.4169173639738,0.015149590906238498,2.221517185684624,17.813193934850112,96.7053891916079,97.28620756210628,0.24938499953135418,0.5255526128465027,1.3425996070921484,2.724312626768466,893.4017677730675,9464.606181817226,2.198760013921963,1.0993800069609816,7.6725958584813245,0.34935175731901863,0.211106111607341,fourier
