nameseq,average,median,maximum,minimum,peak,none_levated_peak,sample_standard_deviation,population_standard_deviation,percentile15,percentile25,percentile50,percentile75,amplitude,variance,interquartile_range,semi_interquartile_range,coefficient_of_variation,skewness,kurtosis,label
LG12_13725789_13726000,37.16637000722554,3.0321840815117365,6843.83010548361,0.01987412413771784,1.9013604678888016,30.71111849792508,468.6334108662409,469.74260392285305,0.7044119378611785,1.3246087472212835,3.0321840815117365,6.624393575690079,6843.810231359473,220658.11394022242,5.299784828468796,2.649892414234398,12.609071339900389,0.21851313927416394,0.2618727745375802,fourier
