nameseq,average,median,maximum,minimum,peak,none_levated_peak,sample_standard_deviation,population_standard_deviation,percentile15,percentile25,percentile50,percentile75,amplitude,variance,interquartile_range,semi_interquartile_range,coefficient_of_variation,skewness,kurtosis,label
LG12_2422069_2422428,43.637820075978,2.7258333593628508,14211.997328867777,0.017975126621754565,2.7499082170252196,57.966599026174364,747.8041754866102,748.8449612032049,0.4714211344728722,0.878009071964843,2.7258333593628508,5.2303886848445105,14211.979353741155,560768.7759194295,4.352379612879668,2.176189806439834,17.13660705746999,0.16412847664293775,0.26062070660010495,fourier
