nameseq,average,median,maximum,minimum,peak,none_levated_peak,sample_standard_deviation,population_standard_deviation,percentile15,percentile25,percentile50,percentile75,amplitude,variance,interquartile_range,semi_interquartile_range,coefficient_of_variation,skewness,kurtosis,label
LG12_12171529_12171628,10.066511120022037,0.960524346829079,874.3761710359265,0.10102793573799206,3.311309443351647,24.72987479783479,86.87287625483663,87.31052575644489,0.31900928940510365,0.5031525864130163,0.960524346829079,1.942870423012814,874.2751431001885,7623.127907866827,1.4397178365997978,0.7198589182998989,8.629889265412787,0.31445902906959355,0.269277942812808,fourier
