nameseq,average,median,maximum,minimum,peak,none_levated_peak,sample_standard_deviation,population_standard_deviation,percentile15,percentile25,percentile50,percentile75,amplitude,variance,interquartile_range,semi_interquartile_range,coefficient_of_variation,skewness,kurtosis,label
LG12_10834081_10834431,63.65607150914642,5.464142702446478,19589.873737630172,0.02895721127715577,1.838002208213381,40.45508595679353,1043.7468724660566,1045.2368758976786,1.4925456407893756,2.6362969820644557,5.464142702446478,10.89152372527138,19589.844780418895,1092520.1267363394,8.255226743206924,4.127613371603462,16.396658601781386,0.16725873966705193,0.22875189396854662,fourier
