nameseq,average,median,maximum,minimum,peak,none_levated_peak,sample_standard_deviation,population_standard_deviation,percentile15,percentile25,percentile50,percentile75,amplitude,variance,interquartile_range,semi_interquartile_range,coefficient_of_variation,skewness,kurtosis,label
LG12_5988387_5988635,26.26291044905042,2.2638743429259267,5642.7549899075675,0.00037248140492228497,3.160350417407794,42.26637292806127,356.665951235268,357.3843123885094,0.48675419177486934,0.975656944064515,2.2638743429259267,5.48436985220804,5642.754617426162,127723.54674140766,4.508712908143525,2.2543564540717624,13.580595034476229,0.2018614562702733,0.26856087931607187,fourier
