nameseq,average,median,maximum,minimum,peak,none_levated_peak,sample_standard_deviation,population_standard_deviation,percentile15,percentile25,percentile50,percentile75,amplitude,variance,interquartile_range,semi_interquartile_range,coefficient_of_variation,skewness,kurtosis,label
LG12_12051827_12052168,73.47637901858208,9.398190169842838,19693.50163364031,0.06621006836996143,1.551519025878637,30.05078613000076,1062.763373278456,1064.32053656527,2.3442361062786556,3.84251823970611,9.398190169842838,18.75333656999338,19693.43542357194,1132778.2045545843,14.91081833028727,7.455409165143635,14.46401397937267,0.18088181375051032,0.22404441578253495,fourier
