nameseq,average,median,maximum,minimum,peak,none_levated_peak,sample_standard_deviation,population_standard_deviation,percentile15,percentile25,percentile50,percentile75,amplitude,variance,interquartile_range,semi_interquartile_range,coefficient_of_variation,skewness,kurtosis,label
LG12_1915895_1916048,15.953389373956075,1.6756389223814714,1963.0951493705295,0.026059480966411055,3.217707042061862,29.10436311853669,157.50673558398034,158.02062515677625,0.4199027718865953,0.6846798559602278,1.6756389223814714,3.256769875641969,1963.069089889563,24970.517974938382,2.572090019681741,1.2860450098408704,9.87293244663797,0.27194552154174845,0.25755607789807483,fourier
