nameseq,average,median,maximum,minimum,peak,none_levated_peak,sample_standard_deviation,population_standard_deviation,percentile15,percentile25,percentile50,percentile75,amplitude,variance,interquartile_range,semi_interquartile_range,coefficient_of_variation,skewness,kurtosis,label
LG12_7948603_7949109,63.07729477605803,6.136935288530771,27044.06185184818,0.03815785580693652,2.679252504407443,55.777112820769666,1199.49827675631,1200.6829667011277,1.2519907901781997,2.409474062648666,6.136935288530771,13.13239975772268,27044.02369399237,1441639.5865262214,10.722925695074014,5.361462847537007,19.01632403569086,0.14241044090910837,0.23111650077043625,fourier
