nameseq,average,median,maximum,minimum,peak,none_levated_peak,sample_standard_deviation,population_standard_deviation,percentile15,percentile25,percentile50,percentile75,amplitude,variance,interquartile_range,semi_interquartile_range,coefficient_of_variation,skewness,kurtosis,label
LG12_6274435_6274940,71.19639454037444,9.9502859868036,27868.782726780977,0.02321119159914384,2.3690338219447087,44.36079924151183,1237.2877142328052,1238.512145719208,3.269898303316379,4.887935113213343,9.9502859868036,18.984407862008858,27868.75951558938,1533912.3350939967,14.096472748795515,7.048236374397757,17.378516457475346,0.14850088911990986,0.23636278101191652,fourier
