nameseq,average,median,maximum,minimum,peak,none_levated_peak,sample_standard_deviation,population_standard_deviation,percentile15,percentile25,percentile50,percentile75,amplitude,variance,interquartile_range,semi_interquartile_range,coefficient_of_variation,skewness,kurtosis,label
LG12_198725_198886,31.504514882306758,4.2884209712014085,4139.31083285429,0.00022904084568958012,1.714040041617239,21.21730884116938,323.79007289956206,324.7940755352,0.9885984578576923,1.5556681275633792,4.2884209712014085,7.602590609353658,4139.310603813445,105491.19150276523,6.046922481790279,3.0234612408951396,10.277576852370633,0.2521642526040102,0.1842354427906054,fourier
