nameseq,average,median,maximum,minimum,peak,none_levated_peak,sample_standard_deviation,population_standard_deviation,percentile15,percentile25,percentile50,percentile75,amplitude,variance,interquartile_range,semi_interquartile_range,coefficient_of_variation,skewness,kurtosis,label
LG12_16904979_16905108,18.029210825689862,2.5522667540704798,1900.1232384746083,0.05378703808342446,2.4035069395043944,21.74487530283423,165.7568610251492,166.39808918752274,0.9553760032275016,1.2419757100378068,2.5522667540704798,4.102009354601039,1900.069451436525,27688.324085258773,2.860033644563232,1.430016822281616,9.193794594101805,0.2801140895628658,0.2471816386059834,fourier
