nameseq,average,median,maximum,minimum,peak,none_levated_peak,sample_standard_deviation,population_standard_deviation,percentile15,percentile25,percentile50,percentile75,amplitude,variance,interquartile_range,semi_interquartile_range,coefficient_of_variation,skewness,kurtosis,label
LG12_11977814_11979246,99.68970543820863,2.5427372854856243,137433.44246189663,0.0015342314940594037,4.791534537763702,242.8660299628294,3629.1597405197563,3630.4266840879436,0.552310730601741,1.09936012300312,2.5427372854856243,4.844392255477174,137433.44092766513,13179997.90853778,3.7450321324740536,1.8725160662370268,36.40455877130908,0.08030533933356977,0.22818070265004897,fourier
