nameseq,average,median,maximum,minimum,peak,none_levated_peak,sample_standard_deviation,population_standard_deviation,percentile15,percentile25,percentile50,percentile75,amplitude,variance,interquartile_range,semi_interquartile_range,coefficient_of_variation,skewness,kurtosis,label
LG12_3151108_3151212,20.858154223205332,3.474715925890199,1746.7282661394315,0.021114497007786108,1.6780008252629293,15.527653549319773,169.27178469210116,170.0836444322534,0.9028485087669899,1.550845198132711,3.474715925890199,6.1296838442156085,1746.7071516424237,28928.446103357208,4.578838646082898,2.289419323041449,8.115376983059274,0.3080862825827991,0.2685092160782298,fourier
