nameseq,average,median,maximum,minimum,peak,none_levated_peak,sample_standard_deviation,population_standard_deviation,percentile15,percentile25,percentile50,percentile75,amplitude,variance,interquartile_range,semi_interquartile_range,coefficient_of_variation,skewness,kurtosis,label
LG12_8277838_8281956,395.105153938828,29.551597424211376,1450596.6648553414,0.0052706717330808315,3.4750242721778677,227.93604697511924,22598.933643858447,22601.677398332693,6.749152334422036,11.322547210052786,29.551597424211376,58.473556101593836,1450596.6595846696,510835821.2183029,47.15100889154105,23.575504445770527,57.19726361088501,0.048527098084642666,0.2678580627630654,fourier
