nameseq,average,median,maximum,minimum,peak,none_levated_peak,sample_standard_deviation,population_standard_deviation,percentile15,percentile25,percentile50,percentile75,amplitude,variance,interquartile_range,semi_interquartile_range,coefficient_of_variation,skewness,kurtosis,label
LG12_10432270_10434215,179.79859111584375,10.002720683275506,319479.917663711,0.007189433209621569,3.6077405425759563,173.0336528218049,7240.037059560296,7241.898012440163,2.3284814350042184,4.274828479764544,10.002720683275506,21.53540939503075,319479.9104742778,52445086.822584786,17.260580915266207,8.630290457633103,40.26748493760755,0.07035704473709435,0.25066902633853994,fourier
