nameseq,average,median,maximum,minimum,peak,none_levated_peak,sample_standard_deviation,population_standard_deviation,percentile15,percentile25,percentile50,percentile75,amplitude,variance,interquartile_range,semi_interquartile_range,coefficient_of_variation,skewness,kurtosis,label
LG12_3697492_3697680,32.8513412236965,3.7434910733472346,5058.73598627668,0.07476548354721049,1.9177299207058405,24.806084986754207,366.61062235578396,367.5843574635392,1.2440207375173689,1.6908209092288602,3.7434910733472346,8.068738352604845,5058.661220793133,135118.259851883,6.377917443375985,3.1889587216879924,11.159685075242482,0.23819154472371798,0.22814819758867727,fourier
