nameseq,average,median,maximum,minimum,peak,none_levated_peak,sample_standard_deviation,population_standard_deviation,percentile15,percentile25,percentile50,percentile75,amplitude,variance,interquartile_range,semi_interquartile_range,coefficient_of_variation,skewness,kurtosis,label
LG12_5605711_5606073,59.564256450646184,5.226052821922396,18780.49909202281,0.13106573411514588,2.0314196333544148,42.518420176988585,983.9870723315382,985.345233188216,1.1080036166590577,2.745017577268808,5.226052821922396,10.25775298048647,18780.368026288692,970905.2285667396,7.512735403217663,3.7563677016088315,16.51975750166295,0.1656674314835371,0.2201039182346492,fourier
