nameseq,average,median,maximum,minimum,peak,none_levated_peak,sample_standard_deviation,population_standard_deviation,percentile15,percentile25,percentile50,percentile75,amplitude,variance,interquartile_range,semi_interquartile_range,coefficient_of_variation,skewness,kurtosis,label
LG12_729524_729701,17.194332651898733,1.7931793125690674,2583.8441933404056,0.027779344007174456,3.450749414620711,34.2653439473294,192.95290566152818,193.49720266849582,0.6646807977359347,0.9387644580996171,1.7931793125690674,3.4683590247469027,2583.8164139963983,37441.16744053295,2.529594566647286,1.264797283323643,11.221889768441859,0.23945459571900735,0.2385137382283258,fourier
