nameseq,average,median,maximum,minimum,peak,none_levated_peak,sample_standard_deviation,population_standard_deviation,percentile15,percentile25,percentile50,percentile75,amplitude,variance,interquartile_range,semi_interquartile_range,coefficient_of_variation,skewness,kurtosis,label
LG12_15096283_15098385,221.28172869101948,16.432072195256623,413456.2654533493,0.013166923112037819,3.1679072833836255,149.6533838715412,9013.274615384038,9015.418336336073,3.703754301465255,6.874782817535001,16.432072195256623,34.66958722781026,413456.25228642614,81277767.7791447,27.794804410275262,13.897402205137631,40.73212311157181,0.06818265233352194,0.2616470554692644,fourier
