nameseq,average,median,maximum,minimum,peak,none_levated_peak,sample_standard_deviation,population_standard_deviation,percentile15,percentile25,percentile50,percentile75,amplitude,variance,interquartile_range,semi_interquartile_range,coefficient_of_variation,skewness,kurtosis,label
LG12_5908509_5908946,34.179876062231415,1.399397202626576,14048.436420729073,0.0021796840080883684,4.271519292058793,96.01214034040079,670.3979085491206,671.1645158991263,0.22020249471201575,0.5016451740987343,1.399397202626576,2.89028146884091,14048.434241045064,450461.8074021085,2.3886362947421755,1.1943181473710878,19.61381917618791,0.1466911446541438,0.2620345089742682,fourier
