nameseq,average,median,maximum,minimum,peak,none_levated_peak,sample_standard_deviation,population_standard_deviation,percentile15,percentile25,percentile50,percentile75,amplitude,variance,interquartile_range,semi_interquartile_range,coefficient_of_variation,skewness,kurtosis,label
LG12_8125975_8126145,19.390890703436963,1.4261796604107615,2918.8172998784403,0.015450395199021845,2.9395245876919396,34.48932262707324,222.39347854416192,223.04661791974598,0.5261804244442458,0.6701612325429243,1.4261796604107615,2.998743753613536,2918.8018494832413,49749.79376543715,2.328582521070612,1.164291260535306,11.468966637243925,0.24233684135830696,0.24829572573837902,fourier
