nameseq,average,median,maximum,minimum,peak,none_levated_peak,sample_standard_deviation,population_standard_deviation,percentile15,percentile25,percentile50,percentile75,amplitude,variance,interquartile_range,semi_interquartile_range,coefficient_of_variation,skewness,kurtosis,label
LG12_10759576_10760018,46.41177522057516,4.079520697234373,17916.231911124185,0.0006540856484615586,3.1816638334748166,60.75346262000291,850.0032799286809,850.9642788562076,0.720732804213149,1.4424692501515353,4.079520697234373,8.123367179424228,17916.231257038537,724140.2038892653,6.680897929272693,3.3404489646363467,18.314388447521814,0.149407380617023,0.22923163647759004,fourier
