nameseq,average,median,maximum,minimum,peak,none_levated_peak,sample_standard_deviation,population_standard_deviation,percentile15,percentile25,percentile50,percentile75,amplitude,variance,interquartile_range,semi_interquartile_range,coefficient_of_variation,skewness,kurtosis,label
LG12_15583276_15583497,29.383661042199254,2.208635818699881,5760.997037198647,0.002756587548397981,2.518406399179637,37.75600970935992,385.5665515167525,386.43788946758434,0.5105052744196239,0.8185682571408632,2.208635818699881,4.3865502578168885,5760.994280611099,149334.2424161609,3.5679820006760252,1.7839910003380126,13.121800954721818,0.21144229277615625,0.19255504068785523,fourier
