nameseq,average,median,maximum,minimum,peak,none_levated_peak,sample_standard_deviation,population_standard_deviation,percentile15,percentile25,percentile50,percentile75,amplitude,variance,interquartile_range,semi_interquartile_range,coefficient_of_variation,skewness,kurtosis,label
LG12_1678697_1678788,10.802195726411231,0.7056325418746153,891.6272238593092,0.06779143882132689,2.8389289958602637,24.306564282948816,92.34297354421261,92.84896622802745,0.2344266099102839,0.4152419221306455,0.7056325418746153,1.5845321897064297,891.5594324204878,8620.930529613383,1.1692902675757844,0.5846451337878922,8.548537342128991,0.32801293256067326,0.23112579115972332,fourier
