nameseq,average,median,maximum,minimum,peak,none_levated_peak,sample_standard_deviation,population_standard_deviation,percentile15,percentile25,percentile50,percentile75,amplitude,variance,interquartile_range,semi_interquartile_range,coefficient_of_variation,skewness,kurtosis,label
LG12_4165414_4165545,24.904882070978157,3.9737609343369216,2642.0846661050264,0.10846143882323296,1.7667218770440807,18.685154213668472,228.70617187316978,229.57743663535874,0.7766440131405501,1.4026448912659468,3.9737609343369216,7.14071505575054,2641.976204666203,52705.79941206216,5.7380701644845935,2.8690350822422968,9.183186301439378,0.2745591117879674,0.25218843275331,fourier
