nameseq,average,median,maximum,minimum,peak,none_levated_peak,sample_standard_deviation,population_standard_deviation,percentile15,percentile25,percentile50,percentile75,amplitude,variance,interquartile_range,semi_interquartile_range,coefficient_of_variation,skewness,kurtosis,label
LG12_14084294_14084549,30.659693163082174,3.213768004982356,6506.9019829116405,0.03553723454231122,2.7832415960406465,37.43244636621056,405.64718081544527,406.44178917894664,0.6566310699719671,1.5312473500326504,3.213768004982356,6.342036270426676,6506.866445677098,165194.92799098333,4.8107889203940255,2.4053944601970128,13.230634065962914,0.20297879380988515,0.20806746554544583,fourier
