nameseq,average,median,maximum,minimum,peak,none_levated_peak,sample_standard_deviation,population_standard_deviation,percentile15,percentile25,percentile50,percentile75,amplitude,variance,interquartile_range,semi_interquartile_range,coefficient_of_variation,skewness,kurtosis,label
LG12_2317421_2317571,20.599172583002325,2.0622492949014766,2614.8110875303046,0.043676908930489144,2.44346383965279,26.186816590179184,211.84135110613602,212.54631595347954,0.5566730730613846,0.8517517311940539,2.0622492949014766,4.580186452536429,2614.767410621374,45175.93642539635,3.728434721342375,1.8642173606711876,10.28397379810001,0.2625114009796918,0.22658320106095325,fourier
