nameseq,average,median,maximum,minimum,peak,none_levated_peak,sample_standard_deviation,population_standard_deviation,percentile15,percentile25,percentile50,percentile75,amplitude,variance,interquartile_range,semi_interquartile_range,coefficient_of_variation,skewness,kurtosis,label
LG12_4480060_4480214,23.828003387431902,2.4150486693186384,3149.5666389922085,0.025579724844706355,2.168317077456783,25.630122833874182,251.9021830573312,252.71872387966766,0.5158458551821608,0.9118265313134976,2.4150486693186384,4.692406515898401,3149.541059267364,63866.75339936771,3.7805799845849037,1.8902899922924519,10.571686555584309,0.25501511489370243,0.23696632413913757,fourier
