nameseq,average,median,maximum,minimum,peak,none_levated_peak,sample_standard_deviation,population_standard_deviation,percentile15,percentile25,percentile50,percentile75,amplitude,variance,interquartile_range,semi_interquartile_range,coefficient_of_variation,skewness,kurtosis,label
LG12_4381723_4382684,102.47842112224268,7.858572503190267,87280.77625023731,0.0009821786862060445,3.1291140432789786,97.77652934804762,2812.2521583710723,2813.714968435335,1.8862366934318064,3.1372264292519185,7.858572503190267,14.83040942655327,87280.77526805863,7916991.923597056,11.693182997301353,5.846591498650676,27.442383748442435,0.10093673322010212,0.25873098955036916,fourier
