nameseq,average,median,maximum,minimum,peak,none_levated_peak,sample_standard_deviation,population_standard_deviation,percentile15,percentile25,percentile50,percentile75,amplitude,variance,interquartile_range,semi_interquartile_range,coefficient_of_variation,skewness,kurtosis,label
LG12_8570625_8570783,15.481660792804904,1.4501488311754376,2044.7671794621954,0.09382585929263744,3.4234053251335754,31.52718587229356,161.48343707188073,161.99365457410067,0.5113902711817734,0.6420241373310327,1.4501488311754376,3.7214030944303995,2044.6733536029028,26241.944122273053,3.079378957099367,1.5396894785496835,10.430627516844323,0.2606740149217344,0.30113836555431617,fourier
