nameseq,average,median,maximum,minimum,peak,none_levated_peak,sample_standard_deviation,population_standard_deviation,percentile15,percentile25,percentile50,percentile75,amplitude,variance,interquartile_range,semi_interquartile_range,coefficient_of_variation,skewness,kurtosis,label
LG12_3531751_3531866,23.006779400529933,2.9140424745476725,2194.3914603677968,0.06864254733117904,1.6806640335663854,17.77697209110999,202.52510177361145,203.4037397462143,0.60246322090039,0.9089702705407638,2.9140424745476725,6.338733762411309,2194.3228178204654,41373.08134274568,5.429763491870545,2.7148817459352723,8.802844511515877,0.29763328224531665,0.2884520097748707,fourier
