nameseq,average,median,maximum,minimum,peak,none_levated_peak,sample_standard_deviation,population_standard_deviation,percentile15,percentile25,percentile50,percentile75,amplitude,variance,interquartile_range,semi_interquartile_range,coefficient_of_variation,skewness,kurtosis,label
LG12_5693718_5694276,66.74927492128684,6.325871729001489,31407.48359599176,0.017724821287630234,2.7915409351347162,60.63114564730196,1326.8906388379214,1328.0790767284961,1.432491572782317,2.5395151946548977,6.325871729001489,12.751902753485215,31407.46587117047,1763794.0340440148,10.212387558830317,5.106193779415158,19.878727377977345,0.13661277295287186,0.2389269256596529,fourier
