nameseq,average,median,maximum,minimum,peak,none_levated_peak,sample_standard_deviation,population_standard_deviation,percentile15,percentile25,percentile50,percentile75,amplitude,variance,interquartile_range,semi_interquartile_range,coefficient_of_variation,skewness,kurtosis,label
LG12_17221505_17221658,28.544910046079114,3.4401092599753187,3481.266573818239,0.06786712987366589,1.7983357891290468,20.922376363819534,279.22766484257306,280.1386873767315,0.6135292139899908,1.1357038740670842,3.4401092599753187,7.7885366641588325,3481.1987066883653,78477.68416515812,6.6528327900917485,3.3264163950458743,9.782047461064861,0.26972399887659126,0.23725193599551792,fourier
