nameseq,average,median,maximum,minimum,peak,none_levated_peak,sample_standard_deviation,population_standard_deviation,percentile15,percentile25,percentile50,percentile75,amplitude,variance,interquartile_range,semi_interquartile_range,coefficient_of_variation,skewness,kurtosis,label
LG12_2647406_2647738,34.70673600688579,2.841808253475685,10231.05117071819,0.027622521634972946,3.19822641858277,53.78171873023785,559.6102786505733,560.4524315403394,0.6545236271792654,0.9312656854177127,2.841808253475685,5.752704586332776,10231.023548196556,314106.92801947874,4.821438900915063,2.4107194504575316,16.12396736297954,0.170823851718279,0.27191568335079364,fourier
