nameseq,average,median,maximum,minimum,peak,none_levated_peak,sample_standard_deviation,population_standard_deviation,percentile15,percentile25,percentile50,percentile75,amplitude,variance,interquartile_range,semi_interquartile_range,coefficient_of_variation,skewness,kurtosis,label
LG12_9646744_9650277,314.1656639971231,21.17862172037187,997001.1548249474,0.002507993892227021,3.749614088988373,225.41581446374636,16768.26484782526,16770.637771469464,4.629032505890809,8.41385762570388,21.17862172037187,43.01494176487816,997001.1523169535,281254291.2618383,34.601084139174276,17.300542069587138,53.37395765814437,0.05241813239515056,0.25417243929097466,fourier
