nameseq,average,median,maximum,minimum,peak,none_levated_peak,sample_standard_deviation,population_standard_deviation,percentile15,percentile25,percentile50,percentile75,amplitude,variance,interquartile_range,semi_interquartile_range,coefficient_of_variation,skewness,kurtosis,label
LG12_10925793_10926077,27.222318824377073,1.7409628951252045,6987.553603730858,0.030098641520145193,3.4897835343449617,55.32742526627631,413.0315572450294,413.7580864912184,0.4129249138521029,0.741530435378698,1.7409628951252045,3.382444831716295,6987.523505089338,171195.7541368746,2.640914396337597,1.3204571981687985,15.172533975142757,0.18508045316838942,0.1986724200051431,fourier
