nameseq,average,median,maximum,minimum,peak,none_levated_peak,sample_standard_deviation,population_standard_deviation,percentile15,percentile25,percentile50,percentile75,amplitude,variance,interquartile_range,semi_interquartile_range,coefficient_of_variation,skewness,kurtosis,label
LG12_9419910_9420369,47.75780760815751,3.6156643667112287,18955.151691067695,0.006612919600278626,3.210644311635915,62.628803886280934,882.5788879491,883.5397797829002,0.8599330400707561,1.4056377816878178,3.6156643667112287,8.023476939971005,18955.145078148093,780642.5424588156,6.617839158283187,3.3089195791415933,18.48030577932867,0.1500448645809621,0.23669865558382872,fourier
