nameseq,average,median,maximum,minimum,peak,none_levated_peak,sample_standard_deviation,population_standard_deviation,percentile15,percentile25,percentile50,percentile75,amplitude,variance,interquartile_range,semi_interquartile_range,coefficient_of_variation,skewness,kurtosis,label
LG12_1874036_1878557,356.4381599591182,18.026245001895088,1487077.6766336034,0.0038152372078372873,4.228877552016926,309.66437353235636,22111.22654707097,22113.671802986333,4.106525154273108,7.3803851974040295,18.026245001895088,37.39706511005407,1487077.6728183662,489014480.61019284,30.01667991265004,15.00833995632502,62.03383652751161,0.04591494473227924,0.24002408428098446,fourier
