nameseq,average,median,maximum,minimum,peak,none_levated_peak,sample_standard_deviation,population_standard_deviation,percentile15,percentile25,percentile50,percentile75,amplitude,variance,interquartile_range,semi_interquartile_range,coefficient_of_variation,skewness,kurtosis,label
LG12_6720706_6721293,59.90943239012591,5.553661047105966,30310.266430689448,0.010242894875647652,3.271605024124784,69.01329651773865,1248.6027089464908,1249.6658021224266,1.3873787311126309,2.4330630377367126,5.553661047105966,11.25364929909297,30310.256187794574,1561664.616994288,8.820586261356258,4.410293130678129,20.841504570026302,0.13059984001368052,0.24097647047829926,fourier
