nameseq,average,median,maximum,minimum,peak,none_levated_peak,sample_standard_deviation,population_standard_deviation,percentile15,percentile25,percentile50,percentile75,amplitude,variance,interquartile_range,semi_interquartile_range,coefficient_of_variation,skewness,kurtosis,label
LG12_15258067_15258829,68.99257497531016,4.896325701160857,47236.10184911083,0.03375428579055664,3.6863870267829495,96.24590462001538,1708.7013092741058,1709.8221367539459,1.1629948694831573,2.2569860061690905,4.896325701160857,9.21484403096833,47236.068094825045,2923491.739333829,6.957858024799239,3.4789290123996195,24.7664521854067,0.112535026911249,0.23060235434323206,fourier
