nameseq,average,median,maximum,minimum,peak,none_levated_peak,sample_standard_deviation,population_standard_deviation,percentile15,percentile25,percentile50,percentile75,amplitude,variance,interquartile_range,semi_interquartile_range,coefficient_of_variation,skewness,kurtosis,label
LG13_13164330_13165806,140.0481059087069,10.024907435890016,184866.66532195808,0.016097811540486662,3.5154587071264674,134.1384207803944,4808.26771460531,4809.896255791585,2.1339588029067906,4.145276865930502,10.024907435890016,19.89685424708809,184866.64922414653,23135101.99147791,15.751577381157588,7.875788690578794,34.332972112737274,0.08112476645873903,0.23535337475314316,fourier
