nameseq,average,median,maximum,minimum,peak,none_levated_peak,sample_standard_deviation,population_standard_deviation,percentile15,percentile25,percentile50,percentile75,amplitude,variance,interquartile_range,semi_interquartile_range,coefficient_of_variation,skewness,kurtosis,label
LG13_15218093_15218173,14.016966984264885,1.8728871985538003,936.4206870967695,0.02595533538948637,1.9262369691181809,15.06969675963012,103.14705973192757,103.78972675791957,0.6552223776440964,0.8647999017194523,1.8728871985538003,3.6872903298218356,936.39473176138,10772.307380483606,2.822490428102383,1.4112452140511915,7.358728878202967,0.35320676567822923,0.2560162698279306,fourier
