nameseq,average,median,maximum,minimum,peak,none_levated_peak,sample_standard_deviation,population_standard_deviation,percentile15,percentile25,percentile50,percentile75,amplitude,variance,interquartile_range,semi_interquartile_range,coefficient_of_variation,skewness,kurtosis,label
LG13_2660477_2660605,19.46829744618947,2.163754593362018,2048.560929856024,0.1371832856798416,2.2087190787408266,21.74410668908579,179.3985155838315,180.09792765380556,0.5002240009614916,0.7327066282570647,2.163754593362018,4.8708279846011004,2048.423746570344,32435.26354519538,4.138121356344036,2.069060678172018,9.214905210878888,0.28937602069635593,0.2262255884308605,fourier
