nameseq,average,median,maximum,minimum,peak,none_levated_peak,sample_standard_deviation,population_standard_deviation,percentile15,percentile25,percentile50,percentile75,amplitude,variance,interquartile_range,semi_interquartile_range,coefficient_of_variation,skewness,kurtosis,label
LG13_5228524_5228686,22.13083867249564,2.444136679068119,3083.1119209897342,0.015455505999428343,2.4550959924017333,28.046182154753126,240.51447833874533,241.25566492883357,0.5720216305117409,1.3998663301820868,2.444136679068119,4.043429168330456,3083.096465483735,58204.29586025362,2.643562838148369,1.3217814190741846,10.867842918111297,0.24555738343993222,0.200758057279148,fourier
