nameseq,average,median,maximum,minimum,peak,none_levated_peak,sample_standard_deviation,population_standard_deviation,percentile15,percentile25,percentile50,percentile75,amplitude,variance,interquartile_range,semi_interquartile_range,coefficient_of_variation,skewness,kurtosis,label
LG13_12191648_12191937,50.10390480954396,3.384919981994201,12970.157233251632,0.08167485171883537,1.929324012452085,40.104844368787134,760.0261190922148,761.3399076598187,0.6189825066362501,1.2159220944750964,3.384919981994201,7.590816572054534,12970.075558399913,579638.4549954613,6.374894477579438,3.187447238789719,15.16899974126253,0.18441070768732867,0.26360568249640337,fourier
