nameseq,average,median,maximum,minimum,peak,none_levated_peak,sample_standard_deviation,population_standard_deviation,percentile15,percentile25,percentile50,percentile75,amplitude,variance,interquartile_range,semi_interquartile_range,coefficient_of_variation,skewness,kurtosis,label
LG13_6067556_6067826,50.06538011851177,4.618849761849495,10896.590014076413,0.10487539293244034,1.8043073500990439,31.221458074756907,660.4316782257991,661.6535695169575,1.125526750183071,1.7093852747003966,4.618849761849495,10.305947381494306,10896.485138683482,437785.4460545314,8.59656210679391,4.298281053396955,13.19138447890468,0.2064401141935727,0.2566243037932654,fourier
