nameseq,average,median,maximum,minimum,peak,none_levated_peak,sample_standard_deviation,population_standard_deviation,percentile15,percentile25,percentile50,percentile75,amplitude,variance,interquartile_range,semi_interquartile_range,coefficient_of_variation,skewness,kurtosis,label
LG13_10272810_10278515,417.64652568529334,13.641341243088922,2266681.224417938,0.0012367488430242398,4.55409032046684,448.2216784720539,30004.24616172525,30006.87569121294,3.3063340404698174,5.726454199680142,13.641341243088922,27.792228352863624,2266681.223181189,900412588.747906,22.065774153183483,11.032887076591742,71.84124448896809,0.040394801015621394,0.2507255551683393,fourier
