nameseq,average,median,maximum,minimum,peak,none_levated_peak,sample_standard_deviation,population_standard_deviation,percentile15,percentile25,percentile50,percentile75,amplitude,variance,interquartile_range,semi_interquartile_range,coefficient_of_variation,skewness,kurtosis,label
LG13_7959359_7959563,16.059012140917243,0.8855418699807514,3074.719327770891,0.01895616153654092,4.255139278413319,56.68754121547363,214.1513820691337,214.67562124296285,0.2566380465615842,0.3544614753913169,0.8855418699807514,1.578471419511308,3074.7003716093545,46085.62235605204,1.2240099441199912,0.6120049720599956,13.335277424910272,0.21256183533811746,0.30192619940341925,fourier
