nameseq,average,median,maximum,minimum,peak,none_levated_peak,sample_standard_deviation,population_standard_deviation,percentile15,percentile25,percentile50,percentile75,amplitude,variance,interquartile_range,semi_interquartile_range,coefficient_of_variation,skewness,kurtosis,label
LG13_8513277_8513410,36.31462952619004,5.613984590130064,3727.188533264146,0.006272153596767404,1.229990977450373,14.863935171558976,320.1545142627097,321.3558487434289,1.3485474761110052,2.89469059856583,5.613984590130064,10.75842342787194,3727.182261110549,103269.58152160955,7.863732829306109,3.9318664146530544,8.816130535816562,0.28767963812811864,0.19780772536621632,fourier
