nameseq,average,median,maximum,minimum,peak,none_levated_peak,sample_standard_deviation,population_standard_deviation,percentile15,percentile25,percentile50,percentile75,amplitude,variance,interquartile_range,semi_interquartile_range,coefficient_of_variation,skewness,kurtosis,label
LG13_12147679_12148008,37.425424784745395,3.9021171338488108,10402.49834330306,0.00835277826048045,2.939178396308704,45.273419290534655,571.4828864654979,572.3507425257833,0.7528125428565373,1.4725043328649297,3.9021171338488108,7.730356755626635,10402.489990524798,327585.3724698155,6.2578524227617045,3.1289262113808523,15.269910488723013,0.17598063797621952,0.244758884075653,fourier
