nameseq,average,median,maximum,minimum,peak,none_levated_peak,sample_standard_deviation,population_standard_deviation,percentile15,percentile25,percentile50,percentile75,amplitude,variance,interquartile_range,semi_interquartile_range,coefficient_of_variation,skewness,kurtosis,label
LG13_16884356_16884597,28.793886010348206,2.6031591010005166,6038.8518075718475,0.09141939626582815,2.801520664410353,39.73846471856221,387.17242804849934,387.9748588119932,0.6006656733706568,1.02238418811913,2.6031591010005166,5.003987804268705,6038.760388175581,150524.49107018608,3.9816036161495756,1.9908018080747878,13.446341626460347,0.2029384714301006,0.28000388598574744,fourier
