nameseq,average,median,maximum,minimum,peak,none_levated_peak,sample_standard_deviation,population_standard_deviation,percentile15,percentile25,percentile50,percentile75,amplitude,variance,interquartile_range,semi_interquartile_range,coefficient_of_variation,skewness,kurtosis,label
LG13_4568569_4568668,28.606643644931154,3.3792873976296223,2368.5004279251316,0.019677739547783804,1.165230487961831,13.832067545886526,235.22915991425933,236.41420096548697,0.7665521693148073,1.4352900918020841,3.3792873976296223,6.539558179230491,2368.480750185584,55891.67441814966,5.104268087428407,2.5521340437142035,8.222885663692317,0.32173761437353515,0.25969395725319744,fourier
