nameseq,average,median,maximum,minimum,peak,none_levated_peak,sample_standard_deviation,population_standard_deviation,percentile15,percentile25,percentile50,percentile75,amplitude,variance,interquartile_range,semi_interquartile_range,coefficient_of_variation,skewness,kurtosis,label
LG13_1321986_1322243,39.66205553460487,3.6453186072991604,8625.030231496423,0.05484733205702817,2.168319287561019,34.69718361901907,535.5990848153285,536.6400947087403,0.8083493611362901,1.2680709048270824,3.6453186072991604,8.963912459516559,8624.975384164365,287982.59124900575,7.695841554689476,3.847920777344738,13.50406774424543,0.20173710867928799,0.2845219951439928,fourier
