nameseq,average,median,maximum,minimum,peak,none_levated_peak,sample_standard_deviation,population_standard_deviation,percentile15,percentile25,percentile50,percentile75,amplitude,variance,interquartile_range,semi_interquartile_range,coefficient_of_variation,skewness,kurtosis,label
LG13_4156563_4156698,25.474755890859807,1.2603245493446982,3211.457205145067,0.047942251423086786,1.7795394596734357,27.96103603723301,274.21193934779456,275.22566531645464,0.30087192874485813,0.49089570399439725,1.2603245493446982,2.6498752783430177,3211.4092628936437,75749.1668488851,2.1589795743486206,1.0794897871743103,10.76406543491866,0.26491659771389015,0.22875468732245838,fourier
