nameseq,average,median,maximum,minimum,peak,none_levated_peak,sample_standard_deviation,population_standard_deviation,percentile15,percentile25,percentile50,percentile75,amplitude,variance,interquartile_range,semi_interquartile_range,coefficient_of_variation,skewness,kurtosis,label
LG13_15732438_15732678,29.00196882490086,1.6905359487106406,6238.928006121247,0.018810137060193948,2.7699268907688697,44.03907560259903,400.8693731743347,401.7036495672388,0.4204703405315526,0.630188290720384,1.6905359487106406,4.2342068400301045,6238.909195984186,161365.822075639,3.6040185493097203,1.8020092746548602,13.822143441177396,0.20439151532022407,0.24682704210509357,fourier
