nameseq,average,median,maximum,minimum,peak,none_levated_peak,sample_standard_deviation,population_standard_deviation,percentile15,percentile25,percentile50,percentile75,amplitude,variance,interquartile_range,semi_interquartile_range,coefficient_of_variation,skewness,kurtosis,label
LG13_8728891_8729104,40.909631425242,3.8859179255647525,7546.715757870998,0.15167838241891657,1.7436806651188588,28.90738643198505,514.3253672831664,515.5312900811217,0.6745113516058938,1.0372145819723406,3.8859179255647525,7.688864615127952,7546.5640794885785,265772.51105270564,6.651650033155612,3.325825016577806,12.5722317548385,0.21595501129128736,0.26709770514530223,fourier
