nameseq,average,median,maximum,minimum,peak,none_levated_peak,sample_standard_deviation,population_standard_deviation,percentile15,percentile25,percentile50,percentile75,amplitude,variance,interquartile_range,semi_interquartile_range,coefficient_of_variation,skewness,kurtosis,label
LG13_15193274_15193549,31.695067641869034,2.902848370431437,7422.265721324581,0.043760123793962984,2.902659840942205,42.302981214300836,445.72735678446566,446.53703475749427,0.6069962039550298,1.0560301701472654,2.902848370431437,5.550234143971879,7422.2219612007875,199395.32341001564,4.4942039738246145,2.2471019869123072,14.062988027691159,0.19378810050485812,0.20260572936310853,fourier
