nameseq,average,median,maximum,minimum,peak,none_levated_peak,sample_standard_deviation,population_standard_deviation,percentile15,percentile25,percentile50,percentile75,amplitude,variance,interquartile_range,semi_interquartile_range,coefficient_of_variation,skewness,kurtosis,label
LG13_7031266_7031343,19.55074298038368,2.5937529129628816,1243.3656358348471,0.00323732690350306,1.3298727330253999,12.394545546195902,139.50284805888123,140.40578854062653,0.3388855043335484,0.6313601644092732,2.5937529129628816,6.357703746277571,1243.3623985079437,19713.785455715133,5.7263435818682975,2.8631717909341488,7.135424377418904,0.3646590081142346,0.33814482457868555,fourier
