nameseq,average,median,maximum,minimum,peak,none_levated_peak,sample_standard_deviation,population_standard_deviation,percentile15,percentile25,percentile50,percentile75,amplitude,variance,interquartile_range,semi_interquartile_range,coefficient_of_variation,skewness,kurtosis,label
LG13_2590890_2591157,42.66530427420709,4.755292345369418,9763.16019311542,0.026591036853644928,2.0938168578195038,34.49743113076074,594.914476365981,596.0275072293567,1.2650357947935507,1.9770854445603891,4.755292345369418,8.69466778248984,9763.133602078566,355248.78937404096,6.717582337929452,3.358791168964726,13.943753278835306,0.19117039558564763,0.2422832053214181,fourier
