nameseq,average,median,maximum,minimum,peak,none_levated_peak,sample_standard_deviation,population_standard_deviation,percentile15,percentile25,percentile50,percentile75,amplitude,variance,interquartile_range,semi_interquartile_range,coefficient_of_variation,skewness,kurtosis,label
LG13_677840_678574,54.87422989631018,2.0688736585663894,38248.285779322796,0.003971832984758755,4.464755140308113,139.4843003157318,1409.7476433357708,1410.7076350325437,0.4662098368608576,0.8252937902158874,2.0688736585663894,4.136415836523366,38248.28180748981,1990096.031539113,3.311122046307478,1.655561023153739,25.69052260049237,0.11237193370182506,0.2655424129543985,fourier
