nameseq,average,median,maximum,minimum,peak,none_levated_peak,sample_standard_deviation,population_standard_deviation,percentile15,percentile25,percentile50,percentile75,amplitude,variance,interquartile_range,semi_interquartile_range,coefficient_of_variation,skewness,kurtosis,label
LG13_1923678_1923966,91.6946995451712,9.873875466705346,21978.67142660522,0.09623893139389826,1.0505878072688053,24.90975629029592,1289.8602768094731,1292.0976770631091,1.5830226796905,3.074531300380489,9.873875466705346,20.305735647970835,21978.575187673825,1669516.4070718826,17.231204347590346,8.615602173795173,14.066901175395142,0.19030159828052068,0.2326474432502878,fourier
