nameseq,average,median,maximum,minimum,peak,none_levated_peak,sample_standard_deviation,population_standard_deviation,percentile15,percentile25,percentile50,percentile75,amplitude,variance,interquartile_range,semi_interquartile_range,coefficient_of_variation,skewness,kurtosis,label
LG13_3768384_3768504,30.69733933176834,6.54160576495281,2873.720116925191,0.033814557825639545,1.3139032310723038,14.330279635764054,259.6001041002359,260.67952706837906,1.4044423114582987,2.3249306397224734,6.54160576495281,10.281084996972917,2873.6863023673654,67953.81583259377,7.956154357250443,3.9780771786252216,8.456762369355529,0.2791493514673854,0.30037542134846135,fourier
