nameseq,average,median,maximum,minimum,peak,none_levated_peak,sample_standard_deviation,population_standard_deviation,percentile15,percentile25,percentile50,percentile75,amplitude,variance,interquartile_range,semi_interquartile_range,coefficient_of_variation,skewness,kurtosis,label
LG13_11653197_11653462,23.026319016028822,1.501931882146795,5588.579573378244,0.00617560001404949,3.850666127093307,57.65501612204668,341.8944298017649,342.53890620747234,0.2881743080200835,0.5698204518657295,1.501931882146795,2.7778083385281764,5588.57339777823,117332.90226581154,2.2079878866624467,1.1039939433312234,14.847984585107554,0.18886871435456404,0.22750721642801322,fourier
