nameseq,average,median,maximum,minimum,peak,none_levated_peak,sample_standard_deviation,population_standard_deviation,percentile15,percentile25,percentile50,percentile75,amplitude,variance,interquartile_range,semi_interquartile_range,coefficient_of_variation,skewness,kurtosis,label
LG13_18702315_18702402,20.871979833092315,2.5597224197103454,1374.3159452051084,0.02032913237259989,1.405392951119358,12.621876111867019,145.27929678714213,146.11184971641538,0.6978925311184029,0.9769574118142157,2.5597224197103454,5.5529929738760355,1374.2956160727358,21348.67262755235,4.57603556206182,2.28801778103091,6.960494306189548,0.37814591242575496,0.1504379265221102,fourier
