nameseq,average,median,maximum,minimum,peak,none_levated_peak,sample_standard_deviation,population_standard_deviation,percentile15,percentile25,percentile50,percentile75,amplitude,variance,interquartile_range,semi_interquartile_range,coefficient_of_variation,skewness,kurtosis,label
LG13_8023756_8025056,114.79301293302916,8.590335719869877,132592.32988176675,0.0014253863914094518,3.7778141333364084,127.53887390534852,3674.304231444481,3675.7171537160625,1.8960906048035178,3.3059341602670576,8.590335719869877,16.38837721762496,132592.32845638038,13510896.594122512,13.082443057357903,6.5412215286789515,32.00808252666118,0.08671247985206258,0.24196879498557677,fourier
