nameseq,average,median,maximum,minimum,peak,none_levated_peak,sample_standard_deviation,population_standard_deviation,percentile15,percentile25,percentile50,percentile75,amplitude,variance,interquartile_range,semi_interquartile_range,coefficient_of_variation,skewness,kurtosis,label
LG13_9813060_9813382,122.38335938762188,16.84099960924243,31599.90130317851,0.25258843769504813,0.8797492339269477,22.11162752148767,1754.3514839206237,1757.0735204434695,2.6785123777238535,5.498964371638656,16.84099960924243,37.20438167983552,31599.648714740815,3087307.356243607,31.705417308196864,15.852708654098432,14.334885826790456,0.1804809824240809,0.2686067393130999,fourier
