nameseq,average,median,maximum,minimum,peak,none_levated_peak,sample_standard_deviation,population_standard_deviation,percentile15,percentile25,percentile50,percentile75,amplitude,variance,interquartile_range,semi_interquartile_range,coefficient_of_variation,skewness,kurtosis,label
LG13_10377900_10378532,58.53235485810388,4.658363269169136,32133.38527751379,0.0030495262723822317,3.604843859631367,78.33555146505763,1275.9016811010545,1276.9106980093277,0.9875613311368439,1.9958469231382963,4.658363269169136,9.634250129385073,32133.382227987517,1630500.9306906685,7.638403206246776,3.819201603123388,21.798229102419313,0.12667275007219256,0.20039215701334398,fourier
