nameseq,average,median,maximum,minimum,peak,none_levated_peak,sample_standard_deviation,population_standard_deviation,percentile15,percentile25,percentile50,percentile75,amplitude,variance,interquartile_range,semi_interquartile_range,coefficient_of_variation,skewness,kurtosis,label
LG13_16112597_16112699,19.453730751690916,2.826543369890633,1476.0016509231934,0.07608879192197004,1.7648714157488319,14.983710103799458,144.39593326036575,145.10203005429798,0.6714180078272711,1.011949872415987,2.826543369890633,8.525751581087073,1475.9255621312714,21054.599125878398,7.513801708671086,3.756900854335543,7.4225317037357925,0.34544990997397085,0.35352708178567954,fourier
