nameseq,average,median,maximum,minimum,peak,none_levated_peak,sample_standard_deviation,population_standard_deviation,percentile15,percentile25,percentile50,percentile75,amplitude,variance,interquartile_range,semi_interquartile_range,coefficient_of_variation,skewness,kurtosis,label
LG13_17062239_17062437,28.029784249885285,2.957736931439723,4383.042575446341,0.08276952070643584,2.36653028585494,28.870249147449687,309.86149250570145,310.6429855312514,0.7595097506682519,1.2620904120446719,2.957736931439723,5.722282956948817,4382.959805925635,96499.06445976926,4.460192544904145,2.2300962724520725,11.054722710074715,0.24274117234477827,0.20657993835356742,fourier
