nameseq,average,median,maximum,minimum,peak,none_levated_peak,sample_standard_deviation,population_standard_deviation,percentile15,percentile25,percentile50,percentile75,amplitude,variance,interquartile_range,semi_interquartile_range,coefficient_of_variation,skewness,kurtosis,label
LG13_3720931_3721248,34.13312794405411,4.0108728558139,9160.10199379235,0.07094282982981025,3.105487436537878,44.99985963672287,512.5922102068266,513.4000786516895,0.8924188292217741,1.555901804950422,4.0108728558139,7.257496408611704,9160.03105096252,263579.64075956086,5.701594603661282,2.850797301830641,15.017440272306443,0.1762936764650762,0.24288304439945319,fourier
