nameseq,average,median,maximum,minimum,peak,none_levated_peak,sample_standard_deviation,population_standard_deviation,percentile15,percentile25,percentile50,percentile75,amplitude,variance,interquartile_range,semi_interquartile_range,coefficient_of_variation,skewness,kurtosis,label
LG13_14238389_14238707,26.06259285906853,1.8279078011184002,7519.477597685299,0.013658917760730565,4.079921514652155,63.43257506374892,420.2170094656381,420.8772094162602,0.4469513500474743,0.7042747338405349,1.8279078011184002,3.570185290189047,7519.463938767538,177137.62540601857,2.865910556348512,1.432955278174256,16.123376969357167,0.17301549803113225,0.2786244718863789,fourier
