nameseq,average,median,maximum,minimum,peak,none_levated_peak,sample_standard_deviation,population_standard_deviation,percentile15,percentile25,percentile50,percentile75,amplitude,variance,interquartile_range,semi_interquartile_range,coefficient_of_variation,skewness,kurtosis,label
LG13_2137239_2137331,20.40486517777076,2.0583730595297216,1537.1860287109823,0.05153343553124142,1.5192455196308612,14.809395197540427,158.2201262948305,159.07769423617952,0.5981474382947594,0.9806477437169138,2.0583730595297216,5.402289974371625,1537.1344952754512,25305.71280349942,4.421642230654711,2.2108211153273554,7.75403928996291,0.3478664670774025,0.26281645616845345,fourier
