nameseq,average,median,maximum,minimum,peak,none_levated_peak,sample_standard_deviation,population_standard_deviation,percentile15,percentile25,percentile50,percentile75,amplitude,variance,interquartile_range,semi_interquartile_range,coefficient_of_variation,skewness,kurtosis,label
LG13_4497491_4497803,38.03623920056959,3.943579135911226,10143.371883665068,0.024697843707940034,2.742998138779476,43.039353005735144,572.1313473088414,573.0474909657936,0.8640833310784887,1.891291136609422,3.943579135911226,7.574433389007424,10143.34718582136,328383.42690219125,5.683142252398001,2.8415711261990007,15.041743330404595,0.17876660783413523,0.23324692696998522,fourier
