nameseq,average,median,maximum,minimum,peak,none_levated_peak,sample_standard_deviation,population_standard_deviation,percentile15,percentile25,percentile50,percentile75,amplitude,variance,interquartile_range,semi_interquartile_range,coefficient_of_variation,skewness,kurtosis,label
LG13_5350133_5350477,39.640124293347995,4.215855207065872,11593.952693262909,0.07586885266048947,2.901100893351592,46.81643083259279,623.0010004178292,623.9058679977048,0.8705211323865815,1.5753480987473574,4.215855207065872,7.598091944870061,11593.876824410248,389258.5321219695,6.022743846122703,3.0113719230613514,15.716423990183475,0.17058208122871743,0.2115498798606223,fourier
