nameseq,average,median,maximum,minimum,peak,none_levated_peak,sample_standard_deviation,population_standard_deviation,percentile15,percentile25,percentile50,percentile75,amplitude,variance,interquartile_range,semi_interquartile_range,coefficient_of_variation,skewness,kurtosis,label
LG13_13930915_13932761,159.5844321792484,10.148121239565913,266809.9789672582,0.07557520541278223,3.857936881807729,166.32554753811633,6206.229008752651,6207.90977493343,2.2720202989634495,3.8964213519913757,10.148121239565913,20.732059162793668,266809.90339205274,38538143.77371403,16.835637810802293,8.417818905401147,38.889940102563955,0.07223531909421921,0.24843118310008458,fourier
