nameseq,average,median,maximum,minimum,peak,none_levated_peak,sample_standard_deviation,population_standard_deviation,percentile15,percentile25,percentile50,percentile75,amplitude,variance,interquartile_range,semi_interquartile_range,coefficient_of_variation,skewness,kurtosis,label
LG13_5159751_5159984,31.852728757807448,3.1070889787675515,6436.904191599453,0.0010546246015978023,2.4487697927883607,35.80170460597198,419.629641513193,420.5291701799885,0.5097525126715192,1.2948040591590928,3.1070889787675515,6.505500231348271,6436.903136974852,176844.78297226975,5.210696172189178,2.605348086094589,13.174056285847637,0.20550721590149737,0.2598481159262176,fourier
