nameseq,average,median,maximum,minimum,peak,none_levated_peak,sample_standard_deviation,population_standard_deviation,percentile15,percentile25,percentile50,percentile75,amplitude,variance,interquartile_range,semi_interquartile_range,coefficient_of_variation,skewness,kurtosis,label
LG13_10596154_10596411,24.029849871801567,1.3581460291792,5655.308190301614,0.023732571664420787,3.578882117816261,55.149556869103435,351.27591993148235,351.95867260663323,0.2932158183059703,0.5273316777557773,1.3581460291792,3.1726662236176133,5655.284457729949,123874.90722302323,2.645334545861836,1.322667272930918,14.618315212351614,0.19362304009091685,0.28470053115899435,fourier
