nameseq,average,median,maximum,minimum,peak,none_levated_peak,sample_standard_deviation,population_standard_deviation,percentile15,percentile25,percentile50,percentile75,amplitude,variance,interquartile_range,semi_interquartile_range,coefficient_of_variation,skewness,kurtosis,label
LG13_16504751_16504966,36.29384799279962,4.076863359311605,5856.530462466998,0.09235244609625286,1.9838072836554606,25.059375912517297,397.2398635775516,398.16260550278133,1.3261255418718267,1.835590553112912,4.076863359311605,11.144696508119296,5856.438110020902,158533.4604207635,9.309105955006384,4.654552977503192,10.945101871159004,0.24330628107165098,0.2599803388048034,fourier
