nameseq,average,median,maximum,minimum,peak,none_levated_peak,sample_standard_deviation,population_standard_deviation,percentile15,percentile25,percentile50,percentile75,amplitude,variance,interquartile_range,semi_interquartile_range,coefficient_of_variation,skewness,kurtosis,label
LG13_3930313_3930537,21.638604324567357,1.478989279379226,4340.89073155201,0.03339311676751212,3.466027608575885,45.33742197759421,288.6030687289163,289.2465546308511,0.49398095616305304,0.7819305778817195,1.478989279379226,3.261330762295863,4340.857338435242,83663.56936581792,2.4794001844141436,1.2397000922070718,13.337416055121967,0.2095571796998871,0.235244536473566,fourier
