nameseq,average,median,maximum,minimum,peak,none_levated_peak,sample_standard_deviation,population_standard_deviation,percentile15,percentile25,percentile50,percentile75,amplitude,variance,interquartile_range,semi_interquartile_range,coefficient_of_variation,skewness,kurtosis,label
LG13_17234841_17235172,38.33047721906179,3.2737173359833576,10550.423410839092,0.041472574648914455,2.8871716371856704,45.67923464017032,577.9501521252059,578.8225302098496,0.9891101051091828,1.4930444519580313,3.2737173359833576,7.569220514468361,10550.381938264443,335035.52147853223,6.07617606251033,3.038088031255165,15.078083917979258,0.18197119468263664,0.22649140750789062,fourier
