nameseq,average,median,maximum,minimum,peak,none_levated_peak,sample_standard_deviation,population_standard_deviation,percentile15,percentile25,percentile50,percentile75,amplitude,variance,interquartile_range,semi_interquartile_range,coefficient_of_variation,skewness,kurtosis,label
LG13_6907249_6907590,48.7401177246937,3.842672766361831,14550.859290840093,0.0027688936405315346,2.338935671922742,44.47597118462614,785.3561743930939,786.5068800276559,1.0020569297953725,1.8617263972916802,3.842672766361831,8.98697188271593,14550.856521946453,618593.0723308376,7.125245485424249,3.5626227427121244,16.1131365916911,0.1715047761343226,0.25541144826645823,fourier
