nameseq,average,median,maximum,minimum,peak,none_levated_peak,sample_standard_deviation,population_standard_deviation,percentile15,percentile25,percentile50,percentile75,amplitude,variance,interquartile_range,semi_interquartile_range,coefficient_of_variation,skewness,kurtosis,label
LG13_15180517_15180808,37.015665597033,3.1788194692376366,9467.820244398781,0.04141292798984179,2.6295173074271316,44.41667944081191,552.8765544840702,553.8256994823421,0.7958040658892218,1.1882697791781687,3.1788194692376366,5.282743921494645,9467.77883147079,306722.9054071055,4.094474142316477,2.0472370711582384,14.936285639245298,0.1836043463230468,0.24556482254984016,fourier
