nameseq,average,median,maximum,minimum,peak,none_levated_peak,sample_standard_deviation,population_standard_deviation,percentile15,percentile25,percentile50,percentile75,amplitude,variance,interquartile_range,semi_interquartile_range,coefficient_of_variation,skewness,kurtosis,label
LG13_6706285_6706587,31.444432150295928,3.277726164951312,8192.354232254174,0.08921551181173691,3.2120153901093578,46.421563210659635,469.62567059637985,470.4025539572115,0.8039502980092789,1.163144043615711,3.277726164951312,6.104566211574229,8192.265016742364,221278.5627694673,4.941422167958518,2.470711083979259,14.935097837089106,0.1799307900880434,0.25494495890637653,fourier
