nameseq,average,median,maximum,minimum,peak,none_levated_peak,sample_standard_deviation,population_standard_deviation,percentile15,percentile25,percentile50,percentile75,amplitude,variance,interquartile_range,semi_interquartile_range,coefficient_of_variation,skewness,kurtosis,label
LG13_16272679_16272916,18.861509740347216,1.0297572806647335,4150.461964982466,0.01074551092671212,4.2060966712345955,60.33286063807641,268.38027541201774,268.9458825207644,0.16294827180755134,0.3870705260712711,1.0297572806647335,1.9955009764873934,4150.45121947154,72331.88772487282,1.6084304504161224,0.8042152252080612,14.228992223136704,0.1993263375891595,0.22466826575102306,fourier
