nameseq,average,median,maximum,minimum,peak,none_levated_peak,sample_standard_deviation,population_standard_deviation,percentile15,percentile25,percentile50,percentile75,amplitude,variance,interquartile_range,semi_interquartile_range,coefficient_of_variation,skewness,kurtosis,label
LG13_14883380_14885866,272.39875622330504,26.377914792752865,580359.4338041733,0.04390439261528881,3.043332544882872,144.2991758171326,11634.556320328697,11636.896100406715,6.0125043113550865,10.280949463662887,26.377914792752865,51.93246962031556,580359.3898997806,135417350.851661,41.65152015665267,20.825760078326336,42.711488413665904,0.06343710099215927,0.25672084092185865,fourier
