nameseq,average,median,maximum,minimum,peak,none_levated_peak,sample_standard_deviation,population_standard_deviation,percentile15,percentile25,percentile50,percentile75,amplitude,variance,interquartile_range,semi_interquartile_range,coefficient_of_variation,skewness,kurtosis,label
LG13_12435334_12435453,12.179094443463395,1.1096245503787565,1272.985826144849,0.014022201671118577,3.284316431380354,28.837789230036396,115.59786760465657,116.08255680635027,0.28338080398824245,0.5959049466165401,1.1096245503787565,1.6489160490509518,1272.9718039431777,13475.159994699537,1.0530111024344118,0.5265055512172059,9.491499400162608,0.28727527909793554,0.1537305994382129,fourier
