nameseq,average,median,maximum,minimum,peak,none_levated_peak,sample_standard_deviation,population_standard_deviation,percentile15,percentile25,percentile50,percentile75,amplitude,variance,interquartile_range,semi_interquartile_range,coefficient_of_variation,skewness,kurtosis,label
LG13_7608978_7609094,9.947157414726988,0.9448965391357519,1045.8826102849619,0.014600898170842994,3.920718087989603,33.020220458361095,96.18760424244554,96.60131627746283,0.12970600877601535,0.4281617198237941,0.9448965391357519,1.4662770719544986,1045.868009386791,9331.814306538405,1.0381153521307045,0.5190576760653522,9.669858456249788,0.2807719647398827,0.2604099635315185,fourier
