nameseq,average,median,maximum,minimum,peak,none_levated_peak,sample_standard_deviation,population_standard_deviation,percentile15,percentile25,percentile50,percentile75,amplitude,variance,interquartile_range,semi_interquartile_range,coefficient_of_variation,skewness,kurtosis,label
LG13_4637175_4637363,37.155230157136494,3.385096203290286,6073.777557124637,0.015577657610041363,1.695589012194544,27.212525676203995,440.2996068707908,441.4690633976801,0.3753452617683511,0.7345741121419483,3.385096203290286,7.988642053731555,6073.761979467026,194894.93393722488,7.254067941589606,3.627033970794803,11.850272626725243,0.23009423647127833,0.3302668760774906,fourier
