nameseq,average,median,maximum,minimum,peak,none_levated_peak,sample_standard_deviation,population_standard_deviation,percentile15,percentile25,percentile50,percentile75,amplitude,variance,interquartile_range,semi_interquartile_range,coefficient_of_variation,skewness,kurtosis,label
LG13_14727284_14733136,452.20317273770104,19.38976636422768,2476715.7615058525,0.0011702557462783647,4.314432356120754,389.948085676832,32370.16727251886,32372.932889788422,4.672277646340832,8.0079308447226,19.38976636422768,38.38352902807681,2476715.7603355967,1048006783.886745,30.375598183354207,15.187799091677103,71.5832378542268,0.0401122492877184,0.2435750426990869,fourier
