nameseq,average,median,maximum,minimum,peak,none_levated_peak,sample_standard_deviation,population_standard_deviation,percentile15,percentile25,percentile50,percentile75,amplitude,variance,interquartile_range,semi_interquartile_range,coefficient_of_variation,skewness,kurtosis,label
LG13_15404206_15404995,94.39173079394696,9.269509899098784,64393.469575490584,0.009131070548655962,2.7897924014994335,75.89148088178463,2289.1434850793594,2290.5936869892025,1.9087835786322014,3.273715310914589,9.269509899098784,18.521811350798618,64393.46044442004,5246819.438874789,15.248096039884029,7.624048019942014,24.25152569854302,0.11155555095127276,0.26702526284553646,fourier
