nameseq,average,median,maximum,minimum,peak,none_levated_peak,sample_standard_deviation,population_standard_deviation,percentile15,percentile25,percentile50,percentile75,amplitude,variance,interquartile_range,semi_interquartile_range,coefficient_of_variation,skewness,kurtosis,label
LG13_12751382_12751721,37.59114941925442,3.2882348639375665,11186.988652575137,0.04070662870366864,3.014894066401792,51.81120034201131,605.5783442145189,606.4708698929749,0.7524974860618584,1.1075600283423168,3.2882348639375665,5.993366505916388,11186.947945946433,367806.91602874163,4.8858064775740715,2.4429032387870357,16.10959902982743,0.16993464949515497,0.21544705444123544,fourier
