nameseq,average,median,maximum,minimum,peak,none_levated_peak,sample_standard_deviation,population_standard_deviation,percentile15,percentile25,percentile50,percentile75,amplitude,variance,interquartile_range,semi_interquartile_range,coefficient_of_variation,skewness,kurtosis,label
LG13_12294197_12294292,20.354418639377162,2.217400945823986,1505.0683278596732,0.014629321140540262,1.5721402102879805,14.555729931799178,152.43517918870734,153.23536935440399,0.6113475353647357,1.0403447496249068,2.217400945823986,5.044943281932279,1505.0536985385327,23481.07842118061,4.004598532307373,2.0022992661536865,7.4890460832818855,0.356945511989075,0.1508445771799897,fourier
