nameseq,average,median,maximum,minimum,peak,none_levated_peak,sample_standard_deviation,population_standard_deviation,percentile15,percentile25,percentile50,percentile75,amplitude,variance,interquartile_range,semi_interquartile_range,coefficient_of_variation,skewness,kurtosis,label
LG13_1112697_1112927,26.711904565299612,2.575752666525876,5318.260682670445,0.026190649615844747,2.8826098794927444,38.81468857282162,348.9382276496725,349.695966278492,0.587317194046036,0.7698701777861425,2.575752666525876,4.364021589399888,5318.234492020829,122287.2688314482,3.594151411613746,1.797075705806873,13.06302314747577,0.20751081411755767,0.20726812808318948,fourier
