nameseq,average,median,maximum,minimum,peak,none_levated_peak,sample_standard_deviation,population_standard_deviation,percentile15,percentile25,percentile50,percentile75,amplitude,variance,interquartile_range,semi_interquartile_range,coefficient_of_variation,skewness,kurtosis,label
LG13_3154394_3154560,34.1649033324524,3.3734402213787744,4984.846742589889,0.0022019377854910526,1.6293523832040313,24.603995203916703,384.2690393382083,385.42473830657525,0.7001720634892459,1.2816621687803487,3.3734402213787744,6.373781297525267,4984.844540652103,148552.22889869203,5.092119128744918,2.546059564372459,11.24747919228563,0.2403898828079121,0.2590118830425936,fourier
