nameseq,average,median,maximum,minimum,peak,none_levated_peak,sample_standard_deviation,population_standard_deviation,percentile15,percentile25,percentile50,percentile75,amplitude,variance,interquartile_range,semi_interquartile_range,coefficient_of_variation,skewness,kurtosis,label
LG13_15967670_15967896,29.49787613184902,4.031455781405092,5468.234389150477,0.06817094553825406,2.565156431210617,31.47737766863301,361.8160973760422,362.61569193660335,0.9438834871167038,1.82896133033786,4.031455781405092,7.37198100700833,5468.166218204939,131490.14003866163,5.54301967667047,2.771509838335235,12.26583553876231,0.21115495304214893,0.2300708618387352,fourier
