nameseq,average,median,maximum,minimum,peak,none_levated_peak,sample_standard_deviation,population_standard_deviation,percentile15,percentile25,percentile50,percentile75,amplitude,variance,interquartile_range,semi_interquartile_range,coefficient_of_variation,skewness,kurtosis,label
LG13_9813058_9813382,126.45567368791737,17.569884649173908,32706.017904189106,0.1050800276910823,0.8566901758848041,21.59249910862126,1810.1780234731452,1812.9693559306893,4.3668931361485495,7.334879090804511,17.569884649173908,35.42121644521767,32705.912824161416,3286857.8855437385,28.086337354413153,14.043168677206577,14.314723655187839,0.1804559346541401,0.2425772244061826,fourier
