nameseq,average,median,maximum,minimum,peak,none_levated_peak,sample_standard_deviation,population_standard_deviation,percentile15,percentile25,percentile50,percentile75,amplitude,variance,interquartile_range,semi_interquartile_range,coefficient_of_variation,skewness,kurtosis,label
LG13_15105133_15105693,85.1540089514478,8.663152877264446,41272.14783674468,0.07740785772514824,2.1960210952207975,55.05014656799105,1740.5044905698044,1742.0578192953603,2.0240993273409273,3.6741749064929023,8.663152877264446,15.705500266988684,41272.07042888696,3034765.4457681067,12.031325360495781,6.015662680247891,20.43948971988138,0.13184256028401606,0.23622474559193044,fourier
