nameseq,average,median,maximum,minimum,peak,none_levated_peak,sample_standard_deviation,population_standard_deviation,percentile15,percentile25,percentile50,percentile75,amplitude,variance,interquartile_range,semi_interquartile_range,coefficient_of_variation,skewness,kurtosis,label
LG13_18768247_18768450,23.846729469163066,1.4000671202822321,4394.037472502597,0.029108721724141605,2.851544069719618,41.73155858804159,306.7392581554725,307.4938454166333,0.3236299694193098,0.5399692167300614,1.4000671202822321,2.944720496226253,4394.008363780873,94552.46496910836,2.4047512794961916,1.2023756397480958,12.86294871387401,0.2195349478628225,0.19217171844246744,fourier
