nameseq,average,median,maximum,minimum,peak,none_levated_peak,sample_standard_deviation,population_standard_deviation,percentile15,percentile25,percentile50,percentile75,amplitude,variance,interquartile_range,semi_interquartile_range,coefficient_of_variation,skewness,kurtosis,label
LG13_5471438_5471572,23.033744476514165,3.3770317047747995,2235.1383235412513,0.05651513287689543,1.953655431312231,18.28068010078288,191.47279389790916,192.18591664149827,1.1958481934585548,1.4893724938371218,3.3770317047747995,6.477809719036121,2235.0818084083744,36935.42655533292,4.988437225198999,2.4942186125994996,8.312708083270614,0.3079818135763988,0.20905531348430303,fourier
