nameseq,average,median,maximum,minimum,peak,none_levated_peak,sample_standard_deviation,population_standard_deviation,percentile15,percentile25,percentile50,percentile75,amplitude,variance,interquartile_range,semi_interquartile_range,coefficient_of_variation,skewness,kurtosis,label
LG13_8419742_8419887,21.20943470225316,1.3373061038020826,2739.299941367293,0.00035400099540750375,2.2945763218053434,29.770301730433186,225.76144902401697,226.53859916749627,0.25361826357884176,0.44922669511217583,1.3373061038020826,2.7070517779240837,2739.2995873662976,51319.73691277154,2.257825082811908,1.128912541405954,10.644387848773427,0.2640680508256798,0.1940538705388638,fourier
