nameseq,average,median,maximum,minimum,peak,none_levated_peak,sample_standard_deviation,population_standard_deviation,percentile15,percentile25,percentile50,percentile75,amplitude,variance,interquartile_range,semi_interquartile_range,coefficient_of_variation,skewness,kurtosis,label
LG13_9341030_9341167,26.009636279177432,2.0300536335237034,3116.4186740766672,0.018327228140362164,1.7685752890295616,22.81678824870779,264.0676735209015,265.0296718745181,0.801082537689207,1.0948408642744676,2.0300536335237034,4.293968214769319,3116.400346848527,70240.72697391472,3.1991273504948516,1.5995636752474258,10.152686130882442,0.2724254240505023,0.21126100258449013,fourier
