nameseq,average,median,maximum,minimum,peak,none_levated_peak,sample_standard_deviation,population_standard_deviation,percentile15,percentile25,percentile50,percentile75,amplitude,variance,interquartile_range,semi_interquartile_range,coefficient_of_variation,skewness,kurtosis,label
LG13_2591007_2591177,42.18965351007935,7.747005664793593,5228.798797544907,0.2521097610600661,1.3510421455910362,16.640346712437797,398.06874056400363,399.2378142722503,2.275815010641792,3.11262335095774,7.747005664793593,15.66257233914819,5228.546687783847,159390.83234488385,12.54994898819045,6.274974494095225,9.435221848145842,0.25957311641566505,0.2758981728155008,fourier
