nameseq,average,median,maximum,minimum,peak,none_levated_peak,sample_standard_deviation,population_standard_deviation,percentile15,percentile25,percentile50,percentile75,amplitude,variance,interquartile_range,semi_interquartile_range,coefficient_of_variation,skewness,kurtosis,label
LG13_2892850_2893002,26.57473525354825,3.9487590570780835,3322.675219836146,0.02032923775642887,1.9191160142673667,21.661999477688884,267.3815947752467,268.2596976144375,0.9853119207417198,1.3895961101768757,3.9487590570780835,7.7807609900782575,3322.6548905983896,71963.26536418946,6.391164879901382,3.195582439950691,10.061496087323992,0.25386163414301854,0.3055957886629025,fourier
