nameseq,average,median,maximum,minimum,peak,none_levated_peak,sample_standard_deviation,population_standard_deviation,percentile15,percentile25,percentile50,percentile75,amplitude,variance,interquartile_range,semi_interquartile_range,coefficient_of_variation,skewness,kurtosis,label
LG13_463313_463512,47.85112475638649,7.084189954297316,7111.245686166897,0.08346017827188808,1.3932100239246508,19.433601705664667,501.03201342184644,502.2893102881027,2.082174555911585,3.878692822242142,7.084189954297316,17.383111164700374,7111.162225988625,252294.55122969786,13.504418342458232,6.752209171229116,10.470642351096998,0.24409778443297944,0.25830173978499416,fourier
