nameseq,average,median,maximum,minimum,peak,none_levated_peak,sample_standard_deviation,population_standard_deviation,percentile15,percentile25,percentile50,percentile75,amplitude,variance,interquartile_range,semi_interquartile_range,coefficient_of_variation,skewness,kurtosis,label
LG13_5053781_5053890,14.493372395908285,2.0333350244877244,1280.8312763973645,0.04748122657353173,2.5298919854580055,20.092978760066554,121.31979674874503,121.87503899400923,0.4428277612650641,0.7940474044290605,2.0333350244877244,4.419768228369508,1280.7837951707909,14853.525129791271,3.6257208239404473,1.8128604119702236,8.370708585601209,0.30811222171494734,0.27869944614143205,fourier
