nameseq,average,median,maximum,minimum,peak,none_levated_peak,sample_standard_deviation,population_standard_deviation,percentile15,percentile25,percentile50,percentile75,amplitude,variance,interquartile_range,semi_interquartile_range,coefficient_of_variation,skewness,kurtosis,label
LG13_8819056_8819264,26.898240635212783,3.676258076813279,4338.255622235024,0.0007621758351438785,2.5900083061739463,29.124808754127418,299.0401253477825,299.758109875501,0.5635352912287029,1.0769049052978603,3.676258076813279,8.052285628719888,4338.254860059189,89854.92443613295,6.9753807234220275,3.4876903617110138,11.117460409522316,0.2329652169392896,0.25300350103310326,fourier
