nameseq,average,median,maximum,minimum,peak,none_levated_peak,sample_standard_deviation,population_standard_deviation,percentile15,percentile25,percentile50,percentile75,amplitude,variance,interquartile_range,semi_interquartile_range,coefficient_of_variation,skewness,kurtosis,label
LG13_10664484_10664646,14.032893302188715,0.888886019391496,2052.8291743921527,0.0034073841281663346,3.871855373179453,40.736190266936354,160.19100402309616,160.6846600593347,0.3376303115532221,0.4651184769517033,0.888886019391496,1.6492707841920051,2052.8257670080247,25819.55997838395,1.1841523072403017,0.5920761536201509,11.415393858806802,0.2461562813022034,0.18169236438814843,fourier
