nameseq,average,median,maximum,minimum,peak,none_levated_peak,sample_standard_deviation,population_standard_deviation,percentile15,percentile25,percentile50,percentile75,amplitude,variance,interquartile_range,semi_interquartile_range,coefficient_of_variation,skewness,kurtosis,label
LG13_15593907_15594109,26.007291728753152,2.1849566651330057,4583.014224317663,0.0009478995057323776,2.601834415225009,35.399284957139756,320.66211489961677,321.4548531054139,0.48198645348769736,0.729843648967579,2.1849566651330057,4.34746977351838,4583.013276418157,103333.22258502322,3.6176261245508012,1.8088130622754006,12.32970038726097,0.2228732421765296,0.221573863227464,fourier
