nameseq,average,median,maximum,minimum,peak,none_levated_peak,sample_standard_deviation,population_standard_deviation,percentile15,percentile25,percentile50,percentile75,amplitude,variance,interquartile_range,semi_interquartile_range,coefficient_of_variation,skewness,kurtosis,label
LG13_10376166_10376399,43.37527550605669,2.984167662154037,9084.75990496131,0.0025535572423134884,1.798259471322747,34.47563511580814,592.3404373909117,593.6101932690092,0.749575296862443,1.356896354288526,2.984167662154037,5.54652777020851,9084.757351404069,352373.06155287044,4.189631415919983,2.0948157079599916,13.656176945970072,0.20456702916559502,0.18197678351340546,fourier
