nameseq,average,median,maximum,minimum,peak,none_levated_peak,sample_standard_deviation,population_standard_deviation,percentile15,percentile25,percentile50,percentile75,amplitude,variance,interquartile_range,semi_interquartile_range,coefficient_of_variation,skewness,kurtosis,label
LG13_6489377_6489594,34.49055138056842,3.8868359951873916,5838.480630016474,0.012749389020023445,2.1068572045967997,27.213059085723817,394.1274015595603,395.0344853866554,0.5090562106642987,1.575075371816798,3.8868359951873916,10.164510668653563,5838.467880627453,156052.24464469965,8.589435296836765,4.294717648418382,11.427112231717095,0.23294788891319607,0.22718309858930322,fourier
