nameseq,average,median,maximum,minimum,peak,none_levated_peak,sample_standard_deviation,population_standard_deviation,percentile15,percentile25,percentile50,percentile75,amplitude,variance,interquartile_range,semi_interquartile_range,coefficient_of_variation,skewness,kurtosis,label
LG13_9275686_9275747,9.53553223455504,0.8079381538990728,495.2146782920311,0.032991521803836805,2.1673322640318298,14.824127511924388,62.23850212211709,62.74657995736371,0.1872894255557659,0.3645049178040152,0.8079381538990728,1.952281636994913,495.18168677022726,3937.133296345837,1.5877767191908978,0.7938883595954489,6.52700872811022,0.4206846461470926,0.2722096490010799,fourier
