nameseq,average,median,maximum,minimum,peak,none_levated_peak,sample_standard_deviation,population_standard_deviation,percentile15,percentile25,percentile50,percentile75,amplitude,variance,interquartile_range,semi_interquartile_range,coefficient_of_variation,skewness,kurtosis,label
LG13_14118783_14120692,148.62456325960818,6.317539934787072,266204.0058000491,0.00442322418638393,4.283724390527404,215.6356998940845,6089.331353194351,6090.926045208908,1.2944847417376473,2.688490930429079,6.317539934787072,12.918577227644098,266204.0013768249,37099380.088204235,10.230086297215019,5.115043148607509,40.97123126651605,0.0701096795710597,0.2526699215109546,fourier
