nameseq,average,median,maximum,minimum,peak,none_levated_peak,sample_standard_deviation,population_standard_deviation,percentile15,percentile25,percentile50,percentile75,amplitude,variance,interquartile_range,semi_interquartile_range,coefficient_of_variation,skewness,kurtosis,label
LG13_14546643_14547564,70.23461814035205,2.7175685493715287,60810.346321818215,0.005530486615363223,4.375809842365475,149.2507170614766,2001.464191317888,2002.5504677567862,0.6647797325533663,1.1573289400069842,2.7175685493715287,5.474104522581576,60810.3407913316,4010208.3759129234,4.316775582574592,2.158387791287296,28.496833104699153,0.10120148521846366,0.24150073471866706,fourier
