nameseq,average,median,maximum,minimum,peak,none_levated_peak,sample_standard_deviation,population_standard_deviation,percentile15,percentile25,percentile50,percentile75,amplitude,variance,interquartile_range,semi_interquartile_range,coefficient_of_variation,skewness,kurtosis,label
LG13_8419743_8419887,22.550724357392493,1.8609586377262388,2785.631136930308,0.029121899695369654,2.1433162220125705,25.810209355877333,230.32419944944877,231.12255262126314,0.46489167911866186,0.729005265569032,1.8609586377262388,3.6380544634064917,2785.6020150306126,53417.63433016855,2.9090491978374597,1.4545245989187299,10.213605372456461,0.2694866510221895,0.19568328882076466,fourier
