nameseq,average,median,maximum,minimum,peak,none_levated_peak,sample_standard_deviation,population_standard_deviation,percentile15,percentile25,percentile50,percentile75,amplitude,variance,interquartile_range,semi_interquartile_range,coefficient_of_variation,skewness,kurtosis,label
LG13_2984096_2984220,15.234656748953423,1.3228525189378342,1592.068923471192,0.11303638435311102,2.734992153303949,24.364365939139308,141.62655649027965,142.19648457361782,0.5693389478309149,0.7226674930032698,1.3228525189378342,3.5528018749251347,1591.9558870868389,20219.84022509513,2.830134381921865,1.4150671909609325,9.296340496808961,0.2946863478454425,0.24078063876000316,fourier
