nameseq,average,median,maximum,minimum,peak,none_levated_peak,sample_standard_deviation,population_standard_deviation,percentile15,percentile25,percentile50,percentile75,amplitude,variance,interquartile_range,semi_interquartile_range,coefficient_of_variation,skewness,kurtosis,label
LG13_10424964_10425109,24.366098508955005,4.669589007061656,2725.6408214115,0.21061833845223177,1.9973105931908113,19.527909938286893,224.3924949269236,225.16493264993628,1.0845972294132609,1.488302483246377,4.669589007061656,7.933434245444479,2725.430203073048,50699.24689525033,6.445131762198102,3.222565881099051,9.209209051028628,0.26333112667125225,0.27105560252502586,fourier
