nameseq,average,median,maximum,minimum,peak,none_levated_peak,sample_standard_deviation,population_standard_deviation,percentile15,percentile25,percentile50,percentile75,amplitude,variance,interquartile_range,semi_interquartile_range,coefficient_of_variation,skewness,kurtosis,label
LG13_12672293_12675436,256.47370910435245,14.640135805973246,738286.6116410524,0.0045432156499841435,4.086188809214734,240.1258002929489,13164.459254214937,13166.553338258122,3.382062577197555,6.326879696643989,14.640135805973246,28.782698956562346,738286.6070978368,173358126.80919608,22.455819259918357,11.227909629959179,51.32868901138971,0.055110559870725426,0.24182814271907413,fourier
