nameseq,average,median,maximum,minimum,peak,none_levated_peak,sample_standard_deviation,population_standard_deviation,percentile15,percentile25,percentile50,percentile75,amplitude,variance,interquartile_range,semi_interquartile_range,coefficient_of_variation,skewness,kurtosis,label
LG13_6100649_6101008,66.14496753566021,5.278125956644354,20821.29174164985,0.0066558468142688,1.8141969747782452,41.04442013592037,1095.450215660912,1096.974851354419,1.308161661014857,2.26495113069943,5.278125956644354,12.318241934740051,20821.285085803036,1203353.8245040497,10.053290804040621,5.026645402020311,16.56135389393502,0.16668993453698872,0.2681290546290168,fourier
