nameseq,average,median,maximum,minimum,peak,none_levated_peak,sample_standard_deviation,population_standard_deviation,percentile15,percentile25,percentile50,percentile75,amplitude,variance,interquartile_range,semi_interquartile_range,coefficient_of_variation,skewness,kurtosis,label
LG13_8032164_8032538,27.759544892031087,0.9817871046360032,9908.697819266297,0.002973158281858352,4.502955667543515,96.08859525671559,510.93262873498566,511.6152377618062,0.2694661620193184,0.4612147892974189,0.9817871046360032,1.8261485161711075,9908.694846108016,261750.15151006947,1.3649337268736885,0.6824668634368443,18.40565581036088,0.15722870070185538,0.23741519460994875,fourier
