nameseq,average,median,maximum,minimum,peak,none_levated_peak,sample_standard_deviation,population_standard_deviation,percentile15,percentile25,percentile50,percentile75,amplitude,variance,interquartile_range,semi_interquartile_range,coefficient_of_variation,skewness,kurtosis,label
LG13_1852857_1852977,21.211609908284792,2.053836758530233,2099.54384444934,0.1471495967311464,1.9014744051831736,20.09722718663537,189.8278842328799,190.6171927693505,0.45010924067038294,0.6355867885227312,2.053836758530233,5.315369314623445,2099.396694852609,36334.91417926773,4.6797825261007135,2.3398912630503568,8.949244543608982,0.3027654218531757,0.30046441266516233,fourier
