nameseq,average,median,maximum,minimum,peak,none_levated_peak,sample_standard_deviation,population_standard_deviation,percentile15,percentile25,percentile50,percentile75,amplitude,variance,interquartile_range,semi_interquartile_range,coefficient_of_variation,skewness,kurtosis,label
LG13_1933503_1933547,19.956975585623503,3.2074583988741265,713.4676650914621,0.27851692779398485,0.7516168938346358,6.097839153292469,104.59276002664808,105.77463663692552,1.4130187898369149,1.566545148922446,3.2074583988741265,6.229816043607706,713.1891481636682,11188.273755673625,4.66327089468526,2.33163544734263,5.240912360588046,0.4804209349427803,0.2955165025938097,fourier
