nameseq,average,median,maximum,minimum,peak,none_levated_peak,sample_standard_deviation,population_standard_deviation,percentile15,percentile25,percentile50,percentile75,amplitude,variance,interquartile_range,semi_interquartile_range,coefficient_of_variation,skewness,kurtosis,label
LG13_7279062_7279416,53.08710184947665,5.283201256008398,16096.877153590645,0.017837457511684095,2.2290411269550194,42.59279279898631,852.7577179102984,853.9613285557674,1.2069065787332705,1.9780964266753858,5.283201256008398,10.787571256793093,16096.859316133134,729249.9506687314,8.809474830117708,4.404737415058854,16.063369221552357,0.16817402970193962,0.26012712237372504,fourier
