nameseq,average,median,maximum,minimum,peak,none_levated_peak,sample_standard_deviation,population_standard_deviation,percentile15,percentile25,percentile50,percentile75,amplitude,variance,interquartile_range,semi_interquartile_range,coefficient_of_variation,skewness,kurtosis,label
LG13_14041117_14041258,23.83134588407692,2.031066991879923,2973.9120473734292,0.0061985915447343,1.9861796124976487,24.90103737054261,248.45550911823906,249.33500039631485,0.6852731604361697,0.9778461297748272,2.031066991879923,4.127766060546714,2973.9058487818843,62167.94242263033,3.1499199307718864,1.5749599653859432,10.425576059648664,0.2632295693852656,0.2238236092628993,fourier
