nameseq,average,median,maximum,minimum,peak,none_levated_peak,sample_standard_deviation,population_standard_deviation,percentile15,percentile25,percentile50,percentile75,amplitude,variance,interquartile_range,semi_interquartile_range,coefficient_of_variation,skewness,kurtosis,label
LG13_18089194_18089343,22.2846061105128,2.680054246029826,2579.695340624986,0.03282036158625292,2.243701313455678,22.31456913290316,209.6286660682844,210.33094162358373,0.787819245627275,1.3392827081461454,2.680054246029826,5.298846687516458,2579.6625202633995,44239.10500426339,3.959563979370313,1.9797819896851565,9.406882267907429,0.28056113076773087,0.17683785183406925,fourier
