nameseq,average,median,maximum,minimum,peak,none_levated_peak,sample_standard_deviation,population_standard_deviation,percentile15,percentile25,percentile50,percentile75,amplitude,variance,interquartile_range,semi_interquartile_range,coefficient_of_variation,skewness,kurtosis,label
LG13_5926186_5927525,109.95003909885216,6.082776478381566,135080.6436484546,0.0042203949665425445,4.0624511853523275,153.44507080571765,3688.509248988707,3689.8863292117785,1.2378650668155151,2.3639459193465417,6.082776478381566,12.161961061370551,135080.63942805963,13615261.122503974,9.79801514202401,4.899007571012005,33.54713903896387,0.08447905829349484,0.23738465098208686,fourier
