nameseq,average,median,maximum,minimum,peak,none_levated_peak,sample_standard_deviation,population_standard_deviation,percentile15,percentile25,percentile50,percentile75,amplitude,variance,interquartile_range,semi_interquartile_range,coefficient_of_variation,skewness,kurtosis,label
LG14_14583659_14583923,44.60157127249297,5.414806669907731,9935.573754413195,0.020521434448526565,1.9804982383616372,32.443259511310444,608.7984210657758,609.9503585595509,0.9167037762740026,2.0767430823299793,5.414806669907731,9.608278761337342,9935.553232978747,372039.4399069247,7.531535679007362,3.765767839503681,13.649707929488097,0.1931021660699318,0.2801008633181581,fourier
