nameseq,average,median,maximum,minimum,peak,none_levated_peak,sample_standard_deviation,population_standard_deviation,percentile15,percentile25,percentile50,percentile75,amplitude,variance,interquartile_range,semi_interquartile_range,coefficient_of_variation,skewness,kurtosis,label
LG14_3461011_3461276,30.442473982061898,2.357946103751419,7175.420098121459,0.001916647636507417,2.912597271789183,45.23729995077757,438.92599817532994,439.75338062154185,0.6062091902661918,0.9042106416824756,2.357946103751419,4.896029497951782,7175.418181473822,193383.03576807462,3.991818856269307,1.9959094281346534,14.418210505294848,0.1919539603149143,0.20109408864667108,fourier
