nameseq,average,median,maximum,minimum,peak,none_levated_peak,sample_standard_deviation,population_standard_deviation,percentile15,percentile25,percentile50,percentile75,amplitude,variance,interquartile_range,semi_interquartile_range,coefficient_of_variation,skewness,kurtosis,label
LG14_11223382_11223752,37.69811310266204,3.1924936541732567,12042.902794445898,0.017450604466508975,3.2804471229074323,54.37177955656904,624.165518025727,625.0084158007497,1.1245429186049627,1.4594546680476266,3.1924936541732567,5.820544479776556,12042.885343841432,390635.5198217629,4.361089811728929,2.1805449058644646,16.556943216917976,0.16584840936567016,0.20994265598782513,fourier
