nameseq,average,median,maximum,minimum,peak,none_levated_peak,sample_standard_deviation,population_standard_deviation,percentile15,percentile25,percentile50,percentile75,amplitude,variance,interquartile_range,semi_interquartile_range,coefficient_of_variation,skewness,kurtosis,label
LG14_1627212_1627368,34.00590818741529,4.200106246198589,4252.005201670096,0.02625552234804463,1.5389482628992264,19.732698776140918,337.84519944294647,338.9263068443848,0.851294441673763,1.4002455224972543,4.200106246198589,8.319549318952324,4251.978946147748,114871.04147117405,6.91930379645507,3.459651898227535,9.934897123787868,0.2646697539911335,0.20796459475869253,fourier
