nameseq,average,median,maximum,minimum,peak,none_levated_peak,sample_standard_deviation,population_standard_deviation,percentile15,percentile25,percentile50,percentile75,amplitude,variance,interquartile_range,semi_interquartile_range,coefficient_of_variation,skewness,kurtosis,label
LG14_123779_123940,21.352978885385888,3.1933235436447713,2750.983970587627,0.039439254081459256,2.528921153804818,25.136488065516353,215.2064830520916,215.87379157781564,0.7989547200394252,1.5273120870453938,3.1933235436447713,5.079130607508681,2750.9445313335455,46601.49389018218,3.551818520463287,1.7759092602316435,10.07852273011801,0.2531474203406618,0.21391236066738734,fourier
