nameseq,average,median,maximum,minimum,peak,none_levated_peak,sample_standard_deviation,population_standard_deviation,percentile15,percentile25,percentile50,percentile75,amplitude,variance,interquartile_range,semi_interquartile_range,coefficient_of_variation,skewness,kurtosis,label
LG14_3478686_3478754,15.647324214123488,1.385961441902214,925.463415889827,0.001808865567994182,1.4698998809802821,13.76250496388642,110.36815701576285,111.17672575221566,0.10843985450531701,0.26534021224030696,1.385961441902214,2.935758694848375,925.461607024259,12360.264348983374,2.6704184826080684,1.3352092413040342,7.053484385281864,0.38764884250584497,0.23112497383395653,fourier
