nameseq,average,median,maximum,minimum,peak,none_levated_peak,sample_standard_deviation,population_standard_deviation,percentile15,percentile25,percentile50,percentile75,amplitude,variance,interquartile_range,semi_interquartile_range,coefficient_of_variation,skewness,kurtosis,label
LG14_3766498_3766812,26.32013779316931,1.4608165956534025,7614.759225993089,0.030654859059865987,3.98934081672057,65.88949395734898,428.2450036735269,428.92638040302757,0.520181464532852,0.7541098255852627,1.4608165956534025,2.8796266596089435,7614.728571134029,183977.83980564272,2.1255168340236805,1.0627584170118403,16.270621644870968,0.17414788953241897,0.2078167669312637,fourier
