nameseq,average,median,maximum,minimum,peak,none_levated_peak,sample_standard_deviation,population_standard_deviation,percentile15,percentile25,percentile50,percentile75,amplitude,variance,interquartile_range,semi_interquartile_range,coefficient_of_variation,skewness,kurtosis,label
LG14_2404176_2404312,20.515434639221596,2.5789048022719685,2332.464431788301,0.06288491334904912,2.2259663258296616,22.663533739035913,198.27430091654986,199.00191547520112,0.5498187129697175,1.070613037134816,2.5789048022719685,5.669375862804615,2332.401546874952,39601.76236279909,4.598762825669799,2.2993814128348995,9.66464052082461,0.271389631748072,0.28795928469665355,fourier
