nameseq,average,median,maximum,minimum,peak,none_levated_peak,sample_standard_deviation,population_standard_deviation,percentile15,percentile25,percentile50,percentile75,amplitude,variance,interquartile_range,semi_interquartile_range,coefficient_of_variation,skewness,kurtosis,label
LG14_13048996_13049132,25.474389758966353,2.116303378241492,3074.1360185922645,0.14223528235673244,1.792650073220817,23.325098905438104,261.44426677172794,262.4036984978753,0.7426814351291786,1.2083715540284545,2.116303378241492,3.6772342893674317,3073.993783309908,68855.70098536386,2.468862735338977,1.2344313676694885,10.26302373660221,0.2680275226817568,0.24071236770243348,fourier
