nameseq,average,median,maximum,minimum,peak,none_levated_peak,sample_standard_deviation,population_standard_deviation,percentile15,percentile25,percentile50,percentile75,amplitude,variance,interquartile_range,semi_interquartile_range,coefficient_of_variation,skewness,kurtosis,label
LG14_9944722_9944927,20.183709566279024,1.6905450183241315,3654.8065636363735,0.05444121530690164,3.402083568492694,40.82233886951276,253.87082814883536,254.4892720083525,0.576460167885733,0.8784808205434668,1.6905450183241315,2.888190050412406,3654.752122421067,64764.78956734122,2.0097092298689394,1.0048546149344697,12.578006402399785,0.21853433909050413,0.1941887602083092,fourier
