nameseq,average,median,maximum,minimum,peak,none_levated_peak,sample_standard_deviation,population_standard_deviation,percentile15,percentile25,percentile50,percentile75,amplitude,variance,interquartile_range,semi_interquartile_range,coefficient_of_variation,skewness,kurtosis,label
LG14_15864934_15865190,25.7201675049852,2.5912255627347927,5737.035918643958,0.006402067667922214,3.330719624981539,44.89662733052016,356.97391944208715,357.67045458137403,0.395168291261959,0.9408552179241446,2.5912255627347927,4.584180257084093,5737.02951657629,127928.15408044674,3.643325039159948,1.821662519579974,13.879144425202396,0.19437505668536112,0.24016560603033055,fourier
