nameseq,average,median,maximum,minimum,peak,none_levated_peak,sample_standard_deviation,population_standard_deviation,percentile15,percentile25,percentile50,percentile75,amplitude,variance,interquartile_range,semi_interquartile_range,coefficient_of_variation,skewness,kurtosis,label
LG14_17037484_17037773,65.75699967700466,8.078044521068348,14289.358472717191,0.003117430046367892,1.4700589616541033,26.118447637171407,837.5335976264529,838.9813663779532,1.848348027329623,3.1084722304088075,8.078044521068348,17.896167838765027,14289.355355287145,703889.7331294174,14.78769560835622,7.39384780417811,12.736797629763815,0.20660289444888016,0.23533166419852275,fourier
