nameseq,average,median,maximum,minimum,peak,none_levated_peak,sample_standard_deviation,population_standard_deviation,percentile15,percentile25,percentile50,percentile75,amplitude,variance,interquartile_range,semi_interquartile_range,coefficient_of_variation,skewness,kurtosis,label
LG14_16843553_16843697,17.913233324072966,1.7208926063191756,2233.0275920816575,0.03522493731124628,2.6981914687830177,28.493528535030034,184.61550163694616,185.2554186393726,0.28515682721581015,0.588960902946004,1.7208926063191756,3.301489863068189,2232.992367144346,34319.5701352492,2.712528960122185,1.3562644800610926,10.30609596252218,0.26312536987706503,0.22426301330076442,fourier
