nameseq,average,median,maximum,minimum,peak,none_levated_peak,sample_standard_deviation,population_standard_deviation,percentile15,percentile25,percentile50,percentile75,amplitude,variance,interquartile_range,semi_interquartile_range,coefficient_of_variation,skewness,kurtosis,label
LG14_11192568_11192847,26.122286747783786,1.624286466579663,6555.331994866889,0.04083892706468233,3.5729388561762008,53.85884170226219,390.9103840768549,391.61031370461615,0.6179919790314023,0.8937648047955356,1.624286466579663,2.8242673689266633,6555.2911559398235,153358.63779982785,1.9305025641311278,0.9652512820655639,14.964631077331685,0.1880072871872421,0.18200436032252837,fourier
