nameseq,average,median,maximum,minimum,peak,none_levated_peak,sample_standard_deviation,population_standard_deviation,percentile15,percentile25,percentile50,percentile75,amplitude,variance,interquartile_range,semi_interquartile_range,coefficient_of_variation,skewness,kurtosis,label
LG14_10889699_10891125,129.0003639240052,9.623761971624923,163740.05158627412,0.002926663724469076,3.6873280989105153,132.40777594527975,4332.674613776957,4334.193518157984,2.2733595784864504,3.7825380837897558,9.623761971624923,19.300919392242086,163740.0486596104,18785233.452842683,15.51838130845233,7.759190654226165,33.58653016149132,0.08265790482358551,0.2675520570836667,fourier
