nameseq,average,median,maximum,minimum,peak,none_levated_peak,sample_standard_deviation,population_standard_deviation,percentile15,percentile25,percentile50,percentile75,amplitude,variance,interquartile_range,semi_interquartile_range,coefficient_of_variation,skewness,kurtosis,label
LG14_3488665_3488750,12.682980559694368,1.7761605178855255,842.1092690353582,0.0843354811356013,2.260246834862094,15.56227250946529,90.0095207192618,90.53744032359111,0.5524411633009028,0.9113466995063598,1.7761605178855255,4.004061502444671,842.0249335542227,8197.028100347823,3.092714802938311,1.5463574014691555,7.096874452784846,0.3635222125832788,0.22517296862246095,fourier
