nameseq,average,median,maximum,minimum,peak,none_levated_peak,sample_standard_deviation,population_standard_deviation,percentile15,percentile25,percentile50,percentile75,amplitude,variance,interquartile_range,semi_interquartile_range,coefficient_of_variation,skewness,kurtosis,label
LG14_2115158_2115351,30.21084705305337,2.7620639550040567,4947.281167621643,0.26421681463222885,2.140511537233806,28.658052755621714,353.9856854048333,354.901561930208,0.7354000631919863,1.4241282367211818,2.7620639550040567,5.372776283341336,4947.016950807011,125955.11866050126,3.9486480466201543,1.9743240233100772,11.717171808628796,0.23262621255425373,0.21051117099586045,fourier
