nameseq,average,median,maximum,minimum,peak,none_levated_peak,sample_standard_deviation,population_standard_deviation,percentile15,percentile25,percentile50,percentile75,amplitude,variance,interquartile_range,semi_interquartile_range,coefficient_of_variation,skewness,kurtosis,label
LG14_15527238_15527462,35.28315360797866,4.625412124191447,6343.348999952193,0.05974442606517805,2.125660331650175,28.044933111862896,421.5471859612546,422.4870916675973,1.3417052562433824,1.9815150373369608,4.625412124191447,8.906754094208258,6343.289255526128,178495.34262574476,6.925239056871297,3.4626195284356487,11.947548414887981,0.21818014095298718,0.2263004464834841,fourier
