nameseq,average,median,maximum,minimum,peak,none_levated_peak,sample_standard_deviation,population_standard_deviation,percentile15,percentile25,percentile50,percentile75,amplitude,variance,interquartile_range,semi_interquartile_range,coefficient_of_variation,skewness,kurtosis,label
LG14_4606139_4606463,69.98136776863495,9.701828509454408,18341.026363553716,0.031047148726137657,1.548031094383488,29.326038130921404,1015.1613963512406,1016.72679650445,2.7070250124758624,4.621211471764667,9.701828509454408,19.11255099953191,18340.99531640499,1033733.3787302014,14.491339527767241,7.245669763883621,14.506166837256748,0.17813779998680368,0.2684704106812209,fourier
