nameseq,average,median,maximum,minimum,peak,none_levated_peak,sample_standard_deviation,population_standard_deviation,percentile15,percentile25,percentile50,percentile75,amplitude,variance,interquartile_range,semi_interquartile_range,coefficient_of_variation,skewness,kurtosis,label
LG14_7965918_7969779,323.3382602646686,18.77809403738116,1143091.6664510763,0.020203137310536048,3.9813826309314164,263.62196224384815,18391.14820965734,18393.529711539726,4.049146033261166,7.725533440553424,18.77809403738116,37.9692824194164,1143091.646247939,338321935.24929464,30.24374897886298,15.12187448943149,56.878973105760096,0.049680448891281356,0.25905791016024937,fourier
