nameseq,average,median,maximum,minimum,peak,none_levated_peak,sample_standard_deviation,population_standard_deviation,percentile15,percentile25,percentile50,percentile75,amplitude,variance,interquartile_range,semi_interquartile_range,coefficient_of_variation,skewness,kurtosis,label
LG14_14635409_14635475,13.17186328619657,1.4196029613796894,706.4148319112697,0.18629061503878624,1.6955333386080242,12.19339999019292,85.3694260297797,86.0137327252492,0.5383531565206074,0.9416509682268814,1.4196029613796894,4.451976368931333,706.2285412962309,7398.362217330604,3.5103254007044513,1.7551627003522257,6.481195877521932,0.41299072295685696,0.24750616247411295,fourier
