nameseq,average,median,maximum,minimum,peak,none_levated_peak,sample_standard_deviation,population_standard_deviation,percentile15,percentile25,percentile50,percentile75,amplitude,variance,interquartile_range,semi_interquartile_range,coefficient_of_variation,skewness,kurtosis,label
LG14_2758522_2758716,32.32954539763752,2.8861356961509554,5352.156196808298,0.003357440905950372,2.0105448190047817,28.461565517802754,381.9774574823034,382.96067006754936,0.614748894962116,1.1346603328778238,2.8861356961509554,6.525768502754746,5352.152839367392,146658.8748185864,5.391108169876922,2.695554084938461,11.81511997104099,0.23124461240897162,0.2110875253403728,fourier
