nameseq,average,median,maximum,minimum,peak,none_levated_peak,sample_standard_deviation,population_standard_deviation,percentile15,percentile25,percentile50,percentile75,amplitude,variance,interquartile_range,semi_interquartile_range,coefficient_of_variation,skewness,kurtosis,label
LG14_3254527_3254966,58.16216344436887,5.2954554179111675,22419.291304045306,0.011581595936242237,2.521685198435764,53.533290812571146,1067.2592376252596,1068.4741034000467,1.2458322199651954,2.0833602837981355,5.2954554179111675,10.541541890165693,22419.27972244937,1141636.9096365336,8.458181606367557,4.229090803183778,18.34971697100083,0.14860506097119527,0.2654223151475937,fourier
