nameseq,average,median,maximum,minimum,peak,none_levated_peak,sample_standard_deviation,population_standard_deviation,percentile15,percentile25,percentile50,percentile75,amplitude,variance,interquartile_range,semi_interquartile_range,coefficient_of_variation,skewness,kurtosis,label
LG14_12962003_12962346,26.641893491734212,1.2209522089222302,8616.043639893733,0.01902297919845185,4.303998388937431,81.3227313578262,463.78634175816734,464.46192309480693,0.33108832352895995,0.5387884551020912,1.2209522089222302,2.3391887385954933,8616.024616914534,215724.87800492637,1.800400283493402,0.900200141746701,17.40815989306689,0.1644352517138199,0.30571233394731573,fourier
