nameseq,average,median,maximum,minimum,peak,none_levated_peak,sample_standard_deviation,population_standard_deviation,percentile15,percentile25,percentile50,percentile75,amplitude,variance,interquartile_range,semi_interquartile_range,coefficient_of_variation,skewness,kurtosis,label
LG14_7252293_7253283,79.88805869055646,2.8490751727229346,74925.55789269059,0.00034906795553624355,4.134952566726746,158.70989888054643,2378.756339537042,2379.9574283990028,0.5958330988383421,1.125656659524855,2.8490751727229346,5.687398852970332,74925.55754362264,5664197.360991594,4.561742193445477,2.2808710967227386,29.776118966053108,0.09715873236452667,0.2285949700657708,fourier
