nameseq,average,median,maximum,minimum,peak,none_levated_peak,sample_standard_deviation,population_standard_deviation,percentile15,percentile25,percentile50,percentile75,amplitude,variance,interquartile_range,semi_interquartile_range,coefficient_of_variation,skewness,kurtosis,label
LG14_3938514_3939109,49.88527535581432,2.9202837773629304,27041.44487073624,0.02940628037063594,3.9824710848972247,93.28734548047761,1106.556496939724,1107.4859859712624,0.5916202738250996,1.180701902178881,2.9202837773629304,6.5713776300670155,27041.41546445587,1226525.2091227393,5.3906757278881345,2.6953378639440673,22.1820264406088,0.12732741177247722,0.2805378618798761,fourier
