nameseq,average,median,maximum,minimum,peak,none_levated_peak,sample_standard_deviation,population_standard_deviation,percentile15,percentile25,percentile50,percentile75,amplitude,variance,interquartile_range,semi_interquartile_range,coefficient_of_variation,skewness,kurtosis,label
LG14_11193692_11194088,64.36044811816055,5.161013906602304,22578.8600341064,0.008957416327599983,2.0561282154278993,47.713846607369724,1131.423599338004,1132.8512637536778,1.1368750818602402,2.1146031114524573,5.161013906602304,9.710892355858096,22578.851076690073,1283351.9857883046,7.596289244405639,3.7981446222028197,17.579486041812547,0.15696888657668756,0.21747213893366854,fourier
