nameseq,average,median,maximum,minimum,peak,none_levated_peak,sample_standard_deviation,population_standard_deviation,percentile15,percentile25,percentile50,percentile75,amplitude,variance,interquartile_range,semi_interquartile_range,coefficient_of_variation,skewness,kurtosis,label
LG14_12951201_12951415,34.51687767460805,3.7791835929814765,6169.533990441432,0.005321931321220234,2.076278953799678,28.929578164736927,419.4433463064615,420.4222119231282,1.1247692399573281,1.7354704271320438,3.7791835929814765,8.206903666661013,6169.528668510111,176754.83627833574,6.471433239528969,3.2357166197644847,12.151833380196502,0.2198463345691155,0.2741907267855563,fourier
