nameseq,average,median,maximum,minimum,peak,none_levated_peak,sample_standard_deviation,population_standard_deviation,percentile15,percentile25,percentile50,percentile75,amplitude,variance,interquartile_range,semi_interquartile_range,coefficient_of_variation,skewness,kurtosis,label
LG14_5082465_5082651,29.622105625768302,1.9489093005792635,4984.068608419122,0.007687813351704924,2.104284351721084,33.44222263774155,363.29443471411724,364.26972354202087,0.4490682885726321,0.7706406768434066,1.9489093005792635,3.7934495326464184,4984.060920605771,132692.43148938034,3.022808855803012,1.511404427901506,12.264301508603326,0.22851874689711854,0.23906152551150295,fourier
