nameseq,average,median,maximum,minimum,peak,none_levated_peak,sample_standard_deviation,population_standard_deviation,percentile15,percentile25,percentile50,percentile75,amplitude,variance,interquartile_range,semi_interquartile_range,coefficient_of_variation,skewness,kurtosis,label
LG14_5311011_5311141,26.58159084410405,2.5802345172073218,2827.463392376752,0.02387937291757499,1.6427409075236814,18.96193934476028,245.74025374462386,246.6835979186519,0.5914225684244006,0.9853262073098958,2.5802345172073218,7.711082839498144,2827.4395130038342,60852.797482091126,6.725756632188248,3.362878316094124,9.244753453088775,0.293008849317449,0.3250682804853949,fourier
