nameseq,average,median,maximum,minimum,peak,none_levated_peak,sample_standard_deviation,population_standard_deviation,percentile15,percentile25,percentile50,percentile75,amplitude,variance,interquartile_range,semi_interquartile_range,coefficient_of_variation,skewness,kurtosis,label
LG14_9975220_9975319,22.632911079225224,2.545824672400511,1827.6196009929579,0.10882423160436802,1.4727815267179678,14.729752016676676,181.47754254580062,182.39179287884212,0.8608449298787397,1.4900126507192653,2.545824672400511,4.944883033201966,1827.5107767613536,33266.76610955844,3.454870382482701,1.7274351912413506,8.018303165268875,0.33205904364318595,0.14152330505950816,fourier
