nameseq,average,median,maximum,minimum,peak,none_levated_peak,sample_standard_deviation,population_standard_deviation,percentile15,percentile25,percentile50,percentile75,amplitude,variance,interquartile_range,semi_interquartile_range,coefficient_of_variation,skewness,kurtosis,label
LG14_12197093_12197181,28.44700218624018,4.891750468196169,1681.7285445385266,0.01421203659034637,1.0428749740461736,10.280888520005343,177.62318222492115,178.62955391707533,0.9961266768631434,1.9153553687097138,4.891750468196169,9.187508895468719,1681.7143325019363,31908.51753261332,7.272153526759006,3.636076763379503,6.244003535488091,0.39784083512617857,0.20989076912380497,fourier
