nameseq,average,median,maximum,minimum,peak,none_levated_peak,sample_standard_deviation,population_standard_deviation,percentile15,percentile25,percentile50,percentile75,amplitude,variance,interquartile_range,semi_interquartile_range,coefficient_of_variation,skewness,kurtosis,label
LG14_6827717_6828101,49.57766218114348,4.922883414329043,16480.548171115643,0.03172788454941243,2.58853136044289,49.13584049199853,838.5246102642855,839.6157292818319,0.9327450023317296,1.7608751535884255,4.922883414329043,9.43297468782868,16480.516443231092,704954.5728574626,7.672099534240255,3.8360497671201275,16.91335519614744,0.15976196125981387,0.25777506626423974,fourier
