nameseq,average,median,maximum,minimum,peak,none_levated_peak,sample_standard_deviation,population_standard_deviation,percentile15,percentile25,percentile50,percentile75,amplitude,variance,interquartile_range,semi_interquartile_range,coefficient_of_variation,skewness,kurtosis,label
LG14_4258510_4259322,71.87294358094539,4.8685980910011155,52270.81870327306,0.033502280072169426,3.770542661784708,102.79144405467501,1831.866162081232,1832.9938114106044,1.1042591262070032,1.9908271138123084,4.8685980910011155,9.586730333019771,52270.785200992985,3359866.3126695743,7.595903219207463,3.7979516096037313,25.487562785266075,0.10973128967099678,0.25619818759413276,fourier
