nameseq,average,median,maximum,minimum,peak,none_levated_peak,sample_standard_deviation,population_standard_deviation,percentile15,percentile25,percentile50,percentile75,amplitude,variance,interquartile_range,semi_interquartile_range,coefficient_of_variation,skewness,kurtosis,label
LG14_17134717_17134916,33.14908891404709,4.077386086195709,5258.4712198248735,0.0073572365972779845,2.0111161075807527,25.759723820210805,370.51440583816594,371.4441799621416,1.0204360339248364,1.500971578408438,4.077386086195709,8.39215346695823,5258.463862588276,137970.77882774782,6.891181888549792,3.445590944274896,11.177212345077715,0.2353892510232062,0.18292073799758382,fourier
