nameseq,average,median,maximum,minimum,peak,none_levated_peak,sample_standard_deviation,population_standard_deviation,percentile15,percentile25,percentile50,percentile75,amplitude,variance,interquartile_range,semi_interquartile_range,coefficient_of_variation,skewness,kurtosis,label
LG14_14307477_14308635,115.38435731373713,10.09610570320285,115166.07271249546,0.027111496490204945,3.3482297109206005,103.33220780985967,3381.0023155697054,3382.461846099837,2.0854782750312095,4.105728529176808,10.09610570320285,20.83461066689285,115166.04560099897,11441048.140321119,16.72888213771604,8.36444106885802,29.30208560573383,0.09342340683324228,0.24745541313723654,fourier
