nameseq,average,median,maximum,minimum,peak,none_levated_peak,sample_standard_deviation,population_standard_deviation,percentile15,percentile25,percentile50,percentile75,amplitude,variance,interquartile_range,semi_interquartile_range,coefficient_of_variation,skewness,kurtosis,label
LG14_12607049_12607111,18.145719112923935,1.9869645115943793,973.9824600400859,0.050253904100311435,1.157297755427238,10.761666010795746,121.41712562535021,122.39237924915588,0.5005588890900088,0.7657409201686035,1.9869645115943793,4.105923857275139,973.9322061359857,14979.894498269205,3.340182937106535,1.6700914685532675,6.691226997935465,0.399253923648045,0.2859928751234963,fourier
