nameseq,average,median,maximum,minimum,peak,none_levated_peak,sample_standard_deviation,population_standard_deviation,percentile15,percentile25,percentile50,percentile75,amplitude,variance,interquartile_range,semi_interquartile_range,coefficient_of_variation,skewness,kurtosis,label
LG14_7629221_7629733,77.6014969209877,7.046377733544119,34089.36333069177,0.1432634198951866,2.203565740157162,52.53120322922331,1503.2169401291408,1504.6842093316784,1.8392915366276448,2.8849751656813427,7.046377733544119,14.637756107073287,34089.220067271875,2264074.569812098,11.752780941391944,5.876390470695972,19.370978650833067,0.14080825721944476,0.2452239288957997,fourier
