nameseq,average,median,maximum,minimum,peak,none_levated_peak,sample_standard_deviation,population_standard_deviation,percentile15,percentile25,percentile50,percentile75,amplitude,variance,interquartile_range,semi_interquartile_range,coefficient_of_variation,skewness,kurtosis,label
LG14_17189556_17191253,144.40688682118574,9.54749329595547,222651.29248117635,0.019934342424007455,3.919480659539867,159.71171713495534,5401.366398595326,5402.95760982401,2.5405845964554272,4.240913810037933,9.54749329595547,18.626709791882945,222651.27254683393,29191950.93355519,14.385795981845012,7.192897990922506,37.40380059078248,0.07490293209527592,0.2519384504649307,fourier
