nameseq,average,median,maximum,minimum,peak,none_levated_peak,sample_standard_deviation,population_standard_deviation,percentile15,percentile25,percentile50,percentile75,amplitude,variance,interquartile_range,semi_interquartile_range,coefficient_of_variation,skewness,kurtosis,label
LG14_6359646_6361075,173.66462270934358,15.987092410346868,208004.77779166514,0.0554789792727153,2.744753993243904,101.15223837642417,5498.785746114217,5500.709407445098,3.727717702251339,6.803269678851696,15.987092410346868,33.80215436195687,208004.72231268586,30257803.985154998,26.998884683105178,13.499442341552589,31.663246436306967,0.08602491763409119,0.24686781453556522,fourier
