nameseq,average,median,maximum,minimum,peak,none_levated_peak,sample_standard_deviation,population_standard_deviation,percentile15,percentile25,percentile50,percentile75,amplitude,variance,interquartile_range,semi_interquartile_range,coefficient_of_variation,skewness,kurtosis,label
LG14_7261661_7262058,36.477615954175995,2.5594051434495633,12830.792719923744,0.01934018715175543,3.6369335878015034,64.4196836931707,642.1524204135023,642.9606679585992,0.5895277345375676,0.9917872996224153,2.5594051434495633,5.395424138795606,12830.773379736593,413398.4205417681,4.403636839173191,2.2018184195865955,17.604012861481646,0.1584586917334303,0.22607806745914474,fourier
