nameseq,average,median,maximum,minimum,peak,none_levated_peak,sample_standard_deviation,population_standard_deviation,percentile15,percentile25,percentile50,percentile75,amplitude,variance,interquartile_range,semi_interquartile_range,coefficient_of_variation,skewness,kurtosis,label
LG14_3895658_3895851,34.46707384012619,5.547451552655506,4957.020911020259,0.11403739981327347,1.8761867330722588,22.36085281059007,354.57902073195646,355.49643240951445,0.8887063455770369,2.0797367881239825,5.547451552655506,11.506664371023689,4956.906873620445,126377.71345589249,9.426927582899706,4.713463791449853,10.287470946232734,0.24468133135264453,0.2654807383349732,fourier
