nameseq,average,median,maximum,minimum,peak,none_levated_peak,sample_standard_deviation,population_standard_deviation,percentile15,percentile25,percentile50,percentile75,amplitude,variance,interquartile_range,semi_interquartile_range,coefficient_of_variation,skewness,kurtosis,label
LG14_1547843_1566515,1339.6500748056626,31.54047991551839,24129838.035030592,0.002722686929964222,4.646238185920507,994.3015086993845,176577.32224304223,176582.0505784671,7.505991057372959,12.98558261889224,31.54047991551839,62.16060140836457,24129838.032307904,31181220586.496315,49.17501878947233,24.587509394736166,131.8085413227462,0.022224421204377308,0.2474314516234704,fourier
