nameseq,average,median,maximum,minimum,peak,none_levated_peak,sample_standard_deviation,population_standard_deviation,percentile15,percentile25,percentile50,percentile75,amplitude,variance,interquartile_range,semi_interquartile_range,coefficient_of_variation,skewness,kurtosis,label
LG14_1891522_1891590,18.052344083780707,0.7619985097457498,1161.7685702776962,0.08283850012232535,1.2740727682375919,15.501821100641902,138.70039868076697,139.71653240211558,0.30208447033463004,0.41918130613302595,0.7619985097457498,1.83266200445955,1161.685731777574,19520.709426471407,1.413480698326524,0.706740349163262,7.683234821863583,0.3739790023350353,0.30861743804368563,fourier
