nameseq,average,median,maximum,minimum,peak,none_levated_peak,sample_standard_deviation,population_standard_deviation,percentile15,percentile25,percentile50,percentile75,amplitude,variance,interquartile_range,semi_interquartile_range,coefficient_of_variation,skewness,kurtosis,label
LG14_11116007_11124702,838.12840294744,62.54001142736513,6377819.053473167,0.015380133634302974,3.458499504936173,325.25699050162046,68388.57115002871,68392.50367475236,14.37461434964102,25.87121345168328,62.54001142736513,127.51711574823531,6377819.038093033,4677534558.901014,101.64590229655204,50.82295114827602,81.59677074482516,0.034022719519257685,0.24638996856677234,fourier
