nameseq,average,median,maximum,minimum,peak,none_levated_peak,sample_standard_deviation,population_standard_deviation,percentile15,percentile25,percentile50,percentile75,amplitude,variance,interquartile_range,semi_interquartile_range,coefficient_of_variation,skewness,kurtosis,label
LG14_16807435_16807578,29.125617203127224,2.124360646506904,3357.790667000918,0.013535212576849833,1.6480337451817582,23.326636633558543,279.57203653848694,280.54785813206416,0.39834933363696834,1.024514609162568,2.124360646506904,3.446441501724262,3357.777131788341,78707.10070248881,2.421926892561694,1.210963446280847,9.598836467179456,0.2897420309727925,0.1686362278847375,fourier
