nameseq,average,median,maximum,minimum,peak,none_levated_peak,sample_standard_deviation,population_standard_deviation,percentile15,percentile25,percentile50,percentile75,amplitude,variance,interquartile_range,semi_interquartile_range,coefficient_of_variation,skewness,kurtosis,label
LG14_15520230_15520533,42.682763174364474,4.2155086108007405,11283.556330018588,0.04184829871906697,2.374104340887535,41.274088211964795,645.7935428213931,646.8583309192777,0.9429114503109953,1.704812429220613,4.2155086108007405,7.296210155715105,11283.514481719869,418425.7002796738,5.591397726494492,2.795698863247246,15.130078157856017,0.17869761160279646,0.2327947797323967,fourier
