nameseq,average,median,maximum,minimum,peak,none_levated_peak,sample_standard_deviation,population_standard_deviation,percentile15,percentile25,percentile50,percentile75,amplitude,variance,interquartile_range,semi_interquartile_range,coefficient_of_variation,skewness,kurtosis,label
LG14_1157477_1158517,125.08064988816524,13.243166947142031,107829.96733755169,0.05210216029569138,2.77421008213703,82.60828592403702,3340.263407826775,3341.8689178487434,2.664960979459172,5.308870659537238,13.243166947142031,25.629555794143958,107829.9152353914,11168087.864083532,20.32068513460672,10.16034256730336,26.70487729967272,0.10044490743960788,0.25551813570942344,fourier
