nameseq,average,median,maximum,minimum,peak,none_levated_peak,sample_standard_deviation,population_standard_deviation,percentile15,percentile25,percentile50,percentile75,amplitude,variance,interquartile_range,semi_interquartile_range,coefficient_of_variation,skewness,kurtosis,label
LG14_13365790_13366006,58.12640755984966,6.511930214225338,10477.926173091713,0.04182314072620735,1.2444143096036953,22.52509324737142,709.0873254835852,710.7268359392717,1.9804702289047709,2.6469483569276,6.511930214225338,12.77575898160883,10477.884349950988,505132.6353242485,10.128810624681229,5.0644053123406145,12.19905642290857,0.21837004621577807,0.2439231139304514,fourier
