nameseq,average,median,maximum,minimum,peak,none_levated_peak,sample_standard_deviation,population_standard_deviation,percentile15,percentile25,percentile50,percentile75,amplitude,variance,interquartile_range,semi_interquartile_range,coefficient_of_variation,skewness,kurtosis,label
LG14_13142827_13143070,19.216797242884226,0.8160838746455437,4355.883568909159,0.004738236433176965,4.232408361567648,63.84636390294892,278.20137830388666,278.77322141150876,0.1442076301876372,0.2719376759551774,0.8160838746455437,1.8274125127194505,4355.8788306727265,77714.50897615009,1.555474836764273,0.7777374183821365,14.476989832782966,0.19842511363986595,0.231080012514656,fourier
