nameseq,average,median,maximum,minimum,peak,none_levated_peak,sample_standard_deviation,population_standard_deviation,percentile15,percentile25,percentile50,percentile75,amplitude,variance,interquartile_range,semi_interquartile_range,coefficient_of_variation,skewness,kurtosis,label
LG14_2052494_2052668,26.70369847873681,2.340381899241844,3970.02847110108,0.01704675813282544,2.1844664468400157,27.74814160716232,298.97331373771055,299.831201623713,0.6029857002149118,0.9555646383611598,2.340381899241844,5.400958911348266,3970.011424342947,89898.74946711963,4.445394272987107,2.2226971364935535,11.195951526181746,0.2444698117859668,0.23718710853255315,fourier
