nameseq,average,median,maximum,minimum,peak,none_levated_peak,sample_standard_deviation,population_standard_deviation,percentile15,percentile25,percentile50,percentile75,amplitude,variance,interquartile_range,semi_interquartile_range,coefficient_of_variation,skewness,kurtosis,label
LG14_9604339_9604480,17.10405376294224,1.9409152058273544,2058.892055262201,0.00701121417829871,2.7673751491524228,26.713825652631048,171.96611398513676,172.5748454957049,0.5650146185175524,0.9056860316936585,1.9409152058273544,3.667424617842738,2058.885044048023,29782.07729786641,2.7617385861490793,1.3808692930745396,10.054114443777049,0.26452546154108225,0.25190676027654485,fourier
