nameseq,average,median,maximum,minimum,peak,none_levated_peak,sample_standard_deviation,population_standard_deviation,percentile15,percentile25,percentile50,percentile75,amplitude,variance,interquartile_range,semi_interquartile_range,coefficient_of_variation,skewness,kurtosis,label
LG14_12490317_12490364,9.535504301003096,1.0161114718421438,365.06984957745135,0.23621877336073577,1.677939571409649,9.907268787197236,51.90046774757462,52.44969434144505,0.3734224494356521,0.6686331779329191,1.0161114718421438,3.5296375658739314,364.8336308040906,2750.9704365110133,2.861004387941012,1.430502193970506,5.442865538020355,0.49244601439410385,0.30614992133150953,fourier
