nameseq,average,median,maximum,minimum,peak,none_levated_peak,sample_standard_deviation,population_standard_deviation,percentile15,percentile25,percentile50,percentile75,amplitude,variance,interquartile_range,semi_interquartile_range,coefficient_of_variation,skewness,kurtosis,label
LG14_4710796_4711195,44.93142344478432,4.441175530389148,15149.812111042225,0.007288054169252786,2.9674851832189346,50.13660817103464,756.2236131404057,757.1706687565181,1.3352398669981305,1.9999860106928504,4.441175530389148,9.555931475348597,15149.804822988057,573307.421625193,7.555945464655746,3.777972732327873,16.83061775395831,0.16062807565443268,0.23123812555464213,fourier
