nameseq,average,median,maximum,minimum,peak,none_levated_peak,sample_standard_deviation,population_standard_deviation,percentile15,percentile25,percentile50,percentile75,amplitude,variance,interquartile_range,semi_interquartile_range,coefficient_of_variation,skewness,kurtosis,label
LG14_10919721_10928495,781.1451935837696,49.43367367915494,6224162.846518323,0.040325191794537564,3.7445023332737497,375.8035093827864,66439.73476331601,66443.52082678681,11.474184400951403,20.47291375406915,49.43367367915494,99.69662260171188,6224162.806193131,4414741459.8596525,79.22370884764273,39.61185442382136,85.05427071566696,0.033039484090864615,0.24881199722648809,fourier
