nameseq,average,median,maximum,minimum,peak,none_levated_peak,sample_standard_deviation,population_standard_deviation,percentile15,percentile25,percentile50,percentile75,amplitude,variance,interquartile_range,semi_interquartile_range,coefficient_of_variation,skewness,kurtosis,label
LG14_14139814_14140368,56.12809084055848,4.28189905276347,26808.444935940126,0.0025529764041281847,3.296032293803194,68.94369461585505,1136.6527638144553,1137.678161193768,1.1894579614059877,2.1044269705139165,4.28189905276347,9.361491127533819,26808.442382963724,1294311.5984572326,7.257064157019903,3.6285320785099513,20.251049818232968,0.13683913004479772,0.22565456655123148,fourier
