nameseq,average,median,maximum,minimum,peak,none_levated_peak,sample_standard_deviation,population_standard_deviation,percentile15,percentile25,percentile50,percentile75,amplitude,variance,interquartile_range,semi_interquartile_range,coefficient_of_variation,skewness,kurtosis,label
LG14_15096186_15096805,68.01702164287198,4.8015302580207955,37741.42451481207,0.05713606991445745,3.03845510542617,77.56673869598303,1514.2417294047611,1515.4643712909979,1.0869258846636114,2.1189031667394587,4.8015302580207955,9.489041227378715,37741.36737874215,2296632.2606524196,7.370138060639256,3.685069030319628,22.262687968835078,0.12524187550233631,0.24560892399835219,fourier
