nameseq,average,median,maximum,minimum,peak,none_levated_peak,sample_standard_deviation,population_standard_deviation,percentile15,percentile25,percentile50,percentile75,amplitude,variance,interquartile_range,semi_interquartile_range,coefficient_of_variation,skewness,kurtosis,label
LG14_2437222_2437302,18.561724749058712,2.8250508880163365,1245.7953652500726,0.07646852538546747,1.4546062052433573,13.266101983767868,137.23550456529486,138.0905627105169,0.5580712409297712,1.3921283059010898,2.8250508880163365,4.22841830007913,1245.718896724687,19069.003509707203,2.83628999417804,1.41814499708902,7.393467278532629,0.34400734513032094,0.18451550322023647,fourier
