nameseq,average,median,maximum,minimum,peak,none_levated_peak,sample_standard_deviation,population_standard_deviation,percentile15,percentile25,percentile50,percentile75,amplitude,variance,interquartile_range,semi_interquartile_range,coefficient_of_variation,skewness,kurtosis,label
LG14_1433746_1433954,29.572509636540385,3.5696165549873675,5137.557938147555,0.06464394280862679,2.3557914942932388,30.408973048678263,354.2191274073662,355.0695947237661,0.6865389348960675,1.0690893097923417,3.5696165549873675,7.6012424592414325,5137.493294204747,126074.41709729952,6.5321531494490905,3.2660765747245453,11.977986709984396,0.22022717919167006,0.3097587053016662,fourier
