nameseq,average,median,maximum,minimum,peak,none_levated_peak,sample_standard_deviation,population_standard_deviation,percentile15,percentile25,percentile50,percentile75,amplitude,variance,interquartile_range,semi_interquartile_range,coefficient_of_variation,skewness,kurtosis,label
LG14_181312_181629,23.645132929472314,0.8615998551513786,7116.3063256683145,0.007728667095398076,4.482952171010086,84.1154942665803,398.36569558291086,398.99353788829313,0.18657974426045862,0.36631922812203255,0.8615998551513786,1.7036430164521001,7116.298597001219,159195.84327661683,1.3373237883300675,0.6686618941650337,16.84768264027692,0.17157752281593527,0.2692392955612249,fourier
