nameseq,average,median,maximum,minimum,peak,none_levated_peak,sample_standard_deviation,population_standard_deviation,percentile15,percentile25,percentile50,percentile75,amplitude,variance,interquartile_range,semi_interquartile_range,coefficient_of_variation,skewness,kurtosis,label
LG14_9100569_9101335,89.29690002152351,8.694892721930694,54678.822932150004,0.019531244150854693,2.863107975809267,69.34689850225863,1973.0041466802916,1974.2915883485687,1.8594156463420417,3.3674728639103613,8.694892721930694,16.949973153864992,54678.803400905854,3897827.2758239144,13.58250028995463,6.791250144977315,22.09487839112816,0.12255728012819075,0.2023713004770086,fourier
