nameseq,average,median,maximum,minimum,peak,none_levated_peak,sample_standard_deviation,population_standard_deviation,percentile15,percentile25,percentile50,percentile75,amplitude,variance,interquartile_range,semi_interquartile_range,coefficient_of_variation,skewness,kurtosis,label
LG14_7492832_7493036,32.32332898703412,3.432654127158051,5682.57085315898,0.0562630115444732,2.114056177838116,30.601921582668595,395.62370548066616,396.59218601300967,0.5321141261527245,1.0108376067312805,3.432654127158051,6.429520626812788,5682.514590147435,157285.36200657763,5.418683020081507,2.7093415100407534,12.239571785423557,0.21907692430696316,0.2433400636005161,fourier
