nameseq,average,median,maximum,minimum,peak,none_levated_peak,sample_standard_deviation,population_standard_deviation,percentile15,percentile25,percentile50,percentile75,amplitude,variance,interquartile_range,semi_interquartile_range,coefficient_of_variation,skewness,kurtosis,label
LG14_16414119_16414375,46.65711995871015,4.967669412291063,9552.818498713397,0.015532768127542406,1.8360898988724241,29.093703825841004,594.4367762887624,595.5966540283368,1.4100293763676075,2.2224866582440725,4.967669412291063,12.108442889799914,9552.80296594527,354735.3742897504,9.885956231555841,4.942978115777921,12.740537281658561,0.21039807197006632,0.28402689744279425,fourier
