nameseq,average,median,maximum,minimum,peak,none_levated_peak,sample_standard_deviation,population_standard_deviation,percentile15,percentile25,percentile50,percentile75,amplitude,variance,interquartile_range,semi_interquartile_range,coefficient_of_variation,skewness,kurtosis,label
LG14_7381295_7381531,44.84777429985888,4.4971625276488965,9073.479671098448,0.030338157610689764,1.7615143947120826,30.003532129385075,587.7575775999034,589.0015103725392,1.133782735841261,1.715777816564662,4.4971625276488965,8.838492317781402,9073.449332940838,346922.77922113246,7.122714501216739,3.5613572506083697,13.105613082827007,0.20595538012617848,0.23265041346785634,fourier
