nameseq,average,median,maximum,minimum,peak,none_levated_peak,sample_standard_deviation,population_standard_deviation,percentile15,percentile25,percentile50,percentile75,amplitude,variance,interquartile_range,semi_interquartile_range,coefficient_of_variation,skewness,kurtosis,label
LG14_1757643_1757692,10.71600365438429,0.9205993552116359,474.79661795729476,0.2732189951485137,1.5553061760899787,11.41023880157611,66.30373356151352,66.97688517047469,0.4450873977612433,0.5813469452882015,0.9205993552116359,1.7240443667354646,474.52339896214625,4485.903147138953,1.142697421447263,0.5713487107236315,6.187356378362783,0.4432060054394192,0.2473640681663709,fourier
