nameseq,average,median,maximum,minimum,peak,none_levated_peak,sample_standard_deviation,population_standard_deviation,percentile15,percentile25,percentile50,percentile75,amplitude,variance,interquartile_range,semi_interquartile_range,coefficient_of_variation,skewness,kurtosis,label
LG14_7895338_7895649,25.591987052862528,1.5455635490140507,7272.684595410016,0.017448318676521232,4.063771983987751,65.65813531822741,410.9556804570658,411.61585065043613,0.3231547132354298,0.6149244674109087,1.5455635490140507,3.028433407119639,7272.66714709134,169427.60850668215,2.4135089397087306,1.2067544698543653,16.057982508673526,0.1755402685547794,0.2611468734956922,fourier
