nameseq,average,median,maximum,minimum,peak,none_levated_peak,sample_standard_deviation,population_standard_deviation,percentile15,percentile25,percentile50,percentile75,amplitude,variance,interquartile_range,semi_interquartile_range,coefficient_of_variation,skewness,kurtosis,label
LG14_13272145_13272587,53.61739101051295,4.554455276131719,20902.88313224674,0.017170943013625668,2.754081537419699,57.66357539960641,991.718258140222,992.839477557824,0.9587581636246424,1.5062898785811345,4.554455276131719,9.672522102630566,20902.865961303727,985730.228197293,8.166232224049432,4.083116112024716,18.49620504559374,0.1484179664889584,0.29109251928947305,fourier
