nameseq,average,median,maximum,minimum,peak,none_levated_peak,sample_standard_deviation,population_standard_deviation,percentile15,percentile25,percentile50,percentile75,amplitude,variance,interquartile_range,semi_interquartile_range,coefficient_of_variation,skewness,kurtosis,label
LG14_15365863_15366132,25.35590122750642,1.8051849630545198,6084.269815543277,0.014140652570788212,3.5494695768244595,52.12662234652496,369.4395872952969,370.1256409731099,0.38628208430739863,0.7408359675679388,1.8051849630545198,3.4466729409439183,6084.255674890706,136992.99010575542,2.7058369733759795,1.3529184866879898,14.57016195088045,0.1912414132730251,0.26499937820462566,fourier
