nameseq,average,median,maximum,minimum,peak,none_levated_peak,sample_standard_deviation,population_standard_deviation,percentile15,percentile25,percentile50,percentile75,amplitude,variance,interquartile_range,semi_interquartile_range,coefficient_of_variation,skewness,kurtosis,label
LG14_4924347_4924532,17.468033595424718,1.3386447107303034,2876.1418069414794,0.0022578943933438686,3.5493405517744847,40.17668439178201,210.1832103766291,210.75050752279108,0.42708658487201273,0.6090228499988308,1.3386447107303034,2.956487571641701,2876.139549047086,44415.77642111402,2.3474647216428703,1.1737323608214352,12.032448256321246,0.23021899117144548,0.2856346590210415,fourier
