nameseq,average,median,maximum,minimum,peak,none_levated_peak,sample_standard_deviation,population_standard_deviation,percentile15,percentile25,percentile50,percentile75,amplitude,variance,interquartile_range,semi_interquartile_range,coefficient_of_variation,skewness,kurtosis,label
LG14_12824545_12825440,89.60748889431254,9.289849861864838,68475.10267731811,0.010904668813055995,3.333054751918434,85.75953973621314,2285.9268152524933,2287.203512819353,2.1401847907482585,3.7142870210941457,9.289849861864838,17.3071403213998,68475.09177264929,5231299.909053187,13.592853300305654,6.796426650152827,25.510443864224644,0.1054071003015591,0.2515979901534576,fourier
