nameseq,average,median,maximum,minimum,peak,none_levated_peak,sample_standard_deviation,population_standard_deviation,percentile15,percentile25,percentile50,percentile75,amplitude,variance,interquartile_range,semi_interquartile_range,coefficient_of_variation,skewness,kurtosis,label
LG14_17213347_17213877,71.5029767485721,7.3818189088145605,32181.327624396483,0.11487249528240753,2.475421416682973,54.147071032110595,1394.8035976938927,1396.1188300442914,1.8977089371347757,3.2183469087873413,7.3818189088145605,14.16938181590825,32181.2127519012,1949147.7876042407,10.95103490712091,5.475517453560455,19.506930496033466,0.13791438008714485,0.23369497850170293,fourier
