nameseq,average,median,maximum,minimum,peak,none_levated_peak,sample_standard_deviation,population_standard_deviation,percentile15,percentile25,percentile50,percentile75,amplitude,variance,interquartile_range,semi_interquartile_range,coefficient_of_variation,skewness,kurtosis,label
LG14_7097911_7098108,20.35470396595947,2.484853512051812,3372.054112636225,0.003810180621185313,3.2424937307059936,34.560163338004955,238.8275631927036,239.4329572265543,0.735242046459775,0.9893658711891179,2.484853512051812,4.273917756755891,3372.0503024556037,57328.14100625297,3.284551885566773,1.6422759427833864,11.733286005638346,0.22446969958181442,0.2755306834015573,fourier
