nameseq,average,median,maximum,minimum,peak,none_levated_peak,sample_standard_deviation,population_standard_deviation,percentile15,percentile25,percentile50,percentile75,amplitude,variance,interquartile_range,semi_interquartile_range,coefficient_of_variation,skewness,kurtosis,label
LG14_10342414_10345964,296.7472107890587,15.756039953275941,961968.5774359972,0.0034896883483222126,3.988804691775419,254.54289936320941,16140.394896373933,16142.668031361101,3.6447949030015625,6.443645704856941,15.756039953275941,32.5529856801889,961968.5739463088,260585731.1707277,26.109339975331956,13.054669987665978,54.39105848191865,0.052227564314224366,0.22894899565758456,fourier
