nameseq,average,median,maximum,minimum,peak,none_levated_peak,sample_standard_deviation,population_standard_deviation,percentile15,percentile25,percentile50,percentile75,amplitude,variance,interquartile_range,semi_interquartile_range,coefficient_of_variation,skewness,kurtosis,label
LG14_16070189_16070401,31.70385289088416,2.7114408353793142,5546.374122520586,0.09318749752594618,2.239475443075081,31.28574201566057,379.0559196879933,379.9488677326394,0.754275374671841,0.9992434961429247,2.7114408353793142,6.608318579363109,5546.28093502306,144361.14209131474,5.609075083220184,2.804537541610092,11.956146812584524,0.229457532909938,0.2690513959021413,fourier
