nameseq,average,median,maximum,minimum,peak,none_levated_peak,sample_standard_deviation,population_standard_deviation,percentile15,percentile25,percentile50,percentile75,amplitude,variance,interquartile_range,semi_interquartile_range,coefficient_of_variation,skewness,kurtosis,label
LG14_10674383_10674566,18.690798781359177,1.4177677443726293,3113.14307346616,0.09665850473866637,3.281472025395869,40.30207586651708,228.7533528321837,229.37751048022866,0.4809121710342878,0.692923558055742,1.4177677443726293,2.495990414444692,3113.0464149614213,52614.04231410741,1.8030668563889498,0.9015334281944749,12.238821652733504,0.2265282343160879,0.2585599651256011,fourier
