nameseq,average,median,maximum,minimum,peak,none_levated_peak,sample_standard_deviation,population_standard_deviation,percentile15,percentile25,percentile50,percentile75,amplitude,variance,interquartile_range,semi_interquartile_range,coefficient_of_variation,skewness,kurtosis,label
LG14_5711633_5711912,36.239201179154065,3.643712545852456,8649.487221676784,0.0009810109070111047,2.5754798752854855,39.81653527005684,515.6914344923658,516.6147860544797,0.714387210501126,1.1963982934615363,3.643712545852456,7.77146834308169,8649.486240665876,266890.83717011585,6.5750700496201535,3.2875350248100768,14.230209764916337,0.18962204791352302,0.247150206415536,fourier
