nameseq,average,median,maximum,minimum,peak,none_levated_peak,sample_standard_deviation,population_standard_deviation,percentile15,percentile25,percentile50,percentile75,amplitude,variance,interquartile_range,semi_interquartile_range,coefficient_of_variation,skewness,kurtosis,label
LG14_8222970_8223054,11.900457775113784,1.7195555853098154,838.195097250205,0.011285237809448683,2.380860792816218,17.52295505560304,90.1731907442925,90.70834790989387,0.31247596727722937,0.6489462473897092,1.7195555853098154,3.0371976268764884,838.1838120123955,8228.004380542347,2.3882513794867792,1.1941256897433896,7.577287567278505,0.33871160948516293,0.30124459945748927,fourier
