nameseq,average,median,maximum,minimum,peak,none_levated_peak,sample_standard_deviation,population_standard_deviation,percentile15,percentile25,percentile50,percentile75,amplitude,variance,interquartile_range,semi_interquartile_range,coefficient_of_variation,skewness,kurtosis,label
LG14_14666861_14667544,69.35169716156418,4.089841977843529,43450.682220020055,0.013225199340357163,3.2875907776105766,92.46464168277934,1659.9524623830284,1661.1672100482594,1.2325539698822883,1.9430657167085879,4.089841977843529,7.944041700271236,43450.66899482071,2759476.4997395184,6.000975983562649,3.0004879917813243,23.9352824850983,0.11794648942542131,0.24541380017235745,fourier
