nameseq,average,median,maximum,minimum,peak,none_levated_peak,sample_standard_deviation,population_standard_deviation,percentile15,percentile25,percentile50,percentile75,amplitude,variance,interquartile_range,semi_interquartile_range,coefficient_of_variation,skewness,kurtosis,label
LG14_11532444_11532696,39.342893609464866,3.401749046332007,8756.655446405863,0.011896748518209186,2.143546790697798,36.36508835084441,549.1566920251215,550.245209826699,1.0638550683524388,1.6144945703552556,3.401749046332007,6.515740054716402,8756.643549657345,302769.790937228,4.901245484361146,2.450622742180573,13.958218159454567,0.19634365793081535,0.2536936867522661,fourier
