nameseq,average,median,maximum,minimum,peak,none_levated_peak,sample_standard_deviation,population_standard_deviation,percentile15,percentile25,percentile50,percentile75,amplitude,variance,interquartile_range,semi_interquartile_range,coefficient_of_variation,skewness,kurtosis,label
LG14_13200964_13201152,20.19201182220525,1.3924269150278727,3433.295409609135,0.04841242004688642,3.1200457168274145,39.48872870098841,248.9325154153279,249.5936919196096,0.46268018590083837,0.7119220980488551,1.3924269150278727,3.1263225181033043,3433.246997189088,62297.011046060994,2.414400420054449,1.2072002100272246,12.328267119058225,0.22656242647704913,0.28826057422211687,fourier
