nameseq,average,median,maximum,minimum,peak,none_levated_peak,sample_standard_deviation,population_standard_deviation,percentile15,percentile25,percentile50,percentile75,amplitude,variance,interquartile_range,semi_interquartile_range,coefficient_of_variation,skewness,kurtosis,label
LG14_403181_403288,10.164332298558499,1.0237997033369024,960.1783425741105,0.0317396585868809,3.5417968384510123,27.877081940884935,91.8489533036958,92.277155873469,0.2726708073117021,0.46383953659031646,1.0237997033369024,1.7548721565646987,960.1466029155237,8515.073496096495,1.2910326199743822,0.6455163099871911,9.036398122946233,0.29855101010238083,0.2133612577023717,fourier
