nameseq,average,median,maximum,minimum,peak,none_levated_peak,sample_standard_deviation,population_standard_deviation,percentile15,percentile25,percentile50,percentile75,amplitude,variance,interquartile_range,semi_interquartile_range,coefficient_of_variation,skewness,kurtosis,label
LG14_11516996_11517407,43.17288534037702,3.6840371329670116,14759.610723701462,0.02937387195565868,3.1810089191535615,54.49278332031875,726.029977005571,726.9126885498191,0.8515639566948737,1.2916314160633222,3.6840371329670116,8.116956131479764,14759.581349829507,528402.0567747264,6.825324715416442,3.412662357708221,16.816804605055168,0.16317032130110104,0.23824467200641347,fourier
