nameseq,average,median,maximum,minimum,peak,none_levated_peak,sample_standard_deviation,population_standard_deviation,percentile15,percentile25,percentile50,percentile75,amplitude,variance,interquartile_range,semi_interquartile_range,coefficient_of_variation,skewness,kurtosis,label
LG14_14672110_14672818,81.85663786907098,7.28695880202036,49657.39780765009,0.03202904550210979,2.8871614994906896,70.12678061054359,1863.202557564443,1864.5179142814436,2.3346729451334824,3.639542576778742,7.28695880202036,15.394654842169162,49657.36577860459,3476427.0526764244,11.75511226539042,5.87755613269521,22.761777249447018,0.12006694403295674,0.22544783925506037,fourier
