nameseq,average,median,maximum,minimum,peak,none_levated_peak,sample_standard_deviation,population_standard_deviation,percentile15,percentile25,percentile50,percentile75,amplitude,variance,interquartile_range,semi_interquartile_range,coefficient_of_variation,skewness,kurtosis,label
LG14_16803862_16804334,78.93411981421627,6.499152065186414,31299.818845488575,0.09251124455346703,1.9974463139357186,48.98011075665674,1437.5452843736034,1439.0673020411778,1.502289303979071,2.583542741793189,6.499152065186414,12.945908877628513,31299.72633424402,2070914.6998040741,10.362366135835323,5.181183067917662,18.211963188505678,0.15116386635554102,0.26418815964567965,fourier
