nameseq,average,median,maximum,minimum,peak,none_levated_peak,sample_standard_deviation,population_standard_deviation,percentile15,percentile25,percentile50,percentile75,amplitude,variance,interquartile_range,semi_interquartile_range,coefficient_of_variation,skewness,kurtosis,label
LG14_2703392_2703495,17.55347747695793,2.17135436045753,1409.1158625269338,0.005819675260215491,1.9749173183588749,17.323711463339542,137.27706062185905,137.94184446450106,0.47997867146237716,0.8951283950613482,2.17135436045753,4.405039200621315,1409.1100428516736,19027.952454268605,3.5099108055599664,1.7549554027799832,7.820505127947421,0.3361549929788719,0.16722510553553077,fourier
