nameseq,average,median,maximum,minimum,peak,none_levated_peak,sample_standard_deviation,population_standard_deviation,percentile15,percentile25,percentile50,percentile75,amplitude,variance,interquartile_range,semi_interquartile_range,coefficient_of_variation,skewness,kurtosis,label
LG14_6107835_6108316,51.580260963476995,3.1118802456292816,22635.91784136869,0.011845154620179056,3.114886657522568,74.66533311401119,1029.7816905935124,1030.851593937249,0.5446089282150508,1.2860385929194416,3.1118802456292816,5.350327464325263,22635.90599621407,1062655.0087229668,4.064288871405822,2.032144435702911,19.96464677297157,0.14119996838333687,0.214443624002561,fourier
