nameseq,average,median,maximum,minimum,peak,none_levated_peak,sample_standard_deviation,population_standard_deviation,percentile15,percentile25,percentile50,percentile75,amplitude,variance,interquartile_range,semi_interquartile_range,coefficient_of_variation,skewness,kurtosis,label
LG14_13870959_13871147,26.08674658056668,4.278931636594649,3779.306221881536,0.01942015831735343,2.4150194354604513,25.335175741867435,273.8255583381406,274.5528519387493,1.0457211591604338,1.9241168750072317,4.278931636594649,8.01893672009693,3779.286801723219,75379.2685077008,6.094819845089698,3.047409922544849,10.496730877974906,0.23892380692647489,0.2539921122341517,fourier
