nameseq,average,median,maximum,minimum,peak,none_levated_peak,sample_standard_deviation,population_standard_deviation,percentile15,percentile25,percentile50,percentile75,amplitude,variance,interquartile_range,semi_interquartile_range,coefficient_of_variation,skewness,kurtosis,label
LG14_3373924_3374144,28.916914245481166,3.563143202824769,5380.224976200454,0.03701854528490757,2.5475286208374923,32.542929396045466,360.80915727334633,361.6282483553243,0.8558518903061051,1.6641461967835303,3.563143202824769,6.2112586977155235,5380.187957655169,130774.99000854007,4.547112500931993,2.2735562504659965,12.477443278019535,0.21080760173264035,0.2297859131205901,fourier
