nameseq,average,median,maximum,minimum,peak,none_levated_peak,sample_standard_deviation,population_standard_deviation,percentile15,percentile25,percentile50,percentile75,amplitude,variance,interquartile_range,semi_interquartile_range,coefficient_of_variation,skewness,kurtosis,label
LG14_13516385_13516576,20.326820327850363,1.873355909346282,3318.196991170689,0.021463580009005577,3.1485495009916407,35.2054705127549,238.6600172774802,239.28396609984742,0.7383137645717198,1.0800720417642466,1.873355909346282,3.634332841589408,3318.1755275906803,57256.81643247293,2.5542607998251614,1.2771303999125807,11.74113872352604,0.23196341761404884,0.20358216676465965,fourier
