nameseq,average,median,maximum,minimum,peak,none_levated_peak,sample_standard_deviation,population_standard_deviation,percentile15,percentile25,percentile50,percentile75,amplitude,variance,interquartile_range,semi_interquartile_range,coefficient_of_variation,skewness,kurtosis,label
LG14_6454069_6454363,23.291037014122328,1.0948750603650232,6445.781462477433,0.025953697495727707,4.221938820229847,73.03648083150028,374.56987169872116,375.20635452260035,0.2823141831735866,0.46304504977918404,1.0948750603650232,2.0232942538220495,6445.755508779937,140779.80847413925,1.5602492040428655,0.7801246020214327,16.082146598779772,0.17777320305897754,0.2537925932858227,fourier
