nameseq,average,median,maximum,minimum,peak,none_levated_peak,sample_standard_deviation,population_standard_deviation,percentile15,percentile25,percentile50,percentile75,amplitude,variance,interquartile_range,semi_interquartile_range,coefficient_of_variation,skewness,kurtosis,label
LG14_13248615_13248891,27.47619250011005,2.292906635744271,6648.459242780746,0.029728919505739713,3.3604850210946626,47.29122272711941,398.5521647185397,399.2735266928959,0.7813514664444187,1.1682753059492417,2.292906635744271,4.8158837013216855,6648.42951386124,159419.3491177827,3.647608395372444,1.823804197686222,14.505363678644462,0.1895607759311787,0.24651816160084825,fourier
