nameseq,average,median,maximum,minimum,peak,none_levated_peak,sample_standard_deviation,population_standard_deviation,percentile15,percentile25,percentile50,percentile75,amplitude,variance,interquartile_range,semi_interquartile_range,coefficient_of_variation,skewness,kurtosis,label
LG14_11632899_11633013,22.090280604774588,2.4281655618643416,2113.250546563631,0.04785797406672327,1.7353031416471902,18.378500359790074,195.90060144211105,196.75793858611175,0.7345689357128918,1.3224910330623134,2.4281655618643416,3.7839844051465787,2113.2026885895643,38713.68639665613,2.4614933720842656,1.2307466860421328,8.868180759993114,0.30110344069648654,0.1414605164298082,fourier
