nameseq,average,median,maximum,minimum,peak,none_levated_peak,sample_standard_deviation,population_standard_deviation,percentile15,percentile25,percentile50,percentile75,amplitude,variance,interquartile_range,semi_interquartile_range,coefficient_of_variation,skewness,kurtosis,label
LG15_11421633_11421853,39.64142242065052,3.4664067995906116,7242.059915650924,0.0016999740680192746,1.8583255132714733,29.004848499914424,485.71489243853284,486.8175383352911,0.6524094463694616,1.4142345463132608,3.4664067995906116,7.9151435337096405,7242.058215676856,236991.3156308326,6.50090898739638,3.25045449369819,12.252710997209524,0.2234336409129427,0.20445773051853255,fourier
