nameseq,average,median,maximum,minimum,peak,none_levated_peak,sample_standard_deviation,population_standard_deviation,percentile15,percentile25,percentile50,percentile75,amplitude,variance,interquartile_range,semi_interquartile_range,coefficient_of_variation,skewness,kurtosis,label
LG15_10723226_10723377,24.260101144809123,2.584551521902246,3184.153209063611,0.016722783976414513,2.0884771404800055,25.069875612171995,257.1637933852161,258.0139239465879,0.7294713509970521,1.2935734282417433,2.584551521902246,5.104238052379726,3184.1364862796345,66571.18495031564,3.8106646241379827,1.9053323120689913,10.600277049555533,0.2528608246624927,0.30651592391126914,fourier
