nameseq,average,median,maximum,minimum,peak,none_levated_peak,sample_standard_deviation,population_standard_deviation,percentile15,percentile25,percentile50,percentile75,amplitude,variance,interquartile_range,semi_interquartile_range,coefficient_of_variation,skewness,kurtosis,label
LG15_14393704_14394598,107.01126577913679,8.954519959936276,82528.54745102282,0.005902856894081386,2.7878684656349257,83.01252046708026,2756.673420792629,2758.21475354979,1.8148705316014835,3.158402815596262,8.954519959936276,19.6263935128384,82528.54154816593,7607748.62669973,16.46799069724214,8.23399534862107,25.760590725860542,0.10671203750098861,0.25220547728695797,fourier
