nameseq,average,median,maximum,minimum,peak,none_levated_peak,sample_standard_deviation,population_standard_deviation,percentile15,percentile25,percentile50,percentile75,amplitude,variance,interquartile_range,semi_interquartile_range,coefficient_of_variation,skewness,kurtosis,label
LG15_10602398_10602741,31.296970835281606,1.9857150301528244,9538.857158665305,0.005568527721585131,3.6638263578339982,61.024212963604896,513.3915947721242,514.1394343451931,0.5250060375892338,0.7726012350919917,1.9857150301528244,4.766333890174638,9538.851590137583,264339.35794879514,3.9937326550826464,1.9968663275413232,16.40387491409773,0.1712801072530549,0.2780129201633959,fourier
