nameseq,average,median,maximum,minimum,peak,none_levated_peak,sample_standard_deviation,population_standard_deviation,percentile15,percentile25,percentile50,percentile75,amplitude,variance,interquartile_range,semi_interquartile_range,coefficient_of_variation,skewness,kurtosis,label
LG15_14598868_14599252,46.667133042072386,6.2407213356327125,14390.520827802522,0.02077380426384684,2.7499725174382457,44.02529934746908,732.0973384887965,733.0499704317856,1.1234642641212764,2.1712466153500043,6.2407213356327125,11.902042861384087,14390.500053998257,537362.2591500417,9.730796246034084,4.865398123017042,15.687643331952273,0.16565998637512463,0.2578159517109277,fourier
