nameseq,average,median,maximum,minimum,peak,none_levated_peak,sample_standard_deviation,population_standard_deviation,percentile15,percentile25,percentile50,percentile75,amplitude,variance,interquartile_range,semi_interquartile_range,coefficient_of_variation,skewness,kurtosis,label
LG15_5415922_5416240,43.27513937374205,4.926700331048457,11431.481672013444,0.030381167488127712,2.4571459473531574,39.142889148742334,638.6666910487412,639.6700957382146,0.993890656410463,1.7487914413451255,4.926700331048457,10.450393602183194,11431.451290845956,409177.8313817367,8.701602160838068,4.350801080419034,14.758281551284002,0.18013357944057998,0.24653632827825095,fourier
