nameseq,average,median,maximum,minimum,peak,none_levated_peak,sample_standard_deviation,population_standard_deviation,percentile15,percentile25,percentile50,percentile75,amplitude,variance,interquartile_range,semi_interquartile_range,coefficient_of_variation,skewness,kurtosis,label
LG15_5712571_5712779,33.596848338497594,3.925886381095977,5629.4428436599355,0.04910386972889304,2.0736072016266416,27.111612922895034,388.08066249342,389.01243013113407,0.8122377274931567,1.7815757802842007,3.925886381095977,8.603249473623165,5629.393739790206,151330.67079653047,6.821673693338965,3.4108368466694823,11.551103204187468,0.22936697051663604,0.19734849125490736,fourier
