nameseq,average,median,maximum,minimum,peak,none_levated_peak,sample_standard_deviation,population_standard_deviation,percentile15,percentile25,percentile50,percentile75,amplitude,variance,interquartile_range,semi_interquartile_range,coefficient_of_variation,skewness,kurtosis,label
LG15_3789146_3790301,104.86005182284609,8.161218313662502,107610.44980096987,0.004718445309080885,3.6747391083148395,115.42914636504806,3163.3201773643805,3164.689283759305,2.0044521091797924,3.6591478731301863,8.161218313662502,16.55577300598961,107610.44508252456,10015258.262740983,12.896625132859425,6.4483125664297125,30.16706669865655,0.09170633519913048,0.25494741758986306,fourier
