nameseq,average,median,maximum,minimum,peak,none_levated_peak,sample_standard_deviation,population_standard_deviation,percentile15,percentile25,percentile50,percentile75,amplitude,variance,interquartile_range,semi_interquartile_range,coefficient_of_variation,skewness,kurtosis,label
LG15_11050950_11051123,28.04540930128136,2.9616477557417378,4141.8649058011615,0.023985573439245324,2.0680746491137874,26.555224925435194,312.79732817671095,313.7000640455829,0.7771152220298599,1.199126290737668,2.9616477557417378,5.570773773112971,4141.840920227723,98407.73018220281,4.371647482375303,2.1858237411876513,11.15324525366865,0.24057521550857552,0.2240668670672724,fourier
