nameseq,average,median,maximum,minimum,peak,none_levated_peak,sample_standard_deviation,population_standard_deviation,percentile15,percentile25,percentile50,percentile75,amplitude,variance,interquartile_range,semi_interquartile_range,coefficient_of_variation,skewness,kurtosis,label
LG15_4631762_4631881,23.086200837855635,3.318391133028603,2130.631803124689,0.009088137471302805,1.7326367504526745,17.534978575975344,193.41029346536473,194.22124164876612,0.4153589976125387,0.8796519610425813,3.318391133028603,6.317893023821092,2130.622714987218,37721.89070758841,5.438241062778511,2.7191205313892555,8.377744559348193,0.3066198186866459,0.2440427389778547,fourier
