nameseq,average,median,maximum,minimum,peak,none_levated_peak,sample_standard_deviation,population_standard_deviation,percentile15,percentile25,percentile50,percentile75,amplitude,variance,interquartile_range,semi_interquartile_range,coefficient_of_variation,skewness,kurtosis,label
LG15_7836122_7836272,12.610827563151938,0.9652563146272733,1737.9411251644467,0.005731099348848934,3.9912791671503176,41.39560549061805,140.87603734155866,141.34484408604123,0.17949558857374545,0.30993598616469065,0.9652563146272733,1.5172524969124872,1737.9353940650979,19978.364949707306,1.2073165107477966,0.6036582553738983,11.171038271365296,0.24799614189082256,0.2547277585092228,fourier
