nameseq,average,median,maximum,minimum,peak,none_levated_peak,sample_standard_deviation,population_standard_deviation,percentile15,percentile25,percentile50,percentile75,amplitude,variance,interquartile_range,semi_interquartile_range,coefficient_of_variation,skewness,kurtosis,label
LG15_8004695_8008551,307.0504692950782,14.826579986584909,1101784.892263117,0.006738308880464571,4.1871509580111725,293.7132809262267,17738.119579680242,17740.41949794984,3.5755082346679856,6.375672286954604,14.826579986584909,29.888532650787504,1101784.8855248082,314722483.9632388,23.5128603638329,11.75643018191645,57.769394133815034,0.04942303292000263,0.2530344493677707,fourier
