nameseq,average,median,maximum,minimum,peak,none_levated_peak,sample_standard_deviation,population_standard_deviation,percentile15,percentile25,percentile50,percentile75,amplitude,variance,interquartile_range,semi_interquartile_range,coefficient_of_variation,skewness,kurtosis,label
LG15_6642349_6643038,54.289747913500904,3.0628347846486745,33896.74053412298,0.022099710433577283,4.236527315736588,105.29992835108473,1289.3344496396576,1290.269766737375,0.8256542572752524,1.2507751334164594,3.0628347846486745,6.146126801909742,33896.71843441255,1664796.0709565203,4.895351668493283,2.4476758342466414,23.74913310877656,0.1191938518586138,0.25562521676927674,fourier
