nameseq,average,median,maximum,minimum,peak,none_levated_peak,sample_standard_deviation,population_standard_deviation,percentile15,percentile25,percentile50,percentile75,amplitude,variance,interquartile_range,semi_interquartile_range,coefficient_of_variation,skewness,kurtosis,label
LG15_10117183_10117258,13.271234602508537,1.2622927094796266,817.2006521938724,0.0034329243021692865,1.9088904756867766,14.531794191413574,92.87020709748856,93.48729167404602,0.47359623610704343,0.6603484457058733,1.2622927094796266,3.305847926446381,817.1972192695703,8739.873704548154,2.645499480740508,1.322749740370254,6.997857386978463,0.3879266215188723,0.183438269665891,fourier
