nameseq,average,median,maximum,minimum,peak,none_levated_peak,sample_standard_deviation,population_standard_deviation,percentile15,percentile25,percentile50,percentile75,amplitude,variance,interquartile_range,semi_interquartile_range,coefficient_of_variation,skewness,kurtosis,label
LG15_6934283_6934545,58.370006809239534,5.815253357801145,12987.981496664019,0.024508861597026598,1.501912907996949,28.69549859701789,798.8674788551874,800.3905831528874,1.6962761506559088,2.7371929418698118,5.815253357801145,11.615463625747342,12987.956987802421,640625.0855998192,8.878270683877531,4.439135341938766,13.686266672299457,0.19735971801011984,0.2250783639753984,fourier
