nameseq,average,median,maximum,minimum,peak,none_levated_peak,sample_standard_deviation,population_standard_deviation,percentile15,percentile25,percentile50,percentile75,amplitude,variance,interquartile_range,semi_interquartile_range,coefficient_of_variation,skewness,kurtosis,label
LG15_7077058_7077581,47.662962234903965,1.9594596493875223,23490.312938176357,0.005351271898513713,3.6646204616035565,98.57374763499163,1025.0837877157987,1026.0633233312853,0.49176149361326055,0.9219213265622147,1.9594596493875223,3.502867424955964,23490.30758690446,1052805.9434856416,2.580946098393749,1.2904730491968746,21.50692570603851,0.13375541531299956,0.23532237349815224,fourier
