nameseq,average,median,maximum,minimum,peak,none_levated_peak,sample_standard_deviation,population_standard_deviation,percentile15,percentile25,percentile50,percentile75,amplitude,variance,interquartile_range,semi_interquartile_range,coefficient_of_variation,skewness,kurtosis,label
LG15_6423016_6423157,16.526767284648813,1.7953096460207896,2025.1597126255097,0.10504717206963753,2.86404065102918,28.292449259559163,169.17119322104492,169.77003117584664,0.46314417636243504,0.7040140507125316,1.7953096460207896,2.9044314420385384,2025.05466545344,28821.86348544794,2.200417391326007,1.1002086956630035,10.236193824679956,0.2612405343629525,0.23262330291240627,fourier
