nameseq,average,median,maximum,minimum,peak,none_levated_peak,sample_standard_deviation,population_standard_deviation,percentile15,percentile25,percentile50,percentile75,amplitude,variance,interquartile_range,semi_interquartile_range,coefficient_of_variation,skewness,kurtosis,label
LG15_7515684_7515820,20.2311668688467,2.5127075001981667,2362.074117817641,0.05063413471932344,2.257243339581527,24.15976053694754,200.83448041014893,201.57149015447828,0.42187868350635666,0.9229681612704148,2.5127075001981667,4.188398055824396,2362.0234836829213,40631.06564309694,3.2654298945539812,1.6327149472769906,9.92698452403194,0.26467257015523643,0.2947356252940845,fourier
