nameseq,average,median,maximum,minimum,peak,none_levated_peak,sample_standard_deviation,population_standard_deviation,percentile15,percentile25,percentile50,percentile75,amplitude,variance,interquartile_range,semi_interquartile_range,coefficient_of_variation,skewness,kurtosis,label
LG15_5157250_5157473,22.618957713544884,1.970789705345716,4465.348023749753,0.005559046480615758,3.301065752554731,43.304104228583945,297.5247400914434,298.19108972810784,0.43004124579943603,0.6886631669795391,1.970789705345716,3.368673607848908,4465.3424647032725,88917.92599323647,2.680010440869369,1.3400052204346844,13.153777634646579,0.20819950638578505,0.24191211895260586,fourier
