nameseq,average,median,maximum,minimum,peak,none_levated_peak,sample_standard_deviation,population_standard_deviation,percentile15,percentile25,percentile50,percentile75,amplitude,variance,interquartile_range,semi_interquartile_range,coefficient_of_variation,skewness,kurtosis,label
LG15_10038525_10038673,16.910914262707735,2.005949895649503,1985.8023265676845,0.006639060079364276,2.93695928529379,25.786255228239927,161.9184480190032,162.46454888814714,0.6167696823624802,1.0543700677851813,2.005949895649503,3.8083778844252967,1985.7956875076052,26394.72964542915,2.754007816640115,1.3770039083200576,9.574789718854456,0.27615687803484157,0.1596559301214979,fourier
