nameseq,average,median,maximum,minimum,peak,none_levated_peak,sample_standard_deviation,population_standard_deviation,percentile15,percentile25,percentile50,percentile75,amplitude,variance,interquartile_range,semi_interquartile_range,coefficient_of_variation,skewness,kurtosis,label
LG15_11026365_11026533,32.8920377881507,4.750965919062599,4003.6691830366576,0.025443924061931952,1.712673860347665,19.83804674154899,307.00045546754205,307.9127916704434,0.6186612237538244,2.3469637777917614,4.750965919062599,10.380078907806844,4003.6437391125955,94810.2872742859,8.033115130015084,4.016557565007542,9.333579678001538,0.27499377966294264,0.2260980966466594,fourier
