nameseq,average,median,maximum,minimum,peak,none_levated_peak,sample_standard_deviation,population_standard_deviation,percentile15,percentile25,percentile50,percentile75,amplitude,variance,interquartile_range,semi_interquartile_range,coefficient_of_variation,skewness,kurtosis,label
LG15_11688901_11693794,463.35097316049297,30.19418873260723,2052743.9678891788,0.013131592927191885,3.5207292696637564,264.877941360448,29339.293756809104,29342.291692111143,7.307149784610222,12.140829878003055,30.19418873260723,60.69139940476141,2052743.954757586,860970081.7449347,48.55056952675836,24.27528476337918,63.31980605692333,0.04429112588922064,0.24947822238966716,fourier
