nameseq,average,median,maximum,minimum,peak,none_levated_peak,sample_standard_deviation,population_standard_deviation,percentile15,percentile25,percentile50,percentile75,amplitude,variance,interquartile_range,semi_interquartile_range,coefficient_of_variation,skewness,kurtosis,label
LG15_12863545_12863879,45.64065588124385,3.595131721455275,12953.113534244438,0.002962294706149664,2.4466490349573697,43.9790648845916,706.3486485984577,707.4052664644986,0.6783899390570843,1.286424890802276,3.595131721455275,8.922603645454894,12953.110571949732,500422.21102170827,7.636178754652618,3.818089377326309,15.476303636747987,0.17857551328178636,0.24363811810960168,fourier
