nameseq,average,median,maximum,minimum,peak,none_levated_peak,sample_standard_deviation,population_standard_deviation,percentile15,percentile25,percentile50,percentile75,amplitude,variance,interquartile_range,semi_interquartile_range,coefficient_of_variation,skewness,kurtosis,label
LG15_1857961_1859679,121.81678800232801,3.321743807922106,199286.10954870365,0.0015202968736682623,4.703785162920644,247.6237443198091,4805.079825449439,4806.478073645904,0.8127914091246229,1.4419493675440749,3.321743807922106,7.085326356424914,199286.10802840677,23102231.472438846,5.6433769888808385,2.8216884944404192,39.4451364565417,0.07398110863849544,0.23124086718711748,fourier
