nameseq,average,median,maximum,minimum,peak,none_levated_peak,sample_standard_deviation,population_standard_deviation,percentile15,percentile25,percentile50,percentile75,amplitude,variance,interquartile_range,semi_interquartile_range,coefficient_of_variation,skewness,kurtosis,label
LG15_4548594_4549674,87.86484906145742,4.799456233147676,87062.71245505053,0.010475999258458404,4.100995303381182,136.43047223758452,2646.5727386995654,2647.79772036141,1.0930630663551124,1.9119610337666573,4.799456233147676,10.221264854919616,87062.70197905127,7010832.76795108,8.309303821152959,4.154651910576479,30.12095015207287,0.09415806897768304,0.2660415771203821,fourier
