nameseq,average,median,maximum,minimum,peak,none_levated_peak,sample_standard_deviation,population_standard_deviation,percentile15,percentile25,percentile50,percentile75,amplitude,variance,interquartile_range,semi_interquartile_range,coefficient_of_variation,skewness,kurtosis,label
LG15_1257487_1257801,40.372649502298884,3.620842853483958,10874.560843173633,0.005368085046175959,2.6007706032278395,43.92875108624519,611.4744877492737,612.4473992440062,0.669639621144994,1.569659627474272,3.620842853483958,7.250896225002597,10874.555475088586,375091.81684074714,5.681236597528325,2.8406182987641624,15.145760689162978,0.18031074420173263,0.22173299140902358,fourier
