nameseq,average,median,maximum,minimum,peak,none_levated_peak,sample_standard_deviation,population_standard_deviation,percentile15,percentile25,percentile50,percentile75,amplitude,variance,interquartile_range,semi_interquartile_range,coefficient_of_variation,skewness,kurtosis,label
LG15_4935184_4935559,41.400947057454076,5.391447585627304,12558.635592064253,0.01847747537744891,3.0273059492915046,45.58432408828387,646.4784001177936,647.339797435406,1.1716820417191354,2.1971230771088925,5.391447585627304,10.255949290889378,12558.617114588875,419048.8133437125,8.058826213780485,4.029413106890242,15.615063085891359,0.16710302833907,0.2563580012181199,fourier
