nameseq,average,median,maximum,minimum,peak,none_levated_peak,sample_standard_deviation,population_standard_deviation,percentile15,percentile25,percentile50,percentile75,amplitude,variance,interquartile_range,semi_interquartile_range,coefficient_of_variation,skewness,kurtosis,label
LG15_13269823_13270213,53.22619420112264,5.72376414825912,17337.890715886428,0.032737103972563845,2.448669030155539,44.49347694950723,875.3189790967097,876.4404644754245,1.6128658090366348,2.7151419787291924,5.72376414825912,10.522401183683952,17337.857978782456,768147.8877698979,7.807259204954759,3.9036296024773796,16.445267076379615,0.16280612389514476,0.2066384925063483,fourier
