nameseq,average,median,maximum,minimum,peak,none_levated_peak,sample_standard_deviation,population_standard_deviation,percentile15,percentile25,percentile50,percentile75,amplitude,variance,interquartile_range,semi_interquartile_range,coefficient_of_variation,skewness,kurtosis,label
LG15_4892563_4892801,23.853925768176445,1.9490063249826508,5071.5949933205775,0.06303207874011127,3.3397717189574756,45.7566987772491,327.2082898154307,327.89498163015725,0.4957992202660333,0.8060551102321182,1.9490063249826508,3.323495004337177,5071.531961241837,107515.11897824115,2.517439894105059,1.2587199470525294,13.717167270301466,0.20083463767574256,0.23785550392004828,fourier
