nameseq,average,median,maximum,minimum,peak,none_levated_peak,sample_standard_deviation,population_standard_deviation,percentile15,percentile25,percentile50,percentile75,amplitude,variance,interquartile_range,semi_interquartile_range,coefficient_of_variation,skewness,kurtosis,label
LG15_2178585_2180250,155.99446044394864,9.288021035806008,236454.01312471932,0.0007547977802930906,3.5599554737578245,155.00732376214305,5791.011212617118,5792.7499939842155,2.0956264045689115,3.710980933738396,9.288021035806008,18.972134616985148,236454.01236992155,33555952.492804125,15.261153683246752,7.630576841623376,37.123184990905,0.07600042584368022,0.23228250008498466,fourier
