nameseq,average,median,maximum,minimum,peak,none_levated_peak,sample_standard_deviation,population_standard_deviation,percentile15,percentile25,percentile50,percentile75,amplitude,variance,interquartile_range,semi_interquartile_range,coefficient_of_variation,skewness,kurtosis,label
LG15_1430823_1432254,112.49541640614864,5.802778837185468,148504.61658915228,0.005843188012955045,4.243135841286097,166.31205535607123,3922.7649940114943,3924.1353923044817,1.3887798828223712,2.3379260673145197,5.802778837185468,11.953049635419692,148504.61074596428,15398838.577136649,9.615123568105172,4.807561784052586,34.8704428974147,0.08159497527777511,0.24967768076697525,fourier
