nameseq,average,median,maximum,minimum,peak,none_levated_peak,sample_standard_deviation,population_standard_deviation,percentile15,percentile25,percentile50,percentile75,amplitude,variance,interquartile_range,semi_interquartile_range,coefficient_of_variation,skewness,kurtosis,label
LG15_7277535_7279526,201.111672231667,13.062215221157897,363722.597068483,0.04437781496954041,3.3016482466274613,161.63649232816365,8146.960644858312,8149.00633494576,2.871147697337497,5.086293399957045,13.062215221157897,26.664369617647473,363722.55269066803,66406304.24698613,21.57807621769043,10.789038108845215,40.509636036806285,0.06924648290618308,0.2770562818088159,fourier
