nameseq,average,median,maximum,minimum,peak,none_levated_peak,sample_standard_deviation,population_standard_deviation,percentile15,percentile25,percentile50,percentile75,amplitude,variance,interquartile_range,semi_interquartile_range,coefficient_of_variation,skewness,kurtosis,label
LG15_1887659_1887769,17.846580719376032,1.867669390103572,1640.6657688352668,0.010672831389900661,2.0732262712839495,19.985606114260893,154.76878284910407,155.47068569201073,0.23013818562678887,0.6726998548167156,1.867669390103572,3.841171123751347,1640.655096003877,24171.134109543993,3.1684712689346313,1.5842356344673156,8.672181258848738,0.3097312849875841,0.17962811028322384,fourier
