nameseq,average,median,maximum,minimum,peak,none_levated_peak,sample_standard_deviation,population_standard_deviation,percentile15,percentile25,percentile50,percentile75,amplitude,variance,interquartile_range,semi_interquartile_range,coefficient_of_variation,skewness,kurtosis,label
LG15_14871578_14871711,22.522782617356334,1.7717525001421994,2685.4720107842754,0.017945248870606657,1.9831770978531746,25.021508883681374,230.92112212570055,231.78762093792201,0.48224787040215944,0.7433626457763621,1.7717525001421994,3.3986246658882004,2685.454065535405,53725.50122006183,2.6552620201118384,1.3276310100559192,10.252779421124895,0.2695859511619526,0.23086617090359446,fourier
