nameseq,average,median,maximum,minimum,peak,none_levated_peak,sample_standard_deviation,population_standard_deviation,percentile15,percentile25,percentile50,percentile75,amplitude,variance,interquartile_range,semi_interquartile_range,coefficient_of_variation,skewness,kurtosis,label
LG15_9017698_9017806,14.125885395923639,1.4634117897219339,1253.1065101298047,0.0842080792786268,2.5721101591138624,21.36189293014595,119.26238161214208,119.81325004750727,0.25948668282677867,0.4607415221096876,1.4634117897219339,3.571908004815696,1253.0223020505262,14355.2148869465,3.1111664827060084,1.5555832413530042,8.442825229670778,0.318519723529801,0.2182416327159488,fourier
