nameseq,average,median,maximum,minimum,peak,none_levated_peak,sample_standard_deviation,population_standard_deviation,percentile15,percentile25,percentile50,percentile75,amplitude,variance,interquartile_range,semi_interquartile_range,coefficient_of_variation,skewness,kurtosis,label
LG15_9746192_9746569,39.25198907267009,2.990809773157161,12951.661416630408,0.014310170559409337,3.210028408158551,57.407515088844534,665.0609504142865,665.9424099799439,0.5664453219801882,1.1133381230142314,2.990809773157161,6.090845955981841,12951.647106459848,443479.2934098957,4.97750783296761,2.488753916483805,16.943369396720513,0.16356927561417378,0.22247728756340238,fourier
