nameseq,average,median,maximum,minimum,peak,none_levated_peak,sample_standard_deviation,population_standard_deviation,percentile15,percentile25,percentile50,percentile75,amplitude,variance,interquartile_range,semi_interquartile_range,coefficient_of_variation,skewness,kurtosis,label
LG15_5511141_5511444,44.71336668441468,5.6530978910745775,11438.123796517924,0.13015105270094013,2.2662872614477974,36.9157850560832,654.5676388462014,655.6468937239429,1.5596021736151935,2.3885247069070474,5.6530978910745775,9.582661147561607,11437.993645465223,429872.8492498552,7.19413644065456,3.59706822032728,14.63919376651094,0.17902016449602293,0.25295932065001053,fourier
