nameseq,average,median,maximum,minimum,peak,none_levated_peak,sample_standard_deviation,population_standard_deviation,percentile15,percentile25,percentile50,percentile75,amplitude,variance,interquartile_range,semi_interquartile_range,coefficient_of_variation,skewness,kurtosis,label
LG15_13903608_13903745,14.733235971141136,1.2383609450033908,1796.8343335133382,0.007059658123874278,3.1221925780665516,31.829427100815153,152.26742091470086,152.82213102471283,0.2744783581356343,0.4703083529906109,1.2383609450033908,2.222858078852317,1796.8272738552143,23354.603730934497,1.7525497258617062,0.8762748629308531,10.334961118722058,0.26587844487818857,0.21184338864198646,fourier
