nameseq,average,median,maximum,minimum,peak,none_levated_peak,sample_standard_deviation,population_standard_deviation,percentile15,percentile25,percentile50,percentile75,amplitude,variance,interquartile_range,semi_interquartile_range,coefficient_of_variation,skewness,kurtosis,label
LG15_15411082_15411152,10.185058539867509,1.20482526533753,622.7316838479867,0.007565668466548754,2.323665256711871,16.61772732881368,73.2222613083942,73.74342277006794,0.3154576020579331,0.5810747362188844,1.20482526533753,1.8639194405812092,622.7241181795201,5438.092401844974,1.2828447043623248,0.6414223521811624,7.189184138881415,0.36793045369252286,0.21422062398587244,fourier
