nameseq,average,median,maximum,minimum,peak,none_levated_peak,sample_standard_deviation,population_standard_deviation,percentile15,percentile25,percentile50,percentile75,amplitude,variance,interquartile_range,semi_interquartile_range,coefficient_of_variation,skewness,kurtosis,label
LG15_6807610_6807757,21.278468980568334,3.142456477973891,2524.0546217168153,0.01951497287471443,2.3184625443862963,22.58339690141682,206.45695166094922,207.15799595897298,0.9578183740810085,1.2364038029024573,3.142456477973891,6.808830128715352,2524.0351067439406,42914.43528973786,5.572426325812894,2.786213162906447,9.70262248893411,0.2635321168411617,0.3225775702196417,fourier
