nameseq,average,median,maximum,minimum,peak,none_levated_peak,sample_standard_deviation,population_standard_deviation,percentile15,percentile25,percentile50,percentile75,amplitude,variance,interquartile_range,semi_interquartile_range,coefficient_of_variation,skewness,kurtosis,label
LG15_12138246_12138754,39.88551967569549,1.7540549913653436,18846.981130771474,0.013643250671912395,4.253841194654264,96.36918780660379,834.4351964975936,835.2560871993052,0.4764882509648681,0.7559242668695315,1.7540549913653436,4.128667030478153,18846.9674875208,697652.7312034932,3.372742763608622,1.686371381804311,20.92075528367911,0.13709200490720233,0.272166115077859,fourier
