nameseq,average,median,maximum,minimum,peak,none_levated_peak,sample_standard_deviation,population_standard_deviation,percentile15,percentile25,percentile50,percentile75,amplitude,variance,interquartile_range,semi_interquartile_range,coefficient_of_variation,skewness,kurtosis,label
LG15_13559684_13559801,22.625855207599972,2.398308759503264,2178.460227072167,0.08065676674733817,1.7384241599902646,18.245362756621134,199.36808592254604,200.21827351479135,0.525329086444038,1.1102731806930253,2.398308759503264,5.693838969935864,2178.3795703054197,40087.357049243794,4.583565789242838,2.291782894621419,8.81151603301955,0.30437489061245826,0.22955776373442469,fourier
