nameseq,average,median,maximum,minimum,peak,none_levated_peak,sample_standard_deviation,population_standard_deviation,percentile15,percentile25,percentile50,percentile75,amplitude,variance,interquartile_range,semi_interquartile_range,coefficient_of_variation,skewness,kurtosis,label
LG15_6112005_6113115,106.58221745771021,8.029525910847148,105402.40316303525,0.01457564953436407,3.474625900706884,111.32661729445657,3160.478185868109,3161.9015041955486,1.9142797788899073,3.6049853283102236,8.029525910847148,16.66394173555807,105402.38858738572,9997621.122234073,13.058956407247845,6.529478203623922,29.65295957669605,0.09354852565115201,0.2584364186999716,fourier
