nameseq,average,median,maximum,minimum,peak,none_levated_peak,sample_standard_deviation,population_standard_deviation,percentile15,percentile25,percentile50,percentile75,amplitude,variance,interquartile_range,semi_interquartile_range,coefficient_of_variation,skewness,kurtosis,label
LG15_7191141_7191270,27.29910456781009,1.3425219956911523,3321.601512643394,0.04815730752370298,1.5873536520472582,26.738538407434536,290.0518514241994,291.1739130663631,0.2551000458585457,0.6133786397823405,1.3425219956911523,2.386887743539123,3321.5533553358705,84782.24765037798,1.7735091037567825,0.8867545518783913,10.624958437875499,0.2684683698242377,0.23158374494953343,fourier
