nameseq,average,median,maximum,minimum,peak,none_levated_peak,sample_standard_deviation,population_standard_deviation,percentile15,percentile25,percentile50,percentile75,amplitude,variance,interquartile_range,semi_interquartile_range,coefficient_of_variation,skewness,kurtosis,label
LG15_1887586_1887656,14.575260901024999,1.412681582863814,887.3833722877997,0.036481843952908835,1.6237559538301176,13.89564946220205,104.33748545668605,105.08011038326333,0.3683702515290363,0.7720177259946894,1.412681582863814,2.977115487642225,887.3468904438469,11041.829598158805,2.2050977616475356,1.1025488808237678,7.158532952871435,0.3784616600797441,0.24675976074046263,fourier
