nameseq,average,median,maximum,minimum,peak,none_levated_peak,sample_standard_deviation,population_standard_deviation,percentile15,percentile25,percentile50,percentile75,amplitude,variance,interquartile_range,semi_interquartile_range,coefficient_of_variation,skewness,kurtosis,label
LG15_15128172_15128413,20.6550933753282,1.2263551479739525,4574.298022778081,0.008091864898374828,3.905412829700409,55.73688977080036,293.3318903789358,293.9398327728201,0.27220174436861405,0.5269129519853558,1.2263551479739525,2.5653928132557486,4574.289930913183,86400.62529051348,2.038479861270393,1.0192399306351965,14.201431339415326,0.19870398205516182,0.26845418912243985,fourier
