nameseq,average,median,maximum,minimum,peak,none_levated_peak,sample_standard_deviation,population_standard_deviation,percentile15,percentile25,percentile50,percentile75,amplitude,variance,interquartile_range,semi_interquartile_range,coefficient_of_variation,skewness,kurtosis,label
LG15_13604391_13604523,18.768172765218104,1.397580644815966,2193.4192864010956,0.056285513711343556,2.362155010395768,27.309841414996946,189.3310309043764,190.0468407576811,0.41044390986344137,0.637357898626975,1.397580644815966,2.2877852457840104,2193.3630008873843,36117.801681975405,1.6504273471570354,0.8252136735785177,10.087877667838391,0.27524160256395586,0.22638597998520435,fourier
