nameseq,average,median,maximum,minimum,peak,none_levated_peak,sample_standard_deviation,population_standard_deviation,percentile15,percentile25,percentile50,percentile75,amplitude,variance,interquartile_range,semi_interquartile_range,coefficient_of_variation,skewness,kurtosis,label
LG15_13515167_13515292,29.03800526756315,4.190336241406582,2796.127125845631,0.043429271131454485,1.446380342347965,15.817950500156792,247.62455419307642,248.61307929800157,0.9199966899726562,1.6826482501583042,4.190336241406582,8.587580729921644,2796.0836965744993,61808.46319803441,6.90493247976334,3.45246623988167,8.527602082560573,0.30103237266344535,0.19791963029886314,fourier
