nameseq,average,median,maximum,minimum,peak,none_levated_peak,sample_standard_deviation,population_standard_deviation,percentile15,percentile25,percentile50,percentile75,amplitude,variance,interquartile_range,semi_interquartile_range,coefficient_of_variation,skewness,kurtosis,label
LG15_15215173_15215222,11.431954677022931,1.301515847689718,474.97561301407814,0.030695290258926308,1.4579017444991256,10.269698368974627,66.24809102663743,66.92067772228427,0.2453909617771082,0.4039665978359822,1.301515847689718,3.198009769326428,474.94491772381923,4478.377106809834,2.794043171490446,1.397021585745223,5.794992448648293,0.45875007139118495,0.32213978524742476,fourier
