nameseq,average,median,maximum,minimum,peak,none_levated_peak,sample_standard_deviation,population_standard_deviation,percentile15,percentile25,percentile50,percentile75,amplitude,variance,interquartile_range,semi_interquartile_range,coefficient_of_variation,skewness,kurtosis,label
LG15_2975348_2975558,40.92651414643789,3.1065074181612062,7624.779982989839,0.036217954716827344,1.7185273361341211,29.917530217846192,523.3580400561289,524.6026507080602,0.9314665181442241,1.6069466771905918,3.1065074181612062,6.500395529597997,7624.743765035122,275207.941129923,4.8934488524074045,2.4467244262037022,12.787750214531286,0.216792351508848,0.2264814035462451,fourier
