nameseq,average,median,maximum,minimum,peak,none_levated_peak,sample_standard_deviation,population_standard_deviation,percentile15,percentile25,percentile50,percentile75,amplitude,variance,interquartile_range,semi_interquartile_range,coefficient_of_variation,skewness,kurtosis,label
LG15_7122276_7123950,237.25999059864046,31.58271528677046,296414.1617359985,0.14590641574123386,2.353255312556405,85.54544907957244,7243.498499266787,7245.661706273132,6.757328204082823,12.265025412983103,31.58271528677046,64.00080572987997,296414.01582958276,52499613.56175288,51.735780316896864,25.867890158448432,30.52979341772044,0.085184227759289,0.25900508630690083,fourier
