nameseq,average,median,maximum,minimum,peak,none_levated_peak,sample_standard_deviation,population_standard_deviation,percentile15,percentile25,percentile50,percentile75,amplitude,variance,interquartile_range,semi_interquartile_range,coefficient_of_variation,skewness,kurtosis,label
LG15_2098043_2098197,33.63292702845765,4.760165000002814,4006.0935909811774,0.02880134925174197,1.536192987989128,18.608956356921126,320.3222808848667,321.36060542605134,1.2287687712425863,1.946199889213096,4.760165000002814,9.768316403550337,4006.0647896319256,103272.63871979825,7.822116514337241,3.9110582571686203,9.524067905651926,0.2704098067923588,0.23418098693346054,fourier
