nameseq,average,median,maximum,minimum,peak,none_levated_peak,sample_standard_deviation,population_standard_deviation,percentile15,percentile25,percentile50,percentile75,amplitude,variance,interquartile_range,semi_interquartile_range,coefficient_of_variation,skewness,kurtosis,label
LG15_100287_100396,34.260992777822466,4.3118458646103655,2954.605790553461,5.817268916816342e-05,1.070216117333337,13.134788247047554,279.86934865170616,281.15022192787757,0.9839184148820611,1.5701064718909439,4.3118458646103655,7.817046342170327,2954.6057323807718,79045.44729009482,6.246939870279383,3.1234699351396915,8.168746027490155,0.321033515004354,0.12951831694956856,fourier
