nameseq,average,median,maximum,minimum,peak,none_levated_peak,sample_standard_deviation,population_standard_deviation,percentile15,percentile25,percentile50,percentile75,amplitude,variance,interquartile_range,semi_interquartile_range,coefficient_of_variation,skewness,kurtosis,label
LG15_15286569_15286782,27.886945094679405,2.6868056516874694,5168.955753621704,7.571123841738129e-05,2.5579472075965444,34.85662759563043,352.2804880373359,353.1064692134989,0.6856090807302343,1.2452286289461378,2.6868056516874694,4.566560419306523,5168.955677910466,124684.17860042365,3.321331790360385,1.6606658951801925,12.632451738306324,0.21460291130561684,0.20286362590714274,fourier
