nameseq,average,median,maximum,minimum,peak,none_levated_peak,sample_standard_deviation,population_standard_deviation,percentile15,percentile25,percentile50,percentile75,amplitude,variance,interquartile_range,semi_interquartile_range,coefficient_of_variation,skewness,kurtosis,label
LG15_9311638_9311882,36.708620158648024,5.133186073581224,6919.048471886201,0.005703017182538999,2.224727225205363,28.902108526375045,440.7878287980905,441.69015897232293,1.2520095831127358,2.0152590343697474,5.133186073581224,11.286306681144156,6919.042768869018,195090.1965329959,9.27104764677441,4.635523823387205,12.007747142035988,0.21490226377959087,0.2632216468372462,fourier
