nameseq,average,median,maximum,minimum,peak,none_levated_peak,sample_standard_deviation,population_standard_deviation,percentile15,percentile25,percentile50,percentile75,amplitude,variance,interquartile_range,semi_interquartile_range,coefficient_of_variation,skewness,kurtosis,label
LG15_2193982_2194122,25.234428362664797,3.0905176824067095,3047.4523725870386,0.029755065786729547,1.8625347610226872,22.757755106746377,255.450790610495,256.3614915047737,0.5518172685548105,0.9943426304696349,3.0905176824067095,4.658193528317188,3047.422617521252,65721.21432655217,3.6638508978475532,1.8319254489237766,10.123105898782443,0.26005686606806283,0.2387259727454493,fourier
