nameseq,average,median,maximum,minimum,peak,none_levated_peak,sample_standard_deviation,population_standard_deviation,percentile15,percentile25,percentile50,percentile75,amplitude,variance,interquartile_range,semi_interquartile_range,coefficient_of_variation,skewness,kurtosis,label
LG15_14631180_14631645,70.55246829432092,5.431317548102445,28461.165212663902,0.01701215016223551,2.2016711404813716,52.27175027098632,1316.6482905369014,1318.0632810479192,1.0629373815003664,1.7987218221461627,5.431317548102445,12.281829453098446,28461.14820051374,1737290.8128468061,10.483107630952283,5.241553815476141,18.661973455617346,0.1483793763625291,0.23600554371974716,fourier
