nameseq,average,median,maximum,minimum,peak,none_levated_peak,sample_standard_deviation,population_standard_deviation,percentile15,percentile25,percentile50,percentile75,amplitude,variance,interquartile_range,semi_interquartile_range,coefficient_of_variation,skewness,kurtosis,label
LG15_299885_300090,27.358999088379402,2.8515785777383673,4663.045215629402,0.024300205840274137,2.5098384061803083,30.645891574420816,323.80346559413977,324.59226935882305,0.79128103286638,1.2621971367427671,2.8515785777383673,6.869625376528477,4663.020915423562,105360.14132751073,5.60742823978571,2.803714119892855,11.835354961200816,0.22705829104397862,0.24401458358610395,fourier
