nameseq,average,median,maximum,minimum,peak,none_levated_peak,sample_standard_deviation,population_standard_deviation,percentile15,percentile25,percentile50,percentile75,amplitude,variance,interquartile_range,semi_interquartile_range,coefficient_of_variation,skewness,kurtosis,label
LG15_366021_367720,151.81677656049794,10.046465963103268,232740.59727807398,0.009818468115871877,3.7325694795058033,154.2322601001772,5642.789639622697,5644.450016189343,2.2332512337423287,3.9763123796304125,10.046465963103268,20.192959274927446,232740.58745960586,31859815.985259876,16.216646895297032,8.108323447648516,37.16841950845982,0.07537245918326,0.24798966983737492,fourier
