nameseq,average,median,maximum,minimum,peak,none_levated_peak,sample_standard_deviation,population_standard_deviation,percentile15,percentile25,percentile50,percentile75,amplitude,variance,interquartile_range,semi_interquartile_range,coefficient_of_variation,skewness,kurtosis,label
LG15_3202175_3202307,19.17892955143637,1.6120284511483582,2183.6802823852604,0.09127074026324133,2.311564533069213,25.694031765084187,188.47356592604132,189.1861339342168,0.3721759397413467,0.5265781665812878,1.6120284511483582,3.2025634097818227,2183.5890116449973,35791.393272975416,2.675985243200535,1.3379926216002676,9.827116024414718,0.2796185398303773,0.28266074536539265,fourier
