nameseq,average,median,maximum,minimum,peak,none_levated_peak,sample_standard_deviation,population_standard_deviation,percentile15,percentile25,percentile50,percentile75,amplitude,variance,interquartile_range,semi_interquartile_range,coefficient_of_variation,skewness,kurtosis,label
LG15_3355138_3355324,30.10897489503623,3.121463369949067,4589.572634763393,0.018458896981321034,2.070257574382236,25.62368445624409,334.37332758987617,335.2709757220421,1.1755512644786106,2.0171910587658917,3.121463369949067,7.217527006590677,4589.554175866411,112406.62716161014,5.200335947824785,2.6001679739123924,11.105437124828883,0.24213215557242548,0.1871543088865,fourier
