nameseq,average,median,maximum,minimum,peak,none_levated_peak,sample_standard_deviation,population_standard_deviation,percentile15,percentile25,percentile50,percentile75,amplitude,variance,interquartile_range,semi_interquartile_range,coefficient_of_variation,skewness,kurtosis,label
LG15_774547_774685,15.224994412440576,1.806621749285316,1836.5231971152018,0.0014740679907571151,3.043241401486076,29.021433312435803,155.0478506017402,155.60860415218744,0.38207333598218324,0.7929691482737254,1.806621749285316,2.80289774234525,1836.521723047211,24214.037686192165,2.0099285940715244,1.0049642970357622,10.18377060782684,0.2596302872515536,0.23456173939393374,fourier
