nameseq,average,median,maximum,minimum,peak,none_levated_peak,sample_standard_deviation,population_standard_deviation,percentile15,percentile25,percentile50,percentile75,amplitude,variance,interquartile_range,semi_interquartile_range,coefficient_of_variation,skewness,kurtosis,label
LG15_7917907_7918176,30.42131130507083,1.6580470615049625,7488.076461280959,0.013234444222282432,2.958452352611052,52.35999427085215,454.71686245836486,455.5612770435397,0.3403231658453089,0.627452071084966,1.6580470615049625,3.51517230765388,7488.063226836736,207536.07714154074,2.8877202365689136,1.4438601182844568,14.947313016798509,0.1897659837468608,0.2812575940575645,fourier
