nameseq,average,median,maximum,minimum,peak,none_levated_peak,sample_standard_deviation,population_standard_deviation,percentile15,percentile25,percentile50,percentile75,amplitude,variance,interquartile_range,semi_interquartile_range,coefficient_of_variation,skewness,kurtosis,label
LG15_6447372_6447541,20.163994759508732,1.8239012143340638,2829.431655605677,0.05542507140605922,2.810289694205776,30.258104464735297,216.16087335287054,216.79945930349828,0.34913724695926457,0.74435532472024,1.8239012143340638,4.473102227838654,2829.3762305342707,47002.00555428921,3.7287469031184135,1.8643734515592068,10.720141317778095,0.2545339486379039,0.25526637499901117,fourier
