nameseq,average,median,maximum,minimum,peak,none_levated_peak,sample_standard_deviation,population_standard_deviation,percentile15,percentile25,percentile50,percentile75,amplitude,variance,interquartile_range,semi_interquartile_range,coefficient_of_variation,skewness,kurtosis,label
LG15_6425883_6426254,29.611470954814386,1.0925626852367474,10348.473464418918,0.005437918961042663,4.1875663721406395,86.03044142918914,535.7331362836783,536.4546627201207,0.26316123093472454,0.46553135384338984,1.0925626852367474,2.6408732873471954,10348.468026499957,287783.60515415843,2.1753419335038053,1.0876709667519027,18.092081176959432,0.15970026681983962,0.3148801982340022,fourier
