nameseq,average,median,maximum,minimum,peak,none_levated_peak,sample_standard_deviation,population_standard_deviation,percentile15,percentile25,percentile50,percentile75,amplitude,variance,interquartile_range,semi_interquartile_range,coefficient_of_variation,skewness,kurtosis,label
LG15_5261785_5262435,55.03642885179989,2.159614446151817,33747.67364348487,0.0004653117544273387,3.9428430319185455,117.43401182936132,1321.5415244330604,1322.5577041483255,0.5018796592341612,0.8787600089962475,2.159614446151817,4.339845997955407,33747.673178173114,1749158.8808020898,3.461085988959159,1.7305429944795796,24.01212346083827,0.12003439943742704,0.26507113955722106,fourier
