nameseq,average,median,maximum,minimum,peak,none_levated_peak,sample_standard_deviation,population_standard_deviation,percentile15,percentile25,percentile50,percentile75,amplitude,variance,interquartile_range,semi_interquartile_range,coefficient_of_variation,skewness,kurtosis,label
LG15_8312393_8312614,42.036186298422486,6.233798564197198,7123.5791331166165,0.0902301977731881,1.760388049350163,24.247294629875874,476.6142585470277,477.69135429028114,1.5199036851246772,2.5805685489514643,6.233798564197198,11.253053489836981,7123.488902918843,228189.0299636829,8.672484940885518,4.336242470442759,11.338189795892923,0.22535449008619612,0.20447952735254254,fourier
