nameseq,average,median,maximum,minimum,peak,none_levated_peak,sample_standard_deviation,population_standard_deviation,percentile15,percentile25,percentile50,percentile75,amplitude,variance,interquartile_range,semi_interquartile_range,coefficient_of_variation,skewness,kurtosis,label
LG15_664340_664508,15.869485141545907,1.6230125255462804,2361.730680184665,0.037581960769739166,3.549789601292994,37.180586893557546,180.99631857480296,181.5341988648376,0.28896636645434776,0.5098493920866071,1.6230125255462804,2.6519192296136533,2361.693098223895,32954.6653574984,2.142069837527046,1.071034918763523,11.405305021582535,0.23613418319519766,0.28322317355150545,fourier
