nameseq,average,median,maximum,minimum,peak,none_levated_peak,sample_standard_deviation,population_standard_deviation,percentile15,percentile25,percentile50,percentile75,amplitude,variance,interquartile_range,semi_interquartile_range,coefficient_of_variation,skewness,kurtosis,label
LG15_13464819_13465111,26.740423271497086,1.7928563242637299,6994.0144021704045,0.02435927532452024,3.6523979323382907,55.07511197837181,407.73856611720043,408.4361518558335,0.4365518988018993,0.6900535972875487,1.7928563242637299,4.473239094161894,6993.99004289508,166820.09014280146,3.7831854968743452,1.8915927484371726,15.248022141512378,0.1835556090619774,0.2953598227646799,fourier
