nameseq,average,median,maximum,minimum,peak,none_levated_peak,sample_standard_deviation,population_standard_deviation,percentile15,percentile25,percentile50,percentile75,amplitude,variance,interquartile_range,semi_interquartile_range,coefficient_of_variation,skewness,kurtosis,label
LG15_5978465_5978674,29.62656451682041,2.901746527918003,5190.145906247221,0.0031449727210985765,2.362744420138814,30.643997416426384,357.00221968283836,357.8552727979283,0.973910091804152,1.5994621214919762,2.901746527918003,6.168207981353215,5190.1427612745,128060.3962692797,4.568745859861239,2.2843729299306195,12.050071464754248,0.22457690609860745,0.17124854163521883,fourier
