nameseq,average,median,maximum,minimum,peak,none_levated_peak,sample_standard_deviation,population_standard_deviation,percentile15,percentile25,percentile50,percentile75,amplitude,variance,interquartile_range,semi_interquartile_range,coefficient_of_variation,skewness,kurtosis,label
LG15_15411082_15411150,9.947434445198883,0.8530306723369583,591.3735832393098,0.08794702227808439,2.3121539655987298,16.488692782967213,70.51980236224966,71.03643785778306,0.2052805329620088,0.47003578760214276,0.8530306723369583,1.9025314762240002,591.2856362170318,5046.175503522674,1.4324956886218574,0.7162478443109287,7.08924524717888,0.3868872345732906,0.2072136635561887,fourier
