nameseq,average,median,maximum,minimum,peak,none_levated_peak,sample_standard_deviation,population_standard_deviation,percentile15,percentile25,percentile50,percentile75,amplitude,variance,interquartile_range,semi_interquartile_range,coefficient_of_variation,skewness,kurtosis,label
LG15_14984048_14984241,38.62133250202598,4.478250241812349,6289.418944746488,0.022077761474312788,1.6743768916640673,25.175886276210463,450.00675793002335,451.17107231572163,0.9326930389881065,1.5982389328042563,4.478250241812349,7.714576805959894,6289.396866985014,203555.33649451812,6.116337873155637,3.0581689365778186,11.65176675109325,0.22761713013334076,0.22741485521956523,fourier
