nameseq,average,median,maximum,minimum,peak,none_levated_peak,sample_standard_deviation,population_standard_deviation,percentile15,percentile25,percentile50,percentile75,amplitude,variance,interquartile_range,semi_interquartile_range,coefficient_of_variation,skewness,kurtosis,label
LG15_2097689_2097763,18.064983190197378,1.843339352122327,1127.2117716147948,0.019015198970727964,1.3838927906429372,12.645343934666457,128.96785920828975,129.8363394534501,0.569902367436712,0.8809720362791869,1.843339352122327,5.015172293477181,1127.192756415824,16857.47504267153,4.134200257197994,2.067100128598997,7.139107623320221,0.37734154705653267,0.3055292635597247,fourier
