nameseq,average,median,maximum,minimum,peak,none_levated_peak,sample_standard_deviation,population_standard_deviation,percentile15,percentile25,percentile50,percentile75,amplitude,variance,interquartile_range,semi_interquartile_range,coefficient_of_variation,skewness,kurtosis,label
LG15_15137977_15138317,56.667916121306725,6.3508521743428945,16387.325064243178,0.10305612533863351,2.0058381258161146,37.953990971518465,885.7016453861962,887.003191489346,1.516654006221544,2.820983772718099,6.3508521743428945,10.536126186751293,16387.22200811784,786774.6617122855,7.715142414033194,3.857571207016597,15.629684414196745,0.17043119726290176,0.22179331165282892,fourier
