nameseq,average,median,maximum,minimum,peak,none_levated_peak,sample_standard_deviation,population_standard_deviation,percentile15,percentile25,percentile50,percentile75,amplitude,variance,interquartile_range,semi_interquartile_range,coefficient_of_variation,skewness,kurtosis,label
LG15_6614172_6614387,26.422388940381452,2.5922474427140956,4723.980793371229,0.014159188799052095,2.7249617800441235,34.02379018205343,320.4411199502222,321.18546734094645,0.6373700230183668,1.0889293011376175,2.5922474427140956,5.674260709581385,4723.96663418243,103160.10443102218,4.585331408443768,2.292665704221884,12.127636175262358,0.22310003317959787,0.2609418035823106,fourier
