nameseq,average,median,maximum,minimum,peak,none_levated_peak,sample_standard_deviation,population_standard_deviation,percentile15,percentile25,percentile50,percentile75,amplitude,variance,interquartile_range,semi_interquartile_range,coefficient_of_variation,skewness,kurtosis,label
LG15_1888384_1888518,19.004120223686368,2.409743788282555,1944.6220014185776,0.04468140150704575,2.3679075626933193,20.759288517509482,166.4297188939692,167.04957101675024,0.549382579050363,0.9466072001206055,2.409743788282555,6.616455343682255,1944.5773200170706,27905.55917688028,5.66984814356165,2.834924071780825,8.757559778354508,0.2991240364824974,0.24294560121433725,fourier
