nameseq,average,median,maximum,minimum,peak,none_levated_peak,sample_standard_deviation,population_standard_deviation,percentile15,percentile25,percentile50,percentile75,amplitude,variance,interquartile_range,semi_interquartile_range,coefficient_of_variation,skewness,kurtosis,label
LG15_513822_514754,86.3803687918359,7.052749868195326,71005.68210185555,0.01516882379470873,3.60035508472376,100.24974794631531,2323.0698588144596,2324.3158068036428,1.5677193695906015,2.802300673664228,7.052749868195326,13.529940071035206,71005.66693303175,5402443.96975727,10.727639397370979,5.363819698685489,26.893493177977966,0.10244326311063774,0.2481322180636839,fourier
