nameseq,average,median,maximum,minimum,peak,none_levated_peak,sample_standard_deviation,population_standard_deviation,percentile15,percentile25,percentile50,percentile75,amplitude,variance,interquartile_range,semi_interquartile_range,coefficient_of_variation,skewness,kurtosis,label
LG15_6132484_6132616,17.330289557961855,1.6852856893171453,2017.8707690856852,0.11317815962188157,2.5581415235480462,26.468434534619103,174.13527922311465,174.79363801448903,0.5552842038406328,0.8638411229309688,1.6852856893171453,2.8675050852419095,2017.7575909260634,30552.81589034022,2.0036639623109407,1.0018319811554703,10.048030567562773,0.26953189391219007,0.22620434755206684,fourier
