nameseq,average,median,maximum,minimum,peak,none_levated_peak,sample_standard_deviation,population_standard_deviation,percentile15,percentile25,percentile50,percentile75,amplitude,variance,interquartile_range,semi_interquartile_range,coefficient_of_variation,skewness,kurtosis,label
LG15_13896451_13896644,34.12161258764183,2.8689813402564908,5815.575016613639,0.03498710958051754,1.895182019916833,29.25560578222856,416.1764923808784,417.253276825844,0.7273463172313086,1.1892877558668589,2.8689813402564908,5.738533828466252,5815.540029504058,174100.2970219044,4.549246072599393,2.2746230362996966,12.196858847509725,0.22528397316672613,0.2371761380010351,fourier
