nameseq,average,median,maximum,minimum,peak,none_levated_peak,sample_standard_deviation,population_standard_deviation,percentile15,percentile25,percentile50,percentile75,amplitude,variance,interquartile_range,semi_interquartile_range,coefficient_of_variation,skewness,kurtosis,label
LG15_2885640_2886616,119.93536191762887,12.309246871215834,98948.09368165827,0.0029547907237525237,2.7153515148462493,79.83281932290767,3163.5104515489015,3165.130687481784,2.6820031041164807,5.244806076688536,12.309246871215834,24.167621238433334,98948.09072686755,10018052.26883891,18.922815161744797,9.461407580872399,26.37679497495983,0.10206330912583302,0.2393113637727199,fourier
