nameseq,average,median,maximum,minimum,peak,none_levated_peak,sample_standard_deviation,population_standard_deviation,percentile15,percentile25,percentile50,percentile75,amplitude,variance,interquartile_range,semi_interquartile_range,coefficient_of_variation,skewness,kurtosis,label
LG15_9282063_9282379,30.495149469514367,1.802766020306979,8781.994899272298,0.02121035976787405,3.465031931465047,60.14426320470529,492.31827298799107,493.09664228506773,0.35955618968071584,0.6833079658319029,1.802766020306979,4.6783942260305835,8781.97368891253,243144.29863280803,3.9950862601986805,1.9975431300993403,16.1441501862503,0.1748404539713719,0.3324371856555816,fourier
