nameseq,average,median,maximum,minimum,peak,none_levated_peak,sample_standard_deviation,population_standard_deviation,percentile15,percentile25,percentile50,percentile75,amplitude,variance,interquartile_range,semi_interquartile_range,coefficient_of_variation,skewness,kurtosis,label
LG16_5418714_5419065,59.42052044098062,4.054119638759654,18377.13755847618,0.01256980247146724,1.9746264836215053,43.87514744347669,977.7805842027454,979.172443390182,0.9305863380793608,1.7262003986195786,4.054119638759654,8.714265933127901,18377.12498867371,958778.6738946993,6.988065534508323,3.4940327672541613,16.45526792674132,0.16987369670680819,0.2066538411890499,fourier
