nameseq,average,median,maximum,minimum,peak,none_levated_peak,sample_standard_deviation,population_standard_deviation,percentile15,percentile25,percentile50,percentile75,amplitude,variance,interquartile_range,semi_interquartile_range,coefficient_of_variation,skewness,kurtosis,label
LG16_13759871_13760298,39.99587097357656,2.390864430301038,15540.490133371157,0.002920312644878876,3.5670348761980954,72.70934140089122,750.1315465202275,751.0094070271963,0.39754352367592277,0.9279543211907958,2.390864430301038,5.472152321710008,15540.487213058512,564015.1294433409,4.544198000519213,2.2720990002596064,18.755224683463076,0.1503936478250545,0.2842318329430718,fourier
