nameseq,average,median,maximum,minimum,peak,none_levated_peak,sample_standard_deviation,population_standard_deviation,percentile15,percentile25,percentile50,percentile75,amplitude,variance,interquartile_range,semi_interquartile_range,coefficient_of_variation,skewness,kurtosis,label
LG16_2566382_2566529,23.789615962552176,2.0452567619996787,3084.52481264949,0.015118701559461812,2.073733910248495,26.31505158084966,252.46164436657256,253.31890199257649,0.40449315450731516,0.8314367005031399,2.0452567619996787,4.519909984379346,3084.5096939479304,64170.466106724576,3.688473283876206,1.844236641938103,10.612262289730893,0.2583880722369831,0.2919995056168438,fourier
