nameseq,average,median,maximum,minimum,peak,none_levated_peak,sample_standard_deviation,population_standard_deviation,percentile15,percentile25,percentile50,percentile75,amplitude,variance,interquartile_range,semi_interquartile_range,coefficient_of_variation,skewness,kurtosis,label
LG16_12410667_12411127,78.94187991812537,7.809833468145614,30787.681175589078,0.14865502118268664,1.9465797726889982,44.950301320596026,1431.8895940142359,1433.4451507945303,1.782510698014017,3.4021013144803707,7.809833468145614,15.972672267917087,30787.532520567896,2054765.0003363534,12.570570953436716,6.285285476718358,18.13852920020807,0.1490311405586049,0.28142596856255425,fourier
