nameseq,average,median,maximum,minimum,peak,none_levated_peak,sample_standard_deviation,population_standard_deviation,percentile15,percentile25,percentile50,percentile75,amplitude,variance,interquartile_range,semi_interquartile_range,coefficient_of_variation,skewness,kurtosis,label
LG16_17475012_17480757,444.3388274960457,20.340963087880823,2376354.3636113796,4.7987986114812724e-05,4.310524344961455,372.99323678507017,31346.225522371227,31348.953534692857,4.764847819001309,8.268928991899195,20.340963087880823,41.212488171195965,2376354.363563392,982756887.7203319,32.94355917929677,16.471779589648385,70.54577179089799,0.04057884392864768,0.24072362899076274,fourier
