nameseq,average,median,maximum,minimum,peak,none_levated_peak,sample_standard_deviation,population_standard_deviation,percentile15,percentile25,percentile50,percentile75,amplitude,variance,interquartile_range,semi_interquartile_range,coefficient_of_variation,skewness,kurtosis,label
LG16_14631975_14635190,260.7478121032994,14.555621530481218,771317.4770045269,0.02336619803893803,4.111252138044058,248.11430445834293,13598.670614926545,13600.785329287344,3.6561093322366767,5.878795660380185,14.555621530481218,28.38656720826751,771317.4536383288,184981361.57335788,22.507771547887327,11.253885773943663,52.15257802255006,0.05431240984010289,0.24754881068921114,fourier
