nameseq,average,median,maximum,minimum,peak,none_levated_peak,sample_standard_deviation,population_standard_deviation,percentile15,percentile25,percentile50,percentile75,amplitude,variance,interquartile_range,semi_interquartile_range,coefficient_of_variation,skewness,kurtosis,label
LG16_5467546_5467774,36.60197233029538,4.598490359254891,6573.993178002994,0.15054981685356886,2.0854978153773525,27.529157928325425,433.09842791947165,434.0471660288329,1.3409903963570426,2.3253219131690512,4.598490359254891,9.007174476684458,6573.84262818614,188396.94233766125,6.681852563515407,3.3409262817577035,11.832652732787214,0.22168273935866892,0.21487137756052405,fourier
