nameseq,average,median,maximum,minimum,peak,none_levated_peak,sample_standard_deviation,population_standard_deviation,percentile15,percentile25,percentile50,percentile75,amplitude,variance,interquartile_range,semi_interquartile_range,coefficient_of_variation,skewness,kurtosis,label
LG16_19892210_19894179,160.08613102531947,9.197000528073684,289549.35057686025,0.005523701550967762,4.101958504842666,189.46887400194998,6521.695320434366,6523.351203492771,2.08861036956515,3.665271857104746,9.197000528073684,17.776864369737346,289549.3450531587,42554110.924110584,14.111592512632601,7.055796256316301,40.738665358855386,0.06940946628914094,0.2441554783438249,fourier
