nameseq,average,median,maximum,minimum,peak,none_levated_peak,sample_standard_deviation,population_standard_deviation,percentile15,percentile25,percentile50,percentile75,amplitude,variance,interquartile_range,semi_interquartile_range,coefficient_of_variation,skewness,kurtosis,label
LG16_10561627_10563520,137.0284828767835,4.824909585844977,246692.62388938226,0.001624053527688895,4.607314625974737,245.29904089692687,5666.825917274809,5668.322504100656,1.1039980920549772,1.99013899210482,4.824909585844977,9.592976955203845,246692.62226532874,32129880.010493938,7.6028379630990255,3.8014189815495127,41.35509492847877,0.06998816015572024,0.2630751270068415,fourier
