nameseq,average,median,maximum,minimum,peak,none_levated_peak,sample_standard_deviation,population_standard_deviation,percentile15,percentile25,percentile50,percentile75,amplitude,variance,interquartile_range,semi_interquartile_range,coefficient_of_variation,skewness,kurtosis,label
LG16_4328498_4329150,65.50423206164743,4.883693045058049,37827.826713824885,0.030563802781803654,3.32294051568784,80.07385866030101,1478.9108930973566,1480.0445926836205,1.4740321301553858,2.1073671610002296,4.883693045058049,9.661235648626016,37827.796150022106,2190531.996332024,7.553868487625786,3.776934243812893,22.577333502750204,0.12296996248968477,0.2271990122551931,fourier
