nameseq,average,median,maximum,minimum,peak,none_levated_peak,sample_standard_deviation,population_standard_deviation,percentile15,percentile25,percentile50,percentile75,amplitude,variance,interquartile_range,semi_interquartile_range,coefficient_of_variation,skewness,kurtosis,label
LG16_8501564_8502863,97.12780901313019,3.231624532751199,120025.32712334125,0.0005201052163875457,4.461475428471297,198.82631499348923,3327.4953124155795,3328.7758571281415,0.7074501930911038,1.268617645355993,3.231624532751199,6.435558021975739,120025.32660323604,11080748.706999192,5.1669403766197455,2.5834701883098727,34.2589351723743,0.08465483103465185,0.26242871469198664,fourier
