nameseq,average,median,maximum,minimum,peak,none_levated_peak,sample_standard_deviation,population_standard_deviation,percentile15,percentile25,percentile50,percentile75,amplitude,variance,interquartile_range,semi_interquartile_range,coefficient_of_variation,skewness,kurtosis,label
LG16_12829096_12829204,21.243779965819773,2.219999464557869,1917.8086338611392,0.02745712779742752,1.7103045405192454,17.737542255950082,182.56111995091499,183.40436286746967,0.5370169052192927,1.105910374215724,2.219999464557869,4.76979912053647,1917.781176733342,33637.16031882249,3.6638887463207457,1.8319443731603728,8.593626946082434,0.312614983514181,0.2772309973943502,fourier
