nameseq,average,median,maximum,minimum,peak,none_levated_peak,sample_standard_deviation,population_standard_deviation,percentile15,percentile25,percentile50,percentile75,amplitude,variance,interquartile_range,semi_interquartile_range,coefficient_of_variation,skewness,kurtosis,label
LG16_8676183_8676479,39.768827132832165,3.0572368434984565,10111.812420865555,0.008979435723939149,2.489386968072489,42.186872101500356,585.497117228476,586.4852987201746,0.8063737375375633,1.3799319760097475,3.0572368434984565,6.5004005742104285,10111.80344142983,343965.0056148924,5.120468598200681,2.5602342991003404,14.722514075480591,0.18810471926717223,0.2185457786019206,fourier
