nameseq,average,median,maximum,minimum,peak,none_levated_peak,sample_standard_deviation,population_standard_deviation,percentile15,percentile25,percentile50,percentile75,amplitude,variance,interquartile_range,semi_interquartile_range,coefficient_of_variation,skewness,kurtosis,label
LG16_2465931_2466086,29.08719269575039,3.706639680866722,3697.477029092816,0.08833922417605104,1.7877283842382339,21.344688002340206,294.7036116926893,295.6527401134933,0.8966941851147628,1.7673421248645205,3.706639680866722,8.175694734637066,3697.3886898686396,87410.54273661679,6.408352609772545,3.2041763048862726,10.131730991548912,0.25836690160434783,0.28867320711333877,fourier
