nameseq,average,median,maximum,minimum,peak,none_levated_peak,sample_standard_deviation,population_standard_deviation,percentile15,percentile25,percentile50,percentile75,amplitude,variance,interquartile_range,semi_interquartile_range,coefficient_of_variation,skewness,kurtosis,label
LG16_21821096_21821344,27.59879828872364,2.9787519155762032,5765.935628847706,0.0025233072867016444,3.007377318812909,38.38445993835382,364.4166829530995,365.1506548607624,0.8000879779088874,1.3543075404363405,2.9787519155762032,5.745917201124375,5765.933105540419,133335.00074524363,4.391609660688035,2.1958048303440174,13.204077914580557,0.20268045502447024,0.22401433647280933,fourier
