nameseq,average,median,maximum,minimum,peak,none_levated_peak,sample_standard_deviation,population_standard_deviation,percentile15,percentile25,percentile50,percentile75,amplitude,variance,interquartile_range,semi_interquartile_range,coefficient_of_variation,skewness,kurtosis,label
LG16_13767401_13775258,584.1084318089017,21.187463885341487,4345965.090776508,0.0016889716211089013,4.484327208257594,505.7334216080591,49022.965488255446,49026.08508897694,4.810386769867156,8.706168673158354,21.187463885341487,42.7640447253359,4345965.089087537,2403557019.151607,34.05787605217755,17.028938026088774,83.92785109510953,0.03444840366042854,0.24950490614819792,fourier
