nameseq,average,median,maximum,minimum,peak,none_levated_peak,sample_standard_deviation,population_standard_deviation,percentile15,percentile25,percentile50,percentile75,amplitude,variance,interquartile_range,semi_interquartile_range,coefficient_of_variation,skewness,kurtosis,label
LG16_20787641_20789545,217.52336454903457,19.448657847192774,362249.0382152157,0.03898894650598886,2.9192266371774376,129.35355064406735,8296.908953617547,8299.087477733761,4.154725466908354,7.411887634870139,19.448657847192774,37.53561997766698,362248.9992262692,68874852.96307732,30.123732342796842,15.061866171398421,38.14261043092334,0.07161993983873197,0.2666691918987955,fourier
