nameseq,average,median,maximum,minimum,peak,none_levated_peak,sample_standard_deviation,population_standard_deviation,percentile15,percentile25,percentile50,percentile75,amplitude,variance,interquartile_range,semi_interquartile_range,coefficient_of_variation,skewness,kurtosis,label
LG16_20437991_20438298,39.883552323462425,4.340333909158648,10532.950708133023,0.017592144032570582,2.5741605420204916,41.101886742707144,598.8902079875247,599.864806204231,1.0975813581863816,1.882180802563409,4.340333909158648,7.956774051532838,10532.93311598899,359837.7857224395,6.074593248969428,3.037296624484714,15.015969568869462,0.17804541436939392,0.24790148096321254,fourier
