nameseq,average,median,maximum,minimum,peak,none_levated_peak,sample_standard_deviation,population_standard_deviation,percentile15,percentile25,percentile50,percentile75,amplitude,variance,interquartile_range,semi_interquartile_range,coefficient_of_variation,skewness,kurtosis,label
LG16_9992476_9997859,408.02009219840977,13.798892422631972,2086416.722455849,0.0012090700698201313,4.3984762049266095,422.1930108664598,28431.780348245284,28434.421111762636,3.0261506164176653,5.655293671459673,13.798892422631972,27.78159531682302,2086416.721246779,808516303.9610527,22.126301645363345,11.063150822681672,69.6823046018519,0.04159653686267746,0.24005977654769417,fourier
