nameseq,average,median,maximum,minimum,peak,none_levated_peak,sample_standard_deviation,population_standard_deviation,percentile15,percentile25,percentile50,percentile75,amplitude,variance,interquartile_range,semi_interquartile_range,coefficient_of_variation,skewness,kurtosis,label
LG16_9624209_9624725,95.37157032501283,10.934154478055914,38252.05750055771,0.05045285994846091,1.8069675559083878,40.65941046792404,1680.2735625886114,1681.9009465657907,3.285284723796302,5.433150311657237,10.934154478055914,22.687028251297516,38252.00704769776,2828790.7940589027,17.25387793964028,8.62693896982014,17.618180731034172,0.15075655130264656,0.20428975263173607,fourier
