nameseq,average,median,maximum,minimum,peak,none_levated_peak,sample_standard_deviation,population_standard_deviation,percentile15,percentile25,percentile50,percentile75,amplitude,variance,interquartile_range,semi_interquartile_range,coefficient_of_variation,skewness,kurtosis,label
LG16_1934974_1935126,33.01806273631172,2.1072364815408475,4620.705265829488,0.05478345053610478,1.5446090949458577,26.003734911130657,372.1193072947646,373.34137727504094,0.71970755231719,1.0167242461689625,2.1072364815408475,4.368158223726709,4620.650482378952,139383.78398562447,3.351433977557747,1.6757169887788734,11.270173852008744,0.24920093353516054,0.3180910180636709,fourier
