nameseq,average,median,maximum,minimum,peak,none_levated_peak,sample_standard_deviation,population_standard_deviation,percentile15,percentile25,percentile50,percentile75,amplitude,variance,interquartile_range,semi_interquartile_range,coefficient_of_variation,skewness,kurtosis,label
LG16_11602374_11602793,63.3857362439484,7.30869632320073,21607.04477482071,0.034708664966510344,2.2086988066398954,42.680536843262686,1052.6180874368367,1053.8734463652816,1.5940158723678444,2.569411573162439,7.30869632320073,15.02365446473088,21607.010066155744,1110649.2409538361,12.454242891568441,6.2271214457842206,16.606545096923647,0.1598216121973468,0.23033714657274648,fourier
