nameseq,average,median,maximum,minimum,peak,none_levated_peak,sample_standard_deviation,population_standard_deviation,percentile15,percentile25,percentile50,percentile75,amplitude,variance,interquartile_range,semi_interquartile_range,coefficient_of_variation,skewness,kurtosis,label
LG16_6505145_6505292,27.47825596601612,2.2798283056242235,3566.251370870335,0.046124598050025285,1.7953589701743298,24.453917776426465,291.89266943712516,292.88381887480494,0.45310106553799795,0.8762601889991936,2.2798283056242235,4.525010667135929,3566.205246272285,85780.93135868956,3.6487504781367353,1.8243752390683676,10.622678156798779,0.2589831499603974,0.23885616855217542,fourier
