nameseq,average,median,maximum,minimum,peak,none_levated_peak,sample_standard_deviation,population_standard_deviation,percentile15,percentile25,percentile50,percentile75,amplitude,variance,interquartile_range,semi_interquartile_range,coefficient_of_variation,skewness,kurtosis,label
LG16_20674387_20678349,314.3906484917941,14.98563524457584,1156799.4419357337,0.0009548511740522149,4.201778921660513,297.97189245101896,18373.132228419894,18375.450751014578,3.7832472548298455,6.242383058675586,14.98563524457584,29.950395697822074,1156799.4409808824,337657190.3029622,23.70801263914649,11.854006319573244,58.44045399110989,0.04888742042319161,0.25056322945521936,fourier
