nameseq,average,median,maximum,minimum,peak,none_levated_peak,sample_standard_deviation,population_standard_deviation,percentile15,percentile25,percentile50,percentile75,amplitude,variance,interquartile_range,semi_interquartile_range,coefficient_of_variation,skewness,kurtosis,label
LG16_9523038_9523112,17.57082574053728,2.006962683683304,1045.3039054291316,0.07650871600955338,1.4228130407282469,11.688301931213305,119.52000280297567,120.32486040062142,1.0047010368380627,1.4468351961788029,2.006962683683304,6.152984732910955,1045.227396713122,14478.072030429033,4.706149536732152,2.353074768366076,6.802184744638017,0.3906592041127317,0.3113204675401664,fourier
