nameseq,average,median,maximum,minimum,peak,none_levated_peak,sample_standard_deviation,population_standard_deviation,percentile15,percentile25,percentile50,percentile75,amplitude,variance,interquartile_range,semi_interquartile_range,coefficient_of_variation,skewness,kurtosis,label
LG16_22872913_22876020,265.13868114396706,13.26616877631693,767733.1346036479,0.01289296177794698,3.907389127569299,256.0452492637697,13768.60811801389,13770.823679717507,2.694138573025479,4.939429205140884,13.26616877631693,24.47957049767004,767733.1217106861,189635584.81786844,19.540141292529157,9.770070646264578,51.92983558116782,0.05487973298581669,0.2459700840698923,fourier
