nameseq,average,median,maximum,minimum,peak,none_levated_peak,sample_standard_deviation,population_standard_deviation,percentile15,percentile25,percentile50,percentile75,amplitude,variance,interquartile_range,semi_interquartile_range,coefficient_of_variation,skewness,kurtosis,label
LG16_17219281_17219581,39.45746336737687,4.268749497712043,10167.944704414704,0.05370472861846125,2.5428226948894075,41.12925599779772,584.7944604303053,585.7683070007047,0.8378667348934008,1.2986353382059797,4.268749497712043,7.924004018749009,10167.890999686086,343124.5094864718,6.625368680543029,3.3126843402715145,14.8208833138982,0.18051836799431453,0.2393955343065531,fourier
