nameseq,average,median,maximum,minimum,peak,none_levated_peak,sample_standard_deviation,population_standard_deviation,percentile15,percentile25,percentile50,percentile75,amplitude,variance,interquartile_range,semi_interquartile_range,coefficient_of_variation,skewness,kurtosis,label
LG16_19497525_19497858,57.44088844009387,6.092086742137073,15295.641154974408,0.08430901506535037,1.9382244313551114,34.578825607963346,835.2913755986447,836.5446266794147,1.7342878113692153,2.754761856026641,6.092086742137073,13.217645544907565,15295.556845959343,699806.9124262014,10.462883688880925,5.231441844440463,14.541755851666274,0.18442235798671686,0.20710098544873476,fourier
