nameseq,average,median,maximum,minimum,peak,none_levated_peak,sample_standard_deviation,population_standard_deviation,percentile15,percentile25,percentile50,percentile75,amplitude,variance,interquartile_range,semi_interquartile_range,coefficient_of_variation,skewness,kurtosis,label
LG16_137334_137480,28.927725043708218,1.643882897443482,3904.326036739539,0.01477379724479547,1.6938767195126359,27.12278705557024,320.73713220982125,321.83367261264937,0.5815972268581886,0.8737408370658951,1.643882897443482,3.1224051737243705,3904.3112629422944,103576.91282734598,2.2486643366584755,1.1243321683292378,11.087533904764543,0.2551981614191406,0.20687228870916824,fourier
