nameseq,average,median,maximum,minimum,peak,none_levated_peak,sample_standard_deviation,population_standard_deviation,percentile15,percentile25,percentile50,percentile75,amplitude,variance,interquartile_range,semi_interquartile_range,coefficient_of_variation,skewness,kurtosis,label
LG16_1935412_1935547,36.74486416459638,5.617586361582251,3836.668039007206,0.09972146368000856,1.2337325055895003,15.109162484017295,327.20225631783467,328.41188061436407,1.6876929587051834,2.3299378826217767,5.617586361582251,11.734007112145365,3836.568317543526,107854.36332866331,9.40406922952359,4.702034614761795,8.90470719532809,0.2853948333361553,0.2515262689949833,fourier
