nameseq,average,median,maximum,minimum,peak,none_levated_peak,sample_standard_deviation,population_standard_deviation,percentile15,percentile25,percentile50,percentile75,amplitude,variance,interquartile_range,semi_interquartile_range,coefficient_of_variation,skewness,kurtosis,label
LG16_10841014_10841339,34.65071994635521,3.24212310333104,9933.623805890804,0.021148505973846272,3.136057976137288,50.4864363242236,549.1082302156439,549.9523632738817,0.8919812623309001,1.463303138055874,3.24212310333104,6.296630138509034,9933.60265738483,302447.6018705275,4.83332700045316,2.41666350022658,15.846950108561963,0.17159784782695478,0.2621976826763126,fourier
