nameseq,average,median,maximum,minimum,peak,none_levated_peak,sample_standard_deviation,population_standard_deviation,percentile15,percentile25,percentile50,percentile75,amplitude,variance,interquartile_range,semi_interquartile_range,coefficient_of_variation,skewness,kurtosis,label
LG16_3279822_3280019,22.77521615681373,1.453081562642272,4080.231084255193,0.02013768958236984,2.897886876048576,41.30269071290151,289.0923727966666,289.825181000976,0.27448817012810633,0.571595374730086,1.453081562642272,2.879805881274652,4080.2109465656104,83998.6355422485,2.308210506544566,1.154105253272283,12.693287774139433,0.22126631416701265,0.22447500396616468,fourier
