nameseq,average,median,maximum,minimum,peak,none_levated_peak,sample_standard_deviation,population_standard_deviation,percentile15,percentile25,percentile50,percentile75,amplitude,variance,interquartile_range,semi_interquartile_range,coefficient_of_variation,skewness,kurtosis,label
LG16_18028908_18028945,5.0062270605150925,0.8542295071465882,155.26520242940097,0.031491401825622524,2.5301822137814476,10.674679051982343,24.712782334448562,25.044512376735884,0.16532277682661778,0.2745468217284918,0.8542295071465882,1.615995772296378,155.23371102757534,627.2276001884769,1.3414489505678862,0.6707244752839431,4.936408603869009,0.5040303633776757,0.34961260638295427,fourier
