nameseq,average,median,maximum,minimum,peak,none_levated_peak,sample_standard_deviation,population_standard_deviation,percentile15,percentile25,percentile50,percentile75,amplitude,variance,interquartile_range,semi_interquartile_range,coefficient_of_variation,skewness,kurtosis,label
LG16_12371064_12372261,119.63909139569071,9.003797249286936,127058.3885439423,0.046403094396236945,3.337816500232272,112.27127161851405,3669.0230784585915,3670.5553495959493,2.328260907913791,4.312613994690557,9.003797249286936,18.35903259481308,127058.3421408479,13472976.57444744,14.046418600122522,7.023209300061261,30.667426805539467,0.09046165023814723,0.2330689815159963,fourier
