nameseq,average,median,maximum,minimum,peak,none_levated_peak,sample_standard_deviation,population_standard_deviation,percentile15,percentile25,percentile50,percentile75,amplitude,variance,interquartile_range,semi_interquartile_range,coefficient_of_variation,skewness,kurtosis,label
LG16_1396986_1397186,21.1519088333241,2.625753585430971,3521.99209371238,0.030024560156997074,3.1675628203561383,34.0981184896066,247.57281760587756,248.19097791297668,0.5583248842859598,0.8421708391007804,2.625753585430971,5.148934809331764,3521.962069152223,61598.761517399675,4.306763970230984,2.153381985115492,11.704514214614766,0.22449340877219112,0.2638060845981852,fourier
