nameseq,average,median,maximum,minimum,peak,none_levated_peak,sample_standard_deviation,population_standard_deviation,percentile15,percentile25,percentile50,percentile75,amplitude,variance,interquartile_range,semi_interquartile_range,coefficient_of_variation,skewness,kurtosis,label
LG16_11102370_11102659,30.072678394690723,2.744791045505779,7625.249335914106,0.0014379562630584405,3.214434889967533,47.201685197135355,446.7883038619088,447.56062648478655,0.7378965818289995,1.2363886462782507,2.744791045505779,5.383934658360033,7625.247897957844,200310.5143794546,4.147546012081783,2.0737730060408914,14.856950817549675,0.18349554215925482,0.2559306018538271,fourier
