nameseq,average,median,maximum,minimum,peak,none_levated_peak,sample_standard_deviation,population_standard_deviation,percentile15,percentile25,percentile50,percentile75,amplitude,variance,interquartile_range,semi_interquartile_range,coefficient_of_variation,skewness,kurtosis,label
LG16_303526_303619,12.753653044234714,1.488929916961224,990.8633964570445,0.01022231746805111,2.456812430497908,19.017388479200594,101.44997147193953,101.99394304680209,0.5002173751934944,0.8382603368402226,1.488929916961224,2.8904159809768823,990.8531741395764,10402.764418234308,2.0521556441366595,1.0260778220683298,7.95458141444423,0.33311166963874145,0.2186670180133466,fourier
