nameseq,average,median,maximum,minimum,peak,none_levated_peak,sample_standard_deviation,population_standard_deviation,percentile15,percentile25,percentile50,percentile75,amplitude,variance,interquartile_range,semi_interquartile_range,coefficient_of_variation,skewness,kurtosis,label
LG16_5702764_5702923,28.140136610407012,3.809269622918757,3456.236465084486,0.1523905636423158,1.895276276434606,21.110063311944966,272.01627880753506,272.87033515959894,0.8973680081553433,1.5518556539418167,3.809269622918757,7.593258314827571,3456.084074520844,74458.21981011186,6.041402660885754,3.020701330442877,9.666487500523925,0.26833909088988983,0.1900605128238504,fourier
