nameseq,average,median,maximum,minimum,peak,none_levated_peak,sample_standard_deviation,population_standard_deviation,percentile15,percentile25,percentile50,percentile75,amplitude,variance,interquartile_range,semi_interquartile_range,coefficient_of_variation,skewness,kurtosis,label
LG16_13716226_13718868,215.5560786787113,11.874711259975385,522033.52253862505,0.02131463849476823,4.087103483233893,219.58678047452204,10152.048761971673,10153.969861196358,3.102742845642044,5.06314251849697,11.874711259975385,24.648616564237926,522033.50122398656,103103103.94208397,19.585474045740956,9.792737022870478,47.097019133955456,0.06018924027878036,0.25027955081914505,fourier
