nameseq,average,median,maximum,minimum,peak,none_levated_peak,sample_standard_deviation,population_standard_deviation,percentile15,percentile25,percentile50,percentile75,amplitude,variance,interquartile_range,semi_interquartile_range,coefficient_of_variation,skewness,kurtosis,label
LG16_13520378_13521177,117.5494755286711,10.637632394566598,82303.58447946649,0.038040502790593386,2.268548332243515,71.23924753099745,2907.5727073888625,2909.391645763448,2.5856710884161744,3.5909062889116865,10.637632394566598,20.67181155483168,82303.54643896369,8464559.748438144,17.080905265919995,8.540452632959997,24.73488456083912,0.11031040722979861,0.27648356713102323,fourier
