nameseq,average,median,maximum,minimum,peak,none_levated_peak,sample_standard_deviation,population_standard_deviation,percentile15,percentile25,percentile50,percentile75,amplitude,variance,interquartile_range,semi_interquartile_range,coefficient_of_variation,skewness,kurtosis,label
LG16_18397145_18397316,18.420714627271778,1.1333207731030381,2801.7817400610443,0.016724468118454038,3.1124380619007916,36.64607312693539,212.86231727599755,213.4838144154522,0.33985730076730525,0.5047640355275961,1.1333207731030381,3.0125422193843794,2801.765015592926,45575.33901737123,2.507778183856783,1.2538890919283916,11.555594969201463,0.2436419100674435,0.2301760735706303,fourier
