nameseq,average,median,maximum,minimum,peak,none_levated_peak,sample_standard_deviation,population_standard_deviation,percentile15,percentile25,percentile50,percentile75,amplitude,variance,interquartile_range,semi_interquartile_range,coefficient_of_variation,skewness,kurtosis,label
LG16_22918201_22923208,482.43878212632654,34.426509693528416,2158988.351897682,0.020117767848949173,3.460197221242919,253.11300092802009,30504.59154584114,30507.63758824185,8.065871312802454,14.078533808364575,34.426509693528416,69.97239406991682,2158988.3317799144,930715951.2155069,55.89386026155224,27.94693013077612,63.229973783188754,0.04406014797079407,0.24775610745381663,fourier
