nameseq,average,median,maximum,minimum,peak,none_levated_peak,sample_standard_deviation,population_standard_deviation,percentile15,percentile25,percentile50,percentile75,amplitude,variance,interquartile_range,semi_interquartile_range,coefficient_of_variation,skewness,kurtosis,label
LG16_11882061_11882401,46.39791101940133,2.9026579177916223,14231.699445122707,0.005860390614771212,2.4498229374839062,51.17469369417866,769.3249467761249,770.455476330573,0.620899778354117,1.3935512238334138,2.9026579177916223,5.735504079430935,14231.693584732093,593601.6410077701,4.341952855597522,2.170976427798761,16.581025521912636,0.16961072151843368,0.1948120503220093,fourier
