nameseq,average,median,maximum,minimum,peak,none_levated_peak,sample_standard_deviation,population_standard_deviation,percentile15,percentile25,percentile50,percentile75,amplitude,variance,interquartile_range,semi_interquartile_range,coefficient_of_variation,skewness,kurtosis,label
LG16_21318023_21327031,769.6149369517703,45.59583411256,6298282.9550057445,0.0014012219795129393,3.901951295142534,393.23794691258206,66352.1939389497,66355.87679599684,11.199582222552104,19.600251042036923,45.59583411256,95.29944349870065,6298282.953604522,4403102385.365513,75.69919245666372,37.84959622833186,86.2147948969808,0.03273527489559922,0.24233540813882265,fourier
