nameseq,average,median,maximum,minimum,peak,none_levated_peak,sample_standard_deviation,population_standard_deviation,percentile15,percentile25,percentile50,percentile75,amplitude,variance,interquartile_range,semi_interquartile_range,coefficient_of_variation,skewness,kurtosis,label
LG16_5032086_5032306,24.099631192174407,1.9668478426107456,4742.546679763783,0.03185411730015013,3.0567549386642727,41.73749320839,318.12773132341886,318.84992914574156,0.46679071039377884,0.8795667848764742,1.9668478426107456,3.7628021772410456,4742.514825646483,101665.2773162444,2.8832353923645715,1.4416176961822857,13.200522812428797,0.2087160077886712,0.23511556222248292,fourier
