nameseq,average,median,maximum,minimum,peak,none_levated_peak,sample_standard_deviation,population_standard_deviation,percentile15,percentile25,percentile50,percentile75,amplitude,variance,interquartile_range,semi_interquartile_range,coefficient_of_variation,skewness,kurtosis,label
LG16_17494272_17494615,30.97856420489544,2.558297237404763,9369.81867623896,0.0008907525922364721,3.7014842233568164,57.40941381159501,504.2654252033137,504.9999710044869,0.8740107965374985,1.2965348732161355,2.558297237404763,5.11107022765853,9369.817785486368,255024.97071453262,3.8145353544423948,1.9072676772211974,16.277882405009148,0.16907921233762144,0.25505457010697513,fourier
