nameseq,average,median,maximum,minimum,peak,none_levated_peak,sample_standard_deviation,population_standard_deviation,percentile15,percentile25,percentile50,percentile75,amplitude,variance,interquartile_range,semi_interquartile_range,coefficient_of_variation,skewness,kurtosis,label
LG16_1020026_1020259,44.661026743318196,6.097020415427288,7376.677717844263,0.041891951123923174,1.746489180562104,23.63605108502629,480.8531934837374,481.883962498288,1.6411527218918434,2.465999995580823,6.097020415427288,14.550676691437085,7376.635825893139,232212.15331305144,12.084676695856261,6.042338347928131,10.766729485360042,0.24059738097088348,0.1890482338753272,fourier
