nameseq,average,median,maximum,minimum,peak,none_levated_peak,sample_standard_deviation,population_standard_deviation,percentile15,percentile25,percentile50,percentile75,amplitude,variance,interquartile_range,semi_interquartile_range,coefficient_of_variation,skewness,kurtosis,label
LG16_6332111_6332308,56.24667897646943,6.447674491594817,8696.64970999588,0.014872897363770279,1.1734026115143763,19.321808485452472,615.7990047119678,617.3599679379879,1.4795964550292204,2.2518497872877195,6.447674491594817,17.230658615048142,8696.634837098516,381133.33001239353,14.978808827760423,7.489404413880211,10.948184246923889,0.24260677966587882,0.2306356821944222,fourier
