nameseq,average,median,maximum,minimum,peak,none_levated_peak,sample_standard_deviation,population_standard_deviation,percentile15,percentile25,percentile50,percentile75,amplitude,variance,interquartile_range,semi_interquartile_range,coefficient_of_variation,skewness,kurtosis,label
LG16_19446450_19447933,105.27710268742176,2.725469723058227,150203.34986497124,0.011875106479997257,4.6987108691182495,242.81677333677365,3897.6677420626875,3898.981636501512,0.6346335181420709,1.221029078333825,2.725469723058227,5.524737813983242,150203.33798986475,15202057.80177601,4.303708735649417,2.1518543678247086,37.0229389161217,0.07893307466230468,0.2382302052537266,fourier
