nameseq,average,median,maximum,minimum,peak,none_levated_peak,sample_standard_deviation,population_standard_deviation,percentile15,percentile25,percentile50,percentile75,amplitude,variance,interquartile_range,semi_interquartile_range,coefficient_of_variation,skewness,kurtosis,label
LG16_22049996_22051218,98.90569419172152,5.047852264897966,111477.39203271185,0.00011012259938122788,4.121771451059576,150.4883781829686,3186.159407969038,3187.462807249562,1.1555414403796855,2.206225554570697,5.047852264897966,11.094717391505256,111477.39192258926,10159919.147599258,8.88849183693456,4.44424591846728,32.21411501134504,0.08837396053575199,0.2650550053080745,fourier
