nameseq,average,median,maximum,minimum,peak,none_levated_peak,sample_standard_deviation,population_standard_deviation,percentile15,percentile25,percentile50,percentile75,amplitude,variance,interquartile_range,semi_interquartile_range,coefficient_of_variation,skewness,kurtosis,label
LG16_11765369_11765536,25.177969399936348,2.3357172983194046,3658.6118329293645,0.0025306515807876568,2.2241666557963793,28.371155121427197,281.1813019419129,282.0219056168292,0.39547950118808955,0.8219851974812624,2.3357172983194046,5.499338969201336,3658.6093022777836,79536.35524774772,4.677353771720074,2.338676885860037,11.16775135736815,0.24371021768370377,0.2891851686930426,fourier
