nameseq,average,median,maximum,minimum,peak,none_levated_peak,sample_standard_deviation,population_standard_deviation,percentile15,percentile25,percentile50,percentile75,amplitude,variance,interquartile_range,semi_interquartile_range,coefficient_of_variation,skewness,kurtosis,label
LG16_4505351_4505442,10.794887567430191,1.0544535891707583,882.4852643404042,0.07880697875480742,2.840850956075971,23.260614923743685,91.38371065605513,91.88444706551975,0.2814680229816265,0.493896511602703,1.0544535891707583,1.5506343081207588,882.4064573616495,8442.751612536302,1.0567377965180558,0.5283688982590279,8.465462014794264,0.31976488725391977,0.20647115628625906,fourier
