nameseq,average,median,maximum,minimum,peak,none_levated_peak,sample_standard_deviation,population_standard_deviation,percentile15,percentile25,percentile50,percentile75,amplitude,variance,interquartile_range,semi_interquartile_range,coefficient_of_variation,skewness,kurtosis,label
LG16_13263008_13265911,202.59358858669097,5.1146683349527,564945.5578637636,0.0047685384650077295,4.778038667229527,354.36546486610644,10481.597498786092,10483.402647770245,1.1921734517144038,2.09573047209557,5.1146683349527,10.723780033640567,564945.5530952251,109901731.07527618,8.628049561544998,4.314024780772499,51.737064197868015,0.056521609499298825,0.24131418087976358,fourier
