nameseq,average,median,maximum,minimum,peak,none_levated_peak,sample_standard_deviation,population_standard_deviation,percentile15,percentile25,percentile50,percentile75,amplitude,variance,interquartile_range,semi_interquartile_range,coefficient_of_variation,skewness,kurtosis,label
LG16_6800304_6800652,52.00288434893404,6.6714143191286785,15149.857413383319,0.07046531959535023,2.237055401634043,39.070127939810305,809.3687980985273,810.5308500940818,1.4609470191110114,2.595303561657662,6.6714143191286785,12.2080515684607,15149.786948063724,656960.2589542349,9.612748006803038,4.806374003401519,15.563921275361293,0.16802526908488633,0.2667786820353823,fourier
