nameseq,average,median,maximum,minimum,peak,none_levated_peak,sample_standard_deviation,population_standard_deviation,percentile15,percentile25,percentile50,percentile75,amplitude,variance,interquartile_range,semi_interquartile_range,coefficient_of_variation,skewness,kurtosis,label
LG16_20602732_20608905,435.99527455677764,10.598788688043893,2594314.418662459,0.0029735999840227586,4.720234644955989,550.2687087723754,33014.260778498276,33016.93475580623,2.415618572783318,4.25163705477741,10.598788688043893,21.283453994730266,2594314.4156888593,1090117980.6691651,17.031816939952854,8.515908469976427,75.72160228584997,0.03865570294511533,0.25185357539705056,fourier
