nameseq,average,median,maximum,minimum,peak,none_levated_peak,sample_standard_deviation,population_standard_deviation,percentile15,percentile25,percentile50,percentile75,amplitude,variance,interquartile_range,semi_interquartile_range,coefficient_of_variation,skewness,kurtosis,label
LG16_4024415_4024959,77.3012198110302,9.517799376888144,34665.38794803551,0.13442137145583244,2.3501138418095757,50.06126800545699,1483.0371773574998,1484.399637155511,3.091417543002984,4.267714497628503,9.517799376888144,17.85056066923271,34665.253526664055,2203442.282787413,13.582846171604206,6.791423085802103,19.185171734455395,0.13711744007979557,0.26484173308847914,fourier
