nameseq,average,median,maximum,minimum,peak,none_levated_peak,sample_standard_deviation,population_standard_deviation,percentile15,percentile25,percentile50,percentile75,amplitude,variance,interquartile_range,semi_interquartile_range,coefficient_of_variation,skewness,kurtosis,label
LG16_15132456_15135309,241.89163325473524,15.006963633701258,625824.7767846411,0.004386013967733637,3.9328906111088493,215.30790131696426,11712.133262178682,11714.185681937219,3.6891456260804376,6.139821066617794,15.006963633701258,28.786694714592006,625824.7723986271,137222146.19090292,22.64687364797421,11.323436823987105,48.41892670940245,0.05811528895945018,0.24820718845721784,fourier
