nameseq,average,median,maximum,minimum,peak,none_levated_peak,sample_standard_deviation,population_standard_deviation,percentile15,percentile25,percentile50,percentile75,amplitude,variance,interquartile_range,semi_interquartile_range,coefficient_of_variation,skewness,kurtosis,label
LG16_6991870_6992004,17.947755344819857,1.7469181191928613,2036.6802111617703,0.014657706111369816,2.5072773244030238,25.04189629489061,174.4177171891878,175.06731987414585,0.3248970573515751,0.6638432150901863,1.7469181191928613,3.828174281927989,2036.665553455659,30648.56648791651,3.1643310668378026,1.5821655334189013,9.718079717390891,0.2786558181137223,0.19614457362855175,fourier
