nameseq,average,median,maximum,minimum,peak,none_levated_peak,sample_standard_deviation,population_standard_deviation,percentile15,percentile25,percentile50,percentile75,amplitude,variance,interquartile_range,semi_interquartile_range,coefficient_of_variation,skewness,kurtosis,label
LG16_6867366_6867842,70.67121339748357,6.886644940870116,28421.485094707907,0.04038306162771625,2.2498552431202716,49.22408875359864,1299.5309823092189,1300.895319674274,1.8298812913693145,3.1374034459297677,6.886644940870116,13.461078025267657,28421.44471164628,1692328.632750432,10.32367457933789,5.161837289668945,18.38840625248826,0.1472482826302547,0.1990034492373174,fourier
