nameseq,average,median,maximum,minimum,peak,none_levated_peak,sample_standard_deviation,population_standard_deviation,percentile15,percentile25,percentile50,percentile75,amplitude,variance,interquartile_range,semi_interquartile_range,coefficient_of_variation,skewness,kurtosis,label
LG16_23237184_23237895,52.37756448031873,2.3122107654781594,34833.098740108384,0.004536319758302061,4.531202160469167,125.67936778539227,1304.38629253625,1305.303260166221,0.5729758284078091,1.1008066147536695,2.3122107654781594,4.314579490974955,34833.09420378863,1703816.6010005653,3.2137728762212854,1.6068864381106427,24.903530843370604,0.11514691775277731,0.24553205681641524,fourier
