nameseq,average,median,maximum,minimum,peak,none_levated_peak,sample_standard_deviation,population_standard_deviation,percentile15,percentile25,percentile50,percentile75,amplitude,variance,interquartile_range,semi_interquartile_range,coefficient_of_variation,skewness,kurtosis,label
LG16_13737249_13737805,41.676120579363456,1.6116812909676579,21792.788011747332,0.005120874340611726,4.454989190107158,111.05719741305172,922.4565371062027,923.2857116889927,0.4348230098756996,0.7215791808378065,1.6116812909676579,3.4422950218395627,21792.782890872993,852456.5054090497,2.7207158410017565,1.3603579205008782,22.13393483564712,0.1302969983195528,0.23385998343006065,fourier
