nameseq,average,median,maximum,minimum,peak,none_levated_peak,sample_standard_deviation,population_standard_deviation,percentile15,percentile25,percentile50,percentile75,amplitude,variance,interquartile_range,semi_interquartile_range,coefficient_of_variation,skewness,kurtosis,label
LG16_6800333_6800582,39.796194367593834,4.600638966011748,8227.052902103169,0.03315726915361169,2.094002571290885,31.410558683489995,518.8988806479495,519.939802216961,0.8276907892897095,2.0219282956628737,4.600638966011748,9.72735437275474,8227.019744834015,270337.3979294125,7.7054260770918654,3.8527130385459327,13.03890708380122,0.20348216221414872,0.26130735479398637,fourier
