nameseq,average,median,maximum,minimum,peak,none_levated_peak,sample_standard_deviation,population_standard_deviation,percentile15,percentile25,percentile50,percentile75,amplitude,variance,interquartile_range,semi_interquartile_range,coefficient_of_variation,skewness,kurtosis,label
LG16_20309775_20311833,156.73565708970546,6.587328538430534,302151.69882044,0.0016463839333524266,4.3789227421334,226.17934640336122,6656.9874749811925,6658.604622454331,1.6970408131443697,2.7248722982198306,6.587328538430534,12.879692508027361,302151.697174056,44337015.518170185,10.15482020980753,5.077410104903765,42.472705947001955,0.067664989208215,0.22320875519193933,fourier
