nameseq,average,median,maximum,minimum,peak,none_levated_peak,sample_standard_deviation,population_standard_deviation,percentile15,percentile25,percentile50,percentile75,amplitude,variance,interquartile_range,semi_interquartile_range,coefficient_of_variation,skewness,kurtosis,label
LG16_15807737_15808979,111.14546619988494,6.01171558557606,126367.49975473947,0.0181610323901646,3.7278473652554824,137.93970638957688,3582.565203277433,3584.00716960802,1.5684725874859298,2.639668163035872,6.01171558557606,12.485619427257276,126367.48159370708,12845107.39180169,9.845951264221405,4.9229756321107025,32.23312048405571,0.08803782595621387,0.2355520829432902,fourier
