nameseq,average,median,maximum,minimum,peak,none_levated_peak,sample_standard_deviation,population_standard_deviation,percentile15,percentile25,percentile50,percentile75,amplitude,variance,interquartile_range,semi_interquartile_range,coefficient_of_variation,skewness,kurtosis,label
LG16_22984255_22984596,28.932803391835918,1.6462957310831272,9087.538251195327,0.007388988773138135,3.94016433375301,68.62626732294721,490.5561046461742,491.27486855494635,0.475565800983292,0.8917203651096333,1.6462957310831272,3.2810918419340913,9087.530862206553,241350.99647367984,2.389371476824458,1.194685738412229,16.955014624839166,0.1668708679943991,0.25674305891494903,fourier
