nameseq,average,median,maximum,minimum,peak,none_levated_peak,sample_standard_deviation,population_standard_deviation,percentile15,percentile25,percentile50,percentile75,amplitude,variance,interquartile_range,semi_interquartile_range,coefficient_of_variation,skewness,kurtosis,label
LG16_1793153_1793264,23.616262544506675,2.540059102762741,2243.2298746986035,1.0309026605756794e-06,1.5808315673564257,17.65319281711295,210.70332446611542,211.65031047112652,0.7632572715088988,1.1164942394281203,2.540059102762741,5.252318781461625,2243.2298736677008,44795.85392252424,4.135824542033505,2.0679122710167523,8.921958928472645,0.30008359139772384,0.2793802703700109,fourier
