nameseq,average,median,maximum,minimum,peak,none_levated_peak,sample_standard_deviation,population_standard_deviation,percentile15,percentile25,percentile50,percentile75,amplitude,variance,interquartile_range,semi_interquartile_range,coefficient_of_variation,skewness,kurtosis,label
LG16_14799373_14801875,258.4454749563617,20.70271206303542,572400.9431975739,0.0025467282597187797,3.228276035686869,162.9169370947015,11438.313926183522,11440.599531946411,4.404465261492563,8.156526515017857,20.70271206303542,40.79575836105025,572400.9406508456,130887317.65037243,32.63923184603239,16.319615923016194,44.258131925563305,0.06235432016315998,0.24785081669474146,fourier
