nameseq,average,median,maximum,minimum,peak,none_levated_peak,sample_standard_deviation,population_standard_deviation,percentile15,percentile25,percentile50,percentile75,amplitude,variance,interquartile_range,semi_interquartile_range,coefficient_of_variation,skewness,kurtosis,label
LG16_7940417_7950361,829.5494919400286,43.40607343320961,7573118.252673266,0.011200308951629304,3.9961449343394384,444.549873728474,75935.8700812904,75939.68816058896,10.630233820982099,18.67609205157561,43.40607343320961,90.29381326688075,7573118.241472958,5766836237.927495,71.61772121530514,35.80886060765257,91.53868553846345,0.031058184399490315,0.2482338166787295,fourier
