nameseq,average,median,maximum,minimum,peak,none_levated_peak,sample_standard_deviation,population_standard_deviation,percentile15,percentile25,percentile50,percentile75,amplitude,variance,interquartile_range,semi_interquartile_range,coefficient_of_variation,skewness,kurtosis,label
LG16_2649483_2651472,148.2535985045424,4.809831295745809,281012.67255579366,0.0015656948530900208,4.474315227586258,253.9912525380238,6297.666127462543,6299.249052239951,1.1671965576098944,2.080653826891737,4.809831295745809,9.40406757397086,281012.6709900988,39680538.62214592,7.3234137470791225,3.6617068735395613,42.47901022968819,0.0683318697620096,0.24091862847781284,fourier
