nameseq,average,median,maximum,minimum,peak,none_levated_peak,sample_standard_deviation,population_standard_deviation,percentile15,percentile25,percentile50,percentile75,amplitude,variance,interquartile_range,semi_interquartile_range,coefficient_of_variation,skewness,kurtosis,label
LG16_4736921_4737279,73.42587579116169,10.81078269859483,21058.645774967445,0.04678291294915191,1.6297615163218933,31.660519034740634,1109.207667687532,1110.7557600915363,2.0800249017219374,3.5853289380370588,10.81078269859483,20.0880853808105,21058.598992054496,1233778.3585765264,16.502756442773443,8.251378221386721,15.106495574425928,0.16935086616315864,0.27133867251615756,fourier
