nameseq,average,median,maximum,minimum,peak,none_levated_peak,sample_standard_deviation,population_standard_deviation,percentile15,percentile25,percentile50,percentile75,amplitude,variance,interquartile_range,semi_interquartile_range,coefficient_of_variation,skewness,kurtosis,label
LG16_4317725_4317922,21.836696901232855,2.3294494287898706,3688.626781661921,0.023321779627566278,3.0224351374439684,35.031692089719165,261.26827383374234,261.93055188950336,0.5979295531676682,0.8918007118354141,2.3294494287898706,4.391802418520644,3688.6034598822935,68607.61401313981,3.50000170668523,1.750000853342615,11.96464259294599,0.22399100188708396,0.24594324537556578,fourier
