nameseq,average,median,maximum,minimum,peak,none_levated_peak,sample_standard_deviation,population_standard_deviation,percentile15,percentile25,percentile50,percentile75,amplitude,variance,interquartile_range,semi_interquartile_range,coefficient_of_variation,skewness,kurtosis,label
LG16_16057527_16058446,89.47496481054696,5.798898962748009,73649.63710050475,0.020539205528731126,3.427401925398891,103.23032085306848,2426.5570191070647,2427.8768761636506,1.4419784269916822,2.7404833582379124,5.798898962748009,13.063516507968279,73649.61656129922,5894586.125810167,10.323033149730367,5.161516574865184,27.11995499797091,0.10345036014681054,0.26096425009865987,fourier
