nameseq,average,median,maximum,minimum,peak,none_levated_peak,sample_standard_deviation,population_standard_deviation,percentile15,percentile25,percentile50,percentile75,amplitude,variance,interquartile_range,semi_interquartile_range,coefficient_of_variation,skewness,kurtosis,label
LG16_687238_687355,24.91022368964436,4.069745648478262,2272.628482716324,0.023585415466749773,1.5790036180881397,16.02783313070656,207.87542150189074,208.76188787526175,0.48175238413406674,1.2070769424112544,4.069745648478262,9.235105986005347,2272.6048973008574,43581.52582924335,8.028029043594094,4.014014521797047,8.344984135502099,0.3007639559875992,0.3079780093593106,fourier
