nameseq,average,median,maximum,minimum,peak,none_levated_peak,sample_standard_deviation,population_standard_deviation,percentile15,percentile25,percentile50,percentile75,amplitude,variance,interquartile_range,semi_interquartile_range,coefficient_of_variation,skewness,kurtosis,label
LG16_12504830_12504932,22.8765493605237,2.12294595776771,1972.8783677940482,0.12311110905541608,1.5008090945997181,16.793955315057,193.1686343478363,194.11322987986787,0.5705644750499824,0.8555592763440918,2.12294595776771,4.0660486462244245,1972.755256684993,37679.94601439443,3.2104893698803325,1.6052446849401663,8.443958540406996,0.32231324934541766,0.1722674464539904,fourier
