nameseq,average,median,maximum,minimum,peak,none_levated_peak,sample_standard_deviation,population_standard_deviation,percentile15,percentile25,percentile50,percentile75,amplitude,variance,interquartile_range,semi_interquartile_range,coefficient_of_variation,skewness,kurtosis,label
LG16_12817287_12817500,31.182452622403076,3.4290825948115033,5559.997243277527,0.3250326516681643,2.2876113754465806,29.986477087488094,378.8690388411745,379.7573613709213,0.9414761120820875,1.5578790050181994,3.4290825948115033,5.97507879838014,5559.6722106258585,144215.6535154045,4.41719979336194,2.20859989668097,12.150071818564248,0.21975960436735015,0.203067858017135,fourier
