nameseq,average,median,maximum,minimum,peak,none_levated_peak,sample_standard_deviation,population_standard_deviation,percentile15,percentile25,percentile50,percentile75,amplitude,variance,interquartile_range,semi_interquartile_range,coefficient_of_variation,skewness,kurtosis,label
LG16_18616649_18616925,36.7144647772619,3.9984053022477957,8403.228207375649,0.031832399018160665,2.5149034282127802,37.7703571270618,503.7260565979896,504.63777871340915,0.6026180210735812,1.246617048715497,3.9984053022477957,8.581420826674023,8403.196374976631,254659.28770480372,7.334803777958526,3.667401888979263,13.720098050018654,0.19484435466353445,0.2753953470794556,fourier
