nameseq,average,median,maximum,minimum,peak,none_levated_peak,sample_standard_deviation,population_standard_deviation,percentile15,percentile25,percentile50,percentile75,amplitude,variance,interquartile_range,semi_interquartile_range,coefficient_of_variation,skewness,kurtosis,label
LG16_12582105_12582279,28.015615464267608,2.258256568399321,4292.832178050868,0.03640411715250101,2.0821721160377265,29.00215814428885,323.33708757622463,324.26488600431543,0.6004824891977568,1.0965473765909999,2.258256568399321,4.632586645101435,4292.795773933715,105147.71629539167,3.5360392685104354,1.7680196342552177,11.5413165914068,0.23898302934205917,0.22886907013918803,fourier
