nameseq,average,median,maximum,minimum,peak,none_levated_peak,sample_standard_deviation,population_standard_deviation,percentile15,percentile25,percentile50,percentile75,amplitude,variance,interquartile_range,semi_interquartile_range,coefficient_of_variation,skewness,kurtosis,label
LG16_11701677_11704301,174.98448459826136,2.782342708114623,448410.6396825391,0.0026858513345156755,5.000443336498497,424.6373565719322,8750.332046630381,8751.9992529038,0.6798122637214159,1.2022971341213555,2.782342708114623,5.6419492349129365,448410.63699668774,76597490.92282869,4.439652100791581,2.2198260503957905,50.0063309425396,0.05903849395856668,0.2432820410609558,fourier
