nameseq,average,median,maximum,minimum,peak,none_levated_peak,sample_standard_deviation,population_standard_deviation,percentile15,percentile25,percentile50,percentile75,amplitude,variance,interquartile_range,semi_interquartile_range,coefficient_of_variation,skewness,kurtosis,label
LG16_4291263_4291476,30.204135091490635,3.647523814051076,5239.878044028554,0.002542489265838693,2.3617075316760174,30.121596521224678,357.0427914516272,357.87993865346846,0.841677124372334,1.3971066402894587,3.647523814051076,7.309998246352895,5239.875501539288,128078.05049061033,5.912891606063436,2.956445803031718,11.820990416382303,0.22313805442872942,0.21701731328737034,fourier
