nameseq,average,median,maximum,minimum,peak,none_levated_peak,sample_standard_deviation,population_standard_deviation,percentile15,percentile25,percentile50,percentile75,amplitude,variance,interquartile_range,semi_interquartile_range,coefficient_of_variation,skewness,kurtosis,label
LG16_14157075_14158139,91.25089979997367,5.066153019251783,88633.16075607773,0.015750188065649737,3.890372596633863,129.3876350825974,2714.447255403541,2715.72254194578,1.208814458945538,2.143280935243167,5.066153019251783,10.585221093926874,88633.14500588967,7375148.924832449,8.441940158683707,4.220970079341853,29.747073851915314,0.09525115650247841,0.2474707012763688,fourier
