nameseq,average,median,maximum,minimum,peak,none_levated_peak,sample_standard_deviation,population_standard_deviation,percentile15,percentile25,percentile50,percentile75,amplitude,variance,interquartile_range,semi_interquartile_range,coefficient_of_variation,skewness,kurtosis,label
LG16_8149232_8149524,39.67125349438924,5.53823088417693,9485.187981459312,0.15444984148817417,2.461900193813634,36.12995566156252,552.8395500663344,553.7853840342885,1.2140307816110927,2.241735985070257,5.53823088417693,8.979800353948812,9485.033531617824,306678.25157000445,6.738064368878556,3.369032184439278,13.935520089994716,0.18522384626488864,0.2840440453474896,fourier
