nameseq,average,median,maximum,minimum,peak,none_levated_peak,sample_standard_deviation,population_standard_deviation,percentile15,percentile25,percentile50,percentile75,amplitude,variance,interquartile_range,semi_interquartile_range,coefficient_of_variation,skewness,kurtosis,label
LG16_4066868_4067061,17.90335101607847,1.3123892340669014,3128.292949578881,0.005847282831072483,3.6119867508932515,44.858283951476054,223.9001718750542,224.47947471102393,0.2088302187582761,0.3635494108636347,1.3123892340669014,2.297222214326392,3128.28710229605,50391.03456653723,1.9336728034627573,0.9668364017313786,12.50604826291883,0.22229945126531697,0.2653855484013435,fourier
