nameseq,average,median,maximum,minimum,peak,none_levated_peak,sample_standard_deviation,population_standard_deviation,percentile15,percentile25,percentile50,percentile75,amplitude,variance,interquartile_range,semi_interquartile_range,coefficient_of_variation,skewness,kurtosis,label
LG16_11943176_11943395,21.369550558851365,1.7677947692476998,4013.071707462058,0.015558701817286759,3.4316741071074293,40.787139644115946,269.7724058880336,270.3876231200518,0.6353035020929739,0.8147468923097068,1.7677947692476998,3.3366809000362574,4013.056148760241,73109.46673651117,2.521934007726551,1.2609670038632754,12.624149728609646,0.2179810317339037,0.2327726284309184,fourier
