nameseq,average,median,maximum,minimum,peak,none_levated_peak,sample_standard_deviation,population_standard_deviation,percentile15,percentile25,percentile50,percentile75,amplitude,variance,interquartile_range,semi_interquartile_range,coefficient_of_variation,skewness,kurtosis,label
LG16_3365842_3365903,15.817320546040454,1.3690978341106161,877.4080693559172,0.12901093294338992,1.3065845511893701,12.640994034326777,110.3257149532861,111.2263479780899,0.3038027094213156,0.5353101491925988,1.3690978341106161,2.4073281295746147,877.2790584229738,12371.300484543144,1.872017980382016,0.936008990191008,6.974993939849306,0.39287910487724853,0.23941442988732317,fourier
