nameseq,average,median,maximum,minimum,peak,none_levated_peak,sample_standard_deviation,population_standard_deviation,percentile15,percentile25,percentile50,percentile75,amplitude,variance,interquartile_range,semi_interquartile_range,coefficient_of_variation,skewness,kurtosis,label
LG16_11074159_11080510,486.19156035582165,19.166932860117733,2905109.354547958,0.006401070596450089,4.354936420088726,425.8583374061734,36447.59930972024,36450.468634606375,4.34652371765689,7.818675421176955,19.166932860117733,39.263436953420204,2905109.3481468875,1328636663.682423,31.44476153224325,15.722380766121624,74.96551211840429,0.03844077275381642,0.24796857748784176,fourier
