nameseq,average,median,maximum,minimum,peak,none_levated_peak,sample_standard_deviation,population_standard_deviation,percentile15,percentile25,percentile50,percentile75,amplitude,variance,interquartile_range,semi_interquartile_range,coefficient_of_variation,skewness,kurtosis,label
LG16_5605232_5605479,46.626555693841425,5.2171206510479475,9700.8665991208,0.0650817568982782,1.7729524610282448,29.53743388540681,614.3394448751604,615.5817908252582,1.0953866423768321,1.7846525109300604,5.2171206510479475,10.432687585294747,9700.801517363901,378940.94119563187,8.648035074364687,4.3240175371823435,13.175741500380742,0.20221443725402458,0.25893556478974855,fourier
