nameseq,average,median,maximum,minimum,peak,none_levated_peak,sample_standard_deviation,population_standard_deviation,percentile15,percentile25,percentile50,percentile75,amplitude,variance,interquartile_range,semi_interquartile_range,coefficient_of_variation,skewness,kurtosis,label
LG16_22744343_22746223,156.8619083401147,9.434062577318992,266205.56226046756,0.031510735196887005,3.9971463221046104,173.44502073460785,6136.0127516530865,6137.644452985388,2.1664168565031536,3.835253816643077,9.434062577318992,18.10343189183129,266205.53074973234,37670679.4312623,14.268178075188212,7.134089037594106,39.11728995639095,0.07207995732558292,0.23568637979505647,fourier
