nameseq,average,median,maximum,minimum,peak,none_levated_peak,sample_standard_deviation,population_standard_deviation,percentile15,percentile25,percentile50,percentile75,amplitude,variance,interquartile_range,semi_interquartile_range,coefficient_of_variation,skewness,kurtosis,label
LG16_14707882_14708215,38.86549684646966,3.8717755147749506,10840.472620596676,0.008221275779471491,2.864580215534959,44.58101507733601,591.9739840307775,592.8621675520578,0.8572603615247698,1.7861391845883519,3.8717755147749506,7.788535577733641,10840.464399320897,351485.5497145243,6.002396393145289,3.0011981965726444,15.23134996496383,0.1773408406907727,0.20223355030131987,fourier
