nameseq,average,median,maximum,minimum,peak,none_levated_peak,sample_standard_deviation,population_standard_deviation,percentile15,percentile25,percentile50,percentile75,amplitude,variance,interquartile_range,semi_interquartile_range,coefficient_of_variation,skewness,kurtosis,label
LG16_15133586_15134734,103.79660669803528,5.408657094798135,109008.06003288532,0.007746758234942736,3.6899086799072562,134.39230255491975,3214.24910212423,3215.6487316711296,1.2096644937419712,2.1062546377552196,5.408657094798135,12.011373802515644,109008.05228612709,10340396.765498145,9.905119164760425,4.952559582380212,30.966803293243604,0.09182979894577674,0.2594980259899498,fourier
