nameseq,average,median,maximum,minimum,peak,none_levated_peak,sample_standard_deviation,population_standard_deviation,percentile15,percentile25,percentile50,percentile75,amplitude,variance,interquartile_range,semi_interquartile_range,coefficient_of_variation,skewness,kurtosis,label
LG16_6973472_6973759,27.180897554575076,1.8874679248829487,6968.148098167474,0.007171434292656049,3.531892197718884,52.9878659048136,409.72433672306784,410.4375214868688,0.4936778474685443,0.931358801520533,1.8874679248829487,4.127584396305011,6968.140926733181,168458.9590442839,3.1962255947844778,1.5981127973922389,15.073981125914042,0.18519839337823804,0.2487736288838621,fourier
