nameseq,average,median,maximum,minimum,peak,none_levated_peak,sample_standard_deviation,population_standard_deviation,percentile15,percentile25,percentile50,percentile75,amplitude,variance,interquartile_range,semi_interquartile_range,coefficient_of_variation,skewness,kurtosis,label
LG16_11957505_11957585,16.35435931494809,0.9865364535711132,1076.0331925608855,0.029864330863801237,1.6509359663708536,15.55654895403045,118.64819454447736,119.38744278408198,0.3218965193043164,0.3982273383508395,0.9865364535711132,2.454117194752459,1076.0033282300217,14253.36149452245,2.0558898564016195,1.0279449282008097,7.254835989571992,0.3885728624960091,0.13558519944926486,fourier
