nameseq,average,median,maximum,minimum,peak,none_levated_peak,sample_standard_deviation,population_standard_deviation,percentile15,percentile25,percentile50,percentile75,amplitude,variance,interquartile_range,semi_interquartile_range,coefficient_of_variation,skewness,kurtosis,label
LG16_11845472_11845547,8.81140457262814,0.9408895690628806,562.4259316349296,0.004288003871566474,2.8750618728856376,18.509345036681,63.940682016666734,64.36554172055037,0.2552542747434938,0.6041428094237007,0.9408895690628806,1.8348883262677953,562.421643631058,4142.92296097991,1.2307455168440946,0.6153727584220473,7.256582249700903,0.36927264874248933,0.230553653061145,fourier
