nameseq,average,median,maximum,minimum,peak,none_levated_peak,sample_standard_deviation,population_standard_deviation,percentile15,percentile25,percentile50,percentile75,amplitude,variance,interquartile_range,semi_interquartile_range,coefficient_of_variation,skewness,kurtosis,label
LG16_2201022_2201234,68.51905232518713,10.145577633245184,11069.34866571314,0.09757561560277339,1.0362081434378054,17.50011006605818,755.7155686903677,757.4958198467832,2.342008975188187,3.7276343115911335,10.145577633245184,24.517130521741898,11069.251090097538,573799.9170853503,20.789496210150766,10.394748105075383,11.029276428164666,0.23172795603417864,0.276798309912698,fourier
