nameseq,average,median,maximum,minimum,peak,none_levated_peak,sample_standard_deviation,population_standard_deviation,percentile15,percentile25,percentile50,percentile75,amplitude,variance,interquartile_range,semi_interquartile_range,coefficient_of_variation,skewness,kurtosis,label
LG16_21492086_21494009,182.4206871337458,13.198877641676289,311285.34730558563,0.0355559043036998,3.51568313555976,150.97449442236993,7094.435122129124,7096.279509297196,2.9461047344347207,5.563717531831429,13.198877641676289,28.240252067727067,311285.3117496813,50357182.87407125,22.676534535895637,11.338267267947819,38.89051857878202,0.07155825935918238,0.25600298586520676,fourier
