nameseq,average,median,maximum,minimum,peak,none_levated_peak,sample_standard_deviation,population_standard_deviation,percentile15,percentile25,percentile50,percentile75,amplitude,variance,interquartile_range,semi_interquartile_range,coefficient_of_variation,skewness,kurtosis,label
LG16_8467216_8467420,28.606166192885397,4.7955078635903785,4571.724831827949,0.022744467202076818,2.388762369363862,27.08948678291799,318.18843639044445,318.96735661689183,1.0317288074904487,1.6778995464407307,4.7955078635903785,7.4580764110202535,4571.702087360747,101740.17458716746,5.780176864579523,2.8900884322897613,11.123071656822741,0.22449582328702825,0.23209092320460503,fourier
