nameseq,average,median,maximum,minimum,peak,none_levated_peak,sample_standard_deviation,population_standard_deviation,percentile15,percentile25,percentile50,percentile75,amplitude,variance,interquartile_range,semi_interquartile_range,coefficient_of_variation,skewness,kurtosis,label
LG16_12951088_12953294,210.87775208683635,13.051439315221852,423169.2443421304,0.021773319337200985,3.488593080050142,177.88431856060143,9005.25647519482,9007.297326546844,2.901550970286068,5.401374615011043,13.051439315221852,25.562400747082428,423169.22256881103,81131405.12881793,20.161026132071385,10.080513066035692,42.703682043644825,0.06590361306750057,0.242787547440181,fourier
