nameseq,average,median,maximum,minimum,peak,none_levated_peak,sample_standard_deviation,population_standard_deviation,percentile15,percentile25,percentile50,percentile75,amplitude,variance,interquartile_range,semi_interquartile_range,coefficient_of_variation,skewness,kurtosis,label
LG16_12234388_12252912,1569.853177431175,92.20037847107311,26466730.772156537,0.014352886695306264,3.933488869388693,583.7978814987692,194449.80766123201,194455.05618162281,21.356512714828497,38.17906014580518,92.20037847107311,180.64343697231337,26466730.75780365,37812768874.59808,142.4643768265082,71.2321884132541,123.8649642251382,0.0227974429504366,0.24329930981445008,fourier
