nameseq,average,median,maximum,minimum,peak,none_levated_peak,sample_standard_deviation,population_standard_deviation,percentile15,percentile25,percentile50,percentile75,amplitude,variance,interquartile_range,semi_interquartile_range,coefficient_of_variation,skewness,kurtosis,label
LG16_15659019_15659549,81.18349473395611,8.640021963509712,36030.23939850312,0.01395565917768191,2.1802461273691303,49.2785082459388,1561.5914556296511,1563.063960865475,2.3851814888977416,4.06421284530855,8.640021963509712,18.702042880557734,36030.22544284395,2443168.9457564675,14.637830035249184,7.318915017624592,19.235331772142768,0.13936450377386844,0.2748248973685853,fourier
