nameseq,average,median,maximum,minimum,peak,none_levated_peak,sample_standard_deviation,population_standard_deviation,percentile15,percentile25,percentile50,percentile75,amplitude,variance,interquartile_range,semi_interquartile_range,coefficient_of_variation,skewness,kurtosis,label
LG16_21257219_21257691,46.72353423015558,3.435852737542521,18834.360135805622,0.07741606043842277,3.374459343978904,64.56100389861405,864.9076698490859,865.8234008306698,0.8649857607043733,1.5473479011084164,3.435852737542521,7.8549270705825265,18834.282719745184,749650.1614259867,6.30757916947411,3.153789584737055,18.511178233834688,0.1501467139266998,0.24791527476528516,fourier
