nameseq,average,median,maximum,minimum,peak,none_levated_peak,sample_standard_deviation,population_standard_deviation,percentile15,percentile25,percentile50,percentile75,amplitude,variance,interquartile_range,semi_interquartile_range,coefficient_of_variation,skewness,kurtosis,label
LG16_15992788_15993544,84.60684363577815,6.655673374153323,57182.88682527941,0.03168843531961434,2.982422254393471,83.51219938684271,2076.662117328511,2078.0351172255005,1.931471884348216,2.9830089565925,6.655673374153323,12.623747175216923,57182.8551368441,4318229.948422399,9.640738218624424,4.820369109312212,24.544848006247356,0.11261028399059524,0.2602668261426436,fourier
