nameseq,average,median,maximum,minimum,peak,none_levated_peak,sample_standard_deviation,population_standard_deviation,percentile15,percentile25,percentile50,percentile75,amplitude,variance,interquartile_range,semi_interquartile_range,coefficient_of_variation,skewness,kurtosis,label
LG16_13343513_13343731,43.18700341468754,4.654935168051089,7891.53710967951,0.006093380296988259,1.690323343322619,26.87563415523049,531.6219344357798,532.8398556985244,0.9838849693736709,1.8982542917976126,4.654935168051089,9.394904674474464,7891.531016299213,283918.3118208243,7.496650382676852,3.748325191338426,12.309766652042816,0.21744062321768898,0.21935673198179878,fourier
