nameseq,average,median,maximum,minimum,peak,none_levated_peak,sample_standard_deviation,population_standard_deviation,percentile15,percentile25,percentile50,percentile75,amplitude,variance,interquartile_range,semi_interquartile_range,coefficient_of_variation,skewness,kurtosis,label
LG16_15125020_15126334,88.36817520376592,1.3577053487025112,113547.30335733366,0.0013190898614081287,4.96030762571018,291.1285847878831,3129.9767938636433,3131.167578306139,0.2860109604922626,0.5152769785054789,1.3577053487025112,2.886605951052643,113547.3020382438,9804210.40343553,2.3713289725471642,1.1856644862735821,35.41972872752334,0.08339723479002956,0.25107017199058407,fourier
