nameseq,average,median,maximum,minimum,peak,none_levated_peak,sample_standard_deviation,population_standard_deviation,percentile15,percentile25,percentile50,percentile75,amplitude,variance,interquartile_range,semi_interquartile_range,coefficient_of_variation,skewness,kurtosis,label
LG16_2791547_2791674,21.179886524916494,2.106950427944025,2259.9469071933086,0.05281435511087246,2.0144898612404103,21.257459776210037,198.70090557838293,199.4816587061847,0.6264065464389044,1.1294415013675358,2.106950427944025,4.988002586170394,2259.8940928381976,39792.932160170756,3.858561084802858,1.929280542401429,9.381584993131419,0.287964506877126,0.30787868836395,fourier
