nameseq,average,median,maximum,minimum,peak,none_levated_peak,sample_standard_deviation,population_standard_deviation,percentile15,percentile25,percentile50,percentile75,amplitude,variance,interquartile_range,semi_interquartile_range,coefficient_of_variation,skewness,kurtosis,label
LG16_14030354_14031025,69.75179944962231,5.255467279764993,40729.15786752946,0.00969889304178817,3.211386684895237,76.83174353803076,1569.674836905049,1570.8440548227816,1.2884449008252574,2.488135081444296,5.255467279764993,11.608824957542195,40729.14816863641,2467551.0445720777,9.120689876097899,4.560344938048949,22.503718173446327,0.12326692889533544,0.19877850340322328,fourier
