nameseq,average,median,maximum,minimum,peak,none_levated_peak,sample_standard_deviation,population_standard_deviation,percentile15,percentile25,percentile50,percentile75,amplitude,variance,interquartile_range,semi_interquartile_range,coefficient_of_variation,skewness,kurtosis,label
LG16_10781090_10783882,205.13540367923832,8.625359379573355,536409.8812402261,0.00424634992056387,4.53846573191123,271.91851603614185,10147.84378077231,10149.66092534427,2.0806028201235147,3.4662102429232573,8.625359379573355,17.598832769597593,536409.8769938762,103015616.89946029,14.132622526674336,7.066311263337168,49.46900241871496,0.05809412774130509,0.256987750974079,fourier
