nameseq,average,median,maximum,minimum,peak,none_levated_peak,sample_standard_deviation,population_standard_deviation,percentile15,percentile25,percentile50,percentile75,amplitude,variance,interquartile_range,semi_interquartile_range,coefficient_of_variation,skewness,kurtosis,label
LG16_1634007_1634340,30.011499825519596,2.2733036199381793,8805.21661250688,0.08052206098728724,3.709689085204051,56.81288230243498,480.8955866750919,481.617110841801,0.6862529544647668,1.0220769289385925,2.2733036199381793,5.045092546545485,8805.136090445892,231955.04145560364,4.023015617606893,2.0115078088034464,16.02371055998252,0.1730408656733351,0.24909566623845159,fourier
