nameseq,average,median,maximum,minimum,peak,none_levated_peak,sample_standard_deviation,population_standard_deviation,percentile15,percentile25,percentile50,percentile75,amplitude,variance,interquartile_range,semi_interquartile_range,coefficient_of_variation,skewness,kurtosis,label
LG16_8764562_8764793,31.679486543903952,3.004609815791719,6241.806375384574,0.1732049108519116,2.4411170056736444,34.00245038497754,408.6322712276183,409.51580149420505,0.8218902876719016,1.5135119471702447,3.004609815791719,5.987566018516685,6241.633170473721,167703.19167344112,4.4740540713464405,2.2370270356732203,12.898954996044623,0.2105184446786359,0.2344110296711098,fourier
