nameseq,average,median,maximum,minimum,peak,none_levated_peak,sample_standard_deviation,population_standard_deviation,percentile15,percentile25,percentile50,percentile75,amplitude,variance,interquartile_range,semi_interquartile_range,coefficient_of_variation,skewness,kurtosis,label
LG16_15010794_15010928,25.38879219160591,3.143275430541042,2868.1292602825156,0.035462376625880976,1.7724356346056505,20.79600054920662,245.63404055857114,246.54888186503584,0.6342161080875256,1.2058628972276535,3.143275430541042,4.911712473695581,2868.09379790589,60786.35114889939,3.7058495764679273,1.8529247882339637,9.674900590181803,0.27169096812247956,0.2154501426963734,fourier
