nameseq,average,median,maximum,minimum,peak,none_levated_peak,sample_standard_deviation,population_standard_deviation,percentile15,percentile25,percentile50,percentile75,amplitude,variance,interquartile_range,semi_interquartile_range,coefficient_of_variation,skewness,kurtosis,label
LG16_447368_447479,12.267514425159648,1.205243773461455,1211.6658906930927,0.006147908305650821,3.043267938349906,26.86537005243942,113.84951222824213,114.36119800743265,0.2536747365105111,0.5550545481587625,1.205243773461455,2.0469872498632546,1211.659742784787,13078.483609695217,1.491932701704492,0.745966350852246,9.280568848954951,0.2914971817232088,0.2528597694022342,fourier
