nameseq,average,median,maximum,minimum,peak,none_levated_peak,sample_standard_deviation,population_standard_deviation,percentile15,percentile25,percentile50,percentile75,amplitude,variance,interquartile_range,semi_interquartile_range,coefficient_of_variation,skewness,kurtosis,label
LG16_9319880_9322081,224.75385098795502,16.32607267715168,441811.0753710995,0.022526503964805922,3.2657949875988397,159.29444609837066,9412.566281319123,9414.704286180613,3.948262233575868,6.856473137922086,16.32607267715168,31.63954016077573,441811.0528445956,88636656.7962276,24.783067022853643,12.391533511426822,41.87944384465101,0.0664306966075122,0.24851334735033082,fourier
