nameseq,average,median,maximum,minimum,peak,none_levated_peak,sample_standard_deviation,population_standard_deviation,percentile15,percentile25,percentile50,percentile75,amplitude,variance,interquartile_range,semi_interquartile_range,coefficient_of_variation,skewness,kurtosis,label
LG16_2789470_2790585,99.73495413417177,7.399195697225027,98396.84492941474,0.007401180048723538,3.7298859084003246,114.79455602054516,2943.8130208293387,2945.1328205014847,1.73363178985079,2.779023623389551,7.399195697225027,15.336007418171203,98396.8375282347,8673807.33039503,12.556983794781651,6.2784918973908255,29.516362105797693,0.094098121501209,0.25324592248437516,fourier
