nameseq,average,median,maximum,minimum,peak,none_levated_peak,sample_standard_deviation,population_standard_deviation,percentile15,percentile25,percentile50,percentile75,amplitude,variance,interquartile_range,semi_interquartile_range,coefficient_of_variation,skewness,kurtosis,label
LG16_9180806_9181114,25.042725796637427,1.5001814603584545,7081.280554402457,0.002818272680834655,4.1129708018378,67.22909012395343,402.07593547287775,402.7281271999374,0.3082483204833729,0.48972621157113305,1.5001814603584545,2.8999898245950666,7081.277736129776,162189.94443796895,2.4102636130239334,1.2051318065119667,16.055597890500636,0.17565744870001337,0.2869058176301654,fourier
