nameseq,average,median,maximum,minimum,peak,none_levated_peak,sample_standard_deviation,population_standard_deviation,percentile15,percentile25,percentile50,percentile75,amplitude,variance,interquartile_range,semi_interquartile_range,coefficient_of_variation,skewness,kurtosis,label
LG16_17651807_17652281,56.35988221147273,6.258748569958374,22295.785276713785,0.013012979224064337,2.809326902764582,51.79329085589864,1021.530197978211,1022.6071937417291,1.7847912579417011,2.979387508478475,6.258748569958374,13.857775400185984,22295.77226373456,1045725.4726923343,10.87838789170751,5.439193945853755,18.125130108420745,0.1471355435424426,0.2675621619379342,fourier
