nameseq,average,median,maximum,minimum,peak,none_levated_peak,sample_standard_deviation,population_standard_deviation,percentile15,percentile25,percentile50,percentile75,amplitude,variance,interquartile_range,semi_interquartile_range,coefficient_of_variation,skewness,kurtosis,label
LG16_18072723_18076769,488.6335608680475,14.633213389592807,1783361.8898617246,0.0021282164683162474,2.7607600214842574,292.9999118324665,28045.26254706529,28048.72813404757,3.5519567340745293,6.023501397514326,14.633213389592807,28.572526594875107,1783361.8877335081,786731149.9377117,22.54902519736078,11.27451259868039,57.395285123771394,0.050703787851833285,0.2412189358608704,fourier
