nameseq,average,median,maximum,minimum,peak,none_levated_peak,sample_standard_deviation,population_standard_deviation,percentile15,percentile25,percentile50,percentile75,amplitude,variance,interquartile_range,semi_interquartile_range,coefficient_of_variation,skewness,kurtosis,label
LG16_14833937_14837073,343.0002348585083,26.740435130085984,948902.6175317789,0.02094847234735492,3.0485887774917027,178.2102318222986,16938.639190401733,16941.33965103115,5.772702732341586,10.608502045374895,26.740435130085984,54.59654096137492,948902.5965833066,287008989.1716002,43.98803891600002,21.99401945800001,49.38375391313981,0.05601272856221485,0.25311388935638723,fourier
