nameseq,average,median,maximum,minimum,peak,none_levated_peak,sample_standard_deviation,population_standard_deviation,percentile15,percentile25,percentile50,percentile75,amplitude,variance,interquartile_range,semi_interquartile_range,coefficient_of_variation,skewness,kurtosis,label
LG16_10084450_10087564,249.73081354505334,12.825688823991117,718837.1339259228,0.00283538677465633,4.157810238126702,251.6889890418804,12877.181773058164,12879.249234221532,3.137099803114304,5.681379217310317,12.825688823991117,25.666655200977857,718837.131090536,165875060.83719593,19.98527598366754,9.99263799183377,51.56424868145085,0.05519184140509348,0.24640233371030232,fourier
