nameseq,average,median,maximum,minimum,peak,none_levated_peak,sample_standard_deviation,population_standard_deviation,percentile15,percentile25,percentile50,percentile75,amplitude,variance,interquartile_range,semi_interquartile_range,coefficient_of_variation,skewness,kurtosis,label
LG16_2663821_2665943,160.20431103052752,6.422468494540935,318959.3306324025,0.00031780041138422364,4.417276052776246,238.03338543074227,6920.6318123283445,6922.262306357877,1.391100431003224,2.320354670580852,6.422468494540935,12.918363149949423,318959.3303146021,47917715.438023075,10.59800847936857,5.299004239684285,43.19878639851079,0.0666623424159227,0.25980422226974076,fourier
