nameseq,average,median,maximum,minimum,peak,none_levated_peak,sample_standard_deviation,population_standard_deviation,percentile15,percentile25,percentile50,percentile75,amplitude,variance,interquartile_range,semi_interquartile_range,coefficient_of_variation,skewness,kurtosis,label
LG16_12762533_12768048,419.37208279387795,18.408682412548835,2157072.223914777,0.011938474751882337,4.384332534529664,374.00546728830955,29040.754574791277,29043.387343444963,4.150593750809404,7.877217744546205,18.408682412548835,37.60131902191224,2157072.2119763023,843518348.381379,29.724101277366035,14.862050638683018,69.24818261940639,0.04142076260608434,0.237025177879627,fourier
