nameseq,average,median,maximum,minimum,peak,none_levated_peak,sample_standard_deviation,population_standard_deviation,percentile15,percentile25,percentile50,percentile75,amplitude,variance,interquartile_range,semi_interquartile_range,coefficient_of_variation,skewness,kurtosis,label
LG16_3584675_3585220,54.78874509911616,4.1318215861988925,26437.9393830045,0.019991236984938054,3.321850129451787,71.77883769238042,1130.1482863256883,1131.1846444401356,1.1195235888673476,1.9545696678828808,4.1318215861988925,8.644125816706627,26437.919391767515,1279578.699817156,6.689556148823746,3.344778074411873,20.62738039137749,0.13446976151495627,0.23342609136002,fourier
