nameseq,average,median,maximum,minimum,peak,none_levated_peak,sample_standard_deviation,population_standard_deviation,percentile15,percentile25,percentile50,percentile75,amplitude,variance,interquartile_range,semi_interquartile_range,coefficient_of_variation,skewness,kurtosis,label
LG16_8079322_8079642,39.02216898578001,3.762810846582586,10737.621929926065,0.027989192962835606,2.74203107569422,44.36949719697155,598.1003539410733,599.0341567796978,1.0364924115249914,1.9063958840113568,3.762810846582586,6.865744170820301,10737.593940733102,358841.9209887635,4.959348286808945,2.4796741434044725,15.32719398962743,0.176856732688063,0.20485168973804763,fourier
