nameseq,average,median,maximum,minimum,peak,none_levated_peak,sample_standard_deviation,population_standard_deviation,percentile15,percentile25,percentile50,percentile75,amplitude,variance,interquartile_range,semi_interquartile_range,coefficient_of_variation,skewness,kurtosis,label
LG16_10828723_10834800,550.036080488575,35.532410121774454,3017549.031926404,0.008439840799137937,3.683394729670071,302.5672162492669,38701.79766235524,38704.98181618533,7.823428257657556,14.926351992739617,35.532410121774454,72.80597446177322,3017549.0234865635,1498075617.391237,57.8796224690336,28.9398112345168,70.36228901198261,0.03988215287998768,0.2575923476993289,fourier
