nameseq,average,median,maximum,minimum,peak,none_levated_peak,sample_standard_deviation,population_standard_deviation,percentile15,percentile25,percentile50,percentile75,amplitude,variance,interquartile_range,semi_interquartile_range,coefficient_of_variation,skewness,kurtosis,label
LG16_8789404_8789830,69.83276830003835,5.069462958547435,25825.48043147709,0.0010362827171820229,2.0382026489597886,49.20752287864566,1247.9641559033735,1249.428043979555,0.8404616586322478,1.6875057170422019,5.069462958547435,10.001835664182185,25825.479395194376,1561070.437082577,8.314329947139983,4.157164973569992,17.870753033038334,0.1556854939345839,0.20279124719557742,fourier
