nameseq,average,median,maximum,minimum,peak,none_levated_peak,sample_standard_deviation,population_standard_deviation,percentile15,percentile25,percentile50,percentile75,amplitude,variance,interquartile_range,semi_interquartile_range,coefficient_of_variation,skewness,kurtosis,label
LG16_5117063_5117196,24.260629445672816,2.4066755266746345,2428.2923190726056,0.054538706705160284,1.8411173859560976,18.88896377897482,208.64475996952626,209.4276698871015,0.6238998054039852,0.9853700451794589,2.4066755266746345,5.724616677874434,2428.2377803659006,43859.94891434076,4.739246632694975,2.3696233163474876,8.600137949295485,0.314227214556312,0.10828039023857602,fourier
