nameseq,average,median,maximum,minimum,peak,none_levated_peak,sample_standard_deviation,population_standard_deviation,percentile15,percentile25,percentile50,percentile75,amplitude,variance,interquartile_range,semi_interquartile_range,coefficient_of_variation,skewness,kurtosis,label
LG16_17303995_17304150,21.52686409132398,2.4366699796941758,2780.6761960818017,0.024220975689957115,2.415586393791452,25.63648399980417,221.65061787339084,222.3644703426703,0.7338205042472585,1.1216726196230873,2.4366699796941758,5.930670473260198,2780.651975106112,49445.9576707763,4.808997853637111,2.4044989268185555,10.296465705969835,0.25838223635182,0.2816316466113743,fourier
