nameseq,average,median,maximum,minimum,peak,none_levated_peak,sample_standard_deviation,population_standard_deviation,percentile15,percentile25,percentile50,percentile75,amplitude,variance,interquartile_range,semi_interquartile_range,coefficient_of_variation,skewness,kurtosis,label
LG16_8251861_8251994,22.401601431117395,1.615070990490488,2679.144402052365,0.04577177109644602,1.9939050698679752,25.024975987288997,230.37970778259236,231.24417501415584,0.5346692975072133,0.8971583989069926,1.615070990490488,3.42481426152715,2679.0986302812685,53473.86847797754,2.5276558626201577,1.2638279313100789,10.28407314945702,0.27068178843567686,0.25496400683916676,fourier
