nameseq,average,median,maximum,minimum,peak,none_levated_peak,sample_standard_deviation,population_standard_deviation,percentile15,percentile25,percentile50,percentile75,amplitude,variance,interquartile_range,semi_interquartile_range,coefficient_of_variation,skewness,kurtosis,label
LG16_10653071_10653119,15.226940188017874,1.5614042560657324,616.5239202006914,0.14059147220731744,1.072660241102548,8.64569601786871,86.8687041570275,87.76892202612413,0.4902938438139427,0.8677968081396468,1.5614042560657324,3.110266537650134,616.383328728484,7703.383673627857,2.2424697295104874,1.1212348647552437,5.704935008898554,0.471937600470582,0.2033431340594169,fourier
