nameseq,average,median,maximum,minimum,peak,none_levated_peak,sample_standard_deviation,population_standard_deviation,percentile15,percentile25,percentile50,percentile75,amplitude,variance,interquartile_range,semi_interquartile_range,coefficient_of_variation,skewness,kurtosis,label
LG16_8475168_8475335,18.43831708849437,1.355165738754408,2716.4085594854255,0.014016641967327425,3.0371535390800046,34.49914830852867,208.794424560433,209.41862453168065,0.3605946145958456,0.7177943282546924,1.355165738754408,2.8754727934669084,2716.394542843458,43856.16030074104,2.157678465212216,1.078839232606108,11.323941526676645,0.24545413105313238,0.22667235750449238,fourier
