nameseq,average,median,maximum,minimum,peak,none_levated_peak,sample_standard_deviation,population_standard_deviation,percentile15,percentile25,percentile50,percentile75,amplitude,variance,interquartile_range,semi_interquartile_range,coefficient_of_variation,skewness,kurtosis,label
LG17_13885853_13886015,27.09641197996838,3.7573702111756924,3587.2758277147345,0.18127829232988124,2.0051855342877296,22.58088203788977,279.7542590472885,280.61636974747626,1.255897238579024,1.7990909410419063,3.7573702111756924,6.7618028409826305,3587.0945494224047,78745.54697025231,4.962711899940724,2.481355949970362,10.324402332460217,0.25028081983389094,0.251666950651547,fourier
