nameseq,average,median,maximum,minimum,peak,none_levated_peak,sample_standard_deviation,population_standard_deviation,percentile15,percentile25,percentile50,percentile75,amplitude,variance,interquartile_range,semi_interquartile_range,coefficient_of_variation,skewness,kurtosis,label
LG17_15740217_15740560,44.13973898535669,3.526056634989493,13188.229492233211,0.06802408501544625,2.5978102567554195,48.09593745420524,709.761099692348,710.7949838524705,0.7278700277349622,1.1521349942019725,3.526056634989493,6.767503635889092,13188.161468148195,505229.50906983373,5.61536864168712,2.80768432084356,16.079866261280124,0.17166487019916227,0.25528499988467784,fourier
