nameseq,average,median,maximum,minimum,peak,none_levated_peak,sample_standard_deviation,population_standard_deviation,percentile15,percentile25,percentile50,percentile75,amplitude,variance,interquartile_range,semi_interquartile_range,coefficient_of_variation,skewness,kurtosis,label
LG17_10896885_10896985,25.19267569656284,2.956535683736678,2055.9341897621816,0.018683962717119248,1.336367247059032,14.134339832220915,203.16347829950317,204.17676876642997,1.057711197962064,1.6308179232104818,2.956535683736678,5.320925666804878,2055.9155057994644,41688.15290390022,3.690107743594396,1.845053871797198,8.064386679149836,0.32834848367843494,0.16214194631580503,fourier
