nameseq,average,median,maximum,minimum,peak,none_levated_peak,sample_standard_deviation,population_standard_deviation,percentile15,percentile25,percentile50,percentile75,amplitude,variance,interquartile_range,semi_interquartile_range,coefficient_of_variation,skewness,kurtosis,label
LG17_9743696_9743773,10.18575344626678,1.7379280967394504,628.0619822612043,0.06184656496459526,2.552584856599819,16.143209333401128,70.4455577891906,70.9015208521106,0.265272589356237,0.5817330362718868,1.7379280967394504,2.970765324876429,628.0001356962397,5027.025659142273,2.3890322886045423,1.1945161443022712,6.916087077977513,0.35975974701517344,0.23731330302479114,fourier
