nameseq,average,median,maximum,minimum,peak,none_levated_peak,sample_standard_deviation,population_standard_deviation,percentile15,percentile25,percentile50,percentile75,amplitude,variance,interquartile_range,semi_interquartile_range,coefficient_of_variation,skewness,kurtosis,label
LG17_14641544_14642004,49.74834721271284,3.950169560573326,19979.13465112974,0.012409062111797316,3.088879837748624,60.89127951045684,929.2368693846572,930.2463611211106,1.1113841237879194,1.6003768672025993,3.950169560573326,8.565458459565138,19979.12224206763,865358.2923790676,6.965081592362538,3.482540796181269,18.67874857050924,0.1478573843582008,0.23726152281409954,fourier
