nameseq,average,median,maximum,minimum,peak,none_levated_peak,sample_standard_deviation,population_standard_deviation,percentile15,percentile25,percentile50,percentile75,amplitude,variance,interquartile_range,semi_interquartile_range,coefficient_of_variation,skewness,kurtosis,label
LG17_15255391_15255854,39.245676852100786,1.8857060507744041,16859.873331916708,0.006662604402579149,3.9409860925455664,87.22088780469089,781.7275715278474,782.5713144302483,0.4336375112787778,0.840408174797796,1.8857060507744041,3.6662892636015925,16859.866669312305,612417.8621690867,2.8258810888037966,1.4129405444018983,19.918819962612066,0.14337464416781995,0.20284012272094468,fourier
