nameseq,average,median,maximum,minimum,peak,none_levated_peak,sample_standard_deviation,population_standard_deviation,percentile15,percentile25,percentile50,percentile75,amplitude,variance,interquartile_range,semi_interquartile_range,coefficient_of_variation,skewness,kurtosis,label
LG17_11514608_11515124,72.07020394281106,8.010775806182396,31695.873199265476,0.1218151463456477,2.391186980268334,52.799955346428554,1392.2008765251678,1393.5492554141279,1.832535629367125,3.784859768437258,8.010775806182396,14.167365120753525,31695.75138411913,1941979.52726527,10.382505352316267,5.1912526761581335,19.31728787155789,0.13803919222457972,0.23208545286477508,fourier
