nameseq,average,median,maximum,minimum,peak,none_levated_peak,sample_standard_deviation,population_standard_deviation,percentile15,percentile25,percentile50,percentile75,amplitude,variance,interquartile_range,semi_interquartile_range,coefficient_of_variation,skewness,kurtosis,label
LG17_16928222_16930160,163.1457506394968,8.28708129756864,290154.47418006527,0.028274383048459254,3.961692724449417,188.43230371798217,6587.347344930262,6589.046647769036,1.8831473399856846,3.607221761381201,8.28708129756864,16.207722026057073,290154.4459056822,43415535.72647637,12.600500264675873,6.300250132337936,40.37706970061589,0.070525506505032,0.23689118256456357,fourier
