nameseq,average,median,maximum,minimum,peak,none_levated_peak,sample_standard_deviation,population_standard_deviation,percentile15,percentile25,percentile50,percentile75,amplitude,variance,interquartile_range,semi_interquartile_range,coefficient_of_variation,skewness,kurtosis,label
LG17_12749960_12750257,38.47548440039022,3.8631399285931343,9595.645256577698,0.024881806066634034,2.5817305456023285,39.770589535871984,554.616032518649,555.548944923189,0.9973973632091346,1.5284299482687311,3.8631399285931343,8.454271731568076,9595.620374771632,308634.63020526845,6.925841783299345,3.4629208916496723,14.414790123162792,0.18722328120202641,0.23227194855431307,fourier
