nameseq,average,median,maximum,minimum,peak,none_levated_peak,sample_standard_deviation,population_standard_deviation,percentile15,percentile25,percentile50,percentile75,amplitude,variance,interquartile_range,semi_interquartile_range,coefficient_of_variation,skewness,kurtosis,label
LG17_12243861_12244054,20.90476080096952,1.4476156956858326,3626.064918879042,0.003316161456283049,3.0933942407830646,39.86749645150543,259.5133678732441,260.18481367304867,0.34687452917318257,0.5649147197399814,1.4476156956858326,3.2468415554902093,3626.0616027175856,67696.13726607905,2.681926835750228,1.340963417875114,12.414079756473864,0.22492650684708398,0.26425288013447157,fourier
