nameseq,average,median,maximum,minimum,peak,none_levated_peak,sample_standard_deviation,population_standard_deviation,percentile15,percentile25,percentile50,percentile75,amplitude,variance,interquartile_range,semi_interquartile_range,coefficient_of_variation,skewness,kurtosis,label
LG17_11490438_11490614,27.85757235941045,3.0082881885153405,4084.933424975548,0.08532051027371416,2.1179160638550565,25.785572737201974,305.8557659554904,306.72344363055237,1.1006776744749442,1.588062389908574,3.0082881885153405,6.555878277154568,4084.8481044652744,94079.27087258462,4.967815887245994,2.483907943622997,10.979268473556367,0.24373531844266058,0.20558506170826382,fourier
