nameseq,average,median,maximum,minimum,peak,none_levated_peak,sample_standard_deviation,population_standard_deviation,percentile15,percentile25,percentile50,percentile75,amplitude,variance,interquartile_range,semi_interquartile_range,coefficient_of_variation,skewness,kurtosis,label
LG17_7343716_7343862,31.089965908111072,3.49008601688223,3868.4756388134547,0.04263623688567004,1.576071203964118,20.845607741165534,317.6233175803877,318.7092124320613,0.9145766593589595,1.4183406927541273,3.49008601688223,6.120063386480675,3868.433002576569,101575.56208906478,4.7017226937265475,2.3508613468632737,10.21626458257141,0.2606850161519727,0.2351660658885621,fourier
