nameseq,average,median,maximum,minimum,peak,none_levated_peak,sample_standard_deviation,population_standard_deviation,percentile15,percentile25,percentile50,percentile75,amplitude,variance,interquartile_range,semi_interquartile_range,coefficient_of_variation,skewness,kurtosis,label
LG17_15142273_15142429,14.62765491054405,1.0779095883927607,2010.6610425709032,0.004395858453472479,3.577698110420277,36.01189475306805,159.8228313964995,160.33426576415215,0.26615839857353946,0.40597144636073973,1.0779095883927607,2.7157871234726647,2010.6566467124496,25707.07677812977,2.309815677111925,1.1549078385559626,10.92607341189697,0.25433935571826055,0.26862448510142206,fourier
