nameseq,average,median,maximum,minimum,peak,none_levated_peak,sample_standard_deviation,population_standard_deviation,percentile15,percentile25,percentile50,percentile75,amplitude,variance,interquartile_range,semi_interquartile_range,coefficient_of_variation,skewness,kurtosis,label
LG17_9303985_9304415,38.67866374716753,1.7076776053335532,15305.210533833819,0.007889874103363191,3.714364787930076,79.74226701909622,736.2313491770082,737.0869349964212,0.5394248728703249,0.7772274003072341,1.7076776053335532,3.9570617743089542,15305.202643959716,543297.1497424184,3.17983437400172,1.58991718700086,19.034560086914144,0.15064960022346963,0.23108200563153344,fourier
