nameseq,average,median,maximum,minimum,peak,none_levated_peak,sample_standard_deviation,population_standard_deviation,percentile15,percentile25,percentile50,percentile75,amplitude,variance,interquartile_range,semi_interquartile_range,coefficient_of_variation,skewness,kurtosis,label
LG17_14054208_14054335,26.97314294817558,3.4534002688276764,2815.854650444266,0.006693887778595891,1.5818203591863058,17.75163688556896,247.5140197802887,248.48657370275703,1.1091375301123,1.7207953204431723,3.4534002688276764,8.036420051588937,2815.8479565564876,61745.57731053571,6.315624731145765,3.1578123655728825,9.176313648574281,0.28507164200507584,0.268431178820465,fourier
