nameseq,average,median,maximum,minimum,peak,none_levated_peak,sample_standard_deviation,population_standard_deviation,percentile15,percentile25,percentile50,percentile75,amplitude,variance,interquartile_range,semi_interquartile_range,coefficient_of_variation,skewness,kurtosis,label
LG17_6126505_6126668,34.9917475515689,3.2552365933689194,4828.326529058214,0.07082356421300834,1.5622731212867251,22.225534573610656,375.49255487020184,376.64261132998837,0.766142357689827,1.1734942689399654,3.2552365933689194,6.921643666166873,4828.255705494001,141859.6566694727,5.748149397226908,2.874074698613454,10.73088888506702,0.2535590430215359,0.2115049899796458,fourier
