nameseq,average,median,maximum,minimum,peak,none_levated_peak,sample_standard_deviation,population_standard_deviation,percentile15,percentile25,percentile50,percentile75,amplitude,variance,interquartile_range,semi_interquartile_range,coefficient_of_variation,skewness,kurtosis,label
LG17_4330595_4330741,21.457704352865644,2.277287837418687,2693.9518467017865,0.06355625664589064,2.2835620807430934,25.33574958623339,221.1947679774985,221.95099161244343,0.5068749433057799,0.817262956507852,2.277287837418687,4.579911040637943,2693.8882904451407,49262.24267774694,3.762648084130091,1.8813240420650454,10.308407849228209,0.26013838425054603,0.25835925922534014,fourier
