nameseq,average,median,maximum,minimum,peak,none_levated_peak,sample_standard_deviation,population_standard_deviation,percentile15,percentile25,percentile50,percentile75,amplitude,variance,interquartile_range,semi_interquartile_range,coefficient_of_variation,skewness,kurtosis,label
LG17_9506339_9506546,20.185531045476107,1.9790086820978523,3697.1937942969266,0.006731963006310227,3.4348035321504216,41.453454916749386,255.57877114513036,256.19536738780636,0.3153266517590034,0.7947789446789859,1.9790086820978523,3.615763681896999,3697.1870623339205,65636.06627097307,2.820984737218013,1.4104923686090065,12.661483642384011,0.21370932666046452,0.2812271519531929,fourier
