nameseq,average,median,maximum,minimum,peak,none_levated_peak,sample_standard_deviation,population_standard_deviation,percentile15,percentile25,percentile50,percentile75,amplitude,variance,interquartile_range,semi_interquartile_range,coefficient_of_variation,skewness,kurtosis,label
LG17_14087073_14087474,36.24961961154501,2.4548516369168354,13137.747406721817,0.029658768885924856,3.696590514216674,68.43025222301561,654.267180137466,655.0824666595379,0.5745755416464434,1.0334565778178373,2.4548516369168354,5.41674985564363,13137.717747952931,429133.0381247445,4.383293277825793,2.1916466389128963,18.04893919298096,0.15495856586078946,0.2948371012946958,fourier
