nameseq,average,median,maximum,minimum,peak,none_levated_peak,sample_standard_deviation,population_standard_deviation,percentile15,percentile25,percentile50,percentile75,amplitude,variance,interquartile_range,semi_interquartile_range,coefficient_of_variation,skewness,kurtosis,label
LG17_7121700_7121867,19.133482283246906,2.453896241836867,2613.8705212523073,0.0038325391507147205,2.926806483576336,28.840893254743182,200.83170558143252,201.43210065957442,0.4141574572720712,0.7707827699260161,2.453896241836867,4.886794923781797,2613.8666887131567,40574.89117612892,4.116012153855781,2.0580060769278905,10.496348892918402,0.2491576615323848,0.2761375566013063,fourier
