nameseq,average,median,maximum,minimum,peak,none_levated_peak,sample_standard_deviation,population_standard_deviation,percentile15,percentile25,percentile50,percentile75,amplitude,variance,interquartile_range,semi_interquartile_range,coefficient_of_variation,skewness,kurtosis,label
LG17_15046321_15046848,49.56831439580172,3.815780815659932,22759.62944364371,0.02501784231487033,3.5506553358793784,71.94903587566971,989.3066147239363,990.2447909563124,0.7495984490229883,1.4666557457076805,3.815780815659932,8.422108409588507,22759.604425801394,980584.7460161109,6.955452663880826,3.477726331940413,19.958447786308575,0.1387412139953464,0.2558096913366643,fourier
