nameseq,average,median,maximum,minimum,peak,none_levated_peak,sample_standard_deviation,population_standard_deviation,percentile15,percentile25,percentile50,percentile75,amplitude,variance,interquartile_range,semi_interquartile_range,coefficient_of_variation,skewness,kurtosis,label
LG17_5318922_5319100,18.431418487891754,1.5061153118328738,2888.545324391988,0.05017051330774671,3.237225973999982,36.999803611392636,215.14530766850592,215.74880200310457,0.3556136554167308,0.6859490029061643,1.5061153118328738,2.664340468627374,2888.49515387868,46547.54556577482,1.9783914657212096,0.9891957328606048,11.67274823746433,0.23600751547141216,0.2221211176707244,fourier
