nameseq,average,median,maximum,minimum,peak,none_levated_peak,sample_standard_deviation,population_standard_deviation,percentile15,percentile25,percentile50,percentile75,amplitude,variance,interquartile_range,semi_interquartile_range,coefficient_of_variation,skewness,kurtosis,label
LG17_10511400_10516297,402.02424279823714,16.165155494061263,1851764.7690096244,0.005644737696763808,4.0611149598907375,353.9821632941237,26456.151014614366,26458.852137804275,4.177204739455829,7.365219220910313,16.165155494061263,32.44965465460285,1851764.7633648866,700070856.4501898,25.08443543369254,12.54221771684627,65.80735238867634,0.043754560566012894,0.23903095549551792,fourier
