nameseq,average,median,maximum,minimum,peak,none_levated_peak,sample_standard_deviation,population_standard_deviation,percentile15,percentile25,percentile50,percentile75,amplitude,variance,interquartile_range,semi_interquartile_range,coefficient_of_variation,skewness,kurtosis,label
LG17_9506339_9506545,20.078652347251275,2.1213570465835265,3657.543849187435,0.025236079184047334,3.4364856169963995,40.940136010959385,253.44306221263165,254.05747053779783,0.352670271847046,0.8477165767079591,2.1213570465835265,3.6856383783908897,3657.518613108251,64545.19833606401,2.8379218016829304,1.4189609008414652,12.622513594510613,0.21256011283830778,0.317048342577766,fourier
