nameseq,average,median,maximum,minimum,peak,none_levated_peak,sample_standard_deviation,population_standard_deviation,percentile15,percentile25,percentile50,percentile75,amplitude,variance,interquartile_range,semi_interquartile_range,coefficient_of_variation,skewness,kurtosis,label
LG17_10655597_10655917,49.41102051429496,4.463522685817094,13637.933309812746,0.0002067238553923305,2.1655088052480953,39.73497274794791,759.6552567838057,760.8412922550882,1.5276448953538782,2.055448588618162,4.463522685817094,9.22469784483438,13637.933103088892,578879.4720003926,7.169249256216217,3.5846246281081084,15.374206986152654,0.17750485141947633,0.23104796270231154,fourier
