nameseq,average,median,maximum,minimum,peak,none_levated_peak,sample_standard_deviation,population_standard_deviation,percentile15,percentile25,percentile50,percentile75,amplitude,variance,interquartile_range,semi_interquartile_range,coefficient_of_variation,skewness,kurtosis,label
LG17_3333835_3333971,26.368422754225328,2.8901159682376005,3036.1048107675033,0.11542842523132586,1.7318694823849086,20.84143470186706,258.1297172147478,259.07698541540606,0.7362534330374303,1.1370228520877428,2.8901159682376005,5.240408598425099,3035.989382342272,67120.88437193453,4.103385746337357,2.0516928731686783,9.78934992133288,0.2728663755493356,0.21173345732099483,fourier
