nameseq,average,median,maximum,minimum,peak,none_levated_peak,sample_standard_deviation,population_standard_deviation,percentile15,percentile25,percentile50,percentile75,amplitude,variance,interquartile_range,semi_interquartile_range,coefficient_of_variation,skewness,kurtosis,label
LG17_4469174_4469785,70.91986702761379,6.230013452254811,37736.71564993454,0.015752412986407283,2.8764859347602743,68.64759155588311,1523.8307095392277,1525.0771970356207,1.23846142059272,2.271256670696268,6.230013452254811,12.789879309333385,37736.69989752155,2325860.456918025,10.518622638637117,5.2593113193185586,21.48665491639881,0.1273563785735485,0.23935697952434723,fourier
