nameseq,average,median,maximum,minimum,peak,none_levated_peak,sample_standard_deviation,population_standard_deviation,percentile15,percentile25,percentile50,percentile75,amplitude,variance,interquartile_range,semi_interquartile_range,coefficient_of_variation,skewness,kurtosis,label
LG17_3185088_3186435,171.33170559519056,15.841115889122209,200823.63908790422,0.0007508503882174062,2.6225930091128826,99.76203383011355,5467.193842220015,5469.222862086572,3.583102630862061,6.710273124466929,15.841115889122209,30.592572720536126,200823.63833705382,29912398.715170432,23.882299596069196,11.941149798034598,31.909994844372132,0.0853219736816189,0.24109657805814197,fourier
