nameseq,average,median,maximum,minimum,peak,none_levated_peak,sample_standard_deviation,population_standard_deviation,percentile15,percentile25,percentile50,percentile75,amplitude,variance,interquartile_range,semi_interquartile_range,coefficient_of_variation,skewness,kurtosis,label
LG17_2202582_2202782,47.15446820987769,6.468553373413232,7654.427064333602,0.0008360343531889986,1.4208621694511054,22.118987524878616,538.0056357853209,539.3489727972523,0.9412205474930203,2.1784462646873375,6.468553373413232,12.786511042390453,7654.426228299249,290897.3144574512,10.608064777703115,5.3040323888515575,11.409430669236603,0.22687075448796562,0.25936836576590483,fourier
