nameseq,average,median,maximum,minimum,peak,none_levated_peak,sample_standard_deviation,population_standard_deviation,percentile15,percentile25,percentile50,percentile75,amplitude,variance,interquartile_range,semi_interquartile_range,coefficient_of_variation,skewness,kurtosis,label
LG17_14890374_14890467,17.475701256062784,1.6816558400039305,1238.5680320459383,0.09402111949066136,1.7929657227610805,15.784454411942168,127.06201431772726,127.74331686548344,0.46340583260413964,0.8992757283467399,1.6816558400039305,2.717635879336706,1238.4740109264476,16318.355003795305,1.8183601509899663,0.9091800754949831,7.2707820107445515,0.37290559655141536,0.10300110192954416,fourier
