nameseq,average,median,maximum,minimum,peak,none_levated_peak,sample_standard_deviation,population_standard_deviation,percentile15,percentile25,percentile50,percentile75,amplitude,variance,interquartile_range,semi_interquartile_range,coefficient_of_variation,skewness,kurtosis,label
LG17_4822983_4823243,41.24617667560246,5.715723053202199,8716.659772181769,0.0025697787251602734,2.1092864117866563,30.741408153383137,538.0881253052494,539.1219170850131,1.067567347587626,2.4555275498899727,5.715723053202199,10.02502904739173,8716.657202403043,290652.4414814197,7.569501497501757,3.7847507487508785,13.045769782185268,0.19809275814576488,0.24461041600882114,fourier
