nameseq,average,median,maximum,minimum,peak,none_levated_peak,sample_standard_deviation,population_standard_deviation,percentile15,percentile25,percentile50,percentile75,amplitude,variance,interquartile_range,semi_interquartile_range,coefficient_of_variation,skewness,kurtosis,label
LG17_4764672_4764780,17.687589960410243,2.331800073706411,1627.7198660149859,0.03613870386019563,2.0541709421496916,19.441040789842273,154.94452882315724,155.66021174854765,0.7284798280119078,1.0399966257866085,2.331800073706411,3.3625743290397336,1627.6837273111257,24230.101521602694,2.322577703253125,1.1612888516265625,8.760070149181788,0.2973152392666252,0.21451031287798628,fourier
