nameseq,average,median,maximum,minimum,peak,none_levated_peak,sample_standard_deviation,population_standard_deviation,percentile15,percentile25,percentile50,percentile75,amplitude,variance,interquartile_range,semi_interquartile_range,coefficient_of_variation,skewness,kurtosis,label
LG17_4951002_4953443,178.18670073269251,4.750942412475055,417225.07241011114,0.002413121747132339,4.568242167641486,310.36126165763824,8441.1431140723,8442.871970847025,0.999178605293272,1.940274383604424,4.750942412475055,9.779594950158055,417225.0699969894,71282087.11611432,7.8393205665536305,3.9196602832768153,47.37246427125509,0.06163943294519481,0.2555756658940452,fourier
