nameseq,average,median,maximum,minimum,peak,none_levated_peak,sample_standard_deviation,population_standard_deviation,percentile15,percentile25,percentile50,percentile75,amplitude,variance,interquartile_range,semi_interquartile_range,coefficient_of_variation,skewness,kurtosis,label
LG17_57730_57911,27.912790296180475,3.8068458250469805,3965.3043801034005,0.17916836183037985,2.1734361209659556,24.37356560008017,292.7757876031996,293.58344648276693,0.9613078151929103,1.829603581820007,3.8068458250469805,7.105593717789046,3965.12521174157,86191.24004869968,5.275990135969039,2.6379950679845194,10.488947342654683,0.2470075616751928,0.17775930134299522,fourier
