nameseq,average,median,maximum,minimum,peak,none_levated_peak,sample_standard_deviation,population_standard_deviation,percentile15,percentile25,percentile50,percentile75,amplitude,variance,interquartile_range,semi_interquartile_range,coefficient_of_variation,skewness,kurtosis,label
LG17_7610251_7610992,68.76758275990636,5.58367568667558,44828.30996357772,9.570432476691882e-05,3.5966559155767848,88.053849763413,1644.3083337547262,1645.4174794685416,1.246494849178424,2.0699246768673323,5.58367568667558,12.037333397758532,44828.309867873395,2707398.6817406085,9.9674087208912,4.9837043604456,23.911096882605694,0.11527748009818632,0.25058512465550076,fourier
