nameseq,average,median,maximum,minimum,peak,none_levated_peak,sample_standard_deviation,population_standard_deviation,percentile15,percentile25,percentile50,percentile75,amplitude,variance,interquartile_range,semi_interquartile_range,coefficient_of_variation,skewness,kurtosis,label
LG17_9463601_9463990,35.76880540224575,2.860201190514694,12255.639732191887,0.04528285329561458,3.6344518229797504,62.33518842614172,619.5972881014543,620.3931744772035,0.5742978542781902,1.1431812988241095,2.860201190514694,5.673510553386362,12255.59444933859,384887.6909379018,4.530329254562252,2.265164627281126,17.322280717335694,0.15933867776875674,0.26085654326302776,fourier
