nameseq,average,median,maximum,minimum,peak,none_levated_peak,sample_standard_deviation,population_standard_deviation,percentile15,percentile25,percentile50,percentile75,amplitude,variance,interquartile_range,semi_interquartile_range,coefficient_of_variation,skewness,kurtosis,label
LG17_2363362_2363517,36.42401131114904,5.124999453926173,4224.476245238751,0.15019720521751684,1.4276296906399022,17.181722405891325,336.600837215272,337.68490068918885,0.9036901362823524,2.2911410955388587,5.124999453926173,12.035651716666147,4224.326048033534,114031.09215346735,9.744510621127288,4.872255310563644,9.2411797904379,0.2789566310900678,0.21799614227658587,fourier
