nameseq,average,median,maximum,minimum,peak,none_levated_peak,sample_standard_deviation,population_standard_deviation,percentile15,percentile25,percentile50,percentile75,amplitude,variance,interquartile_range,semi_interquartile_range,coefficient_of_variation,skewness,kurtosis,label
LG17_4069551_4069638,35.891408876636554,3.8992256964158365,2523.4086097398595,0.31138060218970803,0.8172800748545653,10.249103420484538,266.86346289698986,268.3927789293796,1.1881309058694736,2.0885913067686914,3.8992256964158365,8.866276757881385,2523.0972291376697,72034.68378143481,6.777685451112694,3.388842725556347,7.435301963604559,0.35964664663633406,0.19774344526685803,fourier
