nameseq,average,median,maximum,minimum,peak,none_levated_peak,sample_standard_deviation,population_standard_deviation,percentile15,percentile25,percentile50,percentile75,amplitude,variance,interquartile_range,semi_interquartile_range,coefficient_of_variation,skewness,kurtosis,label
LG17_12974348_12974861,80.22920391989287,9.692684052206925,33832.929307875325,0.033635318955101114,2.135548216387713,46.482450265774794,1490.3134168075785,1491.7652568175401,2.489161852300239,4.349131220601966,9.692684052206925,18.129178950899654,33832.89567255637,2225363.5814479017,13.780047730297689,6.890023865148844,18.5756974267827,0.1419899715164275,0.23320679095993652,fourier
