nameseq,average,median,maximum,minimum,peak,none_levated_peak,sample_standard_deviation,population_standard_deviation,percentile15,percentile25,percentile50,percentile75,amplitude,variance,interquartile_range,semi_interquartile_range,coefficient_of_variation,skewness,kurtosis,label
LG17_14171528_14172143,65.10369714900203,4.686776118566518,34578.23510017913,0.0006926515481112278,3.1539427455769444,72.83508098065255,1391.7805513032374,1392.9116206092176,1.2060249363347693,2.1797762737073647,4.686776118566518,10.161638871241491,34578.23440752758,1940202.7828281969,7.981862597534127,3.9909312987670633,21.37790344099639,0.13022941218828407,0.19145594350234899,fourier
