nameseq,average,median,maximum,minimum,peak,none_levated_peak,sample_standard_deviation,population_standard_deviation,percentile15,percentile25,percentile50,percentile75,amplitude,variance,interquartile_range,semi_interquartile_range,coefficient_of_variation,skewness,kurtosis,label
LG17_7717348_7720572,248.38605341641502,10.43964144862032,750507.4210041646,0.0016294886864776641,4.327940257570664,287.8628905116732,13213.385262256475,13215.434325657527,2.287969522674711,4.093154104959876,10.43964144862032,21.121814060690124,750507.419374676,174647704.4157672,17.028659955730248,8.514329977865124,53.1969693165681,0.05402394781770561,0.24205902362412662,fourier
