nameseq,average,median,maximum,minimum,peak,none_levated_peak,sample_standard_deviation,population_standard_deviation,percentile15,percentile25,percentile50,percentile75,amplitude,variance,interquartile_range,semi_interquartile_range,coefficient_of_variation,skewness,kurtosis,label
LG17_7982564_7994349,987.8050947706382,47.79945157284182,10796659.438452864,0.03294554825000844,3.9771678516994053,507.8852735387093,99445.47289807677,99449.69196313448,11.423583007026245,20.270528274165578,47.79945157284182,97.08143108686532,10796659.405507315,9890241231.562334,76.81090281269974,38.40545140634987,100.67317269827136,0.028357418868968212,0.24731669678988097,fourier
