nameseq,average,median,maximum,minimum,peak,none_levated_peak,sample_standard_deviation,population_standard_deviation,percentile15,percentile25,percentile50,percentile75,amplitude,variance,interquartile_range,semi_interquartile_range,coefficient_of_variation,skewness,kurtosis,label
LG17_5267759_5268506,63.52596884599036,3.931191062185642,41376.53216966684,0.0011234686433379576,3.9249040646323143,95.94420384117717,1511.6940380826586,1512.7055430724417,1.1006789349039052,1.9948625719625144,3.931191062185642,7.882805833190064,41376.53104619819,2288278.0600420907,5.88794326122755,2.943971630613775,23.796473561033675,0.11826753883224507,0.19046588246551568,fourier
