nameseq,average,median,maximum,minimum,peak,none_levated_peak,sample_standard_deviation,population_standard_deviation,percentile15,percentile25,percentile50,percentile75,amplitude,variance,interquartile_range,semi_interquartile_range,coefficient_of_variation,skewness,kurtosis,label
LG17_12604896_12605356,51.118425606544314,4.724660327468122,20097.054107109623,0.0232201119855571,3.006091538292483,57.17180629894603,934.7006344955927,935.7160618830205,0.9152391073399079,1.6742436343392746,4.724660327468122,10.8616800003344,20097.030886997636,875564.5484658686,9.187436365995126,4.593718182997563,18.285004348332862,0.14890467674961747,0.27201743324257643,fourier
