nameseq,average,median,maximum,minimum,peak,none_levated_peak,sample_standard_deviation,population_standard_deviation,percentile15,percentile25,percentile50,percentile75,amplitude,variance,interquartile_range,semi_interquartile_range,coefficient_of_variation,skewness,kurtosis,label
LG17_3041856_3042183,50.004186877543326,5.056223591106416,13059.198291218294,0.056333442393689294,2.186483575887012,36.42784549392099,719.6418254384829,720.741355224742,1.350637326350516,1.8712805847990315,5.056223591106416,11.746678492577967,13059.1419577759,519468.1011311978,9.875397907778936,4.937698953889468,14.391631388804186,0.18737639349568014,0.22840854134702482,fourier
