nameseq,average,median,maximum,minimum,peak,none_levated_peak,sample_standard_deviation,population_standard_deviation,percentile15,percentile25,percentile50,percentile75,amplitude,variance,interquartile_range,semi_interquartile_range,coefficient_of_variation,skewness,kurtosis,label
LG17_5376577_5378488,139.78022610912137,4.49201504986885,255113.62647871583,0.0006695852075036888,4.55953857762249,256.24416175840156,5832.645427969598,5834.171299919304,0.9718591426290515,1.7719153786718271,4.49201504986885,8.703900157868814,255113.6258091306,34037554.7568021,6.931984779196987,3.4659923895984934,41.727257068651916,0.06958500018387764,0.25179218855281327,fourier
