nameseq,average,median,maximum,minimum,peak,none_levated_peak,sample_standard_deviation,population_standard_deviation,percentile15,percentile25,percentile50,percentile75,amplitude,variance,interquartile_range,semi_interquartile_range,coefficient_of_variation,skewness,kurtosis,label
LG17_15949621_15950048,41.36565949464455,2.6724470312336255,15973.23318125283,0.004425898879692812,3.44891555965975,69.14794089943193,771.0083502983831,771.9106424155588,0.6650285039964277,1.201754770522442,2.6724470312336255,5.6279175509204205,15973.22875535395,595846.0398744006,4.426162780397979,2.2130813901989894,18.638850672698755,0.1505556163500817,0.2589791845939836,fourier
