nameseq,average,median,maximum,minimum,peak,none_levated_peak,sample_standard_deviation,population_standard_deviation,percentile15,percentile25,percentile50,percentile75,amplitude,variance,interquartile_range,semi_interquartile_range,coefficient_of_variation,skewness,kurtosis,label
LG17_8694011_8700874,503.9816910276674,15.323555257294638,3304185.511914455,0.024056247604484042,4.539847460201474,512.4957714008445,39878.72424411239,39881.62948028309,3.6984265610120577,6.320969312227918,15.323555257294638,30.442874181477467,3304185.4878582074,1590544370.002585,24.121904869249548,12.060952434624774,79.12732734952299,0.036760815073655514,0.24544290455776205,fourier
