nameseq,average,median,maximum,minimum,peak,none_levated_peak,sample_standard_deviation,population_standard_deviation,percentile15,percentile25,percentile50,percentile75,amplitude,variance,interquartile_range,semi_interquartile_range,coefficient_of_variation,skewness,kurtosis,label
LG17_11362544_11362839,41.1201634695414,3.2019173367624494,10744.464469480492,0.02874173968404759,2.3994716543320944,43.024167149710294,623.1911472054796,624.2465097687931,0.8575976450578668,1.233673733597823,3.2019173367624494,6.783611700803903,10744.435727740807,389683.70495851996,5.5499379672060805,2.7749689836030402,15.155366482603865,0.18253587026779353,0.25331554748268476,fourier
