nameseq,average,median,maximum,minimum,peak,none_levated_peak,sample_standard_deviation,population_standard_deviation,percentile15,percentile25,percentile50,percentile75,amplitude,variance,interquartile_range,semi_interquartile_range,coefficient_of_variation,skewness,kurtosis,label
LG17_16012091_16012369,51.58719025485894,4.720898750126134,12434.379793822469,0.03516850316248079,1.8027731213998506,34.22832930649035,742.7075848219697,744.0421907228459,1.2419986731981463,1.8223161460398654,4.720898750126134,9.578787669247092,12434.344625319307,553598.7815756518,7.756471523207226,3.878235761603613,14.397131945987597,0.18930582827951137,0.23623509533130327,fourier
