nameseq,average,median,maximum,minimum,peak,none_levated_peak,sample_standard_deviation,population_standard_deviation,percentile15,percentile25,percentile50,percentile75,amplitude,variance,interquartile_range,semi_interquartile_range,coefficient_of_variation,skewness,kurtosis,label
LG17_5515633_5515944,34.11079588317636,2.127727405819666,9595.3614041591,0.055998134456199,3.0488881102681455,54.20853216433031,542.181718041701,543.0526932506173,0.6227482350194466,0.9043524287289708,2.127727405819666,4.6269510944915915,9595.305406024645,294906.22764674906,3.7225986657626207,1.8612993328813103,15.894724939827865,0.1769687214438505,0.23461182250496787,fourier
