nameseq,average,median,maximum,minimum,peak,none_levated_peak,sample_standard_deviation,population_standard_deviation,percentile15,percentile25,percentile50,percentile75,amplitude,variance,interquartile_range,semi_interquartile_range,coefficient_of_variation,skewness,kurtosis,label
LG17_2579446_2579651,35.58692489679627,5.068903297821901,5652.979870342937,0.006520113620086041,1.929547632053154,24.48382142208871,392.4866000425565,393.44271985163044,1.277533553550074,1.8173403071175234,5.068903297821901,10.558339061102904,5652.973350229317,154797.17380424854,8.74099875398538,4.37049937699269,11.028955190165654,0.2332667275443189,0.2575267058394864,fourier
