nameseq,average,median,maximum,minimum,peak,none_levated_peak,sample_standard_deviation,population_standard_deviation,percentile15,percentile25,percentile50,percentile75,amplitude,variance,interquartile_range,semi_interquartile_range,coefficient_of_variation,skewness,kurtosis,label
LG17_6040287_6040702,71.11613019784794,8.665752648482291,24382.94922358731,0.049203841061778775,1.9498623769444485,40.58858325463421,1193.5369832957917,1194.9741144404586,1.2756582708958026,2.8912760124102688,8.665752648482291,15.540776877932561,24382.90001974625,1427963.1341827582,12.649500865522292,6.324750432761146,16.78292927322288,0.15697136768292844,0.25486177592578235,fourier
