nameseq,average,median,maximum,minimum,peak,none_levated_peak,sample_standard_deviation,population_standard_deviation,percentile15,percentile25,percentile50,percentile75,amplitude,variance,interquartile_range,semi_interquartile_range,coefficient_of_variation,skewness,kurtosis,label
LG17_11064801_11065491,90.98867320990931,6.700935145606846,54702.77529500331,0.012124524031118139,2.531450621353257,70.43997022395502,2079.0991679156696,2080.60521604356,1.5345160210721653,2.8944211030142157,6.700935145606846,14.734577538093408,54702.76317047928,4328918.06502767,11.840156435079193,5.920078217539596,22.850087758937022,0.1216215263297935,0.23868734225969288,fourier
