nameseq,average,median,maximum,minimum,peak,none_levated_peak,sample_standard_deviation,population_standard_deviation,percentile15,percentile25,percentile50,percentile75,amplitude,variance,interquartile_range,semi_interquartile_range,coefficient_of_variation,skewness,kurtosis,label
LG17_11560386_11562162,161.00171839299833,12.067241697480343,253475.7562440221,0.0022096349993375613,3.6790497595030196,146.86532025754786,6010.931185553196,6012.623214069623,2.838046720778558,5.258022294704922,12.067241697480343,24.20662612754685,253475.75403438712,36151637.91436893,18.94860383284193,9.474301916420965,37.334577826559396,0.07433181586913042,0.22366304301676274,fourier
