nameseq,average,median,maximum,minimum,peak,none_levated_peak,sample_standard_deviation,population_standard_deviation,percentile15,percentile25,percentile50,percentile75,amplitude,variance,interquartile_range,semi_interquartile_range,coefficient_of_variation,skewness,kurtosis,label
LG17_17029800_17030046,51.9605432830229,5.996698020378136,10238.664060173392,0.037957498871733754,1.5845356520787985,26.519000072665428,649.7750187042561,651.0943602022098,1.0970979461798045,2.144419742147409,5.996698020378136,13.544962054594645,10238.626102674521,423923.865887125,11.400542312447236,5.700271156223618,12.50516214130035,0.21221427697068077,0.24407530369559857,fourier
