nameseq,average,median,maximum,minimum,peak,none_levated_peak,sample_standard_deviation,population_standard_deviation,percentile15,percentile25,percentile50,percentile75,amplitude,variance,interquartile_range,semi_interquartile_range,coefficient_of_variation,skewness,kurtosis,label
LG17_14175364_14175641,53.88723246249775,5.003593094868567,12498.011879595379,0.009458560426128398,1.7196404868473634,31.827934838891554,747.7871971984299,749.1357775494982,0.825399910484974,1.4817000966625458,5.003593094868567,12.597341213522997,12498.002421034953,561204.4132046914,11.11564111686045,5.557820558430225,13.876889998365467,0.19611317050133023,0.29645013105730567,fourier
