nameseq,average,median,maximum,minimum,peak,none_levated_peak,sample_standard_deviation,population_standard_deviation,percentile15,percentile25,percentile50,percentile75,amplitude,variance,interquartile_range,semi_interquartile_range,coefficient_of_variation,skewness,kurtosis,label
LG17_9094655_9096162,130.8607980013683,6.928839401505751,179867.68545425276,0.02421785965722456,3.8412318612133998,157.72015800887937,4630.033203342071,4631.569124168311,1.6988633463247318,2.9147764265046066,6.928839401505751,14.378469270237613,179867.6612363931,21451432.551949214,11.463692843733007,5.7318464218665035,35.381361523514926,0.0803009091881277,0.2505113708158665,fourier
