nameseq,average,median,maximum,minimum,peak,none_levated_peak,sample_standard_deviation,population_standard_deviation,percentile15,percentile25,percentile50,percentile75,amplitude,variance,interquartile_range,semi_interquartile_range,coefficient_of_variation,skewness,kurtosis,label
LG17_9130629_9131682,136.5655056818862,11.650327717396495,121772.56617779678,0.004941975757603755,2.572635978456553,84.1437399643573,3748.574734298933,3750.3542619255377,2.4539057464292378,4.734974953806095,11.650327717396495,23.928542072099624,121772.56123582102,14065157.089943044,19.19356711829353,9.596783559146765,27.44891336638705,0.09997013810731852,0.21222183393238273,fourier
