nameseq,average,median,maximum,minimum,peak,none_levated_peak,sample_standard_deviation,population_standard_deviation,percentile15,percentile25,percentile50,percentile75,amplitude,variance,interquartile_range,semi_interquartile_range,coefficient_of_variation,skewness,kurtosis,label
LG17_5113793_5114036,25.18691031246799,2.2535403793588893,5368.985643733877,0.07514527748992783,3.22919057257578,42.67408624986615,342.8190215482694,343.52368626211563,0.7517318309838198,1.1900897902435554,2.2535403793588893,4.225689612871287,5368.910498456386,118008.52302311244,3.0355998226277316,1.5177999113138658,13.610999415778585,0.2006893009862936,0.2325119482890597,fourier
