nameseq,average,median,maximum,minimum,peak,none_levated_peak,sample_standard_deviation,population_standard_deviation,percentile15,percentile25,percentile50,percentile75,amplitude,variance,interquartile_range,semi_interquartile_range,coefficient_of_variation,skewness,kurtosis,label
LG17_14061051_14061667,75.57591740884726,7.55737944463154,39647.4384087939,0.04671871871670212,2.721325439611407,62.03017886553557,1594.4372221376327,1595.7308833826119,2.136596104041751,3.6057596341459637,7.55737944463154,15.835228763129052,39647.39169007519,2546357.052181051,12.229469128983089,6.1147345644915445,21.097160005509647,0.1279797103702042,0.25826898531754006,fourier
