nameseq,average,median,maximum,minimum,peak,none_levated_peak,sample_standard_deviation,population_standard_deviation,percentile15,percentile25,percentile50,percentile75,amplitude,variance,interquartile_range,semi_interquartile_range,coefficient_of_variation,skewness,kurtosis,label
LG17_5826257_5826508,35.92256951671606,3.8627170772506965,7580.285890125875,0.020212104195291587,2.3383627933662092,34.90292731489819,476.2404771576333,477.1882203381376,0.47786176609308645,1.053881857958041,3.8627170772506965,8.608628419141628,7580.265678021679,227708.59762947902,7.5547465611835865,3.7773732805917932,13.257416815242616,0.20195586459267115,0.2662767701730766,fourier
