nameseq,average,median,maximum,minimum,peak,none_levated_peak,sample_standard_deviation,population_standard_deviation,percentile15,percentile25,percentile50,percentile75,amplitude,variance,interquartile_range,semi_interquartile_range,coefficient_of_variation,skewness,kurtosis,label
LG17_10659924_10660247,25.872836540104394,1.3874633776460992,7780.976899025912,0.013661625257366593,4.174262061780267,73.49184962446553,431.5096629285769,432.17711833589743,0.24031662578517027,0.5034420942040332,1.3874633776460992,2.5649281786430786,7780.963237400654,186777.06161312028,2.0614860844390455,1.0307430422195227,16.678096437540272,0.17023053200904395,0.25615078644862693,fourier
