nameseq,average,median,maximum,minimum,peak,none_levated_peak,sample_standard_deviation,population_standard_deviation,percentile15,percentile25,percentile50,percentile75,amplitude,variance,interquartile_range,semi_interquartile_range,coefficient_of_variation,skewness,kurtosis,label
LG17_7367746_7368354,63.589734517936684,4.849438150965268,34115.73662060005,0.00042576589682859765,3.192339165101248,74.88947726602983,1381.0246672545543,1382.1599117267779,1.206220082982968,2.1315746426183937,4.849438150965268,10.732112014116707,34115.73619483416,1910366.0215845746,8.600537371498312,4.300268685749156,21.717729720431688,0.1276015507031003,0.25160008431045106,fourier
