nameseq,average,median,maximum,minimum,peak,none_levated_peak,sample_standard_deviation,population_standard_deviation,percentile15,percentile25,percentile50,percentile75,amplitude,variance,interquartile_range,semi_interquartile_range,coefficient_of_variation,skewness,kurtosis,label
LG17_16918994_16920587,126.73121473628962,6.46135221074971,186949.21752162257,0.02367452169304085,4.1926003348028,180.0141945087426,4680.83098771993,4682.2999446014455,1.451360640100492,2.767915910509267,6.46135221074971,12.259508367521565,186949.1938471009,21923932.7712147,9.491592457012299,4.7457962285061495,36.935107088337325,0.07708237886033414,0.25712414370824616,fourier
