nameseq,average,median,maximum,minimum,peak,none_levated_peak,sample_standard_deviation,population_standard_deviation,percentile15,percentile25,percentile50,percentile75,amplitude,variance,interquartile_range,semi_interquartile_range,coefficient_of_variation,skewness,kurtosis,label
LG17_1323521_1323849,55.67466221728344,4.709147098785057,16107.346740169356,0.1009369028970895,1.9697769559636797,41.02883215824461,886.3308665168645,887.680952396908,1.1503642787581039,1.7745743676239327,4.709147098785057,9.751420036086222,16107.245803266458,787977.4732482815,7.976845668462289,3.9884228342311445,15.919824768002186,0.17250504425774268,0.2562363780539608,fourier
