nameseq,average,median,maximum,minimum,peak,none_levated_peak,sample_standard_deviation,population_standard_deviation,percentile15,percentile25,percentile50,percentile75,amplitude,variance,interquartile_range,semi_interquartile_range,coefficient_of_variation,skewness,kurtosis,label
LG17_6648280_6653411,430.3182107437846,21.109955968001692,2050036.0315011987,0.009894973939826452,3.9753527133092055,329.55307747518634,28613.408185927245,28616.196337766843,4.99364889686737,9.09146450385896,21.109955968001692,41.819496083921365,2050036.0216062248,818886692.8416204,32.72803158006241,16.364015790031203,66.4936028072582,0.0429038287347791,0.2474319005273349,fourier
