nameseq,average,median,maximum,minimum,peak,none_levated_peak,sample_standard_deviation,population_standard_deviation,percentile15,percentile25,percentile50,percentile75,amplitude,variance,interquartile_range,semi_interquartile_range,coefficient_of_variation,skewness,kurtosis,label
LG17_578570_578910,34.95449835204595,4.284296537174663,9741.516147266277,0.00951075873222136,3.2518466013120038,46.200894363496325,526.482610297068,527.2562809720383,0.960068652597072,1.364922768856557,4.284296537174663,7.989200820401823,9741.506636507544,277999.18582446495,6.624278051545266,3.312139025772633,15.061941527370026,0.17476475698351526,0.22220035381646216,fourier
