nameseq,average,median,maximum,minimum,peak,none_levated_peak,sample_standard_deviation,population_standard_deviation,percentile15,percentile25,percentile50,percentile75,amplitude,variance,interquartile_range,semi_interquartile_range,coefficient_of_variation,skewness,kurtosis,label
LG17_6172091_6172855,71.35316552272248,5.44457279640788,47697.559058543746,0.00244116533733497,3.573772770022306,87.92404417086388,1723.087718346137,1724.2150247921081,1.5191708056515456,2.4857800564136925,5.44457279640788,11.348286903624386,47697.55661737841,2972917.45171885,8.862506847210692,4.431253423605346,24.148721443863877,0.1147508487662636,0.21691285722015338,fourier
