nameseq,average,median,maximum,minimum,peak,none_levated_peak,sample_standard_deviation,population_standard_deviation,percentile15,percentile25,percentile50,percentile75,amplitude,variance,interquartile_range,semi_interquartile_range,coefficient_of_variation,skewness,kurtosis,label
LG17_2190990_2191462,65.53375454613378,6.777672057213975,26273.128936719666,0.0020770567319285094,2.405884841462488,51.16161121791313,1206.359325693822,1207.636572558396,1.3133138868178522,2.608467250757265,6.777672057213975,12.807782266317112,26273.126859662934,1458386.09138059,10.199315015559847,5.0996575077799235,18.40821320323684,0.1461158741947645,0.23489926156168534,fourier
