nameseq,average,median,maximum,minimum,peak,none_levated_peak,sample_standard_deviation,population_standard_deviation,percentile15,percentile25,percentile50,percentile75,amplitude,variance,interquartile_range,semi_interquartile_range,coefficient_of_variation,skewness,kurtosis,label
LG17_12448016_12448411,52.38010324020951,4.952895605584805,17495.692362847207,0.012932482072942866,2.520040852051441,46.49403946520952,877.716041922291,878.8263725900312,1.3584034488443693,2.3543219691359334,4.952895605584805,10.506389165617549,17495.679430365133,772335.7931597522,8.152067196481616,4.076033598240808,16.756668804129305,0.16210438924217713,0.20167295470342744,fourier
