nameseq,average,median,maximum,minimum,peak,none_levated_peak,sample_standard_deviation,population_standard_deviation,percentile15,percentile25,percentile50,percentile75,amplitude,variance,interquartile_range,semi_interquartile_range,coefficient_of_variation,skewness,kurtosis,label
LG17_5125321_5125427,8.92170614389536,0.6588019014959888,871.6704338940465,0.004184790866880733,3.9977405769042766,32.151486486608306,83.79873255003979,84.19308170488078,0.3853274204259464,0.5248418484413495,0.6588019014959888,1.0909606801522669,871.6662491031796,7088.47500696473,0.5661188317109174,0.2830594158554587,9.392680189021773,0.29581250184656094,0.25561230976357374,fourier
