nameseq,average,median,maximum,minimum,peak,none_levated_peak,sample_standard_deviation,population_standard_deviation,percentile15,percentile25,percentile50,percentile75,amplitude,variance,interquartile_range,semi_interquartile_range,coefficient_of_variation,skewness,kurtosis,label
LG17_10409637_10409949,23.26327039028448,0.9862839771141122,6815.692635309514,0.021414639277694186,4.4848953557667635,77.48127585929586,384.5487275528957,385.164498527854,0.2531337674000214,0.43308213581994387,0.9862839771141122,2.1355008680509027,6815.671220670237,148351.69092621322,1.7024187322309587,0.8512093661154794,16.530295229405755,0.17379061338934823,0.28779789155355406,fourier
