nameseq,average,median,maximum,minimum,peak,none_levated_peak,sample_standard_deviation,population_standard_deviation,percentile15,percentile25,percentile50,percentile75,amplitude,variance,interquartile_range,semi_interquartile_range,coefficient_of_variation,skewness,kurtosis,label
LG17_5234686_5237303,181.59647336618073,4.678993340057995,457470.1994783175,0.00041886405392424226,4.8055265088049115,341.55222610305003,8938.994697665252,8940.702405140508,1.0775786385465358,1.7773527025060414,4.678993340057995,9.496534281875231,457470.19905945344,79936159.49728525,7.71918157936919,3.859590789684595,49.22449501340365,0.05937495859763668,0.25875451822474327,fourier
