nameseq,average,median,maximum,minimum,peak,none_levated_peak,sample_standard_deviation,population_standard_deviation,percentile15,percentile25,percentile50,percentile75,amplitude,variance,interquartile_range,semi_interquartile_range,coefficient_of_variation,skewness,kurtosis,label
LG17_10560710_10560840,24.51767219356689,2.1933971383414854,2788.377771334246,0.0717304328405659,1.7810282445216887,22.11954678142633,242.43333836336052,243.36398799788444,0.6633105484262831,1.0546046970023157,2.1933971383414854,4.1531659907740455,2788.3060409014056,59226.03065423444,3.0985612937717297,1.5492806468858649,9.888105871118212,0.27625253860629084,0.2611181042024732,fourier
