nameseq,average,median,maximum,minimum,peak,none_levated_peak,sample_standard_deviation,population_standard_deviation,percentile15,percentile25,percentile50,percentile75,amplitude,variance,interquartile_range,semi_interquartile_range,coefficient_of_variation,skewness,kurtosis,label
LG17_15710779_15711252,45.17670691958575,3.589687575239138,18567.540944689918,0.01584622795792408,3.497377537527005,66.28268396053681,851.7054431607598,852.6052906839642,0.9427810159284495,1.5905238684952094,3.589687575239138,6.7744777888814,18567.52509846196,726935.7817022871,5.183953920386191,2.5919769601930955,18.852756237341296,0.14648380967255498,0.22026154005765258,fourier
