nameseq,average,median,maximum,minimum,peak,none_levated_peak,sample_standard_deviation,population_standard_deviation,percentile15,percentile25,percentile50,percentile75,amplitude,variance,interquartile_range,semi_interquartile_range,coefficient_of_variation,skewness,kurtosis,label
LG17_7023243_7023489,53.419352751091814,2.5334705326997318,10744.016766130313,0.1406964665134776,1.5412641504094329,30.323723919729407,682.0133546593347,683.3981547748504,0.6196408763312837,1.0282842105348886,2.5334705326997318,6.814510545696146,10743.8760696638,467033.0379496703,5.786226335161258,2.893113167580629,12.767158708140569,0.22383380854972945,0.13221013100080586,fourier
