nameseq,average,median,maximum,minimum,peak,none_levated_peak,sample_standard_deviation,population_standard_deviation,percentile15,percentile25,percentile50,percentile75,amplitude,variance,interquartile_range,semi_interquartile_range,coefficient_of_variation,skewness,kurtosis,label
LG17_8837072_8841344,297.90715916477416,7.263910376416363,1227064.5807811888,0.002074643460647015,4.7811316026330415,452.53319576778125,18769.228998258423,18771.425642773902,1.7028873941305076,3.030000876740156,7.263910376416363,14.372592915138664,1227064.5787065453,352366420.6621896,11.342592038398509,5.6712960191992545,63.00361847926271,0.04645527775520128,0.2418091399235871,fourier
