nameseq,average,median,maximum,minimum,peak,none_levated_peak,sample_standard_deviation,population_standard_deviation,percentile15,percentile25,percentile50,percentile75,amplitude,variance,interquartile_range,semi_interquartile_range,coefficient_of_variation,skewness,kurtosis,label
LG17_7292957_7293061,12.122728272105672,1.4483931113478339,1075.6445853913901,0.0043128465974914655,2.8871388696004017,22.92230757738527,104.30005370496025,104.8002966406202,0.27956152281338736,0.6248654131147188,1.4483931113478339,2.9266994179109775,1075.6402725447927,10983.10217596199,2.301834004796259,1.1509170023981294,8.60367826151429,0.3070276988817177,0.28518251253742244,fourier
