nameseq,average,median,maximum,minimum,peak,none_levated_peak,sample_standard_deviation,population_standard_deviation,percentile15,percentile25,percentile50,percentile75,amplitude,variance,interquartile_range,semi_interquartile_range,coefficient_of_variation,skewness,kurtosis,label
LG17_870941_871015,17.470196642815868,2.052850671051898,1074.249547768458,0.05808401936701231,1.4310085061509914,12.799784270990111,122.8988698180725,123.72648098603916,0.375090097151093,0.5832412308145939,2.052850671051898,4.015608468267221,1074.1914637490909,15308.24209718871,3.432367237452627,1.7161836187263135,7.034773124240203,0.3763422559032391,0.23781928010608588,fourier
