nameseq,average,median,maximum,minimum,peak,none_levated_peak,sample_standard_deviation,population_standard_deviation,percentile15,percentile25,percentile50,percentile75,amplitude,variance,interquartile_range,semi_interquartile_range,coefficient_of_variation,skewness,kurtosis,label
LG17_10744711_10745126,55.537416658146306,5.799475562843117,19311.572009644937,0.05461342194410386,2.496815210549172,47.072708541561894,945.3184665084286,946.4567191381012,1.2130955052239987,2.5918776280817095,5.799475562843117,11.138805200899455,19311.517396222993,895780.3212016587,8.546927572817745,4.273463786408873,17.02128985089853,0.15784503167174627,0.20822167922936755,fourier
