nameseq,average,median,maximum,minimum,peak,none_levated_peak,sample_standard_deviation,population_standard_deviation,percentile15,percentile25,percentile50,percentile75,amplitude,variance,interquartile_range,semi_interquartile_range,coefficient_of_variation,skewness,kurtosis,label
LG17_7988967_7993273,364.29484991441075,15.770908845650165,1460796.0953611564,0.003003840564062816,3.940946919793045,309.1837751046582,22255.876860883778,22258.460997538165,3.767604182187877,6.656869876720831,15.770908845650165,33.58715793899964,1460796.0923573158,495439085.9789277,26.930288062278805,13.465144031139403,61.09303182878563,0.046979583403606334,0.24708816362731362,fourier
