nameseq,average,median,maximum,minimum,peak,none_levated_peak,sample_standard_deviation,population_standard_deviation,percentile15,percentile25,percentile50,percentile75,amplitude,variance,interquartile_range,semi_interquartile_range,coefficient_of_variation,skewness,kurtosis,label
LG17_11029919_11030038,25.619943546517383,2.8786448899044244,2584.3108085204894,0.008241439740172225,1.561283690082032,18.38660358831707,234.60447314893804,235.5881440172729,0.6796563872870177,1.039667151140045,2.8786448899044244,5.691501674673929,2584.302567080749,55501.773601503315,4.651834523533884,2.325917261766942,9.157103438693124,0.29080390094065733,0.24438181861352531,fourier
