nameseq,average,median,maximum,minimum,peak,none_levated_peak,sample_standard_deviation,population_standard_deviation,percentile15,percentile25,percentile50,percentile75,amplitude,variance,interquartile_range,semi_interquartile_range,coefficient_of_variation,skewness,kurtosis,label
LG17_13966299_13966825,67.78441985283887,6.146493515774642,30151.698966398944,0.02173048351150914,2.5915493124827504,58.05653512467265,1311.9137819739349,1313.1602561572206,1.2654617129212324,2.630760035173073,6.146493515774642,11.729227862401844,30151.67723591543,1724389.8583508972,9.09846782722877,4.549233913614385,19.3542083095514,0.14094964284388206,0.22620418657752028,fourier
