nameseq,average,median,maximum,minimum,peak,none_levated_peak,sample_standard_deviation,population_standard_deviation,percentile15,percentile25,percentile50,percentile75,amplitude,variance,interquartile_range,semi_interquartile_range,coefficient_of_variation,skewness,kurtosis,label
LG17_6385012_6385181,19.411629303871376,1.8309634955060323,2796.215886128218,0.0036822640705201693,2.919212281442305,32.37589124170596,213.63290727147896,214.26402506379387,0.284104314795944,0.5053648486730618,1.8309634955060323,4.085530432648721,2796.2122038641473,45909.07243653808,3.580165583975659,1.7900827919878295,11.005408352243409,0.2468814289835644,0.22998315382106993,fourier
