nameseq,average,median,maximum,minimum,peak,none_levated_peak,sample_standard_deviation,population_standard_deviation,percentile15,percentile25,percentile50,percentile75,amplitude,variance,interquartile_range,semi_interquartile_range,coefficient_of_variation,skewness,kurtosis,label
LG17_3631927_3632118,21.485167656867443,2.192352868726104,3441.478498592889,0.15281614719843797,2.97879918938139,33.00723321999856,247.49859763675192,248.14565389818452,0.575658960226141,0.8058337019902535,2.192352868726104,4.546722454740664,3441.3256824456907,61576.265548557574,3.7408887527504104,1.8704443763752052,11.51950971895918,0.2338536255036519,0.21541439717408967,fourier
