nameseq,average,median,maximum,minimum,peak,none_levated_peak,sample_standard_deviation,population_standard_deviation,percentile15,percentile25,percentile50,percentile75,amplitude,variance,interquartile_range,semi_interquartile_range,coefficient_of_variation,skewness,kurtosis,label
LG17_16109791_16109938,20.301619969762907,1.8502251526522087,2622.9002749295164,0.10042785536334782,2.430019545573706,27.988301283817073,214.68108406865704,215.41005419375625,0.5991199814385483,0.8492785638258254,1.8502251526522087,2.7547435882605336,2622.799847074153,46401.49144775701,1.905465024434708,0.952732512217354,10.574578993617335,0.25784379043674527,0.19644243002687176,fourier
