nameseq,average,median,maximum,minimum,peak,none_levated_peak,sample_standard_deviation,population_standard_deviation,percentile15,percentile25,percentile50,percentile75,amplitude,variance,interquartile_range,semi_interquartile_range,coefficient_of_variation,skewness,kurtosis,label
LG17_7798277_7798370,17.2174356760662,2.3856305729012495,1328.234750088749,0.019164360524842036,1.8198606298201256,16.010055536219856,135.96998553134432,136.6990523422106,0.5660534890086747,1.0220463047578074,2.3856305729012495,5.4430754953466325,1328.2155857282241,18686.63091125843,4.4210291905888255,2.2105145952944127,7.897226282096989,0.3272443924709957,0.3287340150152206,fourier
