nameseq,average,median,maximum,minimum,peak,none_levated_peak,sample_standard_deviation,population_standard_deviation,percentile15,percentile25,percentile50,percentile75,amplitude,variance,interquartile_range,semi_interquartile_range,coefficient_of_variation,skewness,kurtosis,label
LG17_13120925_13121094,32.274263532093286,4.9628319987593725,4257.252226399963,0.04247604459569019,1.755784965017645,20.89125762534553,325.1094406838004,326.0698842553721,0.8554459614150525,2.026566384944116,4.9628319987593725,9.497121333257414,4257.209750355367,106321.56941831174,7.470554948313298,3.735277474156649,10.073334140080812,0.25202065626783987,0.2161758277728946,fourier
