nameseq,average,median,maximum,minimum,peak,none_levated_peak,sample_standard_deviation,population_standard_deviation,percentile15,percentile25,percentile50,percentile75,amplitude,variance,interquartile_range,semi_interquartile_range,coefficient_of_variation,skewness,kurtosis,label
LG17_4624537_4625662,88.36896248647062,4.517386521424143,92310.28370937723,0.0025400845652098756,4.247343442453534,149.83687564819772,2749.5348487410083,2750.7565927909664,1.1009164942298972,1.8936232309273218,4.517386521424143,8.438517809316107,92310.28116929266,7566661.832782965,6.544894578388785,3.2724472891943925,31.114259705855037,0.09148992165359332,0.2368817045971256,fourier
