nameseq,average,median,maximum,minimum,peak,none_levated_peak,sample_standard_deviation,population_standard_deviation,percentile15,percentile25,percentile50,percentile75,amplitude,variance,interquartile_range,semi_interquartile_range,coefficient_of_variation,skewness,kurtosis,label
LG17_3983784_3985821,195.0954867899529,12.641885022415877,360644.49517711066,0.04683308091985492,3.482055605236676,166.96219072188714,7986.38072172718,7988.340810288223,2.8936081303783343,5.326228901424486,12.641885022415877,24.723197702893813,360644.4483440297,63813588.90131631,19.396968801469328,9.698484400734664,40.93575332332324,0.06853677834485151,0.24614236906619674,fourier
