nameseq,average,median,maximum,minimum,peak,none_levated_peak,sample_standard_deviation,population_standard_deviation,percentile15,percentile25,percentile50,percentile75,amplitude,variance,interquartile_range,semi_interquartile_range,coefficient_of_variation,skewness,kurtosis,label
LG17_14295603_14300717,387.14472565891197,10.423523054846296,1897264.260241782,0.0032272792046464435,4.40403778483131,452.4375227546292,26525.237259572215,26527.830527140577,2.6816569150497123,4.411675984730972,10.423523054846296,20.989834907691666,1897264.2570145028,703725792.4766914,16.578158922960693,8.289079461480346,68.51504231247587,0.04260710646063506,0.24519014395186975,fourier
