nameseq,average,median,maximum,minimum,peak,none_levated_peak,sample_standard_deviation,population_standard_deviation,percentile15,percentile25,percentile50,percentile75,amplitude,variance,interquartile_range,semi_interquartile_range,coefficient_of_variation,skewness,kurtosis,label
LG17_3595869_3596494,82.36221703337681,7.48203339371153,44323.33412884045,0.01581924345420885,2.5335241592890307,62.86949792534242,1769.6800734128017,1771.095251626494,1.8726019021180211,3.279312882492276,7.48203339371153,14.881481575208962,44323.318309596994,3136778.3903339137,11.602168692716686,5.801084346358343,21.48655217350025,0.12693850956109815,0.2064086530730684,fourier
