nameseq,average,median,maximum,minimum,peak,none_levated_peak,sample_standard_deviation,population_standard_deviation,percentile15,percentile25,percentile50,percentile75,amplitude,variance,interquartile_range,semi_interquartile_range,coefficient_of_variation,skewness,kurtosis,label
LG17_629497_629626,21.82802428006998,2.5791293223660503,2243.5695863842143,0.030260022025223172,1.9852155548909995,20.29759532876757,195.75042593290436,196.50768379317327,0.616424643615731,0.9563368247886876,2.5791293223660503,4.825981356967454,2243.539326362189,38615.269789757775,3.869644532178767,1.9348222660893835,8.96784901012016,0.2950015796793469,0.24530778842006878,fourier
