nameseq,average,median,maximum,minimum,peak,none_levated_peak,sample_standard_deviation,population_standard_deviation,percentile15,percentile25,percentile50,percentile75,amplitude,variance,interquartile_range,semi_interquartile_range,coefficient_of_variation,skewness,kurtosis,label
LG17_4463849_4463926,14.989557777226924,1.1562089154705606,1006.1522176857816,0.04503909393696145,1.7345408307842698,15.854448712145231,112.98644172969173,113.71775319426511,0.34282357923617623,0.5378336183974735,1.1562089154705606,2.6128652622673116,1006.1071785918447,12931.727391551793,2.0750316438698384,1.0375158219349192,7.537676788660692,0.36730111993927217,0.2442831539556127,fourier
