nameseq,average,median,maximum,minimum,peak,none_levated_peak,sample_standard_deviation,population_standard_deviation,percentile15,percentile25,percentile50,percentile75,amplitude,variance,interquartile_range,semi_interquartile_range,coefficient_of_variation,skewness,kurtosis,label
LG17_8046611_8048660,191.06679570091984,11.406005923079285,355984.5129306,0.03862031211150968,3.5764107040501525,174.54652954841532,7860.127058342233,7862.04486416761,2.6431203554038807,4.846108616730037,11.406005923079285,22.000207647450623,355984.47431028786,61811749.4461843,17.154099030720587,8.577049515360294,41.13811104387717,0.06857171205158578,0.22955241073877017,fourier
