nameseq,average,median,maximum,minimum,peak,none_levated_peak,sample_standard_deviation,population_standard_deviation,percentile15,percentile25,percentile50,percentile75,amplitude,variance,interquartile_range,semi_interquartile_range,coefficient_of_variation,skewness,kurtosis,label
LG17_14311957_14312371,45.40930783436994,3.180262422416498,16851.743468757002,0.005894737575079345,3.0463651601540147,61.42798559442111,826.0018900134173,826.9988751560517,0.8390557630420615,1.3902163804952097,3.180262422416498,6.212537774469483,16851.737574019426,683927.1395093747,4.822321393974274,2.411160696987137,18.19014491536079,0.15337390600135606,0.2221622035974751,fourier
