nameseq,average,median,maximum,minimum,peak,none_levated_peak,sample_standard_deviation,population_standard_deviation,percentile15,percentile25,percentile50,percentile75,amplitude,variance,interquartile_range,semi_interquartile_range,coefficient_of_variation,skewness,kurtosis,label
LG17_629458_629539,19.58017447133606,2.1891293746776777,1304.1154949219683,0.00022691045007588946,1.395969855802221,13.073024704588054,142.7993924384043,143.6781662246421,0.5435696013696136,1.1912207030986577,2.1891293746776777,4.5155130649631925,1304.1152680115183,20643.415449675886,3.3242923618645346,1.6621461809322673,7.293060266007953,0.3653596447371422,0.172337397577928,fourier
