nameseq,average,median,maximum,minimum,peak,none_levated_peak,sample_standard_deviation,population_standard_deviation,percentile15,percentile25,percentile50,percentile75,amplitude,variance,interquartile_range,semi_interquartile_range,coefficient_of_variation,skewness,kurtosis,label
LG17_14712461_14712613,27.017549323217565,1.8487578881815407,3671.041973734273,0.007821754631277931,1.887661955933697,26.75527424566762,295.587747844021,296.5584819771241,0.39733427031329704,0.8781092208580547,1.8487578881815407,4.2671836794297615,3671.034151979642,87946.93323257624,3.3890744585717067,1.6945372292858534,10.940583259711394,0.2554448716357219,0.2270185104314911,fourier
