nameseq,average,median,maximum,minimum,peak,none_levated_peak,sample_standard_deviation,population_standard_deviation,percentile15,percentile25,percentile50,percentile75,amplitude,variance,interquartile_range,semi_interquartile_range,coefficient_of_variation,skewness,kurtosis,label
LG17_12170000_12170359,29.393454851642083,1.5382886065734451,9762.466209035068,0.011842529182550066,4.082541525168693,76.61106149900417,513.6996206830094,514.414582226891,0.25102563827310764,0.41790630843542365,1.5382886065734451,2.971416966897138,9762.454366505886,264622.3624076668,2.553510658461714,1.276755329230857,17.47666694084827,0.16267385719323318,0.25722613868113553,fourier
