nameseq,average,median,maximum,minimum,peak,none_levated_peak,sample_standard_deviation,population_standard_deviation,percentile15,percentile25,percentile50,percentile75,amplitude,variance,interquartile_range,semi_interquartile_range,coefficient_of_variation,skewness,kurtosis,label
LG18_19867420_19867489,23.008738779063957,3.7376987758729685,1301.0493248267283,0.020811602185386798,1.0141074466265283,9.636961638257425,153.8975039065575,155.0086916500342,0.9786268683728108,2.10003860241675,3.7376987758729685,6.329816557674545,1301.0285132245428,24027.694487055378,4.229777955257795,2.1148889776288975,6.688654488380364,0.3756598940336003,0.2272659431622355,fourier
