nameseq,average,median,maximum,minimum,peak,none_levated_peak,sample_standard_deviation,population_standard_deviation,percentile15,percentile25,percentile50,percentile75,amplitude,variance,interquartile_range,semi_interquartile_range,coefficient_of_variation,skewness,kurtosis,label
LG18_10965720_10965792,11.695580946258021,1.1474195754219325,734.0527700440443,0.048354430750139656,2.0805579000433267,16.28595340406004,85.14949909443934,85.73877601555499,0.2366653103241522,0.4527920670591041,1.1474195754219325,2.3230129249041913,734.0044156132942,7351.137712645508,1.8702208578450872,0.9351104289225436,7.280484781876761,0.37163441299180583,0.32097639130754074,fourier
