nameseq,average,median,maximum,minimum,peak,none_levated_peak,sample_standard_deviation,population_standard_deviation,percentile15,percentile25,percentile50,percentile75,amplitude,variance,interquartile_range,semi_interquartile_range,coefficient_of_variation,skewness,kurtosis,label
LG18_2197365_2197471,22.158815705665546,2.2375538942679123,1984.0265200369029,0.16577277921144898,1.6095926398064424,17.26269507544822,190.59516813440806,191.49209152672427,0.6833967924119168,0.7610573159463531,2.2375538942679123,4.799263334882879,1983.8607472576914,36669.22111727935,4.038206018936526,2.019103009468263,8.601324667620972,0.31356401119280936,0.23424231556904673,fourier
