nameseq,average,median,maximum,minimum,peak,none_levated_peak,sample_standard_deviation,population_standard_deviation,percentile15,percentile25,percentile50,percentile75,amplitude,variance,interquartile_range,semi_interquartile_range,coefficient_of_variation,skewness,kurtosis,label
LG18_19798733_19798862,14.362915227772675,0.9033933119803119,1684.5325075462595,0.0010236849888408785,3.017029109072674,32.049076227942315,147.0583802157087,147.62727355939384,0.3164794933991685,0.4675845564226966,0.9033933119803119,1.6542205137370343,1684.5314838612705,21793.8118985801,1.1866359573143377,0.5933179786571688,10.23875570408931,0.2745750747978378,0.1892686791109731,fourier
