nameseq,average,median,maximum,minimum,peak,none_levated_peak,sample_standard_deviation,population_standard_deviation,percentile15,percentile25,percentile50,percentile75,amplitude,variance,interquartile_range,semi_interquartile_range,coefficient_of_variation,skewness,kurtosis,label
LG18_16335497_16335556,12.754013469715366,1.5597546930486592,605.1510133184065,0.01943929676916984,1.5681338307733765,11.07338300258641,77.18425539089347,77.83561086607412,0.35452328661875576,0.6225367324303861,1.5597546930486592,3.335863872275162,605.1315740216373,6058.3823188949145,2.7133271398447762,1.3566635699223881,6.051762104075621,0.43509879262192586,0.17177176440442857,fourier
