nameseq,average,median,maximum,minimum,peak,none_levated_peak,sample_standard_deviation,population_standard_deviation,percentile15,percentile25,percentile50,percentile75,amplitude,variance,interquartile_range,semi_interquartile_range,coefficient_of_variation,skewness,kurtosis,label
LG18_8428891_8433373,361.21915934421634,18.541400581603025,1496417.1479023208,0.007109170081471202,4.136916037472251,305.69310619892536,22346.642079450692,22349.13487237265,4.370641129191956,7.859764859706053,18.541400581603025,36.67788298800211,1496417.1407931508,499483829.5435033,28.818118128296057,14.409059064148028,61.86449832843977,0.046003926345300386,0.23455241300834032,fourier
