nameseq,average,median,maximum,minimum,peak,none_levated_peak,sample_standard_deviation,population_standard_deviation,percentile15,percentile25,percentile50,percentile75,amplitude,variance,interquartile_range,semi_interquartile_range,coefficient_of_variation,skewness,kurtosis,label
LG18_6551721_6554334,271.4576403816155,20.45930668032831,627707.540210881,0.004866256443639204,3.2098316780047593,168.009325935207,12274.44552214542,12276.794024132305,4.606363595887781,8.179858582862899,20.45930668032831,42.797855980996566,627707.5353446245,150719671.51097068,34.61799739813367,17.308998699066834,45.21679885263126,0.061346559381873195,0.24687438302109502,fourier
