nameseq,average,median,maximum,minimum,peak,none_levated_peak,sample_standard_deviation,population_standard_deviation,percentile15,percentile25,percentile50,percentile75,amplitude,variance,interquartile_range,semi_interquartile_range,coefficient_of_variation,skewness,kurtosis,label
LG18_3373894_3374066,42.56349770325843,4.037456094706386,6210.945732623537,0.0379417309244548,1.3548385301580144,21.2121153593273,470.38578308480027,471.75120187295937,1.0311746113469924,2.063319971723757,4.037456094706386,9.990902194033712,6210.907790892613,222549.19646858165,7.927582222309955,3.9637911111549773,11.051389299916254,0.24570922205108378,0.2819026523041087,fourier
