nameseq,average,median,maximum,minimum,peak,none_levated_peak,sample_standard_deviation,population_standard_deviation,percentile15,percentile25,percentile50,percentile75,amplitude,variance,interquartile_range,semi_interquartile_range,coefficient_of_variation,skewness,kurtosis,label
LG18_5822665_5824372,126.81800321101302,4.348249736042953,203569.79582123645,0.0004899386180324689,4.489373108848096,218.29400302673594,4924.107355291951,4925.5494719886465,0.9636163928790554,1.8272270792399312,4.348249736042953,9.676763172353773,203569.79533129782,24261037.601007633,7.8495360931138425,3.9247680465569212,38.8281413570178,0.07461438874399327,0.25051440385275964,fourier
