nameseq,average,median,maximum,minimum,peak,none_levated_peak,sample_standard_deviation,population_standard_deviation,percentile15,percentile25,percentile50,percentile75,amplitude,variance,interquartile_range,semi_interquartile_range,coefficient_of_variation,skewness,kurtosis,label
LG18_9569116_9569250,24.65167674271589,3.906236523677244,2590.5428800490477,0.06017884901978693,1.8254336396527941,18.38069560431393,221.72790170240336,222.55370680177737,0.9058419169206678,1.8949439103396444,3.906236523677244,7.72530981404083,2590.482701200028,49530.152411211486,5.8303659037011855,2.9151829518505927,8.994434902604336,0.2806878168208514,0.23623506629578642,fourier
