nameseq,average,median,maximum,minimum,peak,none_levated_peak,sample_standard_deviation,population_standard_deviation,percentile15,percentile25,percentile50,percentile75,amplitude,variance,interquartile_range,semi_interquartile_range,coefficient_of_variation,skewness,kurtosis,label
LG18_9028120_9028448,54.88441382934199,4.462345842859592,15585.5343504894,0.022941518487964465,1.9981386155943113,39.57934335359884,857.5814791818169,858.8877731288844,1.1949125433716203,2.137122706640945,4.462345842859592,9.30149424899702,15585.511408970913,737688.2068302941,7.164371542356076,3.582185771178038,15.625227990015293,0.17638697620168292,0.20250143339474877,fourier
