nameseq,average,median,maximum,minimum,peak,none_levated_peak,sample_standard_deviation,population_standard_deviation,percentile15,percentile25,percentile50,percentile75,amplitude,variance,interquartile_range,semi_interquartile_range,coefficient_of_variation,skewness,kurtosis,label
LG18_20533302_20533550,32.32575961220847,3.150326994976941,7039.255562617152,0.014352248834593632,2.5676117435660624,38.87828150252045,444.95556393484753,445.8517492616003,0.6746150535585979,1.1767390564608813,3.150326994976941,6.141967091487722,7039.241210368317,198783.7823196289,4.96522803502684,2.48261401751342,13.764736521978005,0.19670795231253835,0.30680548070745056,fourier
