nameseq,average,median,maximum,minimum,peak,none_levated_peak,sample_standard_deviation,population_standard_deviation,percentile15,percentile25,percentile50,percentile75,amplitude,variance,interquartile_range,semi_interquartile_range,coefficient_of_variation,skewness,kurtosis,label
LG18_10417926_10418023,14.099877256862458,1.4051708757653445,1159.7547064102616,0.01692604704991872,2.3168050381975975,19.745981815813465,116.35757977541327,116.9558232034812,0.5091405926249711,0.6692087707652908,1.4051708757653445,2.3411345227584004,1159.7377803632116,13678.664581203951,1.6719257519931094,0.8359628759965547,8.252382460902746,0.3273024345882677,0.14335424547992845,fourier
