nameseq,average,median,maximum,minimum,peak,none_levated_peak,sample_standard_deviation,population_standard_deviation,percentile15,percentile25,percentile50,percentile75,amplitude,variance,interquartile_range,semi_interquartile_range,coefficient_of_variation,skewness,kurtosis,label
LG18_506635_507233,184.54946219094026,25.096570810000106,86806.89840573655,0.0391852280306031,1.0819141074498808,33.67764125801016,3542.6844561513767,3545.6453295943743,5.930556102538434,10.36331431284148,25.096570810000106,48.922257765810166,86806.85922050852,12571600.8032744,38.558943452968684,19.279471726484342,19.19639544918322,0.13502717503169592,0.22350623760204189,fourier
