nameseq,average,median,maximum,minimum,peak,none_levated_peak,sample_standard_deviation,population_standard_deviation,percentile15,percentile25,percentile50,percentile75,amplitude,variance,interquartile_range,semi_interquartile_range,coefficient_of_variation,skewness,kurtosis,label
LG18_18635821_18635968,24.099016667966335,2.9630536454630483,2785.363063946033,0.14113746628242937,2.047109805891365,21.116988918873073,227.8184581652674,228.5920374988594,0.6589485490440415,1.2829670517592315,2.9630536454630483,8.163501571443811,2785.2219264797504,52254.31960787995,6.88053451968458,3.44026725984229,9.453433777158864,0.278326390136095,0.2463331982599099,fourier
