nameseq,average,median,maximum,minimum,peak,none_levated_peak,sample_standard_deviation,population_standard_deviation,percentile15,percentile25,percentile50,percentile75,amplitude,variance,interquartile_range,semi_interquartile_range,coefficient_of_variation,skewness,kurtosis,label
LG18_18207916_18208009,16.170158596748337,2.390068064374572,1210.221457289064,0.022939797130249157,1.9377257895067377,16.227040471684585,123.88160524436894,124.54585453811977,0.5373943878049567,0.9683174546085169,2.390068064374572,4.077924988305494,1210.1985174919337,15511.66988263049,3.109607533696977,1.5548037668484884,7.661124935984261,0.33370791019032603,0.19841445537492086,fourier
