nameseq,average,median,maximum,minimum,peak,none_levated_peak,sample_standard_deviation,population_standard_deviation,percentile15,percentile25,percentile50,percentile75,amplitude,variance,interquartile_range,semi_interquartile_range,coefficient_of_variation,skewness,kurtosis,label
LG18_9027284_9027829,62.250597229472845,5.132973194183576,29788.05590455949,0.013761860720775215,2.9236667293182403,65.9274881293062,1273.3371212790641,1274.5047850927701,1.4261448888190273,2.377686197100697,5.132973194183576,10.971776169568109,29788.042142698767,1624362.447224368,8.594089972467412,4.297044986233706,20.45501855323882,0.13456991808559246,0.23008146206869448,fourier
