nameseq,average,median,maximum,minimum,peak,none_levated_peak,sample_standard_deviation,population_standard_deviation,percentile15,percentile25,percentile50,percentile75,amplitude,variance,interquartile_range,semi_interquartile_range,coefficient_of_variation,skewness,kurtosis,label
LG18_3121932_3122046,15.182768468937581,2.209211583731857,1426.8792044733286,0.13830690798707723,2.524792063565975,20.70011631339443,132.23784293721366,132.81656711548578,0.5747234834808882,1.0429770039558277,2.209211583731857,3.7827248982242025,1426.7408975653416,17640.240500342337,2.739747894268375,1.3698739471341874,8.709731904807677,0.2943232420548228,0.2927609167245797,fourier
