nameseq,average,median,maximum,minimum,peak,none_levated_peak,sample_standard_deviation,population_standard_deviation,percentile15,percentile25,percentile50,percentile75,amplitude,variance,interquartile_range,semi_interquartile_range,coefficient_of_variation,skewness,kurtosis,label
LG18_7005063_7005423,34.19740449312355,2.471180995143323,11068.018931348657,0.055452204743914796,3.518785566241733,61.46586667847054,581.5445984975706,582.3517392031447,0.6121741048393865,1.0334199362192344,2.471180995143323,4.9803517954712095,11067.963479143913,339133.5481529275,3.946931859251975,1.9734659296259875,17.005518609299962,0.16366529882632602,0.26725461104241194,fourier
