nameseq,average,median,maximum,minimum,peak,none_levated_peak,sample_standard_deviation,population_standard_deviation,percentile15,percentile25,percentile50,percentile75,amplitude,variance,interquartile_range,semi_interquartile_range,coefficient_of_variation,skewness,kurtosis,label
LG18_13129059_13129179,26.80342091251123,3.7125492561438485,2559.912967785483,0.3814234947965564,1.5047830448577797,16.09493871810249,231.37700509141902,232.33907579035602,1.0743317831610035,2.104174290143572,3.7125492561438485,7.628456374253204,2559.5315442906863,53981.4461391168,5.5242820841096325,2.7621410420548163,8.632368452021641,0.29939282402644957,0.2753271604411716,fourier
