nameseq,average,median,maximum,minimum,peak,none_levated_peak,sample_standard_deviation,population_standard_deviation,percentile15,percentile25,percentile50,percentile75,amplitude,variance,interquartile_range,semi_interquartile_range,coefficient_of_variation,skewness,kurtosis,label
LG18_12446202_12446513,38.864572566723304,4.974006011044977,10024.559392772697,0.0017113324498681589,2.67595892947108,39.93382423333974,566.2779800148829,567.1876641033277,0.9798467956330477,1.5702895547545392,4.974006011044977,9.041288536141408,10024.557681440247,321701.8463109893,7.470998981386869,3.7354994906934347,14.570544395996844,0.17954379872648912,0.24608403615735838,fourier
