nameseq,average,median,maximum,minimum,peak,none_levated_peak,sample_standard_deviation,population_standard_deviation,percentile15,percentile25,percentile50,percentile75,amplitude,variance,interquartile_range,semi_interquartile_range,coefficient_of_variation,skewness,kurtosis,label
LG18_1770138_1770778,66.23635811551628,6.192509165606324,36033.17756928213,0.017964326119686454,3.2258214785002486,69.78300104331588,1421.770758423885,1422.8810832775473,1.893149317794191,2.8988214480931065,6.192509165606324,12.191339312771936,36033.15960495601,2024590.5771490869,9.292517864678828,4.646258932339414,21.465110686555487,0.12669521143437787,0.2165142592596622,fourier
