nameseq,average,median,maximum,minimum,peak,none_levated_peak,sample_standard_deviation,population_standard_deviation,percentile15,percentile25,percentile50,percentile75,amplitude,variance,interquartile_range,semi_interquartile_range,coefficient_of_variation,skewness,kurtosis,label
LG18_20297371_20297732,38.510209494227816,3.9846512855430487,12072.760835802941,0.04657403713284228,3.1333682223866646,51.09242505320053,633.3982106854965,634.2748868291974,1.1121018854101192,1.8903016538072241,3.9846512855430487,7.165832511981292,12072.714261765808,402304.63206219114,5.275530858174068,2.637765429087034,16.44753999015338,0.16352536663145642,0.25635084667882296,fourier
