nameseq,average,median,maximum,minimum,peak,none_levated_peak,sample_standard_deviation,population_standard_deviation,percentile15,percentile25,percentile50,percentile75,amplitude,variance,interquartile_range,semi_interquartile_range,coefficient_of_variation,skewness,kurtosis,label
LG18_9911020_9911239,35.31583042708761,4.3447103519775485,6433.5663241760785,0.13405835673351646,2.0765003242592845,28.717616415992552,432.4005460553479,433.3866375208247,1.2632147607758972,1.9431685190618746,4.3447103519775485,8.168058927025553,6433.432265819345,187823.97758160668,6.224890407963679,3.1124452039818395,12.24381646491575,0.21487799003250369,0.23512591933537413,fourier
