nameseq,average,median,maximum,minimum,peak,none_levated_peak,sample_standard_deviation,population_standard_deviation,percentile15,percentile25,percentile50,percentile75,amplitude,variance,interquartile_range,semi_interquartile_range,coefficient_of_variation,skewness,kurtosis,label
LG18_5830912_5831595,69.25600926636947,5.567916584076773,42101.647512455704,0.015683272478036712,3.2921330930732124,82.97697160222592,1608.3443430267373,1609.5213240426726,1.2385548743706662,2.1182668785692673,5.567916584076773,10.62087255556467,42101.63182918323,2590558.8925480777,8.502605676995403,4.251302838497701,23.223173845330773,0.11879562910471955,0.2507358397175954,fourier
