nameseq,average,median,maximum,minimum,peak,none_levated_peak,sample_standard_deviation,population_standard_deviation,percentile15,percentile25,percentile50,percentile75,amplitude,variance,interquartile_range,semi_interquartile_range,coefficient_of_variation,skewness,kurtosis,label
LG18_1908787_1909213,59.12989100662497,5.09210700070117,21626.93284541964,0.05213990325944533,2.40712997961363,49.833018473410874,1045.012935980488,1046.2387580277004,1.1789876420773187,2.065014459002368,5.09210700070117,11.223018685052336,21626.88070551638,1094615.5387993453,9.158004226049968,4.579002113024984,17.67317541416411,0.1551304739263039,0.23885195239029477,fourier
