nameseq,average,median,maximum,minimum,peak,none_levated_peak,sample_standard_deviation,population_standard_deviation,percentile15,percentile25,percentile50,percentile75,amplitude,variance,interquartile_range,semi_interquartile_range,coefficient_of_variation,skewness,kurtosis,label
LG18_18547257_18547365,21.744788334648238,2.78882982289547,1836.4012686579567,0.08218427950904836,1.6708984596295033,15.792889409733752,174.696767837133,175.50368560836088,0.6283372707563174,1.3173875742648842,2.78882982289547,6.610903124245271,1836.3190843784478,30801.54366211838,5.293515549980388,2.646757774990194,8.033960374715187,0.3255233410401463,0.18871027422104789,fourier
