nameseq,average,median,maximum,minimum,peak,none_levated_peak,sample_standard_deviation,population_standard_deviation,percentile15,percentile25,percentile50,percentile75,amplitude,variance,interquartile_range,semi_interquartile_range,coefficient_of_variation,skewness,kurtosis,label
LG18_8595982_8596693,69.9938206351131,5.941060335020997,43571.61158165141,0.005400679485798866,3.390775516750013,81.04387528756243,1631.4610763440346,1632.6079735516528,1.7036450886382615,2.5190716361884964,5.941060335020997,12.492473041151548,43571.60618097192,2665408.795304434,9.973401404963052,4.986700702481526,23.30864441375552,0.11778293928463598,0.24242558251954457,fourier
