nameseq,average,median,maximum,minimum,peak,none_levated_peak,sample_standard_deviation,population_standard_deviation,percentile15,percentile25,percentile50,percentile75,amplitude,variance,interquartile_range,semi_interquartile_range,coefficient_of_variation,skewness,kurtosis,label
LG18_20264872_20265967,84.76155546401893,3.64942418775893,86832.27688630123,0.01979963501284464,4.310130121295573,156.10622661259472,2621.508515352136,2622.7052780327604,0.8623620000521386,1.630752626307256,3.64942418775893,7.12872098150227,86832.25708666621,6878582.975420898,5.497968355195014,2.748984177597507,30.92803690306226,0.09282304154411403,0.22968924577414665,fourier
