nameseq,average,median,maximum,minimum,peak,none_levated_peak,sample_standard_deviation,population_standard_deviation,percentile15,percentile25,percentile50,percentile75,amplitude,variance,interquartile_range,semi_interquartile_range,coefficient_of_variation,skewness,kurtosis,label
LG18_15680225_15680433,17.140802144664057,0.9412500724076159,3323.186748935434,0.014903459572355561,4.064376105546143,54.81632343479594,229.23581242277848,229.78619931927648,0.17571175245335274,0.4311595340998852,0.9412500724076159,1.7629513657917282,3323.1718454758616,52801.69739759826,1.331791831691843,0.6658959158459214,13.373692227941604,0.21200289650702162,0.2216443778739309,fourier
