nameseq,average,median,maximum,minimum,peak,none_levated_peak,sample_standard_deviation,population_standard_deviation,percentile15,percentile25,percentile50,percentile75,amplitude,variance,interquartile_range,semi_interquartile_range,coefficient_of_variation,skewness,kurtosis,label
LG18_9382793_9387242,337.15208535249633,13.01255672401865,1409738.4420820833,0.008524392357837508,4.399597089196383,359.17252522342693,21130.24058934822,21132.615173902475,2.9614363717954957,5.193981069676546,13.01255672401865,25.64097404310318,1409738.433557691,446587424.08825314,20.446992973426635,10.223496486713318,62.672726960167886,0.046020232555971485,0.25167065555698614,fourier
