nameseq,average,median,maximum,minimum,peak,none_levated_peak,sample_standard_deviation,population_standard_deviation,percentile15,percentile25,percentile50,percentile75,amplitude,variance,interquartile_range,semi_interquartile_range,coefficient_of_variation,skewness,kurtosis,label
LG18_1366167_1366334,28.263394579557424,3.02602188364352,4106.183928706438,0.11835232786269445,1.9813614335096228,26.372783653552705,315.57792630504946,316.5213601775808,0.5400472990876475,1.0326285330910803,3.02602188364352,5.740168521279172,4106.065576378575,100185.77144866584,4.707539988188092,2.353769994094046,11.165605936567266,0.239915760187091,0.26852772078321846,fourier
