nameseq,average,median,maximum,minimum,peak,none_levated_peak,sample_standard_deviation,population_standard_deviation,percentile15,percentile25,percentile50,percentile75,amplitude,variance,interquartile_range,semi_interquartile_range,coefficient_of_variation,skewness,kurtosis,label
LG18_7939100_7947713,720.2975685253823,36.297268989030776,5740546.364227573,0.0005021467377726166,3.9863154601668653,426.7030875873714,61847.446700188855,61851.036950486494,8.26831522488002,14.92857852643676,36.297268989030776,73.10668183214142,5740546.363725427,3825550771.8504453,58.17810330570466,29.08905165285233,85.86374493364603,0.03317842543373401,0.2540534111802377,fourier
