nameseq,average,median,maximum,minimum,peak,none_levated_peak,sample_standard_deviation,population_standard_deviation,percentile15,percentile25,percentile50,percentile75,amplitude,variance,interquartile_range,semi_interquartile_range,coefficient_of_variation,skewness,kurtosis,label
LG18_10879332_10882232,244.36819654523745,10.434240605823963,664783.7256830523,0.02032319833816877,3.9571434158413035,261.33608374231477,12340.202509090803,12342.329946829066,2.255649971987567,3.8358639038541664,10.434240605823963,20.903713396285507,664783.705359854,152333108.51639357,17.067849492431343,8.533924746215671,50.49839825128956,0.056871179164299436,0.2614280703106792,fourier
