nameseq,average,median,maximum,minimum,peak,none_levated_peak,sample_standard_deviation,population_standard_deviation,percentile15,percentile25,percentile50,percentile75,amplitude,variance,interquartile_range,semi_interquartile_range,coefficient_of_variation,skewness,kurtosis,label
LG18_5924649_5925673,100.85741727123926,7.147573772538716,91346.40683789563,0.007254165280865805,3.3876206223664345,106.32215453641021,2851.5165837917502,2852.908586112293,1.5219521445568203,3.0504040700691277,7.147573772538716,14.809547221448485,91346.39958373035,8139087.400713243,11.759143151379357,5.8795715756896785,28.27275039299361,0.0985894776464091,0.26065833604747185,fourier
