nameseq,average,median,maximum,minimum,peak,none_levated_peak,sample_standard_deviation,population_standard_deviation,percentile15,percentile25,percentile50,percentile75,amplitude,variance,interquartile_range,semi_interquartile_range,coefficient_of_variation,skewness,kurtosis,label
LG18_20397861_20398351,36.594053638330124,1.4505110622303048,16835.963986620736,0.002229336000053147,4.4724934899050215,101.66091386958306,758.9222875055889,759.6963032983042,0.4899759800082691,0.7793262722249882,1.4505110622303048,2.915346416055526,16835.961757284735,577138.473245109,2.136020143830538,1.068010071915269,20.73895106036196,0.13892150680516552,0.22912205611985692,fourier
