nameseq,average,median,maximum,minimum,peak,none_levated_peak,sample_standard_deviation,population_standard_deviation,percentile15,percentile25,percentile50,percentile75,amplitude,variance,interquartile_range,semi_interquartile_range,coefficient_of_variation,skewness,kurtosis,label
LG18_2728308_2728703,62.21760504716872,6.9554220774282225,19888.670040035657,0.07499217623432174,2.1215860028673155,40.122032129580106,997.8756058206777,999.1379410576022,2.0362528838755,3.2881963117678334,6.9554220774282225,13.99409136593579,19888.595047859424,998276.6252608247,10.705895054167955,5.352947527083978,16.03847665084767,0.1661394946846852,0.24999380185619766,fourier
