nameseq,average,median,maximum,minimum,peak,none_levated_peak,sample_standard_deviation,population_standard_deviation,percentile15,percentile25,percentile50,percentile75,amplitude,variance,interquartile_range,semi_interquartile_range,coefficient_of_variation,skewness,kurtosis,label
LG18_17497694_17497898,42.26870885783308,5.115269944654258,6904.025696748313,0.09197113776911484,1.6166411319344107,23.413374472851455,480.52928579681566,481.7056138380024,1.0867067816517249,2.093455293246688,5.115269944654258,10.681564814453976,6903.933725610544,232040.29840304673,8.588109521207288,4.294054760603644,11.368440124656557,0.23195322331855905,0.22424642784339902,fourier
