nameseq,average,median,maximum,minimum,peak,none_levated_peak,sample_standard_deviation,population_standard_deviation,percentile15,percentile25,percentile50,percentile75,amplitude,variance,interquartile_range,semi_interquartile_range,coefficient_of_variation,skewness,kurtosis,label
LG18_20545092_20545575,40.811491447185524,2.369832341112139,18320.587128136303,0.021468468606421067,3.9531349532304176,88.41943384319791,831.7631310926892,832.623724319366,0.54299634934945,0.921251747704123,2.369832341112139,4.081912451944257,18320.565659667696,693262.2662994517,3.1606607042401342,1.5803303521200671,20.380610989654237,0.13865122533949956,0.25705644711333187,fourier
