nameseq,average,median,maximum,minimum,peak,none_levated_peak,sample_standard_deviation,population_standard_deviation,percentile15,percentile25,percentile50,percentile75,amplitude,variance,interquartile_range,semi_interquartile_range,coefficient_of_variation,skewness,kurtosis,label
LG18_14499962_14500321,30.18761308599219,1.7107554893849226,9864.009187575888,0.019795724476019724,3.9751403881508938,69.04700160824152,519.0207798274188,519.7431473027124,0.49703203339388796,0.7496632645845028,1.7107554893849226,3.66978855853538,9863.989391851412,270132.93916812894,2.9201252939508775,1.4600626469754387,17.19317053484621,0.16459952300605113,0.2718093524283794,fourier
