nameseq,average,median,maximum,minimum,peak,none_levated_peak,sample_standard_deviation,population_standard_deviation,percentile15,percentile25,percentile50,percentile75,amplitude,variance,interquartile_range,semi_interquartile_range,coefficient_of_variation,skewness,kurtosis,label
LG18_16989621_16989829,30.351670003121832,3.389661625549776,4901.272629557742,0.008082637153263971,2.295315765475214,28.079454878393605,337.90177487446243,338.71306481746365,0.5468885604994966,1.111936294649449,3.389661625549776,7.523810952534027,4901.264546920589,114726.54027803933,6.411874657884578,3.205937328942289,11.13288905815421,0.23937733136432032,0.20648208852958297,fourier
