nameseq,average,median,maximum,minimum,peak,none_levated_peak,sample_standard_deviation,population_standard_deviation,percentile15,percentile25,percentile50,percentile75,amplitude,variance,interquartile_range,semi_interquartile_range,coefficient_of_variation,skewness,kurtosis,label
LG18_17071686_17071810,23.090059391345246,2.855516248452877,2334.83833450191,0.08126588963471522,1.804528345314019,18.917068194028648,207.66180875593224,208.49747333452368,0.6146465977254343,1.1772259827913398,2.855516248452877,6.726255596220203,2334.7570686122754,43471.196386880416,5.549029613428863,2.7745148067144316,8.993558883342208,0.2923196604726819,0.26141155069537586,fourier
