nameseq,average,median,maximum,minimum,peak,none_levated_peak,sample_standard_deviation,population_standard_deviation,percentile15,percentile25,percentile50,percentile75,amplitude,variance,interquartile_range,semi_interquartile_range,coefficient_of_variation,skewness,kurtosis,label
LG18_16158754_16158877,28.42556690887154,4.030746189633523,2751.3092418339074,0.05649123807572589,1.4540900262725567,15.993573154991546,245.64359861114758,246.6401284579984,0.6714384384263254,2.0000191147975803,4.030746189633523,7.845747106948578,2751.252750595832,60831.35296577796,5.845727992150998,2.922863996075499,8.641642905439571,0.2979294497047515,0.24726046101753907,fourier
