nameseq,average,median,maximum,minimum,peak,none_levated_peak,sample_standard_deviation,population_standard_deviation,percentile15,percentile25,percentile50,percentile75,amplitude,variance,interquartile_range,semi_interquartile_range,coefficient_of_variation,skewness,kurtosis,label
LG18_1481490_1483385,146.74490574576825,6.104112980332216,260848.93985295043,0.00019729513049291403,4.306793457586348,214.61275238190152,5988.8112579753315,5990.391210847556,1.7227115530533013,2.619522446990674,6.104112980332216,12.563154690376805,260848.9396556553,35884786.85899965,9.943632243386132,4.971816121693066,40.811033456594345,0.07045177417044692,0.25435868666882355,fourier
