nameseq,average,median,maximum,minimum,peak,none_levated_peak,sample_standard_deviation,population_standard_deviation,percentile15,percentile25,percentile50,percentile75,amplitude,variance,interquartile_range,semi_interquartile_range,coefficient_of_variation,skewness,kurtosis,label
LG18_2081738_2083030,97.27750048065388,3.1990512250637813,118309.88248743271,0.008416369194059118,4.430623709186642,185.90061437272814,3288.7766251551516,3290.049125347925,0.7827998730685175,1.3993773389260211,3.1990512250637813,7.458774539331551,118309.87407106352,10824423.247202644,6.05939720040553,3.029698600202765,33.80819417547852,0.08581773100915771,0.23631934253817097,fourier
