nameseq,average,median,maximum,minimum,peak,none_levated_peak,sample_standard_deviation,population_standard_deviation,percentile15,percentile25,percentile50,percentile75,amplitude,variance,interquartile_range,semi_interquartile_range,coefficient_of_variation,skewness,kurtosis,label
LG18_13124443_13128661,326.31415462209065,11.294106409829354,1304149.1410912045,0.0037656917029361982,4.309752774782416,359.9226351898014,20075.460797791548,20077.840393698418,2.723130519792826,4.681796594807633,11.294106409829354,23.21164354460817,1304149.1373255127,403119674.8748278,18.529846949800536,9.264923474900268,61.521881639002885,0.04707538990789928,0.2536955597044498,fourier
