nameseq,average,median,maximum,minimum,peak,none_levated_peak,sample_standard_deviation,population_standard_deviation,percentile15,percentile25,percentile50,percentile75,amplitude,variance,interquartile_range,semi_interquartile_range,coefficient_of_variation,skewness,kurtosis,label
LG18_3430655_3430741,14.241447565362268,0.8148437414980928,1116.5214864910884,0.015192913120418587,2.03630985311726,20.477781026998997,118.86988408445018,119.55899063466167,0.22314856895568919,0.3347425534012808,0.8148437414980928,2.0621024673788217,1116.5062935779679,14294.352241579116,1.727359913977541,0.8636799569887705,8.346755731036982,0.3388563199319354,0.2426114659860729,fourier
