nameseq,average,median,maximum,minimum,peak,none_levated_peak,sample_standard_deviation,population_standard_deviation,percentile15,percentile25,percentile50,percentile75,amplitude,variance,interquartile_range,semi_interquartile_range,coefficient_of_variation,skewness,kurtosis,label
LG18_18708597_18708806,25.665131389391604,3.2586215877485403,4409.508910078935,0.01970824641630994,2.7274358715706293,31.83119713175382,303.28105434629674,304.00574129190653,0.6099152319653891,0.8989499123621207,3.2586215877485403,6.237047906748868,4409.489201832518,92419.4907384416,5.3380979943867475,2.6690489971933737,11.81685181131216,0.221641043651133,0.24730651518809135,fourier
