nameseq,average,median,maximum,minimum,peak,none_levated_peak,sample_standard_deviation,population_standard_deviation,percentile15,percentile25,percentile50,percentile75,amplitude,variance,interquartile_range,semi_interquartile_range,coefficient_of_variation,skewness,kurtosis,label
LG18_16248053_16248210,41.36548015457932,4.193760134420764,5442.242967829884,0.03446955604416027,1.2732033200111725,19.31667902634266,431.10083994848367,432.4715932961807,0.779600745535314,1.69555198594613,4.193760134420764,10.612263968577407,5442.20849827384,187031.67900813711,8.916711982631277,4.4583559913156385,10.42175355725344,0.25867534861171154,0.23792460932004683,fourier
