nameseq,average,median,maximum,minimum,peak,none_levated_peak,sample_standard_deviation,population_standard_deviation,percentile15,percentile25,percentile50,percentile75,amplitude,variance,interquartile_range,semi_interquartile_range,coefficient_of_variation,skewness,kurtosis,label
LG18_14088652_14089052,37.34124373806003,2.1472457430350422,13728.835223320575,0.012284905045764823,3.5795986765814933,71.68270213528467,684.581696877573,685.4368898367132,0.6221546702392482,0.9687695335284818,2.1472457430350422,4.4100351196760945,13728.82293841553,469823.7299490266,3.4412655861476127,1.7206327930738063,18.333125208141198,0.15422847918172825,0.25266874606993367,fourier
