nameseq,average,median,maximum,minimum,peak,none_levated_peak,sample_standard_deviation,population_standard_deviation,percentile15,percentile25,percentile50,percentile75,amplitude,variance,interquartile_range,semi_interquartile_range,coefficient_of_variation,skewness,kurtosis,label
LG18_20667572_20673503,497.6887910361755,21.858406781496726,2757592.773030713,0.003795546909612338,3.97303167952924,372.44453240047983,35800.42271705699,35803.44066629034,5.325399272851331,9.310777536314225,21.858406781496726,43.91895055970211,2757592.7692351663,1281886363.5445733,34.608173023387884,17.304086511693942,71.9333514474405,0.039873583729610904,0.24210068356077857,fourier
