nameseq,average,median,maximum,minimum,peak,none_levated_peak,sample_standard_deviation,population_standard_deviation,percentile15,percentile25,percentile50,percentile75,amplitude,variance,interquartile_range,semi_interquartile_range,coefficient_of_variation,skewness,kurtosis,label
LG18_19143442_19143794,49.67030300467693,3.3061394409315565,15938.816364757875,0.021595817571711598,2.368954074139375,52.345225327718374,846.90641753515,848.1085564192178,0.9750821497973481,1.283676927845341,3.3061394409315565,6.112108694722323,15938.794768940303,719288.1234714896,4.8284317668769825,2.4142158834384913,17.050558710209714,0.1642359625707562,0.22939743338517643,fourier
