nameseq,average,median,maximum,minimum,peak,none_levated_peak,sample_standard_deviation,population_standard_deviation,percentile15,percentile25,percentile50,percentile75,amplitude,variance,interquartile_range,semi_interquartile_range,coefficient_of_variation,skewness,kurtosis,label
LG18_12828403_12828810,43.0906974564455,4.055682763868852,15426.154046704167,0.039322237286514725,3.1561336443315597,57.93119544451901,762.5276871142487,763.463878611228,0.91079431882631,1.5058232847723707,4.055682763868852,7.07018968907796,15426.114724466881,582877.0939440998,5.56436640430559,2.782183202152795,17.69587711790889,0.15357480922549663,0.2485003819101753,fourier
