nameseq,average,median,maximum,minimum,peak,none_levated_peak,sample_standard_deviation,population_standard_deviation,percentile15,percentile25,percentile50,percentile75,amplitude,variance,interquartile_range,semi_interquartile_range,coefficient_of_variation,skewness,kurtosis,label
LG18_8968731_8975046,520.528692618985,25.452551853227863,3047029.1495471117,0.007391126421010738,4.044605731031985,369.540218413128,38336.81334997552,38339.848606965345,5.8542072068342215,10.288972621492016,25.452551853227863,51.573207151163594,3047029.1421559853,1469943991.2050226,41.28423452967158,20.64211726483579,73.64976012578269,0.03874157219951146,0.24532380872073606,fourier
