nameseq,average,median,maximum,minimum,peak,none_levated_peak,sample_standard_deviation,population_standard_deviation,percentile15,percentile25,percentile50,percentile75,amplitude,variance,interquartile_range,semi_interquartile_range,coefficient_of_variation,skewness,kurtosis,label
LG18_17309395_17309597,35.55295519439767,5.064165990424576,5511.7684384492295,0.022654837636645206,1.9032641955268288,24.093484751472683,385.4350200345032,386.38788927610096,0.7050663335983203,1.4181748833201093,5.064165990424576,11.40153099800039,5511.745783611593,149295.60097924047,9.98335611468028,4.99167805734014,10.8411528078892,0.23730684254827553,0.23519800384901324,fourier
