nameseq,average,median,maximum,minimum,peak,none_levated_peak,sample_standard_deviation,population_standard_deviation,percentile15,percentile25,percentile50,percentile75,amplitude,variance,interquartile_range,semi_interquartile_range,coefficient_of_variation,skewness,kurtosis,label
LG18_9627105_9631668,398.47654646065206,24.841526954263355,1647031.9598461355,0.016733045011785408,3.817874218310007,269.4436461823085,24376.57597585435,24379.246942385773,6.086371496642083,10.365979153594164,24.841526954263355,50.63991086533473,1647031.9431130905,594347681.477826,40.27393171174056,20.13696585587028,61.17443094799919,0.045982875512518756,0.25894432245431726,fourier
