nameseq,average,median,maximum,minimum,peak,none_levated_peak,sample_standard_deviation,population_standard_deviation,percentile15,percentile25,percentile50,percentile75,amplitude,variance,interquartile_range,semi_interquartile_range,coefficient_of_variation,skewness,kurtosis,label
LG18_12972438_12972659,19.951894039455716,1.602056807586521,3891.0850831462703,0.000886317339976988,3.7089210605099376,45.57166308217673,260.41265713887634,261.00116106938964,0.268375454632736,0.5830223987346611,1.602056807586521,3.424112812723473,3891.0841968289305,68121.60607956946,2.841090413988812,1.420545206994406,13.052026871428811,0.21139337964763383,0.2317761760039499,fourier
