nameseq,average,median,maximum,minimum,peak,none_levated_peak,sample_standard_deviation,population_standard_deviation,percentile15,percentile25,percentile50,percentile75,amplitude,variance,interquartile_range,semi_interquartile_range,coefficient_of_variation,skewness,kurtosis,label
LG18_8800921_8802714,158.97698508914382,8.331010782860288,257033.97644270028,0.0007644490464557131,3.761550765758207,168.23154989899447,6066.481100361987,6068.172577071383,1.929446093170599,3.425022339290629,8.331010782860288,17.23192653657027,257033.97567825124,36822718.42512115,13.806904197279641,6.9034520986398205,38.15949268984,0.07449754073937254,0.24065315252635566,fourier
