nameseq,average,median,maximum,minimum,peak,none_levated_peak,sample_standard_deviation,population_standard_deviation,percentile15,percentile25,percentile50,percentile75,amplitude,variance,interquartile_range,semi_interquartile_range,coefficient_of_variation,skewness,kurtosis,label
LG18_3695497_3696931,135.86662724481732,9.765657594683876,173039.82398336745,0.021612264217060626,3.520609461155072,129.25515531236965,4565.98249453237,4567.574261181572,2.256711602328487,4.15885335772939,9.765657594683876,20.71739333748858,173039.80237110323,20862734.63140839,16.55853997975919,8.279269989879595,33.60635784610265,0.08285246590485333,0.2570869784131913,fourier
