nameseq,average,median,maximum,minimum,peak,none_levated_peak,sample_standard_deviation,population_standard_deviation,percentile15,percentile25,percentile50,percentile75,amplitude,variance,interquartile_range,semi_interquartile_range,coefficient_of_variation,skewness,kurtosis,label
LG18_20451526_20452888,106.1992304375166,4.873995047858912,134855.12209495736,0.004352923354097256,4.278122651751652,172.09563914328274,3651.2178522632494,3652.557994665604,1.1959291757724795,1.9952415412833682,4.873995047858912,9.657246695822952,134855.117742034,13341179.904395618,7.6620051545395835,3.8310025772697918,34.38083154860035,0.0832532372672724,0.23607254164406213,fourier
