nameseq,average,median,maximum,minimum,peak,none_levated_peak,sample_standard_deviation,population_standard_deviation,percentile15,percentile25,percentile50,percentile75,amplitude,variance,interquartile_range,semi_interquartile_range,coefficient_of_variation,skewness,kurtosis,label
LG18_17542153_17542293,24.875999962584125,2.401554981139872,2987.8782039726407,0.03199021600063271,1.8893712843983148,23.408993978402084,250.47448243757802,251.36744242648524,0.39998661265616825,0.9873063319282774,2.401554981139872,3.920633939827939,2987.84621375664,63185.591112032365,2.9333276078996615,1.4666638039498308,10.068921161533828,0.2691824503964617,0.19061066427279488,fourier
