nameseq,average,median,maximum,minimum,peak,none_levated_peak,sample_standard_deviation,population_standard_deviation,percentile15,percentile25,percentile50,percentile75,amplitude,variance,interquartile_range,semi_interquartile_range,coefficient_of_variation,skewness,kurtosis,label
LG18_8960806_8961224,30.075194946405993,1.0045165248969143,12006.746829402518,0.000135331568354623,4.643915589426858,105.80783851434278,585.7999197305709,586.5002187489808,0.2047670492372462,0.4534816549960161,1.0045165248969143,1.969829628952185,12006.74669407095,343982.5065926024,1.516347973956169,0.7581739869780845,19.477842812805253,0.1488768303427542,0.2461337555955955,fourier
