nameseq,average,median,maximum,minimum,peak,none_levated_peak,sample_standard_deviation,population_standard_deviation,percentile15,percentile25,percentile50,percentile75,amplitude,variance,interquartile_range,semi_interquartile_range,coefficient_of_variation,skewness,kurtosis,label
LG18_42816_59595,1206.69170210201,36.192705567999504,19361116.33459786,0.0013482751397217903,4.635262945448257,838.711338872189,149458.39878105393,149462.85244849476,8.507086082466358,14.919611154093266,36.192705567999504,71.01302863834161,19361116.333249584,22339144262.040512,56.09341748424834,28.04670874212417,123.85798172035427,0.023494812056337685,0.2475568643629892,fourier
