nameseq,average,median,maximum,minimum,peak,none_levated_peak,sample_standard_deviation,population_standard_deviation,percentile15,percentile25,percentile50,percentile75,amplitude,variance,interquartile_range,semi_interquartile_range,coefficient_of_variation,skewness,kurtosis,label
LG18_2547743_2548127,65.44944200949976,5.736323718041336,21733.61551089186,0.11309838683707421,1.9608010304305756,42.790489997422064,1105.7907480495637,1107.229643580899,1.4622470564977816,2.6272570313515695,5.736323718041336,11.80194362003604,21733.502412505022,1225957.4836242844,9.17468658868447,4.587343294342235,16.895342635450763,0.1620011337500772,0.20233491383951455,fourier
