nameseq,average,median,maximum,minimum,peak,none_levated_peak,sample_standard_deviation,population_standard_deviation,percentile15,percentile25,percentile50,percentile75,amplitude,variance,interquartile_range,semi_interquartile_range,coefficient_of_variation,skewness,kurtosis,label
LG18_12700612_12700749,26.760842246212043,2.6145099431472683,3073.7396468816505,0.026258082935480362,1.7189294558362127,20.713712458795243,260.3656814568245,261.3141934558894,0.49673496680535406,0.9784519623657328,2.6145099431472683,6.274936113294613,3073.713388798715,68285.10770150198,5.2964841509288805,2.6482420754644402,9.729353024891394,0.2782202189776943,0.22572004156301329,fourier
