nameseq,average,median,maximum,minimum,peak,none_levated_peak,sample_standard_deviation,population_standard_deviation,percentile15,percentile25,percentile50,percentile75,amplitude,variance,interquartile_range,semi_interquartile_range,coefficient_of_variation,skewness,kurtosis,label
LG18_7820531_7825771,382.5666525603472,13.988314166653916,1893687.111497769,0.0026326410455142085,4.566524521434661,406.9209095926072,26155.019165582027,26157.514754459,3.2287858950177397,5.81048987753375,13.988314166653916,28.20959830242502,1893687.108865128,684215578.1297402,22.39910842489127,11.199554212445635,68.36722173910925,0.0422762074147566,0.2442946744167321,fourier
