nameseq,average,median,maximum,minimum,peak,none_levated_peak,sample_standard_deviation,population_standard_deviation,percentile15,percentile25,percentile50,percentile75,amplitude,variance,interquartile_range,semi_interquartile_range,coefficient_of_variation,skewness,kurtosis,label
LG18_11998009_11998191,23.132553915209815,2.3949227836899563,3616.9097962237643,0.015775254527400088,2.6369764542034453,31.31349126973054,266.4078702614198,267.1387574243005,0.43510305167108654,0.9735601555868232,2.3949227836899563,5.072886448086829,3616.894020969237,71363.11571819925,4.099326292500006,2.049663146250003,11.51657837858771,0.23352498307768277,0.266459664356293,fourier
