nameseq,average,median,maximum,minimum,peak,none_levated_peak,sample_standard_deviation,population_standard_deviation,percentile15,percentile25,percentile50,percentile75,amplitude,variance,interquartile_range,semi_interquartile_range,coefficient_of_variation,skewness,kurtosis,label
LG18_2083240_2085245,198.80335133862621,15.799856239434943,348098.7590784742,0.016952064594087567,3.3634577192197916,142.99185405417262,7769.6447852006495,7771.58211094705,4.142334273175075,7.003187012632491,15.799856239434943,33.27711097723932,348098.7421264096,60397488.50719221,26.273923964606826,13.136961982303413,39.08206140834336,0.07066095046498265,0.2412151358448584,fourier
