nameseq,average,median,maximum,minimum,peak,none_levated_peak,sample_standard_deviation,population_standard_deviation,percentile15,percentile25,percentile50,percentile75,amplitude,variance,interquartile_range,semi_interquartile_range,coefficient_of_variation,skewness,kurtosis,label
LG18_4343103_4343366,26.290810934616946,1.9929430571811493,5844.463476572367,0.03363890019444527,3.3471770885595222,43.51290684386951,358.80192892840546,359.4834146875967,0.7115192121464198,1.0063687948861255,1.9929430571811493,4.4540871989680575,5844.429837672173,129228.32543545461,3.447718404081932,1.723859202040966,13.647427225455917,0.20315833822301557,0.13175930230709124,fourier
