nameseq,average,median,maximum,minimum,peak,none_levated_peak,sample_standard_deviation,population_standard_deviation,percentile15,percentile25,percentile50,percentile75,amplitude,variance,interquartile_range,semi_interquartile_range,coefficient_of_variation,skewness,kurtosis,label
LG18_9033540_9033719,29.56936159995686,2.3298684030196215,4653.063541955167,0.030705959579007465,2.0291273383490136,28.75373020890927,345.5966632328357,346.5606725342299,0.7167630638938061,0.981048109223561,2.3298684030196215,5.55740439523646,4653.032835995588,120104.29974737774,4.576356286012898,2.288178143006449,11.687660623465739,0.2364562169853945,0.27109982056636567,fourier
