nameseq,average,median,maximum,minimum,peak,none_levated_peak,sample_standard_deviation,population_standard_deviation,percentile15,percentile25,percentile50,percentile75,amplitude,variance,interquartile_range,semi_interquartile_range,coefficient_of_variation,skewness,kurtosis,label
LG18_16582351_16582511,20.14940614244486,2.326468497145373,2700.9681057902144,0.08610535582113152,2.663436643604968,27.44790648996309,211.96150714028366,212.6228551034975,0.5420844242521853,1.0958309838102713,2.326468497145373,4.920238643633825,2700.8820004343934,45208.47851236289,3.8244076598235535,1.9122038299117767,10.519491524555917,0.25225718413348935,0.24977702339221092,fourier
