nameseq,average,median,maximum,minimum,peak,none_levated_peak,sample_standard_deviation,population_standard_deviation,percentile15,percentile25,percentile50,percentile75,amplitude,variance,interquartile_range,semi_interquartile_range,coefficient_of_variation,skewness,kurtosis,label
LG18_17721610_17721776,30.62025376166691,3.5782976281911845,4096.860332809411,0.009095869924010095,1.817968822203395,22.072392533790946,315.6838153903795,316.6332425427859,1.2052188635359267,1.854930410329677,3.5782976281911845,7.143053815088721,4096.8512369394875,100256.61028315869,5.288123404759044,2.644061702379522,10.309640731507585,0.25698456634561917,0.1805252653556169,fourier
