nameseq,average,median,maximum,minimum,peak,none_levated_peak,sample_standard_deviation,population_standard_deviation,percentile15,percentile25,percentile50,percentile75,amplitude,variance,interquartile_range,semi_interquartile_range,coefficient_of_variation,skewness,kurtosis,label
LG18_13178213_13178477,29.961962066999593,2.1307072811295615,7032.76425080501,0.017429304598039628,2.9481825367713337,46.371022022886095,431.01718440285606,431.8327332577724,0.5170790642410793,0.8542586780981216,2.1307072811295615,4.336366843307538,7032.746821500412,186479.5095128784,3.482108165209417,1.7410540826047085,14.385479276658678,0.19371330744801932,0.23158634637584266,fourier
