nameseq,average,median,maximum,minimum,peak,none_levated_peak,sample_standard_deviation,population_standard_deviation,percentile15,percentile25,percentile50,percentile75,amplitude,variance,interquartile_range,semi_interquartile_range,coefficient_of_variation,skewness,kurtosis,label
LG18_695966_696451,43.531889373900704,3.176019976202175,18815.022084308166,0.014807084084730535,3.72140980623566,73.67940761270576,852.3857061326914,853.2640017867508,0.7694550700130167,1.263034597061234,3.176019976202175,6.563025636799048,18815.007277224082,728059.4567451401,5.299991039737813,2.6499955198689067,19.580719293193244,0.14203383201060965,0.23259772706069268,fourier
