nameseq,average,median,maximum,minimum,peak,none_levated_peak,sample_standard_deviation,population_standard_deviation,percentile15,percentile25,percentile50,percentile75,amplitude,variance,interquartile_range,semi_interquartile_range,coefficient_of_variation,skewness,kurtosis,label
LG18_2399851_2400089,45.74858191964734,4.634167874720074,8989.32779519369,0.05737054407215622,1.7414018822833228,28.171710568123125,579.8077499295637,581.0245566193215,1.0049354153708057,1.6073516110798558,4.634167874720074,11.231840048456041,8989.270424649618,337589.53539467923,9.624488437376185,4.812244218688092,12.673786281461927,0.21273127540941947,0.25264433808177944,fourier
