nameseq,average,median,maximum,minimum,peak,none_levated_peak,sample_standard_deviation,population_standard_deviation,percentile15,percentile25,percentile50,percentile75,amplitude,variance,interquartile_range,semi_interquartile_range,coefficient_of_variation,skewness,kurtosis,label
LG18_7374773_7377845,259.45469297950325,14.140298585818742,732927.8300088723,0.007017526186800702,3.9480239172789022,237.5351258048504,13218.96594959888,13221.117298941725,3.404851882013753,6.347797836405038,14.140298585818742,28.26875519370218,732927.8229913461,174797942.63237613,21.92095735729714,10.96047867864857,50.94903390567374,0.055673279285766306,0.24399251559615312,fourier
