nameseq,average,median,maximum,minimum,peak,none_levated_peak,sample_standard_deviation,population_standard_deviation,percentile15,percentile25,percentile50,percentile75,amplitude,variance,interquartile_range,semi_interquartile_range,coefficient_of_variation,skewness,kurtosis,label
LG18_6336332_6344549,743.7912752230029,49.49271469581677,5491256.742409549,0.008326086225044103,3.6829328664981027,349.26313770156435,60570.01368289475,60573.69922329689,11.607978903036678,20.195966237323553,49.49271469581677,99.89141959728062,5491256.7340834625,3669173037.594438,79.69545335995707,39.847726679978535,81.43415458151844,0.03438823198036982,0.24609857515653194,fourier
