nameseq,average,median,maximum,minimum,peak,none_levated_peak,sample_standard_deviation,population_standard_deviation,percentile15,percentile25,percentile50,percentile75,amplitude,variance,interquartile_range,semi_interquartile_range,coefficient_of_variation,skewness,kurtosis,label
LG18_5184269_5184716,52.696642376771386,5.859808405452998,20230.92892573392,0.06620342487976953,2.833830137898108,53.73637999213394,954.4247927318279,955.4917855666793,1.2742333872551026,2.3213948592307947,5.859808405452998,10.538695594905297,20230.86272230904,912964.5522854009,8.217300735674502,4.108650367837251,18.111681308039792,0.14722008793566144,0.2745138303329131,fourier
