nameseq,average,median,maximum,minimum,peak,none_levated_peak,sample_standard_deviation,population_standard_deviation,percentile15,percentile25,percentile50,percentile75,amplitude,variance,interquartile_range,semi_interquartile_range,coefficient_of_variation,skewness,kurtosis,label
LG18_19988934_19989010,9.400925438863908,0.8395461157700832,616.7603817010507,0.006934365773470852,2.730227660413022,18.992513255366557,69.68236641676802,70.1393048630381,0.25269246867429185,0.37498499692679343,0.8395461157700832,2.238774485316995,616.7534473352773,4919.522086670201,1.8637894883902013,0.9318947441951007,7.41228795717255,0.3685887734590622,0.28079250975755216,fourier
