nameseq,average,median,maximum,minimum,peak,none_levated_peak,sample_standard_deviation,population_standard_deviation,percentile15,percentile25,percentile50,percentile75,amplitude,variance,interquartile_range,semi_interquartile_range,coefficient_of_variation,skewness,kurtosis,label
LG18_11155909_11155949,4.725521704642254,0.7816646738220232,165.38583121742644,0.13619340017171236,2.8920968986854545,12.367631510602823,25.405197156933095,25.720801769136347,0.3291714220664335,0.38985768461932346,0.7816646738220232,0.9003494566772055,165.24963781725472,661.5596436472075,0.510491772057882,0.255245886028941,5.376167700589663,0.4657145945128731,0.32969590884784,fourier
