nameseq,average,median,maximum,minimum,peak,none_levated_peak,sample_standard_deviation,population_standard_deviation,percentile15,percentile25,percentile50,percentile75,amplitude,variance,interquartile_range,semi_interquartile_range,coefficient_of_variation,skewness,kurtosis,label
LG18_3943247_3953317,739.9132628527279,25.71087381496557,7070116.763911895,0.0005815373597273544,4.5370182811119255,591.1402870312619,70447.64812376445,70451.14593405552,5.890938500258015,10.474831205764474,25.71087381496557,51.07983529300636,7070116.763330358,4963363963.421586,40.60500408724189,20.302502043620944,95.21068436069692,0.030414175975741496,0.24944231114311888,fourier
