nameseq,average,median,maximum,minimum,peak,none_levated_peak,sample_standard_deviation,population_standard_deviation,percentile15,percentile25,percentile50,percentile75,amplitude,variance,interquartile_range,semi_interquartile_range,coefficient_of_variation,skewness,kurtosis,label
LG18_10346033_10346203,31.032346520403166,5.529515825345334,4209.456374500466,0.027333882680980574,1.836793101112209,21.308425236283682,320.51282627500353,321.45412881944117,1.1326673963377456,1.686199220700805,5.529515825345334,9.894432861691968,4209.429040617785,103332.75693506586,8.208233640991162,4.104116820495581,10.328346458243903,0.23870649101427335,0.3295471192930095,fourier
