nameseq,average,median,maximum,minimum,peak,none_levated_peak,sample_standard_deviation,population_standard_deviation,percentile15,percentile25,percentile50,percentile75,amplitude,variance,interquartile_range,semi_interquartile_range,coefficient_of_variation,skewness,kurtosis,label
LG18_17341894_17342282,31.879434086066674,1.5993645777676508,11577.121908622661,0.0032242542504377523,4.067408044841649,82.39368065396025,586.1240410742577,586.878869514619,0.39666335549764964,0.6466098856208972,1.5993645777676508,3.1306678986588796,11577.11868436841,344426.8074827573,2.4840580130379823,1.2420290065189912,18.385647608795882,0.15498461444851103,0.2699269023537609,fourier
