nameseq,average,median,maximum,minimum,peak,none_levated_peak,sample_standard_deviation,population_standard_deviation,percentile15,percentile25,percentile50,percentile75,amplitude,variance,interquartile_range,semi_interquartile_range,coefficient_of_variation,skewness,kurtosis,label
LG18_18226343_18226432,20.90326304459109,1.1811492278875602,1731.970643360847,0.03525829881726941,1.435182628473059,18.813089431376294,181.3800172281727,182.39615972919614,0.26544234169133213,0.4209393879594031,1.1811492278875602,2.4815917272711507,1731.9353850620296,33268.35908395843,2.0606523393117477,1.0303261696558739,8.677114995933922,0.3262009914558583,0.2833642559100966,fourier
