nameseq,average,median,maximum,minimum,peak,none_levated_peak,sample_standard_deviation,population_standard_deviation,percentile15,percentile25,percentile50,percentile75,amplitude,variance,interquartile_range,semi_interquartile_range,coefficient_of_variation,skewness,kurtosis,label
LG18_15258450_15259107,70.3903368486891,6.9725189671871695,39043.75105357237,0.03751492791225092,3.1159580015196084,68.19306200085381,1520.5499462360895,1521.7066979790725,1.739741419853889,3.1738568607706372,6.9725189671871695,14.691535867029398,39043.71353864446,2315591.2746743723,11.51767900625876,5.75883950312938,21.6016858891393,0.12512147602612583,0.23082293913402846,fourier
