nameseq,average,median,maximum,minimum,peak,none_levated_peak,sample_standard_deviation,population_standard_deviation,percentile15,percentile25,percentile50,percentile75,amplitude,variance,interquartile_range,semi_interquartile_range,coefficient_of_variation,skewness,kurtosis,label
LG18_20181703_20181965,49.311493193152785,7.646925890696232,10033.751956785225,0.084048657131359,1.7778140751746643,26.593692524220163,616.9685146528253,618.1448141281275,1.5291882041074127,3.1933722905153035,7.646925890696232,14.949407467725147,10033.667908128094,382103.01123349724,11.756035177209842,5.878017588604921,12.511657520411394,0.20259332354699644,0.24716588658182703,fourier
