nameseq,average,median,maximum,minimum,peak,none_levated_peak,sample_standard_deviation,population_standard_deviation,percentile15,percentile25,percentile50,percentile75,amplitude,variance,interquartile_range,semi_interquartile_range,coefficient_of_variation,skewness,kurtosis,label
LG18_16631522_16631824,34.51165719007095,3.330435971959734,8852.3910648415,0.09957853310882166,2.926547382055529,44.029420897876825,507.50797003777575,508.3475206034659,0.9962328360313475,1.631592842236326,3.330435971959734,6.261208363608738,8852.291486308392,258417.2017036912,4.629615521372411,2.3148077606862056,14.705407139468994,0.18431959531073144,0.2500840611152522,fourier
