nameseq,average,median,maximum,minimum,peak,none_levated_peak,sample_standard_deviation,population_standard_deviation,percentile15,percentile25,percentile50,percentile75,amplitude,variance,interquartile_range,semi_interquartile_range,coefficient_of_variation,skewness,kurtosis,label
LG18_9135668_9136541,93.23255163403267,7.023030337209069,72146.08039578864,0.13352055634833615,3.12480274568596,91.36521713924114,2438.645235110513,2440.0415393961853,1.6572124928959706,3.2357145696703675,7.023030337209069,14.49796634558863,72145.94687523229,5953802.713978906,11.262251775918262,5.631125887959131,26.15658578865211,0.10605419770241835,0.2361138312812058,fourier
