nameseq,average,median,maximum,minimum,peak,none_levated_peak,sample_standard_deviation,population_standard_deviation,percentile15,percentile25,percentile50,percentile75,amplitude,variance,interquartile_range,semi_interquartile_range,coefficient_of_variation,skewness,kurtosis,label
LG18_4286231_4286710,40.208840341410216,2.43246645147392,17566.97408642298,0.0037454271840236288,3.9792244352598116,81.63723723368597,800.8273300597525,801.6628308921626,0.7070854523632772,1.105483038260152,2.43246645147392,4.738573216927557,17566.970340995795,642663.294434036,3.6330901786674055,1.8165450893337027,19.91669800123526,0.14151505251619348,0.22619343597531796,fourier
