nameseq,average,median,maximum,minimum,peak,none_levated_peak,sample_standard_deviation,population_standard_deviation,percentile15,percentile25,percentile50,percentile75,amplitude,variance,interquartile_range,semi_interquartile_range,coefficient_of_variation,skewness,kurtosis,label
LG18_7589070_7589231,29.354787806800786,2.518666367956281,4144.269987890801,0.10899704832741669,1.8395636294631814,25.506881451566485,324.32275892156866,325.3284133007739,0.5805564462736603,1.0745444256754149,2.518666367956281,5.069821714247629,4144.160990842473,105838.57650079916,3.9952772885722143,1.9976386442861072,11.048376879986542,0.24823532145643515,0.22998795003456432,fourier
