nameseq,average,median,maximum,minimum,peak,none_levated_peak,sample_standard_deviation,population_standard_deviation,percentile15,percentile25,percentile50,percentile75,amplitude,variance,interquartile_range,semi_interquartile_range,coefficient_of_variation,skewness,kurtosis,label
LG18_16209586_16209708,22.399236340330994,2.217474643358125,2344.916240854807,0.05799612419476127,1.8304195454278662,20.499022862627477,210.30145394411224,211.16158617983297,0.5291357508631211,1.0458948242468422,2.217474643358125,4.8022522486220005,2344.858244730612,44589.21547798302,3.7563574243751585,1.8781787121875793,9.388777847102471,0.2878976058197323,0.2756407269546954,fourier
