nameseq,average,median,maximum,minimum,peak,none_levated_peak,sample_standard_deviation,population_standard_deviation,percentile15,percentile25,percentile50,percentile75,amplitude,variance,interquartile_range,semi_interquartile_range,coefficient_of_variation,skewness,kurtosis,label
LG18_14218070_14218343,24.634155594863632,1.7617832990439863,6160.504925617648,0.00216511505144086,3.707589366382701,57.80188363245123,371.3664472526376,372.04598386348346,0.39626209746043134,0.570534396109033,1.7617832990439863,3.2012641295214097,6160.502760502596,138418.2141089474,2.6307297334123767,1.3153648667061884,15.07526595837812,0.1847692956514708,0.3044633620637891,fourier
