nameseq,average,median,maximum,minimum,peak,none_levated_peak,sample_standard_deviation,population_standard_deviation,percentile15,percentile25,percentile50,percentile75,amplitude,variance,interquartile_range,semi_interquartile_range,coefficient_of_variation,skewness,kurtosis,label
LG18_7421482_7422288,73.42638418725637,4.25962045825637,54014.45899191383,0.016785803623504635,3.6635332513988437,105.65243084565854,1900.0042912088973,1901.1825885570115,1.148989915615571,1.948362441120116,4.25962045825637,9.145869515008934,54014.44220611021,3614495.2350323386,7.1975070738888185,3.5987535369444092,25.876315608343074,0.10921043291695716,0.2594910008565194,fourier
