nameseq,average,median,maximum,minimum,peak,none_levated_peak,sample_standard_deviation,population_standard_deviation,percentile15,percentile25,percentile50,percentile75,amplitude,variance,interquartile_range,semi_interquartile_range,coefficient_of_variation,skewness,kurtosis,label
LG18_16288020_16288355,24.849607387928327,1.0469411511679654,7831.532854597021,0.017033620350625518,4.507113462662127,82.32817544964514,426.5280808778232,427.1642155801168,0.3024694921260008,0.48133747282958195,1.0469411511679654,1.7398019806968077,7831.51582097667,182469.2670721765,1.2584645078672256,0.6292322539336128,17.16437906721319,0.16741687572672515,0.1934844425647577,fourier
