nameseq,average,median,maximum,minimum,peak,none_levated_peak,sample_standard_deviation,population_standard_deviation,percentile15,percentile25,percentile50,percentile75,amplitude,variance,interquartile_range,semi_interquartile_range,coefficient_of_variation,skewness,kurtosis,label
LG18_7542954_7545198,151.52721690848858,2.4801561228392535,331842.73939494306,0.008498537479187555,4.938606730863883,382.521089963666,7002.008103365225,7003.568091822447,0.5953571783191761,1.045741273675988,2.4801561228392535,5.188833554306967,331842.7308964056,49049966.01679351,4.143092280630979,2.0715461403154896,46.209573740101945,0.0638589924141973,0.25070508558878624,fourier
