nameseq,average,median,maximum,minimum,peak,none_levated_peak,sample_standard_deviation,population_standard_deviation,percentile15,percentile25,percentile50,percentile75,amplitude,variance,interquartile_range,semi_interquartile_range,coefficient_of_variation,skewness,kurtosis,label
LG18_7530732_7531000,36.50700484317025,3.327384361863656,8639.662331510715,0.057029745474902103,2.4561496362647115,40.250722541268765,525.535517633205,526.5150814238274,0.7425123846952347,1.3181423503387464,3.327384361863656,6.513202713189039,8639.605301765241,277218.13096673955,5.195060362850293,2.5975301814251464,14.395470674486802,0.18940463223532772,0.26194257799048815,fourier
