nameseq,average,median,maximum,minimum,peak,none_levated_peak,sample_standard_deviation,population_standard_deviation,percentile15,percentile25,percentile50,percentile75,amplitude,variance,interquartile_range,semi_interquartile_range,coefficient_of_variation,skewness,kurtosis,label
LG18_10980208_10980369,14.013805250118807,0.9642776852888619,2034.8066552111216,0.015700521544666828,3.85334311674855,40.5669408308151,159.26838374970046,159.7622403884372,0.235985929585312,0.4406256226827966,0.9642776852888619,1.845504839622628,2034.790954689577,25523.973453932795,1.4048792169398312,0.7024396084699156,11.365106115510647,0.24580259919014508,0.20207363374182136,fourier
