nameseq,average,median,maximum,minimum,peak,none_levated_peak,sample_standard_deviation,population_standard_deviation,percentile15,percentile25,percentile50,percentile75,amplitude,variance,interquartile_range,semi_interquartile_range,coefficient_of_variation,skewness,kurtosis,label
LG18_18341814_18341990,52.805011277781475,6.221905310236054,7569.682723996066,0.10210411443801973,1.1173181971239379,18.39225803559877,566.7427311295371,568.3505151573075,1.3517292543841297,2.170441773971249,6.221905310236054,13.141506251417173,7569.580619881628,323022.3080795769,10.971064477445925,5.485532238722962,10.732745196250017,0.24658334412884528,0.24087480057338084,fourier
