nameseq,average,median,maximum,minimum,peak,none_levated_peak,sample_standard_deviation,population_standard_deviation,percentile15,percentile25,percentile50,percentile75,amplitude,variance,interquartile_range,semi_interquartile_range,coefficient_of_variation,skewness,kurtosis,label
LG18_14861942_14862876,79.32729456409353,5.461463149702504,66047.48989504985,0.019012265189508906,3.928870490028517,110.53526458564109,2158.576851276867,2159.73209719916,1.2253381785118838,2.1185150410266926,5.461463149702504,11.131407324783897,66047.47088278466,4664442.731672281,9.012892283757203,4.506446141878602,27.211023181092052,0.10265907100416234,0.25798278452069084,fourier
