nameseq,average,median,maximum,minimum,peak,none_levated_peak,sample_standard_deviation,population_standard_deviation,percentile15,percentile25,percentile50,percentile75,amplitude,variance,interquartile_range,semi_interquartile_range,coefficient_of_variation,skewness,kurtosis,label
LG18_9394845_9397522,233.0209887270282,15.305146640225495,560362.2466429876,0.008058614053681903,3.8308423268788827,197.86457779061018,10825.961235413379,10827.983078971096,3.773079290163329,6.610678476712697,15.305146640225495,31.29723811270299,560362.2385843735,117245217.55848439,24.686559635990292,12.343279817995146,46.45916788249243,0.06033159661830881,0.2522126768669118,fourier
