nameseq,average,median,maximum,minimum,peak,none_levated_peak,sample_standard_deviation,population_standard_deviation,percentile15,percentile25,percentile50,percentile75,amplitude,variance,interquartile_range,semi_interquartile_range,coefficient_of_variation,skewness,kurtosis,label
LG18_8386955_8388243,96.84879840901034,3.498849454164348,117966.29478095086,0.0017525665891193758,4.436468740191335,188.45151591864632,3284.3089837126918,3285.583701006454,0.7440416968369733,1.346578446841481,3.498849454164348,7.000915993101676,117966.29302838427,10795060.256319266,5.654337546260194,2.827168773130097,33.91171638333032,0.08526903170601213,0.22826637458048743,fourier
