nameseq,average,median,maximum,minimum,peak,none_levated_peak,sample_standard_deviation,population_standard_deviation,percentile15,percentile25,percentile50,percentile75,amplitude,variance,interquartile_range,semi_interquartile_range,coefficient_of_variation,skewness,kurtosis,label
LG18_6201375_6208959,594.8479814914735,24.97719094681013,4225514.205082011,0.0025142601369061057,4.250385664912228,445.3898361923742,48514.26703079202,48517.465387062155,6.277134860508083,10.803412976339452,24.97719094681013,51.31605017553544,4225514.2025677515,2353944447.5847745,40.512637199195986,20.256318599597993,81.55742061888029,0.035239373410483533,0.2539529012239421,fourier
