nameseq,average,median,maximum,minimum,peak,none_levated_peak,sample_standard_deviation,population_standard_deviation,percentile15,percentile25,percentile50,percentile75,amplitude,variance,interquartile_range,semi_interquartile_range,coefficient_of_variation,skewness,kurtosis,label
LG18_5477493_5480078,231.547265012091,13.76159873933831,544066.0578696359,0.011653669570444425,3.7227820417355733,200.30294073144077,10696.402846483761,10698.471583152652,3.334316674493035,5.9480046270573945,13.76159873933831,27.314718324652258,544066.0462159663,114457294.21552482,21.366713697594864,10.683356848797432,46.19533228313111,0.061081936441187486,0.24620714676911848,fourier
