nameseq,average,median,maximum,minimum,peak,none_levated_peak,sample_standard_deviation,population_standard_deviation,percentile15,percentile25,percentile50,percentile75,amplitude,variance,interquartile_range,semi_interquartile_range,coefficient_of_variation,skewness,kurtosis,label
LG18_14130785_14130929,16.476381768697173,1.912045573382878,1956.9127616352862,0.06073472153380835,2.933491953018467,26.403562417979703,161.7317072343629,162.29230408767725,0.6465168129701371,0.9909952033282099,1.912045573382878,3.7916597150036244,1956.8520269137523,26338.791966087098,2.8006645116754143,1.4003322558377072,9.815972311447078,0.27015734473530306,0.17191819482015613,fourier
