nameseq,average,median,maximum,minimum,peak,none_levated_peak,sample_standard_deviation,population_standard_deviation,percentile15,percentile25,percentile50,percentile75,amplitude,variance,interquartile_range,semi_interquartile_range,coefficient_of_variation,skewness,kurtosis,label
LG18_9596713_9598202,109.62837610265908,3.750631095977469,154297.52950216687,0.01030345428268707,4.5304572075533995,207.4087466958458,3995.8003408476443,3997.141888758818,0.835441329175833,1.635471701036313,3.750631095977469,7.709516277410704,154297.5191987126,15977143.278870411,6.074044576374391,3.0370222881871953,36.44859554524337,0.07949176833812074,0.24621952319982174,fourier
