nameseq,average,median,maximum,minimum,peak,none_levated_peak,sample_standard_deviation,population_standard_deviation,percentile15,percentile25,percentile50,percentile75,amplitude,variance,interquartile_range,semi_interquartile_range,coefficient_of_variation,skewness,kurtosis,label
LG18_3613098_3618635,464.44635018655305,21.39017055347276,2389280.9190969947,0.018273345705464072,3.974624839356627,347.7504611339882,32103.01408427903,32105.91290717394,4.987533731184307,8.578280597874251,21.39017055347276,44.46923738908742,2389280.900823649,1030789643.6030383,35.89095679121317,17.945478395606585,69.12103856857588,0.04140323196475622,0.24306504363322448,fourier
