nameseq,average,median,maximum,minimum,peak,none_levated_peak,sample_standard_deviation,population_standard_deviation,percentile15,percentile25,percentile50,percentile75,amplitude,variance,interquartile_range,semi_interquartile_range,coefficient_of_variation,skewness,kurtosis,label
LG18_9615918_9617185,118.056731755205,9.316661223503036,132221.36027635678,0.003775756510942522,3.580199624220342,120.7144525707467,3711.3464019317366,3712.8107327845055,1.8057962888484032,3.3684346117416575,9.316661223503036,17.880822863372895,132221.35650060026,13784963.537479818,14.512388251631238,7.256194125815619,31.43697395949729,0.0878980769419179,0.25574970972088035,fourier
