nameseq,average,median,maximum,minimum,peak,none_levated_peak,sample_standard_deviation,population_standard_deviation,percentile15,percentile25,percentile50,percentile75,amplitude,variance,interquartile_range,semi_interquartile_range,coefficient_of_variation,skewness,kurtosis,label
LG18_17481484_17481648,32.53941524647174,4.317228054705407,3802.7560283406474,0.015065173141252,1.6902577868532431,19.253285443736402,294.93783959403754,295.83567375489116,1.1225731855223429,1.9428573306493788,4.317228054705407,9.484766616617005,3802.740963167506,87518.7458660104,7.541909285967626,3.770954642983813,9.064017818390813,0.287065782036774,0.17644059520228728,fourier
