nameseq,average,median,maximum,minimum,peak,none_levated_peak,sample_standard_deviation,population_standard_deviation,percentile15,percentile25,percentile50,percentile75,amplitude,variance,interquartile_range,semi_interquartile_range,coefficient_of_variation,skewness,kurtosis,label
LG18_17422446_17422758,61.0732671628059,4.525716611818003,16887.746861665382,0.026054370526053895,1.7083306359754264,37.57028722543164,952.6482486812043,954.1737072222212,1.152393259998556,2.118619615490864,4.525716611818003,9.897929342271532,16887.720807294856,910447.463554197,7.779309726780667,3.8896548633903336,15.598449091346051,0.1780748055620823,0.23206157468626118,fourier
