nameseq,average,median,maximum,minimum,peak,none_levated_peak,sample_standard_deviation,population_standard_deviation,percentile15,percentile25,percentile50,percentile75,amplitude,variance,interquartile_range,semi_interquartile_range,coefficient_of_variation,skewness,kurtosis,label
LG18_9661742_9661882,54.66581332116278,7.91907667760337,5816.157778313392,5.486567567334079e-06,0.8597695185448725,13.044197979217117,487.3929225526171,489.13051424052304,1.5024484748919924,3.144995808979455,7.91907667760337,15.027685040950132,5816.157772826824,239248.65996119851,11.882689231970677,5.941344615985338,8.915863369473232,0.2877354254472959,0.19767933900284912,fourier
