nameseq,average,median,maximum,minimum,peak,none_levated_peak,sample_standard_deviation,population_standard_deviation,percentile15,percentile25,percentile50,percentile75,amplitude,variance,interquartile_range,semi_interquartile_range,coefficient_of_variation,skewness,kurtosis,label
LG18_7744847_7751402,521.6254566906606,24.292983137961333,3169152.345000741,0.009394553215873345,4.189468334612552,386.2197063254909,39136.83626133119,39139.82141340916,5.947298332613361,10.401787991881074,24.292983137961333,49.90979486289355,3169152.335606188,1531925620.2735624,39.508006871012476,19.754003435506238,75.02861633637734,0.038122586370944164,0.2410072233895747,fourier
