nameseq,average,median,maximum,minimum,peak,none_levated_peak,sample_standard_deviation,population_standard_deviation,percentile15,percentile25,percentile50,percentile75,amplitude,variance,interquartile_range,semi_interquartile_range,coefficient_of_variation,skewness,kurtosis,label
LG18_521991_522140,14.99523065575156,1.3946157699896373,1964.5920065631071,0.042074262819669195,3.334393524705273,32.50924598288442,159.72611404770132,160.26121140600875,0.3992587645485673,0.6934968528427597,1.3946157699896373,2.722570127240598,1964.5499323002875,25683.655881321432,2.0290732743978386,1.0145366371989193,10.651794408139823,0.25544880309991463,0.2258213735172779,fourier
