nameseq,average,median,maximum,minimum,peak,none_levated_peak,sample_standard_deviation,population_standard_deviation,percentile15,percentile25,percentile50,percentile75,amplitude,variance,interquartile_range,semi_interquartile_range,coefficient_of_variation,skewness,kurtosis,label
LG18_807126_807314,42.72817582390368,5.633081194265656,5983.335325286735,0.006367673455290928,1.474436920959203,19.814681349470753,433.58023618078636,434.73184574213803,1.4132466010309688,2.2906566724747677,5.633081194265656,14.317434641128813,5983.328957613279,188991.7777023661,12.026777968654045,6.0133889843270225,10.14740807020893,0.25666595154146365,0.2183701365543849,fourier
