nameseq,average,median,maximum,minimum,peak,none_levated_peak,sample_standard_deviation,population_standard_deviation,percentile15,percentile25,percentile50,percentile75,amplitude,variance,interquartile_range,semi_interquartile_range,coefficient_of_variation,skewness,kurtosis,label
LG18_9437101_9437254,23.482429995152597,1.7230528783111447,3060.9923692513107,0.062031074197775114,2.1860315710056377,25.959023521582754,245.6071042853948,246.4084346502766,0.5222033143855309,0.7961870994278742,1.7230528783111447,4.120000503927127,3060.930338177113,60717.116666799644,3.3238134044992527,1.6619067022496263,10.459186052554811,0.26578274899846277,0.18501336242770558,fourier
