nameseq,average,median,maximum,minimum,peak,none_levated_peak,sample_standard_deviation,population_standard_deviation,percentile15,percentile25,percentile50,percentile75,amplitude,variance,interquartile_range,semi_interquartile_range,coefficient_of_variation,skewness,kurtosis,label
LG19_8496773_8497255,51.21676576712421,2.6224344339324164,22597.309093007916,0.02541680441384096,3.1435018902217586,74.78128163011694,1026.9595256245423,1028.0242843611609,0.7581723012515351,1.3799490725353507,2.6224344339324164,5.759178907317699,22597.283676203504,1056833.929236277,4.379229834782348,2.189614917391174,20.051237329080678,0.14195592948117197,0.21848838921616165,fourier
