nameseq,average,median,maximum,minimum,peak,none_levated_peak,sample_standard_deviation,population_standard_deviation,percentile15,percentile25,percentile50,percentile75,amplitude,variance,interquartile_range,semi_interquartile_range,coefficient_of_variation,skewness,kurtosis,label
LG19_7166861_7167001,12.338323657488228,0.9099739694167691,1560.8277918875926,0.012036660569128471,3.8092695008430355,37.06609029601844,130.87794473902366,131.34453425722532,0.1595350687388237,0.2934853117824883,0.9099739694167691,1.7963472387119863,1560.8157552270236,17251.386679247433,1.502861926929498,0.751430963464749,10.607433260157086,0.26196200691094484,0.31035130863324334,fourier
