nameseq,average,median,maximum,minimum,peak,none_levated_peak,sample_standard_deviation,population_standard_deviation,percentile15,percentile25,percentile50,percentile75,amplitude,variance,interquartile_range,semi_interquartile_range,coefficient_of_variation,skewness,kurtosis,label
LG19_3196304_3196837,55.291240125840304,4.803209993367902,24846.290582206748,0.011909561753670467,3.2193164702922243,64.9442284179664,1073.9811770334713,1074.9881919542204,1.0718886034947097,1.9004329059847704,4.803209993367902,9.501588432928301,24846.278672644996,1155599.6128410038,7.601155526943531,3.8005777634717655,19.42407467420047,0.1410304888357431,0.2429796055983805,fourier
