nameseq,average,median,maximum,minimum,peak,none_levated_peak,sample_standard_deviation,population_standard_deviation,percentile15,percentile25,percentile50,percentile75,amplitude,variance,interquartile_range,semi_interquartile_range,coefficient_of_variation,skewness,kurtosis,label
LG19_5494842_5495654,73.12196461378014,4.6284689201132485,54107.40923306835,0.023273752988892376,3.706136746070536,105.10557754048843,1896.2415671174836,1897.4088442776554,1.0144860750835776,2.136329128826041,4.6284689201132485,9.896278122752635,54107.38595931536,3600160.322343068,7.759948993926594,3.879974496963297,25.93258506022319,0.10836197805396484,0.30950418497963017,fourier
