nameseq,average,median,maximum,minimum,peak,none_levated_peak,sample_standard_deviation,population_standard_deviation,percentile15,percentile25,percentile50,percentile75,amplitude,variance,interquartile_range,semi_interquartile_range,coefficient_of_variation,skewness,kurtosis,label
LG19_4058493_4058669,25.042837042291193,2.940522957987734,3554.557546437562,0.009633318519292255,2.355963100361333,25.765047310522363,266.10224332785003,266.8571448256137,0.8277884204235751,1.5373853178906807,2.940522957987734,6.385149677752052,3554.5479131190427,71212.73574447857,4.8477643598613716,2.4238821799306858,10.625882478030295,0.24917844142793344,0.21275891274268274,fourier
