nameseq,average,median,maximum,minimum,peak,none_levated_peak,sample_standard_deviation,population_standard_deviation,percentile15,percentile25,percentile50,percentile75,amplitude,variance,interquartile_range,semi_interquartile_range,coefficient_of_variation,skewness,kurtosis,label
LG19_3033743_3034024,32.59863667388986,2.7681877283499254,7842.577296110135,0.06555328171548432,2.8835561726202514,42.80856856228346,465.94545802921147,466.77380616406884,0.8233048262111756,1.226118905171259,2.7681877283499254,5.330836876765513,7842.511742828419,217877.7861208917,4.104717971594254,2.052358985797127,14.293403208558543,0.19206399653542566,0.17553222184131742,fourier
