nameseq,average,median,maximum,minimum,peak,none_levated_peak,sample_standard_deviation,population_standard_deviation,percentile15,percentile25,percentile50,percentile75,amplitude,variance,interquartile_range,semi_interquartile_range,coefficient_of_variation,skewness,kurtosis,label
LG19_13434077_13434252,18.025245635163124,2.323408165183751,2699.77256982708,0.015819561918431594,3.254694435465636,33.08211543791831,202.73392995642632,203.3123446267074,0.5913207059329777,1.065926556460975,2.323408165183751,4.050795813150331,2699.756750265162,41335.909477609035,2.9848692566893558,1.4924346283446779,11.247221483680581,0.23235139978819788,0.26692705937822,fourier
