nameseq,average,median,maximum,minimum,peak,none_levated_peak,sample_standard_deviation,population_standard_deviation,percentile15,percentile25,percentile50,percentile75,amplitude,variance,interquartile_range,semi_interquartile_range,coefficient_of_variation,skewness,kurtosis,label
LG19_14910827_14911028,40.283480800934065,4.363566890178421,6870.851483344443,0.03944712548131975,1.6714874681775773,25.70453092988764,481.8326464835817,483.0297480714167,0.9309320388273207,1.7148195470332646,4.363566890178421,8.983452856273033,6870.812036218962,233317.73752193624,7.268633309239768,3.634316654619884,11.961047975586293,0.2236455800965301,0.24931244354319598,fourier
