nameseq,average,median,maximum,minimum,peak,none_levated_peak,sample_standard_deviation,population_standard_deviation,percentile15,percentile25,percentile50,percentile75,amplitude,variance,interquartile_range,semi_interquartile_range,coefficient_of_variation,skewness,kurtosis,label
LG19_2908928_2909062,18.433571193054348,2.8692840856363233,1983.8080257531149,0.09334211873885774,2.441198155729895,21.45279943795882,169.81077077905223,170.44321531743142,0.8403982775282236,1.5543330016900856,2.8692840856363233,5.237917250469458,1983.7146836343761,29050.88964774429,3.6835842487793724,1.8417921243896862,9.212038676642095,0.27496996278880376,0.2226308800496859,fourier
