nameseq,average,median,maximum,minimum,peak,none_levated_peak,sample_standard_deviation,population_standard_deviation,percentile15,percentile25,percentile50,percentile75,amplitude,variance,interquartile_range,semi_interquartile_range,coefficient_of_variation,skewness,kurtosis,label
LG19_7587715_7588195,46.22530578652365,3.578934239491274,19655.514765175125,0.02091254677223582,3.4685186091311118,69.6389192487395,895.0570041806666,895.9888701323603,0.6515935353414904,1.2541898930630306,3.578934239491274,7.041905874620637,19655.49385262835,802796.0554010635,5.787715981557606,2.893857990778803,19.362922298755418,0.14293962735726798,0.2113822501763364,fourier
