nameseq,average,median,maximum,minimum,peak,none_levated_peak,sample_standard_deviation,population_standard_deviation,percentile15,percentile25,percentile50,percentile75,amplitude,variance,interquartile_range,semi_interquartile_range,coefficient_of_variation,skewness,kurtosis,label
LG19_206778_207624,73.04019644041239,4.48023336646407,55982.05836530959,0.010426928067094656,3.8654514512932114,108.58341283255815,1922.2073836002942,1923.3431044577883,1.2391627746526845,2.132783986615852,4.48023336646407,9.09603818777717,55982.047938381525,3699248.6974653224,6.963254201161318,3.481627100580659,26.317116838102542,0.10700192444199573,0.22323114017712128,fourier
