nameseq,average,median,maximum,minimum,peak,none_levated_peak,sample_standard_deviation,population_standard_deviation,percentile15,percentile25,percentile50,percentile75,amplitude,variance,interquartile_range,semi_interquartile_range,coefficient_of_variation,skewness,kurtosis,label
LG19_2433063_2435082,168.43010605426582,9.679883492727534,311027.94086199,0.01199165654766493,3.997701771418435,185.88019172595156,6918.264355227065,6919.9774329691145,2.332157811599068,4.295072210662589,9.679883492727534,18.649065611389275,311027.9288703334,47886087.672801815,14.353993400726687,7.176996700363343,41.07498663569147,0.06883961687945413,0.21862758380857109,fourier
