nameseq,average,median,maximum,minimum,peak,none_levated_peak,sample_standard_deviation,population_standard_deviation,percentile15,percentile25,percentile50,percentile75,amplitude,variance,interquartile_range,semi_interquartile_range,coefficient_of_variation,skewness,kurtosis,label
LG19_2690214_2694450,349.04944314363473,19.315899506341076,1353019.8225465047,0.0031185432606953413,4.046227149407468,280.16198244955956,20783.328782008964,20785.781815807062,4.847141114362207,8.24871981877264,19.315899506341076,39.33767611939839,1353019.8194279615,432048725.6943355,31.088956300625746,15.544478150312873,59.5426498745525,0.047595870771585926,0.24192634498521284,fourier
