nameseq,average,median,maximum,minimum,peak,none_levated_peak,sample_standard_deviation,population_standard_deviation,percentile15,percentile25,percentile50,percentile75,amplitude,variance,interquartile_range,semi_interquartile_range,coefficient_of_variation,skewness,kurtosis,label
LG19_12557781_12558174,31.187258742768794,1.7561670405370369,11311.592728758329,0.018773952034926905,4.211121420339158,78.87136079229462,569.0268332611142,569.750326030456,0.4282396004469034,0.7612034535751351,1.7561670405370369,2.9753264487679285,11311.573954806294,324615.434011811,2.2141229951927937,1.1070614975963968,18.24549050477388,0.1551653980897231,0.1844159965119408,fourier
