nameseq,average,median,maximum,minimum,peak,none_levated_peak,sample_standard_deviation,population_standard_deviation,percentile15,percentile25,percentile50,percentile75,amplitude,variance,interquartile_range,semi_interquartile_range,coefficient_of_variation,skewness,kurtosis,label
LG19_9516231_9517119,70.50469401398729,3.155614838362552,58663.969158601336,0.0012177394791324239,4.203029847552339,136.62356492719903,1966.2728970612195,1967.3797211832436,0.9100548639560287,1.4900619712835066,3.155614838362552,6.279603827967359,58663.967940861854,3870582.967323058,4.789541856683853,2.3947709283419263,27.88853883503323,0.10275645757455787,0.24886223435511817,fourier
