nameseq,average,median,maximum,minimum,peak,none_levated_peak,sample_standard_deviation,population_standard_deviation,percentile15,percentile25,percentile50,percentile75,amplitude,variance,interquartile_range,semi_interquartile_range,coefficient_of_variation,skewness,kurtosis,label
LG19_1864771_1868416,273.7394571387702,10.776127581196551,939399.0733482615,0.0008070260217100033,4.439744807111344,320.1231395715676,15555.180234147349,15557.313857397789,2.487277493965711,4.44829379721161,10.776127581196551,22.067698610409117,939399.0725412355,242030014.45758128,17.619404813197505,8.809702406598753,56.82476467490678,0.05071558007029186,0.2474022867852467,fourier
