nameseq,average,median,maximum,minimum,peak,none_levated_peak,sample_standard_deviation,population_standard_deviation,percentile15,percentile25,percentile50,percentile75,amplitude,variance,interquartile_range,semi_interquartile_range,coefficient_of_variation,skewness,kurtosis,label
LG19_9203050_9203689,66.49936384050784,5.170377477309061,37586.921857352405,0.06265280630555078,3.2080507393272555,78.35421021759882,1484.3295056629213,1485.490498805351,1.3116837471967169,2.1024846522176195,5.170377477309061,9.844629170140072,37586.8592045461,2206682.0220409706,7.742144517922453,3.8710722589612265,22.320957975221223,0.12395290829136035,0.25585349176066263,fourier
