nameseq,average,median,maximum,minimum,peak,none_levated_peak,sample_standard_deviation,population_standard_deviation,percentile15,percentile25,percentile50,percentile75,amplitude,variance,interquartile_range,semi_interquartile_range,coefficient_of_variation,skewness,kurtosis,label
LG19_1779400_1779529,17.442306024780354,2.2854392227136815,1843.9720354832864,0.0023387739938772276,2.484380979887034,22.533756450555956,160.85310885723203,161.47536692104117,0.5332795161150372,1.0089391681320226,2.2854392227136815,4.029230010444098,1843.9696967092925,26074.29412228488,3.0202908423120753,1.5101454211560377,9.222009327706289,0.282684001131481,0.22051195896023654,fourier
