nameseq,average,median,maximum,minimum,peak,none_levated_peak,sample_standard_deviation,population_standard_deviation,percentile15,percentile25,percentile50,percentile75,amplitude,variance,interquartile_range,semi_interquartile_range,coefficient_of_variation,skewness,kurtosis,label
LG19_8704297_8711644,525.356276695434,13.954661779496751,3708265.6278412207,0.0018187709342099192,4.662232930269702,574.2326311570949,43256.795600502766,43259.7393410622,3.304341826062414,5.78641973414836,13.954661779496751,28.21608094513031,3708265.6260224497,1871405047.8566446,22.42966121098195,11.214830605490976,82.33801996731474,0.03546737162218229,0.24413831280090925,fourier
