nameseq,average,median,maximum,minimum,peak,none_levated_peak,sample_standard_deviation,population_standard_deviation,percentile15,percentile25,percentile50,percentile75,amplitude,variance,interquartile_range,semi_interquartile_range,coefficient_of_variation,skewness,kurtosis,label
LG19_10634066_10634267,32.2069696230144,3.300792698146389,5325.54918662362,0.0033883745797402974,2.0906447927723812,27.500741669742016,373.41682371120794,374.34456880247836,0.6791640785614569,1.357148211866694,3.300792698146389,8.742041886235164,5325.54579824904,140133.85619191348,7.38489367436847,3.692446837184235,11.594286208298604,0.23222984415311232,0.22923881220729772,fourier
