nameseq,average,median,maximum,minimum,peak,none_levated_peak,sample_standard_deviation,population_standard_deviation,percentile15,percentile25,percentile50,percentile75,amplitude,variance,interquartile_range,semi_interquartile_range,coefficient_of_variation,skewness,kurtosis,label
LG19_8274068_8281916,604.3894725047106,26.83554583451751,4447938.158814186,0.027200328932462468,4.3288863429250775,456.85156712851,50201.92255138352,50205.12083906565,6.4578824686114125,11.154885477752902,26.83554583451751,53.09224074180882,4447938.131613857,2520554158.4651837,41.937355264055924,20.968677632027962,83.0622054737928,0.03451385309471239,0.2617029061238717,fourier
