nameseq,average,median,maximum,minimum,peak,none_levated_peak,sample_standard_deviation,population_standard_deviation,percentile15,percentile25,percentile50,percentile75,amplitude,variance,interquartile_range,semi_interquartile_range,coefficient_of_variation,skewness,kurtosis,label
LG19_3086654_3089151,228.298265929111,17.66680704944101,504433.86597104976,0.0017061659708028669,3.647275476569841,172.5417303423259,10090.204307284794,10092.224570455961,4.346542674673677,8.133115124848889,17.66680704944101,35.7636388199585,504433.8642648838,101852996.78051502,27.630523695109613,13.815261847554806,44.19746363915838,0.06262453736271754,0.23608102191979433,fourier
