nameseq,average,median,maximum,minimum,peak,none_levated_peak,sample_standard_deviation,population_standard_deviation,percentile15,percentile25,percentile50,percentile75,amplitude,variance,interquartile_range,semi_interquartile_range,coefficient_of_variation,skewness,kurtosis,label
LG19_9583747_9583937,18.206517172605114,0.9509660544634514,3150.4730022955314,0.05292358111753926,3.4969162999754992,44.43917022981991,227.2480752118649,227.84531165628005,0.25189218558105325,0.4759603001781392,0.9509660544634514,2.3103678624852177,3150.4200787144136,51913.486043747376,1.8344075623070786,0.9172037811535393,12.481688455703067,0.2277979837944176,0.22019553447183776,fourier
