nameseq,average,median,maximum,minimum,peak,none_levated_peak,sample_standard_deviation,population_standard_deviation,percentile15,percentile25,percentile50,percentile75,amplitude,variance,interquartile_range,semi_interquartile_range,coefficient_of_variation,skewness,kurtosis,label
LG19_11164537_11164697,17.773943499850358,1.6006794937509903,2510.937132372596,0.02434743591573902,3.019401218818913,32.50535343992813,197.11171475956675,197.7267294046341,0.5864501061700695,0.9002885200795867,1.6006794937509903,2.844639434424064,2510.91278493668,39095.8595210534,1.9443509143444775,0.9721754571722387,11.089925809724008,0.24615377161870694,0.18628444110642334,fourier
