nameseq,average,median,maximum,minimum,peak,none_levated_peak,sample_standard_deviation,population_standard_deviation,percentile15,percentile25,percentile50,percentile75,amplitude,variance,interquartile_range,semi_interquartile_range,coefficient_of_variation,skewness,kurtosis,label
LG19_1111455_1111663,39.31902533099874,3.937576012786472,6718.666920657798,0.055392969101835436,1.7718309668205876,26.468203828664368,463.3096054798502,464.42199508940854,1.0347058519347925,1.9151535924417726,3.937576012786472,8.13372778451896,6718.611527688696,215687.7895228266,6.218574192077188,3.109287096038594,11.783344108343941,0.2291002532630486,0.2066734828138429,fourier
