nameseq,average,median,maximum,minimum,peak,none_levated_peak,sample_standard_deviation,population_standard_deviation,percentile15,percentile25,percentile50,percentile75,amplitude,variance,interquartile_range,semi_interquartile_range,coefficient_of_variation,skewness,kurtosis,label
LG19_1875728_1879757,344.8915281057572,24.27031917610378,1221257.2125450827,0.013195689298365888,3.8949444212541366,234.38536588798303,19234.91507499772,19237.301985111146,5.547794374213288,9.6083119012608,24.27031917610378,50.14212939603519,1221257.1993493934,370073787.6663612,40.53381749477439,20.266908747387195,55.77091203324526,0.050006128076917136,0.2483781022715032,fourier
