nameseq,average,median,maximum,minimum,peak,none_levated_peak,sample_standard_deviation,population_standard_deviation,percentile15,percentile25,percentile50,percentile75,amplitude,variance,interquartile_range,semi_interquartile_range,coefficient_of_variation,skewness,kurtosis,label
LG19_14458749_14458860,10.728412831717435,0.8532368578374682,1064.2518706707888,0.0260534565429223,3.479856146378076,29.308797140079985,100.0047503952204,100.45421221220337,0.22994664530532752,0.3836875010111684,0.8532368578374682,1.6382002706257806,1064.2258172142458,10091.048751174389,1.254512769614612,0.627256384807306,9.32148603561999,0.2962412065882804,0.2637549910204649,fourier
