nameseq,average,median,maximum,minimum,peak,none_levated_peak,sample_standard_deviation,population_standard_deviation,percentile15,percentile25,percentile50,percentile75,amplitude,variance,interquartile_range,semi_interquartile_range,coefficient_of_variation,skewness,kurtosis,label
LG19_2095421_2096373,76.45480567567508,4.036445035930737,67397.90059210056,0.01015476378376292,4.1549600951734,132.7132884034523,2181.9087406755257,2183.0544003715218,0.886925405492825,1.8650018889303432,4.036445035930737,7.9082305627624745,67397.89043733677,4765726.5149814645,6.0432286738321315,3.0216143369160657,28.5385427559817,0.0995711130667959,0.24878110063844971,fourier
