nameseq,average,median,maximum,minimum,peak,none_levated_peak,sample_standard_deviation,population_standard_deviation,percentile15,percentile25,percentile50,percentile75,amplitude,variance,interquartile_range,semi_interquartile_range,coefficient_of_variation,skewness,kurtosis,label
LG19_14813320_14813429,21.750607993532306,2.750912859989657,1930.881312715234,0.04194417736622882,1.6857766310518654,16.561108295549744,182.91615349998258,183.7533027409656,0.9752516798175964,1.314627416292647,2.750912859989657,5.086045323990979,1930.8393685378676,33765.276268212954,3.771417907698332,1.885708953849166,8.409703009422724,0.31161318620574086,0.18711290980357534,fourier
