nameseq,average,median,maximum,minimum,peak,none_levated_peak,sample_standard_deviation,population_standard_deviation,percentile15,percentile25,percentile50,percentile75,amplitude,variance,interquartile_range,semi_interquartile_range,coefficient_of_variation,skewness,kurtosis,label
LG19_18249_20129,155.414546949131,9.591445073551943,267035.12073091086,0.004203681799550486,4.034371378409156,177.76850111741126,6155.135964486423,6156.772751103438,2.2061580723594028,4.19791818304515,9.591445073551943,18.072492412798063,267035.1165272291,37905850.708729796,13.874574229752913,6.937287114876456,39.60463216162816,0.07107386549230177,0.23555852120956255,fourier
