nameseq,average,median,maximum,minimum,peak,none_levated_peak,sample_standard_deviation,population_standard_deviation,percentile15,percentile25,percentile50,percentile75,amplitude,variance,interquartile_range,semi_interquartile_range,coefficient_of_variation,skewness,kurtosis,label
LG19_14792249_14792318,7.441557753856991,0.7610085032540876,440.5212804072076,0.022752268894736423,3.135544210651267,18.98194418745057,52.15440175893955,52.53097272683571,0.1785949206381735,0.28913017222444365,0.7610085032540876,1.3471588517794884,440.49852813831285,2759.5030956275564,1.0580286795550446,0.5290143397775223,7.00853282122385,0.3842752879122703,0.19396879887307078,fourier
