nameseq,average,median,maximum,minimum,peak,none_levated_peak,sample_standard_deviation,population_standard_deviation,percentile15,percentile25,percentile50,percentile75,amplitude,variance,interquartile_range,semi_interquartile_range,coefficient_of_variation,skewness,kurtosis,label
LG19_1583289_1587784,346.6512799529124,13.523671957705924,1467201.1355043384,0.0017815728238284754,4.323268810287501,356.84596050558974,21878.7539510152,21881.18749242209,3.1237410480443164,5.730319065514681,13.523671957705924,26.19509769189707,1467201.1337227656,478786366.07852894,20.46477862638239,10.232389313191195,63.114591568757845,0.04567823314907049,0.2385232693162098,fourier
