nameseq,average,median,maximum,minimum,peak,none_levated_peak,sample_standard_deviation,population_standard_deviation,percentile15,percentile25,percentile50,percentile75,amplitude,variance,interquartile_range,semi_interquartile_range,coefficient_of_variation,skewness,kurtosis,label
LG19_5501702_5503388,150.40360301972404,12.21362046335941,224443.72287505452,0.11068933588983719,3.7388288714040216,140.68971991611272,5462.480378749438,5464.1000912768795,3.3350809195570625,5.0879186728213215,12.21362046335941,23.413791548496818,224443.61218571864,29856389.807492007,18.325872875675497,9.162936437837748,36.31881330684003,0.07589408454113371,0.24077495323228465,fourier
