nameseq,average,median,maximum,minimum,peak,none_levated_peak,sample_standard_deviation,population_standard_deviation,percentile15,percentile25,percentile50,percentile75,amplitude,variance,interquartile_range,semi_interquartile_range,coefficient_of_variation,skewness,kurtosis,label
LG19_11059280_11059956,50.206717932242015,1.9148614073420236,32072.121070779005,0.00021841260288109378,4.494750423065334,127.71138596833782,1231.615263440714,1232.5258848319895,0.5351251527028106,0.9068433148335668,1.9148614073420236,3.797012062506863,32072.120852366403,1519120.0567808787,2.890168747673296,1.445084373836648,24.53088578908658,0.11763054086384649,0.23180604513229852,fourier
