nameseq,average,median,maximum,minimum,peak,none_levated_peak,sample_standard_deviation,population_standard_deviation,percentile15,percentile25,percentile50,percentile75,amplitude,variance,interquartile_range,semi_interquartile_range,coefficient_of_variation,skewness,kurtosis,label
LG19_8468900_8469757,64.07572882062274,2.601395810444444,51162.39398351826,0.01394500253259753,4.463468543614146,138.50900461273616,1745.4993552021126,1746.5174359857872,0.6555491543338786,1.1264275300946172,2.601395810444444,5.36568339054462,51162.38003851573,3050323.154202368,4.239255860450003,2.1196279302250014,27.241193933018902,0.10565629742623447,0.2534971451070453,fourier
