nameseq,average,median,maximum,minimum,peak,none_levated_peak,sample_standard_deviation,population_standard_deviation,percentile15,percentile25,percentile50,percentile75,amplitude,variance,interquartile_range,semi_interquartile_range,coefficient_of_variation,skewness,kurtosis,label
LG19_12670977_12671147,15.347129200284742,1.0631684164418862,2328.73691616751,0.05534500878432222,3.7140496607627735,39.37003946562066,177.4379289802175,177.9590400258188,0.32791128130236585,0.5499607118600106,1.0631684164418862,2.425844374410832,2328.681571158726,31669.41992691098,1.8758836625508213,0.9379418312754106,11.56163649009519,0.241503508284895,0.2487536545820197,fourier
