nameseq,average,median,maximum,minimum,peak,none_levated_peak,sample_standard_deviation,population_standard_deviation,percentile15,percentile25,percentile50,percentile75,amplitude,variance,interquartile_range,semi_interquartile_range,coefficient_of_variation,skewness,kurtosis,label
LG19_13409619_13409666,14.106983796132726,1.3568085958086011,596.0196567422298,0.012637556332421404,1.1341900034213,9.482908481872702,84.89153689255018,85.78988505162047,0.5125967862750603,0.7754641076112979,1.3568085958086011,2.4003924086296053,596.0070191858974,7359.904377170253,1.6249283010183073,0.8124641505091537,6.017695782412557,0.45058114154991963,0.22446777914874036,fourier
