nameseq,average,median,maximum,minimum,peak,none_levated_peak,sample_standard_deviation,population_standard_deviation,percentile15,percentile25,percentile50,percentile75,amplitude,variance,interquartile_range,semi_interquartile_range,coefficient_of_variation,skewness,kurtosis,label
LG19_2159949_2161230,110.07019993185816,6.651781780956395,128222.14369323486,0.0016472977927691425,3.882370828779136,138.79933868276697,3579.4585690921176,3580.855431025911,1.6485024270130384,2.9655137891949312,6.651781780956395,13.349873100524217,128222.14204593707,12822525.617907764,10.384359311329286,5.192179655664643,32.51977893478957,0.08667658766375873,0.22011053192075572,fourier
