nameseq,average,median,maximum,minimum,peak,none_levated_peak,sample_standard_deviation,population_standard_deviation,percentile15,percentile25,percentile50,percentile75,amplitude,variance,interquartile_range,semi_interquartile_range,coefficient_of_variation,skewness,kurtosis,label
LG19_12951185_12951398,35.88407202593828,3.344934185331466,6630.780910175936,0.02952912182716568,1.9878829047542617,30.25972823472489,451.8978628644522,452.9574138215714,0.7520037664633736,1.5809639978332233,3.344934185331466,6.284547504775713,6630.751381054109,205170.41873592624,4.70358350694249,2.351791753471245,12.593271536680797,0.216016541665082,0.19127122583450304,fourier
