nameseq,average,median,maximum,minimum,peak,none_levated_peak,sample_standard_deviation,population_standard_deviation,percentile15,percentile25,percentile50,percentile75,amplitude,variance,interquartile_range,semi_interquartile_range,coefficient_of_variation,skewness,kurtosis,label
LG19_13739236_13739483,67.5608790901464,11.078706433170844,12751.430884497217,0.13079876304282453,1.223587788968297,21.21925584938322,807.3590530661221,808.9917322929219,2.5555420354224934,3.716954117478862,11.078706433170844,20.941554443138497,12751.300085734174,654467.6229183027,17.224600325659633,8.612300162829817,11.950096919089283,0.2098775226801713,0.28605552707931065,fourier
