nameseq,average,median,maximum,minimum,peak,none_levated_peak,sample_standard_deviation,population_standard_deviation,percentile15,percentile25,percentile50,percentile75,amplitude,variance,interquartile_range,semi_interquartile_range,coefficient_of_variation,skewness,kurtosis,label
LG19_4651355_4657012,511.8420570008264,32.277462485227936,2625503.26736073,0.005068900908483534,3.684730424559377,295.8160185057709,34900.790561642505,34903.87516906041,7.721020118774505,13.166839120181455,32.277462485227936,65.35089194802129,2625503.262291829,1218280501.8173518,52.18405282783983,26.092026413919914,68.18664094573643,0.04122238380261743,0.24760781774524496,fourier
