nameseq,average,median,maximum,minimum,peak,none_levated_peak,sample_standard_deviation,population_standard_deviation,percentile15,percentile25,percentile50,percentile75,amplitude,variance,interquartile_range,semi_interquartile_range,coefficient_of_variation,skewness,kurtosis,label
LG19_12991201_12991361,25.726780305311493,2.8698172462540072,3440.920609745923,0.014885614432553432,2.086023436659377,24.82000257419602,270.03289006603336,270.87542843186844,0.4518892776862508,1.1168168124190592,2.8698172462540072,6.103863047021922,3440.9057241314904,73373.4977281483,4.987046234602863,2.4935231173014314,10.496178956769144,0.25393532306529126,0.20556732214358175,fourier
