nameseq,average,median,maximum,minimum,peak,none_levated_peak,sample_standard_deviation,population_standard_deviation,percentile15,percentile25,percentile50,percentile75,amplitude,variance,interquartile_range,semi_interquartile_range,coefficient_of_variation,skewness,kurtosis,label
LG19_7372192_7373028,80.57690747353824,4.858804750429595,61588.602558394174,0.012960401444577286,3.462530503440141,104.72588182457514,2127.3098647923293,2128.581799055325,1.317924441670648,2.160574518361536,4.858804750429595,10.045342911388435,61588.58959799273,4530860.475269604,7.884768393026899,3.9423841965134496,26.400986728002014,0.10678007559162098,0.26301087635281745,fourier
