nameseq,average,median,maximum,minimum,peak,none_levated_peak,sample_standard_deviation,population_standard_deviation,percentile15,percentile25,percentile50,percentile75,amplitude,variance,interquartile_range,semi_interquartile_range,coefficient_of_variation,skewness,kurtosis,label
LG19_13100451_13100611,21.585645645302037,3.0093808085791203,2655.4839168597437,0.06955036281509022,2.486220127418187,23.91624242794417,208.34222281712238,208.99227813410195,0.6299685864026334,1.3424781169264741,3.0093808085791203,6.4985085388851695,2655.414366496929,43677.772319681826,5.156030421958695,2.5780152109793475,9.651887473769708,0.2674868001148577,0.22127258177517933,fourier
