nameseq,average,median,maximum,minimum,peak,none_levated_peak,sample_standard_deviation,population_standard_deviation,percentile15,percentile25,percentile50,percentile75,amplitude,variance,interquartile_range,semi_interquartile_range,coefficient_of_variation,skewness,kurtosis,label
LG19_862001_867064,436.6731836218667,26.28451039816515,2013139.0052463496,0.0186714499129174,3.865591163623431,292.3083328355969,28286.29642854225,28289.089723016896,5.760461560607492,10.791122895850048,26.28451039816515,52.76242803362623,2013138.9865748996,800272597.3569001,41.971305137776184,20.985652568888092,64.77681133045375,0.043525175619272605,0.2482895184734259,fourier
