nameseq,average,median,maximum,minimum,peak,none_levated_peak,sample_standard_deviation,population_standard_deviation,percentile15,percentile25,percentile50,percentile75,amplitude,variance,interquartile_range,semi_interquartile_range,coefficient_of_variation,skewness,kurtosis,label
LG19_5644031_5647158,270.3406523175273,17.44067461652803,760928.5375781219,0.00307746939088962,3.8568622873707046,216.7764982693716,13602.758156980211,13604.933032388944,4.016653544582267,7.123937038363318,17.44067461652803,35.826459986328125,760928.5345006525,185094202.81578782,28.70252294796481,14.351261473982404,50.3171019244385,0.055775448210381766,0.25066679338154674,fourier
