nameseq,average,median,maximum,minimum,peak,none_levated_peak,sample_standard_deviation,population_standard_deviation,percentile15,percentile25,percentile50,percentile75,amplitude,variance,interquartile_range,semi_interquartile_range,coefficient_of_variation,skewness,kurtosis,label
LG19_1058778_1062242,289.5908019552965,15.212016906328406,926483.9281526395,0.014796517149639428,3.98838634446095,261.11614649897393,15736.69985495597,15738.971154650984,3.266102664816267,5.9276233414319,15.212016906328406,30.06580653661141,926483.9133561223,247715213.00693575,24.13818319517951,12.069091597589756,54.34115914146061,0.05230679638893115,0.24066889211302092,fourier
