nameseq,average,median,maximum,minimum,peak,none_levated_peak,sample_standard_deviation,population_standard_deviation,percentile15,percentile25,percentile50,percentile75,amplitude,variance,interquartile_range,semi_interquartile_range,coefficient_of_variation,skewness,kurtosis,label
LG19_3850075_3863491,1068.2168768797585,53.724922400199986,13268659.230641656,0.005228965990750565,4.1867278360148505,553.1439447111547,114546.20011546517,114550.46905053103,12.280643574384746,21.75596351563395,53.724922400199986,107.83952249494605,13268659.22541269,13121809959.696669,86.0835589793121,43.04177948965605,107.23122110750812,0.02656985443751764,0.24895487455979373,fourier
