nameseq,average,median,maximum,minimum,peak,none_levated_peak,sample_standard_deviation,population_standard_deviation,percentile15,percentile25,percentile50,percentile75,amplitude,variance,interquartile_range,semi_interquartile_range,coefficient_of_variation,skewness,kurtosis,label
LG19_15258131_15258561,46.91591542729288,4.315446001198719,17626.698712225138,0.012638583578874226,3.062215995535919,57.94205287415835,847.796577523408,848.7818150174197,1.1664785710157959,1.6924376706366964,4.315446001198719,8.484504238132802,17626.68607364156,720430.5695042653,6.792066567496105,3.3960332837480527,18.070553879253747,0.15074536942767247,0.2850591441802474,fourier
