nameseq,average,median,maximum,minimum,peak,none_levated_peak,sample_standard_deviation,population_standard_deviation,percentile15,percentile25,percentile50,percentile75,amplitude,variance,interquartile_range,semi_interquartile_range,coefficient_of_variation,skewness,kurtosis,label
LG19_12203328_12203562,44.01517117449096,5.462843115255404,8845.31710032052,0.003992086429657789,1.7796893944316068,29.46281618248559,575.3900619613728,576.6182171729611,1.0238616928763966,1.7591168704574085,5.462843115255404,8.737993486049092,8845.313108234091,332488.568375724,6.978876615591684,3.489438307795842,13.072539458731919,0.20100622486154615,0.26442803531847164,fourier
