nameseq,average,median,maximum,minimum,peak,none_levated_peak,sample_standard_deviation,population_standard_deviation,percentile15,percentile25,percentile50,percentile75,amplitude,variance,interquartile_range,semi_interquartile_range,coefficient_of_variation,skewness,kurtosis,label
LG19_13802259_13802407,24.742981427281215,2.173528453410851,3213.976198608801,0.017355076885801287,2.007303235167327,25.516597766374492,262.1717584311007,263.05598272361254,0.42331024394229294,0.9243873182176089,2.173528453410851,4.2057424070032985,3213.958843531915,69198.45004668554,3.2813550887856895,1.6406775443928447,10.595803064461519,0.2582595445321582,0.19612997588184108,fourier
