nameseq,average,median,maximum,minimum,peak,none_levated_peak,sample_standard_deviation,population_standard_deviation,percentile15,percentile25,percentile50,percentile75,amplitude,variance,interquartile_range,semi_interquartile_range,coefficient_of_variation,skewness,kurtosis,label
LG19_6306194_6307584,129.16471313503422,10.249778419716813,160055.2910994908,0.008463096091173702,3.589731710873155,128.0027792112641,4289.574497669615,4291.117232658415,2.3761919727507683,4.004904716903006,10.249778419716813,19.5944793032442,160055.28263639472,18413687.10441801,15.589574586341193,7.794787293170597,33.21011128778735,0.08316554575279202,0.2464249404802487,fourier
