nameseq,average,median,maximum,minimum,peak,none_levated_peak,sample_standard_deviation,population_standard_deviation,percentile15,percentile25,percentile50,percentile75,amplitude,variance,interquartile_range,semi_interquartile_range,coefficient_of_variation,skewness,kurtosis,label
LG19_6870496_6870619,13.805679105202067,1.618308769797746,1406.5394763595252,0.0003030808918070356,2.99393698914519,24.218357154572004,125.59857410515683,126.10810388132586,0.6321693498505105,1.0964987661048784,1.618308769797746,3.050847110687509,1406.5391732786334,15903.253864543274,1.9543483445826306,0.9771741722913153,9.097602019290054,0.2911029147162252,0.1558908811583679,fourier
