nameseq,average,median,maximum,minimum,peak,none_levated_peak,sample_standard_deviation,population_standard_deviation,percentile15,percentile25,percentile50,percentile75,amplitude,variance,interquartile_range,semi_interquartile_range,coefficient_of_variation,skewness,kurtosis,label
LG19_11128679_11128808,28.504108985331182,2.177288005885906,3309.8031747876253,0.00966040774379575,1.5202486545232334,21.803098658069796,288.9183242409253,290.03600084859795,0.4534258238176123,1.2120040800519851,2.177288005885906,4.096001572023448,3309.7935143798813,84120.8817882479,2.8839974919714635,1.4419987459857317,10.136023700639399,0.27336605646540796,0.25348963529512664,fourier
