nameseq,average,median,maximum,minimum,peak,none_levated_peak,sample_standard_deviation,population_standard_deviation,percentile15,percentile25,percentile50,percentile75,amplitude,variance,interquartile_range,semi_interquartile_range,coefficient_of_variation,skewness,kurtosis,label
LG19_3501108_3505298,319.0530289829718,12.37722625096438,1258047.6893402652,0.0004286271612189838,4.378582470923852,343.3663045851353,19430.33126265789,19432.649779611755,2.6897149325182435,5.033870081497538,12.37722625096438,25.548492066633067,1258047.688911638,377627877.4570447,20.514621985135527,10.257310992567763,60.90000563415717,0.04735006293815347,0.2500452565805804,fourier
