nameseq,average,median,maximum,minimum,peak,none_levated_peak,sample_standard_deviation,population_standard_deviation,percentile15,percentile25,percentile50,percentile75,amplitude,variance,interquartile_range,semi_interquartile_range,coefficient_of_variation,skewness,kurtosis,label
LG19_6441093_6441280,25.962529794599998,3.7822696620865037,3884.8162738730775,0.0013135704409540866,2.413734992793377,27.040192334994195,282.2860341594853,283.0398032827781,0.7398294024735095,1.533906850276044,3.7822696620865037,6.782720555439256,3884.814960302637,80111.53024235372,5.2488137051632116,2.6244068525816058,10.872824658951325,0.23572112093914793,0.2316987103725569,fourier
