nameseq,average,median,maximum,minimum,peak,none_levated_peak,sample_standard_deviation,population_standard_deviation,percentile15,percentile25,percentile50,percentile75,amplitude,variance,interquartile_range,semi_interquartile_range,coefficient_of_variation,skewness,kurtosis,label
LG19_13764749_13764977,20.423407288001545,1.2267624791025526,4182.024821922499,0.0026773224304395466,3.7375415500908145,48.8565471287205,275.6188766165146,276.2226426776421,0.37934630073715975,0.6293182379392072,1.2267624791025526,2.934156377604179,4182.022144600068,76298.94832782037,2.3048381396649718,1.1524190698324859,13.495244585287034,0.2089477148070136,0.21606285755982527,fourier
