nameseq,average,median,maximum,minimum,peak,none_levated_peak,sample_standard_deviation,population_standard_deviation,percentile15,percentile25,percentile50,percentile75,amplitude,variance,interquartile_range,semi_interquartile_range,coefficient_of_variation,skewness,kurtosis,label
LG19_4362321_4363762,115.8032571896485,5.462343219146742,156320.27135989544,0.0007435858837205977,4.150718022373837,178.7595177859095,4114.927388124694,4116.354943202548,1.2056167523726975,2.1809898381535904,5.462343219146742,10.497168190106297,156320.27061630957,16944378.018428054,8.316178351952708,4.158089175976354,35.533779342542715,0.08044437014048092,0.26844436745515526,fourier
