nameseq,average,median,maximum,minimum,peak,none_levated_peak,sample_standard_deviation,population_standard_deviation,percentile15,percentile25,percentile50,percentile75,amplitude,variance,interquartile_range,semi_interquartile_range,coefficient_of_variation,skewness,kurtosis,label
LG19_1305040_1307660,228.92392344072192,13.192276596622447,547420.7283356572,0.002375050583714274,3.8164061384912262,208.1532523368493,10690.303401798745,10692.343341403572,3.223915579261363,5.273943650326413,13.192276596622447,26.899947900578052,547420.7259606066,114326206.13045731,21.62600425025164,10.81300212512582,46.69806126473678,0.06054037160660957,0.2478151254811659,fourier
