nameseq,average,median,maximum,minimum,peak,none_levated_peak,sample_standard_deviation,population_standard_deviation,percentile15,percentile25,percentile50,percentile75,amplitude,variance,interquartile_range,semi_interquartile_range,coefficient_of_variation,skewness,kurtosis,label
LG19_8895440_8895581,26.962382613212363,4.447203548372293,2849.1453787790797,0.03878762588511243,1.755532291502258,17.6828641522236,237.81198318696033,238.65379814923318,1.1902802063118165,2.1238379486418673,4.447203548372293,8.985142080760745,2849.1065911531946,56955.63537105494,6.861304132118878,3.430652066059439,8.8201397702303,0.28402915735923207,0.24612551575926678,fourier
