nameseq,average,median,maximum,minimum,peak,none_levated_peak,sample_standard_deviation,population_standard_deviation,percentile15,percentile25,percentile50,percentile75,amplitude,variance,interquartile_range,semi_interquartile_range,coefficient_of_variation,skewness,kurtosis,label
LG19_13809449_13809597,16.31244156511192,1.2053165251651137,2114.502910528798,0.03972274014159197,3.0447107790958023,31.361947792658448,172.48504294749998,173.0667816747443,0.31378345833514387,0.618760728814042,1.2053165251651137,2.634214454164103,2114.4631877886563,29952.110919253606,2.015453725350061,1.0077268626750304,10.573833613994408,0.2627553922668825,0.1952343868889092,fourier
