nameseq,average,median,maximum,minimum,peak,none_levated_peak,sample_standard_deviation,population_standard_deviation,percentile15,percentile25,percentile50,percentile75,amplitude,variance,interquartile_range,semi_interquartile_range,coefficient_of_variation,skewness,kurtosis,label
LG19_1146137_1146661,66.16140754914117,5.254671143273739,30162.788983891467,0.027894044099769217,2.645046507966435,60.244851040575035,1314.8094332516937,1316.0634244125004,1.3503799812316657,2.307214708672268,5.254671143273739,11.571818156429728,30162.76108984737,1732022.937076357,9.26460344775746,4.63230172387873,19.872754857506973,0.13897086877884016,0.21337031584179483,fourier
