nameseq,average,median,maximum,minimum,peak,none_levated_peak,sample_standard_deviation,population_standard_deviation,percentile15,percentile25,percentile50,percentile75,amplitude,variance,interquartile_range,semi_interquartile_range,coefficient_of_variation,skewness,kurtosis,label
LG19_7989263_7997155,648.4888659687426,35.90385188524144,4697322.265876917,0.003590771234237268,4.057124398072264,391.63032147626984,52868.5179270246,52871.86732155595,8.670520432086823,14.946992375583562,35.90385188524144,72.59216212058287,4697322.262286146,2795434354.0682154,57.64516974499931,28.822584872499654,81.5257141663445,0.03476085796063341,0.24577387983931673,fourier
