nameseq,average,median,maximum,minimum,peak,none_levated_peak,sample_standard_deviation,population_standard_deviation,percentile15,percentile25,percentile50,percentile75,amplitude,variance,interquartile_range,semi_interquartile_range,coefficient_of_variation,skewness,kurtosis,label
LG19_2122338_2123310,74.78010103509018,3.5070641949755013,66652.52418428213,0.012333750175178532,4.337160940463848,136.9104670452823,2135.5082268267456,2136.606456895137,0.7608440681899387,1.4516420543712931,3.5070641949755013,7.6876507583082745,66652.51185053196,4565087.15164599,6.236008703936982,3.118004351968491,28.557172259297552,0.10012563184458818,0.22977398654029488,fourier
