nameseq,average,median,maximum,minimum,peak,none_levated_peak,sample_standard_deviation,population_standard_deviation,percentile15,percentile25,percentile50,percentile75,amplitude,variance,interquartile_range,semi_interquartile_range,coefficient_of_variation,skewness,kurtosis,label
LG19_12670601_12671161,54.69215614666065,4.697579242603016,26250.52706701058,0.07302734834356583,3.4191374627569457,69.01698050205569,1107.026512210719,1108.0144878756405,1.137718439134367,2.091634627094872,4.697579242603016,10.244270484957658,26250.454039662236,1227696.1053423178,8.152635857862787,4.0763179289313936,20.241047166656838,0.13548341350258827,0.24167292707892601,fourier
