nameseq,average,median,maximum,minimum,peak,none_levated_peak,sample_standard_deviation,population_standard_deviation,percentile15,percentile25,percentile50,percentile75,amplitude,variance,interquartile_range,semi_interquartile_range,coefficient_of_variation,skewness,kurtosis,label
LG19_15330719_15331602,84.1410242440763,6.908589267732898,66219.60065506768,0.03177358943699701,3.502057044277207,97.94948667798933,2225.6522806533994,2226.9122027926082,1.6532447848451464,3.0311647291295634,6.908589267732898,12.91369924779555,66219.56888147825,4959137.958946626,9.882534518665988,4.941267259332994,26.451452197648873,0.10410310134384933,0.2453660019980244,fourier
