nameseq,average,median,maximum,minimum,peak,none_levated_peak,sample_standard_deviation,population_standard_deviation,percentile15,percentile25,percentile50,percentile75,amplitude,variance,interquartile_range,semi_interquartile_range,coefficient_of_variation,skewness,kurtosis,label
LG19_3412212_3412411,21.18103748171321,1.9380733789456333,3767.3503226452485,0.027479626598955566,3.14746936849641,39.41688325477644,265.5659931393429,266.2324082226385,0.44640798134285237,0.8313029569801764,1.9380733789456333,3.5158711766242945,3767.3228430186496,70879.69518802564,2.684568219644118,1.342284109822059,12.537912430806141,0.21738059013456706,0.28793140883997287,fourier
