nameseq,average,median,maximum,minimum,peak,none_levated_peak,sample_standard_deviation,population_standard_deviation,percentile15,percentile25,percentile50,percentile75,amplitude,variance,interquartile_range,semi_interquartile_range,coefficient_of_variation,skewness,kurtosis,label
LG19_6061882_6078676,1373.820832374563,68.92391771812117,21345611.13561095,0.0053580240987159055,4.075009783959212,609.9438320408194,164703.82802662364,164708.73160457631,15.810047177373995,28.0387887497773,68.92391771812117,139.41901765733894,21345611.130252924,27128966266.78836,111.38022890756164,55.69011445378082,119.88741482536949,0.023768061683038313,0.24928165043348324,fourier
