nameseq,average,median,maximum,minimum,peak,none_levated_peak,sample_standard_deviation,population_standard_deviation,percentile15,percentile25,percentile50,percentile75,amplitude,variance,interquartile_range,semi_interquartile_range,coefficient_of_variation,skewness,kurtosis,label
LG19_15330716_15331604,84.17803752021234,6.371497517898588,66652.37186261307,0.03972668642222236,3.5203164870905845,99.20248505262477,2233.8992577806894,2235.156730020875,1.4215157588270448,2.811162391969265,6.371497517898588,13.361793268923362,66652.33213592666,4995925.607757609,10.550630876954097,5.275315438477048,26.537792084358088,0.10448977016037712,0.2512094870448953,fourier
