nameseq,average,median,maximum,minimum,peak,none_levated_peak,sample_standard_deviation,population_standard_deviation,percentile15,percentile25,percentile50,percentile75,amplitude,variance,interquartile_range,semi_interquartile_range,coefficient_of_variation,skewness,kurtosis,label
LG19_5044917_5046907,175.99883409584447,12.67794173477188,311805.2882067829,0.01622857687931933,3.7708583132161584,160.6606557841728,6985.762588536428,6987.517584817988,2.7867819442424198,5.347027326146746,12.67794173477188,25.27123546646947,311805.271978206,48825401.9981406,19.924208140322726,9.962104070161363,39.692095827931226,0.07013732156990878,0.22909383076326637,fourier
