nameseq,average,median,maximum,minimum,peak,none_levated_peak,sample_standard_deviation,population_standard_deviation,percentile15,percentile25,percentile50,percentile75,amplitude,variance,interquartile_range,semi_interquartile_range,coefficient_of_variation,skewness,kurtosis,label
LG19_318684_318983,25.190960488574415,1.8099673764037565,6758.190262766953,0.0017777203779343832,3.9696779344858997,59.01842004791479,389.3902638809403,390.0408746335243,0.39708060848503884,0.7117440135127276,1.8099673764037565,3.647937636881132,6758.188485046576,152131.88388488462,2.9361936233684043,1.4680968116842021,15.457539384318107,0.1801354215624632,0.2358905418084533,fourier
