nameseq,average,median,maximum,minimum,peak,none_levated_peak,sample_standard_deviation,population_standard_deviation,percentile15,percentile25,percentile50,percentile75,amplitude,variance,interquartile_range,semi_interquartile_range,coefficient_of_variation,skewness,kurtosis,label
LG19_835718_836119,53.41873678409408,6.371325597992216,17533.636333607512,0.011156777041673532,2.508483129086267,44.022970187850724,873.0196452125894,874.1075205819396,1.4819525772049826,3.009028804418391,6.371325597992216,11.346321321844671,17533.625176830472,764063.957537906,8.337292517426281,4.1686462587131405,16.342948144601934,0.16167131442263935,0.1891689472807296,fourier
