nameseq,average,median,maximum,minimum,peak,none_levated_peak,sample_standard_deviation,population_standard_deviation,percentile15,percentile25,percentile50,percentile75,amplitude,variance,interquartile_range,semi_interquartile_range,coefficient_of_variation,skewness,kurtosis,label
LG19_13299313_13299649,52.07714069028907,5.285751099375122,14907.140399996639,0.2439001289190669,2.1570564713104603,39.58292619947793,810.4617651738182,811.6669134457168,1.3634036480817586,2.7371332311314713,5.285751099375122,10.26682445785268,14906.89649986772,658803.1783824967,7.529691226721209,3.7648456133606043,15.562716278794213,0.17320270345219316,0.21868346533957161,fourier
