nameseq,average,median,maximum,minimum,peak,none_levated_peak,sample_standard_deviation,population_standard_deviation,percentile15,percentile25,percentile50,percentile75,amplitude,variance,interquartile_range,semi_interquartile_range,coefficient_of_variation,skewness,kurtosis,label
LG19_3829610_3830130,50.48426526578722,3.8708948131679453,23279.580821227115,0.019322889666793214,3.4400157306906305,73.00435690515575,1018.6873428304925,1019.6663794263116,0.7928169349734383,1.525962154545675,3.8708948131679453,7.952756531338373,23279.561498337447,1039719.5253323627,6.4267943767926985,3.2133971883963492,20.178313727403076,0.13727480992283905,0.2505754643927523,fourier
