nameseq,average,median,maximum,minimum,peak,none_levated_peak,sample_standard_deviation,population_standard_deviation,percentile15,percentile25,percentile50,percentile75,amplitude,variance,interquartile_range,semi_interquartile_range,coefficient_of_variation,skewness,kurtosis,label
LG19_5856426_5860355,338.357639905819,21.588623732201967,1201074.604125216,0.025440091676222583,3.8716430353534657,247.1583745488792,19156.112309977634,19158.549939600012,5.041978621724681,8.966864894358649,21.588623732201967,43.79972855399065,1201074.5786851242,367050035.7881477,34.832863659632,17.416431829816,56.61498382394939,0.04960855486454186,0.2461821898279949,fourier
