nameseq,average,median,maximum,minimum,peak,none_levated_peak,sample_standard_deviation,population_standard_deviation,percentile15,percentile25,percentile50,percentile75,amplitude,variance,interquartile_range,semi_interquartile_range,coefficient_of_variation,skewness,kurtosis,label
LG19_10822316_10822470,28.655509199596963,5.882271241718707,3268.553048553624,0.004983826407524522,1.803027344821824,18.827905247382958,261.23390056058014,262.08069014134907,0.9903744518001839,2.016922523831921,5.882271241718707,9.121973890102165,3268.5480647272166,68686.28814496582,7.105051366270244,3.552525683135122,9.116358698810153,0.2615269830103518,0.18236696001029828,fourier
