nameseq,average,median,maximum,minimum,peak,none_levated_peak,sample_standard_deviation,population_standard_deviation,percentile15,percentile25,percentile50,percentile75,amplitude,variance,interquartile_range,semi_interquartile_range,coefficient_of_variation,skewness,kurtosis,label
LG19_14827632_14827982,41.479024259991604,4.452419085338397,12148.425625391541,0.09873792710763761,2.8207028030997296,45.17876289478366,647.1989618942113,648.1228723744277,1.0939187413940286,1.895734598809768,4.452419085338397,7.888820689747213,12148.326887464433,420063.2576948788,5.993086090937445,2.9965430454687225,15.603042102378092,0.17163163426414194,0.18481229510720984,fourier
