nameseq,average,median,maximum,minimum,peak,none_levated_peak,sample_standard_deviation,population_standard_deviation,percentile15,percentile25,percentile50,percentile75,amplitude,variance,interquartile_range,semi_interquartile_range,coefficient_of_variation,skewness,kurtosis,label
LG19_13248729_13248943,20.34904007074137,1.6026585303510257,3821.5167347166116,0.0460907973118787,3.5218696517145176,42.53960950933607,259.8566262892312,260.46306031417754,0.3241376949302897,0.6306523742623504,1.6026585303510257,3.75470590413468,3821.4706439192996,67841.00578822687,3.1240535298723295,1.5620267649361648,12.769969757092523,0.2164237465261884,0.2368380071805909,fourier
