nameseq,average,median,maximum,minimum,peak,none_levated_peak,sample_standard_deviation,population_standard_deviation,percentile15,percentile25,percentile50,percentile75,amplitude,variance,interquartile_range,semi_interquartile_range,coefficient_of_variation,skewness,kurtosis,label
LG19_9175507_9186181,995.5047985925559,56.65551790000707,9693074.01292212,0.017393958466186868,3.574400985674909,420.27405322646007,93810.97601635795,93815.37028181303,13.53447944711683,24.088226522024893,56.65551790000707,116.94674016890693,9693073.995528162,8801323701.113688,92.85851364688203,46.429256823441015,94.23457943044359,0.030023649275182054,0.24480870102438848,fourier
