nameseq,average,median,maximum,minimum,peak,none_levated_peak,sample_standard_deviation,population_standard_deviation,percentile15,percentile25,percentile50,percentile75,amplitude,variance,interquartile_range,semi_interquartile_range,coefficient_of_variation,skewness,kurtosis,label
LG19_13525273_13525407,25.4424931363271,2.9311794730724428,2637.9438026139323,0.02933162904077,1.7686945913232242,18.461903511128625,225.80885773275998,226.64986197610412,0.6721625671350775,1.2972816858943186,2.9311794730724428,6.503109204467636,2637.9144709848915,51370.15993378705,5.205827518573317,2.6029137592866585,8.875264563217955,0.29907569467309814,0.1760804781107616,fourier
