nameseq,average,median,maximum,minimum,peak,none_levated_peak,sample_standard_deviation,population_standard_deviation,percentile15,percentile25,percentile50,percentile75,amplitude,variance,interquartile_range,semi_interquartile_range,coefficient_of_variation,skewness,kurtosis,label
LG19_5817984_5818379,40.44700216863493,2.2677370267551713,14679.884748451688,0.013626125473464378,3.2635298766928353,68.24963577447811,736.600445035117,737.5322612774206,0.6953382837227619,1.2084306594442324,2.2677370267551713,4.430243840988621,14679.871122326214,543953.8364249854,3.2218131815443884,1.6109065907721942,18.211496663313206,0.15549514828242977,0.24714104609718113,fourier
