nameseq,average,median,maximum,minimum,peak,none_levated_peak,sample_standard_deviation,population_standard_deviation,percentile15,percentile25,percentile50,percentile75,amplitude,variance,interquartile_range,semi_interquartile_range,coefficient_of_variation,skewness,kurtosis,label
LG19_1097677_1099335,144.21328467209,9.16661028877517,216704.1743736201,0.005544076194085525,3.8345981873819954,157.57691827432956,5318.490158624404,5320.093804117993,1.9942362935840174,3.5694129822042417,9.16661028877517,18.252637354759273,216704.1688295439,28303398.084614664,14.683224372555031,7.341612186277516,36.879335844249766,0.07617575873351462,0.2499863797410032,fourier
