nameseq,average,median,maximum,minimum,peak,none_levated_peak,sample_standard_deviation,population_standard_deviation,percentile15,percentile25,percentile50,percentile75,amplitude,variance,interquartile_range,semi_interquartile_range,coefficient_of_variation,skewness,kurtosis,label
LG19_10308352_10308663,47.35553329449067,4.723974535269063,12705.195191151754,0.03619401113935205,2.196153073670471,39.20013365962932,717.7937103074773,718.9467933163473,1.191410578123598,2.184702301388655,4.723974535269063,8.650565237422516,12705.158997140614,516884.4916198587,6.465862936033861,3.2329314680169303,15.15754676108748,0.17817748252889995,0.23362148193579263,fourier
