nameseq,average,median,maximum,minimum,peak,none_levated_peak,sample_standard_deviation,population_standard_deviation,percentile15,percentile25,percentile50,percentile75,amplitude,variance,interquartile_range,semi_interquartile_range,coefficient_of_variation,skewness,kurtosis,label
LG19_2338045_2338706,63.45835427234727,4.727515801298861,37104.35887259096,0.013642529860406313,3.477346193373073,83.27435327158369,1440.7512615505311,1441.8406766487624,1.1256055548350237,1.8686779492288983,4.727515801298861,9.049620576583987,37104.345230061095,2078904.5368389613,7.180942627355089,3.5904713136775444,22.70388632152655,0.12229211253546118,0.20763761599842787,fourier
