nameseq,average,median,maximum,minimum,peak,none_levated_peak,sample_standard_deviation,population_standard_deviation,percentile15,percentile25,percentile50,percentile75,amplitude,variance,interquartile_range,semi_interquartile_range,coefficient_of_variation,skewness,kurtosis,label
LG19_467628_468039,36.80908872337578,2.520926654523477,13682.652796482946,0.0024335878893569298,3.7309625990854585,70.55530822140442,673.1092917979802,673.9276620598546,0.4898693119024678,0.9505437222119462,2.520926654523477,5.29892922002025,13682.650362895056,454178.49368946155,4.348385497808304,2.174192748904152,18.286497034916245,0.1528198874387691,0.26917034369577775,fourier
