nameseq,average,median,maximum,minimum,peak,none_levated_peak,sample_standard_deviation,population_standard_deviation,percentile15,percentile25,percentile50,percentile75,amplitude,variance,interquartile_range,semi_interquartile_range,coefficient_of_variation,skewness,kurtosis,label
LG19_9204269_9205904,175.1920245981252,14.078710294686488,251182.11298007343,0.016360721907306346,3.1127748799312025,126.20005693046745,6207.775636342707,6209.673748491129,3.095074800336766,5.713637067713098,14.078710294686488,27.230237392723602,251182.09661935153,38560048.06269987,21.516600325010504,10.758300162505252,35.434122361350575,0.07786040785376619,0.24375534670435609,fourier
