nameseq,average,median,maximum,minimum,peak,none_levated_peak,sample_standard_deviation,population_standard_deviation,percentile15,percentile25,percentile50,percentile75,amplitude,variance,interquartile_range,semi_interquartile_range,coefficient_of_variation,skewness,kurtosis,label
LG19_8657691_8657791,17.31863557568433,2.745810618882138,1431.4934629033442,0.0009631461968925534,1.943956065103377,17.302243077407688,141.44678449157465,142.15225911478166,0.49996719885268787,0.8128084295992898,2.745810618882138,4.196198465061325,1431.4924997571472,20207.264771436025,3.3833900354620354,1.6916950177310177,8.16731686935941,0.3090807262077469,0.23011035868658944,fourier
