nameseq,average,median,maximum,minimum,peak,none_levated_peak,sample_standard_deviation,population_standard_deviation,percentile15,percentile25,percentile50,percentile75,amplitude,variance,interquartile_range,semi_interquartile_range,coefficient_of_variation,skewness,kurtosis,label
LG19_15343996_15344196,25.747539749132496,2.517926021248349,4087.0450521878197,0.0244391048796845,2.6021903705287963,31.76180775171067,287.48150041547126,288.1993080257763,0.35552219883355807,0.7123096751537767,2.517926021248349,5.088583904968847,4087.02061308294,83058.84114653629,4.3762742298150705,2.1881371149075353,11.16539689681059,0.24241156764152616,0.20521598878234087,fourier
