nameseq,average,median,maximum,minimum,peak,none_levated_peak,sample_standard_deviation,population_standard_deviation,percentile15,percentile25,percentile50,percentile75,amplitude,variance,interquartile_range,semi_interquartile_range,coefficient_of_variation,skewness,kurtosis,label
LG19_6139743_6139934,57.844731974332525,7.809740836560458,8655.560129576274,0.08731542392439369,1.106410174541024,17.877555854051554,622.2590548212256,623.8858786557837,2.001178978153862,3.0161603617572865,7.809740836560458,19.842825259497843,8655.472814152348,389233.58958609926,16.826664897740557,8.413332448870278,10.757402335226326,0.24122585641833882,0.27169922602037105,fourier
