nameseq,average,median,maximum,minimum,peak,none_levated_peak,sample_standard_deviation,population_standard_deviation,percentile15,percentile25,percentile50,percentile75,amplitude,variance,interquartile_range,semi_interquartile_range,coefficient_of_variation,skewness,kurtosis,label
LG19_5795742_5795961,22.268305167759845,2.0075073441773146,4175.696806516418,0.012226364584750803,3.293170844429852,40.678780356723585,280.72035797823696,281.3605420661463,0.48761491441938326,0.7243309282508303,2.0075073441773146,3.604224760849621,4175.684580151834,79163.75463175568,2.879893832598791,1.4399469162993954,12.606274068161468,0.21652292661816777,0.24084909839391702,fourier
