nameseq,average,median,maximum,minimum,peak,none_levated_peak,sample_standard_deviation,population_standard_deviation,percentile15,percentile25,percentile50,percentile75,amplitude,variance,interquartile_range,semi_interquartile_range,coefficient_of_variation,skewness,kurtosis,label
LG19_2650287_2650517,26.550642721088995,2.354190604642673,5236.611203919589,0.009655203726489571,2.900118118000941,37.8231402397251,343.56321456178,344.30928105288456,0.5591478987617886,1.0421522340617573,2.354190604642673,5.953091577972263,5236.601548715862,118548.88101915424,4.910939343910505,2.4554696719552527,12.939920821159259,0.21128384318422383,0.2502944052938522,fourier
