nameseq,average,median,maximum,minimum,peak,none_levated_peak,sample_standard_deviation,population_standard_deviation,percentile15,percentile25,percentile50,percentile75,amplitude,variance,interquartile_range,semi_interquartile_range,coefficient_of_variation,skewness,kurtosis,label
LG19_4851044_4852774,140.67573902590206,8.172420687921614,221887.37770889758,0.0004156698504129131,4.101631198068626,171.04561152223857,5331.335151666105,5332.875777374225,1.9063171388438467,3.465980047807845,8.172420687921614,16.76359477694514,221887.37729322774,28439564.056904756,13.297614729137296,6.648807364568648,37.89804260907041,0.0745610515387904,0.24200880957443344,fourier
