nameseq,average,median,maximum,minimum,peak,none_levated_peak,sample_standard_deviation,population_standard_deviation,percentile15,percentile25,percentile50,percentile75,amplitude,variance,interquartile_range,semi_interquartile_range,coefficient_of_variation,skewness,kurtosis,label
LG19_7874052_7874163,20.262913790983557,2.088512119001903,1942.8110033254475,0.072491849014136,1.8424464377845624,19.62812138611209,182.5011590722878,183.32139313350945,0.39520854702493863,0.858443023954867,2.088512119001903,4.219778988093537,1942.7385114764334,33606.73318041072,3.3613359641386698,1.6806679820693349,9.006659207793493,0.29875539033891063,0.24512015204146442,fourier
