nameseq,average,median,maximum,minimum,peak,none_levated_peak,sample_standard_deviation,population_standard_deviation,percentile15,percentile25,percentile50,percentile75,amplitude,variance,interquartile_range,semi_interquartile_range,coefficient_of_variation,skewness,kurtosis,label
LG19_10914420_10914868,77.63485955155897,7.655477228876831,29313.39613038095,0.041124962952717996,1.9278281371433386,43.62058426560933,1381.3558615304944,1382.8966939799882,1.8898798456390922,3.608689429247418,7.655477228876831,15.062236337451356,29313.355005417994,1912403.266220781,11.453546908203938,5.726773454101969,17.79298461425188,0.15197977061134865,0.2337500373437708,fourier
