nameseq,average,median,maximum,minimum,peak,none_levated_peak,sample_standard_deviation,population_standard_deviation,percentile15,percentile25,percentile50,percentile75,amplitude,variance,interquartile_range,semi_interquartile_range,coefficient_of_variation,skewness,kurtosis,label
LG19_7919467_7919747,32.36575159095019,2.9715994903216654,7890.902180806249,0.019491992812383275,2.894005609709273,43.405643757237975,469.654028846557,470.4919492787634,0.6572449502186454,1.2971129067890845,2.9715994903216654,6.602940338857982,7890.882688813436,221362.67433613047,5.305827432068897,2.6529137160344485,14.510833389015978,0.18776045958438076,0.27603031989110616,fourier
