nameseq,average,median,maximum,minimum,peak,none_levated_peak,sample_standard_deviation,population_standard_deviation,percentile15,percentile25,percentile50,percentile75,amplitude,variance,interquartile_range,semi_interquartile_range,coefficient_of_variation,skewness,kurtosis,label
LG19_6949562_6949678,16.734224552021338,2.087726790877361,1649.0964823593995,0.0032856400408765823,2.3305531653863913,22.216952859113388,151.5866333009844,152.23862182942617,0.36026187239926566,0.49336571901083554,2.087726790877361,4.031128575426236,1649.0931967193585,23176.597976523037,3.5377628564154007,1.7688814282077003,9.058479694099368,0.28986390374003107,0.32366742888222416,fourier
