nameseq,average,median,maximum,minimum,peak,none_levated_peak,sample_standard_deviation,population_standard_deviation,percentile15,percentile25,percentile50,percentile75,amplitude,variance,interquartile_range,semi_interquartile_range,coefficient_of_variation,skewness,kurtosis,label
LG19_2866120_2866541,54.14093042899767,7.0529561720321805,17903.678193681386,0.016527103505131514,2.5981575409226094,43.41636959282094,870.0953208424531,871.1280752960035,1.396556892166296,2.6937066176913578,7.0529561720321805,15.663546691990028,17903.661666577882,758864.1235689196,12.96984007429867,6.484920037149335,16.07093402252344,0.16235453678123493,0.24512044372802902,fourier
