nameseq,average,median,maximum,minimum,peak,none_levated_peak,sample_standard_deviation,population_standard_deviation,percentile15,percentile25,percentile50,percentile75,amplitude,variance,interquartile_range,semi_interquartile_range,coefficient_of_variation,skewness,kurtosis,label
LG1_4081331_4081509,29.437571718953325,2.9321481002364753,4476.873267116628,0.048311297630996154,2.0268881970400567,26.807026713006465,333.38414410326186,334.31930482971075,0.8988802068669883,1.1655897906056232,2.9321481002364753,5.984342754579602,4476.824955818997,111769.39758182106,4.818752963973979,2.4093764819869894,11.325123800500606,0.23851245556393744,0.2253812467794063,fourier
