nameseq,average,median,maximum,minimum,peak,none_levated_peak,sample_standard_deviation,population_standard_deviation,percentile15,percentile25,percentile50,percentile75,amplitude,variance,interquartile_range,semi_interquartile_range,coefficient_of_variation,skewness,kurtosis,label
LG1_5036539_5036797,67.82143483801737,4.055932063926673,14036.587028505486,0.03456456833734196,1.2729505581757332,27.651684064913283,870.3868924523574,872.0720574229862,0.7039861042580371,1.8870369006786423,4.055932063926673,8.648425194257932,14036.552463937149,760509.6733379602,6.76138829357929,3.380694146789645,12.83350749702012,0.2197833055404647,0.1337778120388392,fourier
