nameseq,average,median,maximum,minimum,peak,none_levated_peak,sample_standard_deviation,population_standard_deviation,percentile15,percentile25,percentile50,percentile75,amplitude,variance,interquartile_range,semi_interquartile_range,coefficient_of_variation,skewness,kurtosis,label
LG1_4672955_4673203,29.49521332729417,1.8483442217831751,6569.435066831147,0.06684227645597429,2.81401592451592,45.040255131010895,415.3065545848879,416.1430238202242,0.4637060222865491,0.7770937738992773,1.8483442217831751,3.7431872105099235,6569.368224554692,173175.0162742397,2.966093436610646,1.483046718305323,14.080472989851987,0.19970936264041086,0.18981970364975434,fourier
