nameseq,average,median,maximum,minimum,peak,none_levated_peak,sample_standard_deviation,population_standard_deviation,percentile15,percentile25,percentile50,percentile75,amplitude,variance,interquartile_range,semi_interquartile_range,coefficient_of_variation,skewness,kurtosis,label
LG1_3033008_3033551,63.242593401496435,6.357674191067037,27767.020086206627,0.04054630021008551,2.867265929183775,56.472675809743166,1189.1965605687342,1190.2910813347708,1.5699723882312164,2.7282373795372843,6.357674191067037,13.653814601098698,27766.979539906417,1416792.8583050978,10.925577221561415,5.4627886107807075,18.803728572911364,0.14350424756498825,0.23863886410428228,fourier
