nameseq,average,median,maximum,minimum,peak,none_levated_peak,sample_standard_deviation,population_standard_deviation,percentile15,percentile25,percentile50,percentile75,amplitude,variance,interquartile_range,semi_interquartile_range,coefficient_of_variation,skewness,kurtosis,label
LG1_7153839_7156831,282.209260665019,21.341634420186526,741223.5038943905,0.0018727134348039455,3.5352017305020054,184.91715723416868,13545.813779030648,13548.077262007268,5.314295734279824,9.038513842969376,21.341634420186526,45.63181726008399,741223.5020216771,183550397.49731833,36.59330341711461,18.296651708557306,47.99918240496531,0.05777451923530733,0.22963434410492048,fourier
