nameseq,average,median,maximum,minimum,peak,none_levated_peak,sample_standard_deviation,population_standard_deviation,percentile15,percentile25,percentile50,percentile75,amplitude,variance,interquartile_range,semi_interquartile_range,coefficient_of_variation,skewness,kurtosis,label
LG1_16447811_16447951,15.778053864158672,1.497734489950368,1933.6208738709488,0.009524819520764612,2.97882111473614,29.512888379015937,162.09717196315404,162.67506032714812,0.3382884847066614,0.5937605432239075,1.497734489950368,3.375996232912011,1933.611349051428,26463.175252441284,2.782235689688103,1.3911178448440515,10.273584648571454,0.2642918294241617,0.28499196493423196,fourier
