nameseq,average,median,maximum,minimum,peak,none_levated_peak,sample_standard_deviation,population_standard_deviation,percentile15,percentile25,percentile50,percentile75,amplitude,variance,interquartile_range,semi_interquartile_range,coefficient_of_variation,skewness,kurtosis,label
LG1_1168580_1168742,21.513194834783295,1.5676436618725917,3124.590971481146,0.0004130716234594876,2.525581799941926,32.99697519540415,243.82024883557537,244.57162272407112,0.2261327005810185,0.4769948182139916,1.5676436618725917,3.652409436403423,3124.5905584095226,59815.27864188538,3.1754146181894316,1.5877073090947158,11.333521157971301,0.245412978636914,0.3047777159348126,fourier
