nameseq,average,median,maximum,minimum,peak,none_levated_peak,sample_standard_deviation,population_standard_deviation,percentile15,percentile25,percentile50,percentile75,amplitude,variance,interquartile_range,semi_interquartile_range,coefficient_of_variation,skewness,kurtosis,label
LG1_11485170_11485638,38.89093232093918,1.9666773187577917,16779.791101005958,0.0022973450857737936,4.0197887786084845,86.16562495006413,773.8555610972822,774.6818886803778,0.4838849770027284,0.7666629397963544,1.9666773187577917,4.26515148860384,16779.78880366087,600132.0286493973,3.498488548807486,1.749244274403743,19.898097446242822,0.14314398005937287,0.2379551926412316,fourier
