nameseq,average,median,maximum,minimum,peak,none_levated_peak,sample_standard_deviation,population_standard_deviation,percentile15,percentile25,percentile50,percentile75,amplitude,variance,interquartile_range,semi_interquartile_range,coefficient_of_variation,skewness,kurtosis,label
LG1_9572150_9572504,40.10908228674281,4.0003075265497685,12223.58148108187,0.05284093191189489,2.9502877300298103,48.59632097685175,647.5713661098109,648.4853699043009,1.1012951305937724,1.7612789086968799,4.0003075265497685,7.724985802841075,12223.528640149958,420533.27497991803,5.963706894144195,2.9818534470720977,16.145255119034513,0.1672809051631382,0.2255618712134506,fourier
