nameseq,average,median,maximum,minimum,peak,none_levated_peak,sample_standard_deviation,population_standard_deviation,percentile15,percentile25,percentile50,percentile75,amplitude,variance,interquartile_range,semi_interquartile_range,coefficient_of_variation,skewness,kurtosis,label
LG1_14338297_14338512,20.13894097568144,1.2310512614422102,3884.242570219085,0.01884332895363109,3.5751631670673656,46.802633977494715,263.54468088710786,264.1568644782402,0.2683821942998939,0.439161524048087,1.2310512614422102,2.6221092856022734,3884.2237268901313,69778.84905097538,2.1829477615541863,1.0914738807770932,13.086322722001539,0.21523359512239923,0.24625550387449197,fourier
