nameseq,average,median,maximum,minimum,peak,none_levated_peak,sample_standard_deviation,population_standard_deviation,percentile15,percentile25,percentile50,percentile75,amplitude,variance,interquartile_range,semi_interquartile_range,coefficient_of_variation,skewness,kurtosis,label
LG1_121976_122081,14.864768368636764,1.8897152961062993,1308.7277666784362,0.006711207211720944,2.3769851273218143,20.38645468437662,126.29056201704502,126.89052055800647,0.3241612873588955,0.6402769949122014,1.8897152961062993,3.913865620922492,1308.7210554712244,16101.204207481864,3.273588626010291,1.6367943130051454,8.495965687800828,0.30821906717255554,0.2642551053981461,fourier
