nameseq,average,median,maximum,minimum,peak,none_levated_peak,sample_standard_deviation,population_standard_deviation,percentile15,percentile25,percentile50,percentile75,amplitude,variance,interquartile_range,semi_interquartile_range,coefficient_of_variation,skewness,kurtosis,label
LG1_8770240_8773666,262.54886632878345,12.127029408289355,835223.810061326,0.01879996419882251,4.350936072612165,283.57581714217275,14265.059750744247,14267.141481474155,3.002334405927095,4.916528604425981,12.127029408289355,24.18756993684145,835223.7912613618,203551326.05240053,19.271041332415468,9.635520666207734,54.332970277923295,0.052664729337869524,0.259631091816086,fourier
