nameseq,average,median,maximum,minimum,peak,none_levated_peak,sample_standard_deviation,population_standard_deviation,percentile15,percentile25,percentile50,percentile75,amplitude,variance,interquartile_range,semi_interquartile_range,coefficient_of_variation,skewness,kurtosis,label
LG1_18099679_18099818,22.57604644930072,1.9024166040159318,2814.9755791698494,0.002169280305437032,2.0670876440419503,25.9245507695556,236.85762161262576,237.7081005486867,0.7045219168166084,0.9452857572223261,1.9024166040159318,3.1359455438811814,2814.973409889544,56505.14106646454,2.1906597866588555,1.0953298933294278,10.491545636413337,0.2618488234137884,0.20237929454126893,fourier
