nameseq,average,median,maximum,minimum,peak,none_levated_peak,sample_standard_deviation,population_standard_deviation,percentile15,percentile25,percentile50,percentile75,amplitude,variance,interquartile_range,semi_interquartile_range,coefficient_of_variation,skewness,kurtosis,label
LG1_792931_793324,54.21585940894209,4.741498910902433,18229.093746035192,0.001923266411934167,2.422415410640376,48.74987141287403,916.8731182334675,918.0388823638586,0.8138637570836095,1.4624614992725908,4.741498910902433,9.80126454619086,18229.09182276878,842795.3895318827,8.338803046918269,4.169401523459134,16.911529730030306,0.16187963038995473,0.2522696872871592,fourier
