nameseq,average,median,maximum,minimum,peak,none_levated_peak,sample_standard_deviation,population_standard_deviation,percentile15,percentile25,percentile50,percentile75,amplitude,variance,interquartile_range,semi_interquartile_range,coefficient_of_variation,skewness,kurtosis,label
LG1_6015337_6015845,63.43438751622287,5.462513588692909,28440.575006677354,0.014152516546567382,2.674679669970419,60.568371114340394,1259.05223198735,1260.2908473700013,1.7273030267921976,2.602374514110715,5.462513588692909,10.867025729061051,28440.56085416081,1588333.0199645963,8.264651214950337,4.132325607475169,19.848102603108714,0.13813217384005816,0.25530179144796183,fourier
