nameseq,average,median,maximum,minimum,peak,none_levated_peak,sample_standard_deviation,population_standard_deviation,percentile15,percentile25,percentile50,percentile75,amplitude,variance,interquartile_range,semi_interquartile_range,coefficient_of_variation,skewness,kurtosis,label
LG1_11973586_11973993,48.741731544373756,3.6041863030170336,17461.263364978317,0.028885918209426247,2.7902168365969438,55.71022522901631,863.1386641353799,864.1983805125462,1.0226800859099627,1.4743364285467353,3.6041863030170336,7.834604780580673,17461.234479060106,746838.8408805076,6.360268352033938,3.180134176016969,17.708412007267142,0.15688398788126962,0.25633578690667763,fourier
