nameseq,average,median,maximum,minimum,peak,none_levated_peak,sample_standard_deviation,population_standard_deviation,percentile15,percentile25,percentile50,percentile75,amplitude,variance,interquartile_range,semi_interquartile_range,coefficient_of_variation,skewness,kurtosis,label
LG1_451763_451955,19.834129863722048,1.2292344635724006,3474.0836621445296,0.004541655733272103,3.243567213452772,44.10111817448498,249.30870283209146,249.9571010736275,0.2647440859035942,0.5300409942096167,1.2292344635724006,2.288093691821593,3474.0791204887964,62478.552377131644,1.7580526976119761,0.8790263488059881,12.569681883957701,0.2238778091835805,0.2824061320014035,fourier
