nameseq,average,median,maximum,minimum,peak,none_levated_peak,sample_standard_deviation,population_standard_deviation,percentile15,percentile25,percentile50,percentile75,amplitude,variance,interquartile_range,semi_interquartile_range,coefficient_of_variation,skewness,kurtosis,label
LG1_11040330_11040423,11.967850212911626,1.5259186303016228,889.1149696749399,0.06340335757313206,2.618125459117885,18.84886745502213,91.02471315391777,91.51278481965936,0.36849194404251767,0.602321836401982,1.5259186303016228,3.2276355371534713,889.0515663173667,8374.589785449276,2.625313700751489,1.3126568503757445,7.605769752675791,0.3441460419090782,0.22589249074469195,fourier
