nameseq,average,median,maximum,minimum,peak,none_levated_peak,sample_standard_deviation,population_standard_deviation,percentile15,percentile25,percentile50,percentile75,amplitude,variance,interquartile_range,semi_interquartile_range,coefficient_of_variation,skewness,kurtosis,label
LG1_204758_204999,43.495194299360634,4.1545206683491,8938.817844635114,0.042270396577837974,1.8546110200467008,31.661608338928076,573.064286427901,574.2519857049575,0.5710725948217779,1.1779374988113394,4.1545206683491,8.80399273089712,8938.775574238536,329765.34308608674,7.626055232085781,3.8130276160428904,13.17534720005435,0.20594900727229895,0.2525839591854711,fourier
