nameseq,average,median,maximum,minimum,peak,none_levated_peak,sample_standard_deviation,population_standard_deviation,percentile15,percentile25,percentile50,percentile75,amplitude,variance,interquartile_range,semi_interquartile_range,coefficient_of_variation,skewness,kurtosis,label
LG1_9716486_9716819,55.68739614940338,4.590296955436368,16161.59198977643,0.07623544721198196,1.999255505404451,40.786464998516756,882.6365910284344,883.9608777311922,1.0239662614414247,1.805625368331921,4.590296955436368,10.49228996612676,16161.515754329219,781386.8333592997,8.68666459779484,4.34333229889742,15.84984488519474,0.1736743062094088,0.28205827045176546,fourier
