nameseq,average,median,maximum,minimum,peak,none_levated_peak,sample_standard_deviation,population_standard_deviation,percentile15,percentile25,percentile50,percentile75,amplitude,variance,interquartile_range,semi_interquartile_range,coefficient_of_variation,skewness,kurtosis,label
LG1_10726602_10726716,13.290344548162787,1.333299490919914,1321.026672340973,0.09554679417198177,2.884299439673474,25.40061836063798,122.49263739838466,123.02871277097238,0.28923645438461115,0.4753175608601678,1.333299490919914,2.966707668089551,1320.931125546801,15136.06416608242,2.4913901072293836,1.2456950536146918,9.216663793364004,0.29284319395511405,0.34850238954097634,fourier
