nameseq,average,median,maximum,minimum,peak,none_levated_peak,sample_standard_deviation,population_standard_deviation,percentile15,percentile25,percentile50,percentile75,amplitude,variance,interquartile_range,semi_interquartile_range,coefficient_of_variation,skewness,kurtosis,label
LG1_10870569_10871094,141.73448954615765,22.106954556725054,55566.04750759596,0.010674514640801514,1.2370548191534836,31.17432966841693,2419.437262220796,2421.740391978115,5.001573823443568,9.670470519687482,22.106954556725054,44.353628266749325,55566.03683308132,5864826.526138313,34.68315774706184,17.34157887353092,17.0702083167476,0.14833308991814081,0.22281307233024716,fourier
