nameseq,average,median,maximum,minimum,peak,none_levated_peak,sample_standard_deviation,population_standard_deviation,percentile15,percentile25,percentile50,percentile75,amplitude,variance,interquartile_range,semi_interquartile_range,coefficient_of_variation,skewness,kurtosis,label
LG1_1419185_1419232,5.995858264365533,0.7652132092769622,227.98309815646553,7.62029876383107e-05,2.6685087096022406,12.464085562134995,32.40318221960554,32.74608258589113,0.15871375365550788,0.373674615504541,0.7652132092769622,2.030069058222435,227.9830219534779,1072.3059247220021,1.656394442717894,0.828197221358947,5.404260873240366,0.48427142306323573,0.25067855272701034,fourier
