nameseq,average,median,maximum,minimum,peak,none_levated_peak,sample_standard_deviation,population_standard_deviation,percentile15,percentile25,percentile50,percentile75,amplitude,variance,interquartile_range,semi_interquartile_range,coefficient_of_variation,skewness,kurtosis,label
LG1_17349651_17349703,6.707450369684378,0.6699221854794838,301.80442956894615,0.01235468816982642,2.6338870499161042,14.575387093774163,40.93540525762293,41.327140549315274,0.26661229328225655,0.35594314253537934,0.6699221854794838,1.5243961187584227,301.79207488077634,1707.9325459828585,1.1684529762230433,0.5842264881115217,6.102975497610602,0.4424674542397936,0.2018521527381535,fourier
