nameseq,average,median,maximum,minimum,peak,none_levated_peak,sample_standard_deviation,population_standard_deviation,percentile15,percentile25,percentile50,percentile75,amplitude,variance,interquartile_range,semi_interquartile_range,coefficient_of_variation,skewness,kurtosis,label
LG1_634702_634844,22.5567793232704,2.788559370373658,2540.377778708135,0.02707664490946163,2.1131858402095545,21.490360465118467,211.37145452871363,212.11441448038315,0.6432796393744811,1.1397142303798917,2.788559370373658,6.217282363557124,2540.3507020632255,44992.52483035578,5.077568133177232,2.538784066588616,9.370639819606476,0.2805708083474158,0.22041716256855343,fourier
