nameseq,average,median,maximum,minimum,peak,none_levated_peak,sample_standard_deviation,population_standard_deviation,percentile15,percentile25,percentile50,percentile75,amplitude,variance,interquartile_range,semi_interquartile_range,coefficient_of_variation,skewness,kurtosis,label
LG1_9231520_9231845,29.880104483365457,2.264621076704335,8610.000043506116,0.014996188276885558,3.636756582533453,57.74695189040206,475.95801695150874,476.6896976554827,0.4274587114955517,0.8483943797189548,2.264621076704335,4.8735495560729465,8609.98504731784,227233.06785087546,4.025155176353992,2.012577588176996,15.928927464643879,0.1740625165862557,0.2494707792744336,fourier
