nameseq,average,median,maximum,minimum,peak,none_levated_peak,sample_standard_deviation,population_standard_deviation,percentile15,percentile25,percentile50,percentile75,amplitude,variance,interquartile_range,semi_interquartile_range,coefficient_of_variation,skewness,kurtosis,label
LG1_12503491_12503749,20.377633006683137,1.0410246654036577,4914.314957355543,0.0052698353320218844,4.236671320217567,64.8143134660357,304.68633359804625,305.2762399268998,0.3024140741540371,0.4685889744858846,1.0410246654036577,1.9989520887057513,4914.309687520211,93193.58266390607,1.5303631142198666,0.7651815571099333,14.95199827664577,0.19039194944781213,0.2886899919357981,fourier
