nameseq,average,median,maximum,minimum,peak,none_levated_peak,sample_standard_deviation,population_standard_deviation,percentile15,percentile25,percentile50,percentile75,amplitude,variance,interquartile_range,semi_interquartile_range,coefficient_of_variation,skewness,kurtosis,label
LG1_2040572_2040703,12.662567237519196,1.0335772595037631,1453.250109277866,0.016931555295947084,3.4748087946674797,30.838368251014714,125.87636141283993,126.35589214519109,0.3130582228345669,0.5331319538830431,1.0335772595037631,2.351808094298178,1453.23317772257,15965.811479807164,1.8186761404151346,0.9093380702075673,9.940824719956327,0.27715267221322526,0.27715728494953357,fourier
