nameseq,average,median,maximum,minimum,peak,none_levated_peak,sample_standard_deviation,population_standard_deviation,percentile15,percentile25,percentile50,percentile75,amplitude,variance,interquartile_range,semi_interquartile_range,coefficient_of_variation,skewness,kurtosis,label
LG1_9491148_9496220,437.6767407147876,25.09862140448174,2032898.6189905452,0.003454000461408377,3.863582051991978,300.29153363754125,28538.621780654,28541.434991935977,5.6333705872930375,10.037653964259407,25.09862140448174,49.96318900032673,2032898.6155365447,814613511.3989074,39.92553503606732,19.96276751803366,65.20479414566655,0.043370502172251475,0.24555768571525177,fourier
