nameseq,average,median,maximum,minimum,peak,none_levated_peak,sample_standard_deviation,population_standard_deviation,percentile15,percentile25,percentile50,percentile75,amplitude,variance,interquartile_range,semi_interquartile_range,coefficient_of_variation,skewness,kurtosis,label
LG1_11762718_11762999,50.30953177810523,5.32580332367072,11497.096335344366,0.0257773086721905,1.8684332109190671,31.483918780650445,682.9641108402301,684.1782702179862,1.2267317196791314,1.6413678310905,5.32580332367072,13.543457126209873,11497.070558035693,468099.9054384757,11.902089295119373,5.951044647559686,13.575242835741454,0.1975963058985298,0.27889264177609707,fourier
