nameseq,average,median,maximum,minimum,peak,none_levated_peak,sample_standard_deviation,population_standard_deviation,percentile15,percentile25,percentile50,percentile75,amplitude,variance,interquartile_range,semi_interquartile_range,coefficient_of_variation,skewness,kurtosis,label
LG1_13166295_13166678,45.83389611422533,3.6268119025751853,15187.940963658944,0.05505640032346226,2.7926929816527863,51.8237577207195,773.780902999882,774.790402324137,0.9425285408875229,1.7531472719575096,3.6268119025751853,7.430893873602914,15187.88590725862,600300.167533598,5.677746601645405,2.8388733008227023,16.88228513394317,0.16363967131270718,0.223880458396301,fourier
