nameseq,average,median,maximum,minimum,peak,none_levated_peak,sample_standard_deviation,population_standard_deviation,percentile15,percentile25,percentile50,percentile75,amplitude,variance,interquartile_range,semi_interquartile_range,coefficient_of_variation,skewness,kurtosis,label
LG1_4937815_4938097,31.02156047909992,3.041663361169998,7572.853342337746,0.02064900502436946,3.0408958117012936,43.6958154252473,449.1267420238555,449.92236132247035,0.9576590592948128,1.3879128325531611,3.041663361169998,6.031805180799825,7572.832693332722,202430.1312179876,4.6438923482466645,2.3219461741233323,14.477890057350422,0.18689533153946838,0.2573798846463183,fourier
