nameseq,average,median,maximum,minimum,peak,none_levated_peak,sample_standard_deviation,population_standard_deviation,percentile15,percentile25,percentile50,percentile75,amplitude,variance,interquartile_range,semi_interquartile_range,coefficient_of_variation,skewness,kurtosis,label
LG1_2882705_2883153,42.92469812230332,2.636704779852255,17451.884317851767,0.004043154802663617,3.486726132359242,72.76387365028864,822.5085378173374,823.4260044024145,0.5729312504973818,1.1638619373552614,2.636704779852255,5.860487873581554,17451.880274696963,678030.3847261252,4.696625936226292,2.348312968113146,19.1616615561,0.14694556283644883,0.2532424142158793,fourier
