nameseq,average,median,maximum,minimum,peak,none_levated_peak,sample_standard_deviation,population_standard_deviation,percentile15,percentile25,percentile50,percentile75,amplitude,variance,interquartile_range,semi_interquartile_range,coefficient_of_variation,skewness,kurtosis,label
LG1_16513514_16513574,11.404444207761298,1.451870966253564,560.8247831260904,0.03990233465638053,1.782930668335023,11.997058761705071,70.96697294737432,71.55592058058683,0.3287316847195207,0.6816984815306473,1.451870966253564,3.4275139731851216,560.784880791434,5120.24977013525,2.7458154916544744,1.3729077458272372,6.2227471724643735,0.4207269731888416,0.30219510868298244,fourier
