nameseq,average,median,maximum,minimum,peak,none_levated_peak,sample_standard_deviation,population_standard_deviation,percentile15,percentile25,percentile50,percentile75,amplitude,variance,interquartile_range,semi_interquartile_range,coefficient_of_variation,skewness,kurtosis,label
LG1_9012146_9012292,15.651221628099584,1.8601103915882602,1949.8093912389736,0.00899413208626445,3.1307460314808484,30.05212164496478,160.08908421963747,160.6363989246394,0.21895153510918053,0.5242599332244416,1.8601103915882602,3.889500626634069,1949.8003971068874,25804.052659475892,3.3652406934096275,1.6826203467048138,10.228536022531292,0.2584394427091043,0.2918888556772771,fourier
