nameseq,average,median,maximum,minimum,peak,none_levated_peak,sample_standard_deviation,population_standard_deviation,percentile15,percentile25,percentile50,percentile75,amplitude,variance,interquartile_range,semi_interquartile_range,coefficient_of_variation,skewness,kurtosis,label
LG1_5113844_5114192,42.31700449515633,4.116428945612971,12799.651491579538,0.029398459339014336,2.7490918773952684,47.794437025516736,683.8881548622851,684.8700479090159,0.905172904892692,1.8172438473822239,4.116428945612971,8.357897577534873,12799.622093120199,469046.98252289766,6.540653730152648,3.270326865076324,16.161071961994946,0.1675737850317169,0.28718774831474636,fourier
