nameseq,average,median,maximum,minimum,peak,none_levated_peak,sample_standard_deviation,population_standard_deviation,percentile15,percentile25,percentile50,percentile75,amplitude,variance,interquartile_range,semi_interquartile_range,coefficient_of_variation,skewness,kurtosis,label
LG1_10468636_10469008,41.93180991949716,3.9924084698780087,13127.997219072025,0.0060399290510558075,2.9651315688980473,49.99481533009289,678.5655439896357,679.4769823373074,0.806602414230119,1.5217261511527045,3.9924084698780087,7.89868431552642,13127.991179142975,461688.96952621354,6.376958164373716,3.188479082186858,16.18259610764192,0.16773354520723485,0.2257570438686322,fourier
