nameseq,average,median,maximum,minimum,peak,none_levated_peak,sample_standard_deviation,population_standard_deviation,percentile15,percentile25,percentile50,percentile75,amplitude,variance,interquartile_range,semi_interquartile_range,coefficient_of_variation,skewness,kurtosis,label
LG1_7560798_7563797,259.60551826768653,15.251398230661483,706658.9992600104,0.01587917246201401,3.851998242074623,219.0317566825197,12899.214114000055,12901.364520635652,3.9441575900124546,6.244966682031273,15.251398230661483,33.88529896690776,706658.983380838,166445206.4943164,27.64033228487649,13.820166142438245,49.68775009127238,0.05683000170649559,0.25858849012772767,fourier
