nameseq,average,median,maximum,minimum,peak,none_levated_peak,sample_standard_deviation,population_standard_deviation,percentile15,percentile25,percentile50,percentile75,amplitude,variance,interquartile_range,semi_interquartile_range,coefficient_of_variation,skewness,kurtosis,label
LG1_5517984_5518300,28.853703078525818,2.76170342118874,7792.625293462143,0.007867415210172011,3.6621527011313986,50.8840822765298,436.7744217310806,437.46497460769956,0.6507134633043257,1.106048878146564,2.76170342118874,5.331331725426976,7792.617426046933,191375.6040085152,4.225282847280412,2.112641423640206,15.137551687642727,0.17921378880607913,0.2224747924550918,fourier
