nameseq,average,median,maximum,minimum,peak,none_levated_peak,sample_standard_deviation,population_standard_deviation,percentile15,percentile25,percentile50,percentile75,amplitude,variance,interquartile_range,semi_interquartile_range,coefficient_of_variation,skewness,kurtosis,label
LG1_12006173_12006549,68.42210379747735,4.80309229464013,23025.86903769905,0.014412498714831676,1.8366384500340351,45.36553826385016,1183.9678784299176,1185.5412583645366,1.1255761306092125,1.9568962517166602,4.80309229464013,9.425778642200932,23025.854625200333,1405508.0752845686,7.468882390484271,3.7344411952421357,17.303880072649406,0.16120119302696861,0.20935307011248944,fourier
