nameseq,average,median,maximum,minimum,peak,none_levated_peak,sample_standard_deviation,population_standard_deviation,percentile15,percentile25,percentile50,percentile75,amplitude,variance,interquartile_range,semi_interquartile_range,coefficient_of_variation,skewness,kurtosis,label
LG1_9195200_9199054,301.4804687838032,12.767789886188362,1087145.7539508108,0.008625995080348647,4.262299329650756,308.3590507228829,17507.001654882573,17509.27278437969,3.2876438611084904,5.754631825812139,12.767789886188362,25.679425486636312,1087145.7453248156,306574633.4378193,19.92479366082417,9.962396830412086,58.070102270662,0.04947380789509921,0.22520273481924027,fourier
