nameseq,average,median,maximum,minimum,peak,none_levated_peak,sample_standard_deviation,population_standard_deviation,percentile15,percentile25,percentile50,percentile75,amplitude,variance,interquartile_range,semi_interquartile_range,coefficient_of_variation,skewness,kurtosis,label
LG1_5036539_5036799,68.2525761271124,3.430119243527793,14235.764918446595,0.05658093359104921,1.274677161459411,29.139874791912746,879.932000395765,881.6225533479309,0.7767631394250335,1.478618685873754,3.430119243527793,7.61492330448251,14235.708337513004,777258.3265717252,6.136304618608756,3.068152309304378,12.892289937261783,0.2210027258507347,0.10115623492509337,fourier
