nameseq,average,median,maximum,minimum,peak,none_levated_peak,sample_standard_deviation,population_standard_deviation,percentile15,percentile25,percentile50,percentile75,amplitude,variance,interquartile_range,semi_interquartile_range,coefficient_of_variation,skewness,kurtosis,label
LG1_3708221_3708455,35.632799918186386,4.829728591619845,6461.103563076666,0.038580785480180464,2.198349091656794,28.462588246748904,420.2110626573201,421.1079923067659,0.9321930153501794,1.8821626449859652,4.829728591619845,10.404219460300116,6461.064982291186,177331.9411846352,8.522056815314151,4.261028407657076,11.792816271023693,0.21991142592801954,0.23231278957357956,fourier
