nameseq,average,median,maximum,minimum,peak,none_levated_peak,sample_standard_deviation,population_standard_deviation,percentile15,percentile25,percentile50,percentile75,amplitude,variance,interquartile_range,semi_interquartile_range,coefficient_of_variation,skewness,kurtosis,label
LG1_10456306_10456624,25.109409946787128,1.2587535520546291,7484.559283201508,0.01628251506308893,4.2348001629141905,75.31237214559528,418.3084927132516,418.9656942067972,0.27194918639182,0.5557523114240368,1.2587535520546291,2.431807077037537,7484.543000686445,175532.2529221835,1.8760547656135,0.93802738280675,16.659431408374303,0.1710507207733074,0.2581250801699242,fourier
