nameseq,average,median,maximum,minimum,peak,none_levated_peak,sample_standard_deviation,population_standard_deviation,percentile15,percentile25,percentile50,percentile75,amplitude,variance,interquartile_range,semi_interquartile_range,coefficient_of_variation,skewness,kurtosis,label
LG1_13473855_13474025,19.04292239903217,1.9909950135992593,2756.8840979303736,0.025054213549656874,2.9932380548322217,31.85211572303381,210.00798271176745,210.62474757193306,0.3053231785083582,0.665477210383412,1.9909950135992593,4.109695074835944,2756.859043716824,44362.78428974052,3.444217864452532,1.722108932226266,11.028138345112449,0.2435897030948067,0.27718373396749435,fourier
