nameseq,average,median,maximum,minimum,peak,none_levated_peak,sample_standard_deviation,population_standard_deviation,percentile15,percentile25,percentile50,percentile75,amplitude,variance,interquartile_range,semi_interquartile_range,coefficient_of_variation,skewness,kurtosis,label
LG1_4129645_4129693,23.40050571750442,3.2520606739494644,904.2824412561738,0.01932114058064968,0.6979906131308697,6.431555681710224,127.2410144081237,128.55960936085972,0.718825957023569,1.355510512864408,3.2520606739494644,7.935283100297709,904.2631201155931,16527.57315901685,6.5797725874333,3.28988629371665,5.4375326731910265,0.47504600157294663,0.24168865133588768,fourier
