nameseq,average,median,maximum,minimum,peak,none_levated_peak,sample_standard_deviation,population_standard_deviation,percentile15,percentile25,percentile50,percentile75,amplitude,variance,interquartile_range,semi_interquartile_range,coefficient_of_variation,skewness,kurtosis,label
LG1_10057547_10062961,428.5358458029057,18.29518803698234,2172614.9809313924,0.01120318525444294,4.212016375475307,369.7869871500673,29521.484062894928,29524.210339306792,4.452444642988307,7.715439207875161,18.29518803698234,36.91633328662519,2172614.969728207,871678996.15963,29.20089407875003,14.600447039375014,68.88918243836385,0.04168902791864195,0.23892127771939684,fourier
