nameseq,average,median,maximum,minimum,peak,none_levated_peak,sample_standard_deviation,population_standard_deviation,percentile15,percentile25,percentile50,percentile75,amplitude,variance,interquartile_range,semi_interquartile_range,coefficient_of_variation,skewness,kurtosis,label
LG1_4713979_4714141,17.505214230923507,2.016439477550204,2415.272301327935,0.027911936347329462,3.103837097711824,30.666044093942517,188.40093343363574,188.98152320264106,0.45357841769262025,0.9783239480742904,2.016439477550204,4.198400456966345,2415.244389391588,35714.01611199036,3.220076508892055,1.6100382544460274,10.762560854629223,0.24663531869648445,0.2700923957205209,fourier
