nameseq,average,median,maximum,minimum,peak,none_levated_peak,sample_standard_deviation,population_standard_deviation,percentile15,percentile25,percentile50,percentile75,amplitude,variance,interquartile_range,semi_interquartile_range,coefficient_of_variation,skewness,kurtosis,label
LG1_6504105_6504341,21.325699070327207,1.6028224020622974,4551.078033421533,0.04241171513243262,3.7044506601859255,50.23675697709272,294.86945046692273,295.49351349403463,0.2560657290827925,0.6187731906157898,1.6028224020622974,2.9715454602933056,4551.035621706401,87316.41651704923,2.3527722696775157,1.1763861348387579,13.826953550010797,0.20066042755904964,0.2618291228678628,fourier
