nameseq,average,median,maximum,minimum,peak,none_levated_peak,sample_standard_deviation,population_standard_deviation,percentile15,percentile25,percentile50,percentile75,amplitude,variance,interquartile_range,semi_interquartile_range,coefficient_of_variation,skewness,kurtosis,label
LG1_2744310_2746811,180.94098488532498,5.200369409156047,433001.53790858807,0.003957748783554464,4.609237650212662,305.3131410183047,8654.685246542089,8656.415318572672,1.2719505604043677,2.1180340810395633,5.200369409156047,10.752594288080584,433001.5339508393,74933526.16761962,8.63456020704102,4.31728010352051,47.83153607805977,0.06091750669259221,0.23753963707627596,fourier
