nameseq,average,median,maximum,minimum,peak,none_levated_peak,sample_standard_deviation,population_standard_deviation,percentile15,percentile25,percentile50,percentile75,amplitude,variance,interquartile_range,semi_interquartile_range,coefficient_of_variation,skewness,kurtosis,label
LG1_11846999_11847041,6.079261597602568,0.8120041842277488,200.1636310698468,0.09971409893790256,2.357742482900532,10.44663772397057,29.98939618218326,30.344312632955102,0.3810092397656532,0.5533703837073827,0.8120041842277488,2.008642943243773,200.06391697090888,920.7773091665185,1.4552725595363902,0.7276362797681951,4.933065587111755,0.5269119839602611,0.18907403196296757,fourier
