nameseq,average,median,maximum,minimum,peak,none_levated_peak,sample_standard_deviation,population_standard_deviation,percentile15,percentile25,percentile50,percentile75,amplitude,variance,interquartile_range,semi_interquartile_range,coefficient_of_variation,skewness,kurtosis,label
LG1_12659960_12675716,1416.7867198885087,84.39212085798742,20318826.376317747,0.00037756884262859705,3.7072152495519264,514.3904631567918,161862.22736063597,161867.36380577367,19.96815488515338,35.00829495010299,84.39212085798742,175.41842107021364,20318826.375940178,26201043465.430683,140.41012612011065,70.20506306005532,114.24600830065191,0.024694975858608862,0.24931782585234288,fourier
