nameseq,average,median,maximum,minimum,peak,none_levated_peak,sample_standard_deviation,population_standard_deviation,percentile15,percentile25,percentile50,percentile75,amplitude,variance,interquartile_range,semi_interquartile_range,coefficient_of_variation,skewness,kurtosis,label
LG1_892544_892737,36.42213914413986,2.585185955346415,6241.052485645719,0.02242014422544622,1.7754768991120944,29.165904253075382,446.6390564501349,447.7946574927317,0.7861978288271838,1.1186782185944357,2.585185955346415,5.865017148067159,6241.0300655014935,200520.0552790329,4.746338929472723,2.3731694647363617,12.262845262398512,0.22727716732429004,0.23073763413320647,fourier
