nameseq,average,median,maximum,minimum,peak,none_levated_peak,sample_standard_deviation,population_standard_deviation,percentile15,percentile25,percentile50,percentile75,amplitude,variance,interquartile_range,semi_interquartile_range,coefficient_of_variation,skewness,kurtosis,label
LG1_4208836_4210042,113.1844406967951,5.834216396051232,125259.69784421608,0.0073556696463733225,3.5546699781034983,136.0428028572022,3603.6872897405424,3605.181046194222,1.357900429141514,2.465927846828717,5.834216396051232,12.954105224356889,125259.69048854643,12997330.375838064,10.48817737752817,5.244088688764085,31.839069642039444,0.08936698636951335,0.25626571666152975,fourier
