nameseq,average,median,maximum,minimum,peak,none_levated_peak,sample_standard_deviation,population_standard_deviation,percentile15,percentile25,percentile50,percentile75,amplitude,variance,interquartile_range,semi_interquartile_range,coefficient_of_variation,skewness,kurtosis,label
LG1_8770306_8772024,135.451285507805,6.938150885988131,213908.5499986194,0.025713602164450348,4.230303151807167,182.9015073896336,5157.561459552256,5159.062277701161,1.6948064939728102,2.944278349279749,6.938150885988131,14.375692063622141,213908.52428501722,26615923.585199095,11.431413714342392,5.715706857171196,38.07687346942946,0.07475226555980208,0.26127897367773373,fourier
