nameseq,average,median,maximum,minimum,peak,none_levated_peak,sample_standard_deviation,population_standard_deviation,percentile15,percentile25,percentile50,percentile75,amplitude,variance,interquartile_range,semi_interquartile_range,coefficient_of_variation,skewness,kurtosis,label
LG1_9568581_9570903,207.83069609328777,11.863677396871342,442218.03165220516,0.010556724840119219,3.7257890575786883,195.20848688345922,9172.802576101509,9174.777557839563,2.7700507706743407,5.082808538309273,11.863677396871342,24.07007762069178,442218.0210954803,84176543.2358365,18.987269082382507,9.493634541191254,44.13593732075153,0.064091759439034,0.2491693931236588,fourier
