nameseq,average,median,maximum,minimum,peak,none_levated_peak,sample_standard_deviation,population_standard_deviation,percentile15,percentile25,percentile50,percentile75,amplitude,variance,interquartile_range,semi_interquartile_range,coefficient_of_variation,skewness,kurtosis,label
LG1_6888706_6889042,71.37420736924048,8.737682370920805,20131.332421107494,0.11710868511591292,1.5738645299722747,32.585812655141545,1094.4279832015513,1096.05538630599,2.267392580174564,3.2618163411748844,8.737682370920805,14.572097219603302,20131.215312422377,1201337.409850373,11.310280878428419,5.655140439214209,15.333662166498643,0.17169661035645628,0.21502021871199162,fourier
