nameseq,average,median,maximum,minimum,peak,none_levated_peak,sample_standard_deviation,population_standard_deviation,percentile15,percentile25,percentile50,percentile75,amplitude,variance,interquartile_range,semi_interquartile_range,coefficient_of_variation,skewness,kurtosis,label
LG1_11710291_11710408,16.30040511497035,1.9120913555999932,1523.9354922841526,0.02628866597773562,2.413027961937551,20.731519814697133,139.44107396621123,140.03570810931825,0.42924010040009897,0.7825454682359144,1.9120913555999932,4.050976033032547,1523.9092036181748,19609.99954567818,3.2684305647966325,1.6342152823983163,8.554454504823813,0.3095568619083543,0.16579180616806988,fourier
