nameseq,average,median,maximum,minimum,peak,none_levated_peak,sample_standard_deviation,population_standard_deviation,percentile15,percentile25,percentile50,percentile75,amplitude,variance,interquartile_range,semi_interquartile_range,coefficient_of_variation,skewness,kurtosis,label
LG1_1289749_1290156,47.120107266419076,3.5916839919658163,17019.565851324885,0.007261409911869274,2.8862413073690654,57.81303599346294,841.3116872628234,842.3446056226871,0.747899408214806,1.3631855389823722,3.5916839919658163,7.200932899713977,17019.558589914974,709544.4346216404,5.837747360731605,2.9188736803658024,17.854621648164162,0.15521627929384194,0.2153932363036714,fourier
