nameseq,average,median,maximum,minimum,peak,none_levated_peak,sample_standard_deviation,population_standard_deviation,percentile15,percentile25,percentile50,percentile75,amplitude,variance,interquartile_range,semi_interquartile_range,coefficient_of_variation,skewness,kurtosis,label
LG1_5825899_5826011,24.57333406885223,2.8634642257845973,2274.863968981773,0.08156027594181442,1.532826866762488,17.105455891066647,212.71074947370116,213.6582407977414,0.5730872664728439,0.9760971304580769,2.8634642257845973,5.52054960561419,2274.782408705831,45649.84386078565,4.544452475156113,2.2722262375780566,8.656161548030282,0.30618861383521806,0.19554618346626354,fourier
