nameseq,average,median,maximum,minimum,peak,none_levated_peak,sample_standard_deviation,population_standard_deviation,percentile15,percentile25,percentile50,percentile75,amplitude,variance,interquartile_range,semi_interquartile_range,coefficient_of_variation,skewness,kurtosis,label
LG1_14221621_14221792,22.01512028147357,2.4408486230349133,3255.644453714065,0.03392577274331719,2.604270728494778,29.94174569191238,247.29739798407343,248.01943571911508,0.6296210670685265,0.9144497451185134,2.4408486230349133,4.0360565579936845,3255.610527941322,61513.640494428255,3.121606812875171,1.5608034064375855,11.233070490747313,0.23745828081497997,0.2399610034364119,fourier
