nameseq,average,median,maximum,minimum,peak,none_levated_peak,sample_standard_deviation,population_standard_deviation,percentile15,percentile25,percentile50,percentile75,amplitude,variance,interquartile_range,semi_interquartile_range,coefficient_of_variation,skewness,kurtosis,label
LG1_5580148_5580375,45.158685590890244,4.493764256372177,8593.401714805848,0.07642054104591459,1.6829542092635952,26.964724036825494,567.417772670538,568.6662181240703,1.6232954288130899,2.3160953482365185,4.493764256372177,10.121528710667748,8593.325294264803,323381.26763553265,7.80543336243123,3.902716681215615,12.564975380616524,0.214999899332354,0.2176067180986615,fourier
