nameseq,average,median,maximum,minimum,peak,none_levated_peak,sample_standard_deviation,population_standard_deviation,percentile15,percentile25,percentile50,percentile75,amplitude,variance,interquartile_range,semi_interquartile_range,coefficient_of_variation,skewness,kurtosis,label
LG1_1663470_1663771,48.83167515463026,4.434564506820655,12412.036356061444,0.015324469143605707,2.0615034472582776,36.47073881729013,712.6595227855867,713.8423609817413,0.9731721251110564,1.512027879939166,4.434564506820655,9.897355148360212,12412.021031592301,509570.91633198666,8.385327268421046,4.192663634210523,14.594205923284033,0.18689335886907282,0.24087772296985624,fourier
