nameseq,average,median,maximum,minimum,peak,none_levated_peak,sample_standard_deviation,population_standard_deviation,percentile15,percentile25,percentile50,percentile75,amplitude,variance,interquartile_range,semi_interquartile_range,coefficient_of_variation,skewness,kurtosis,label
LG1_3821656_3821850,36.12879460294707,3.7024681767186327,5837.990633141503,0.17194802362419667,1.799118977379275,25.18198415243623,416.61046750090566,417.6828256905537,1.115317531152241,1.8177562421282794,3.7024681767186327,8.605580814154159,5837.818685117879,174458.9428768455,6.78782457202588,3.39391228601294,11.531258434703556,0.2335010444222068,0.2450775289128692,fourier
