nameseq,average,median,maximum,minimum,peak,none_levated_peak,sample_standard_deviation,population_standard_deviation,percentile15,percentile25,percentile50,percentile75,amplitude,variance,interquartile_range,semi_interquartile_range,coefficient_of_variation,skewness,kurtosis,label
LG1_6046865_6050483,312.5368475853129,22.06431042574848,1007882.620430102,0.008338115133442323,3.8598115475137424,223.55877347914705,16751.077398497164,16753.39220226673,5.337461571395025,9.563301913933149,22.06431042574848,45.37207106540782,1007882.6120919868,280676150.2829716,35.80876915147468,17.90438457573734,53.597127916012006,0.05202158588061167,0.24053900969915093,fourier
