nameseq,average,median,maximum,minimum,peak,none_levated_peak,sample_standard_deviation,population_standard_deviation,percentile15,percentile25,percentile50,percentile75,amplitude,variance,interquartile_range,semi_interquartile_range,coefficient_of_variation,skewness,kurtosis,label
LG1_10839808_10842288,173.77876101556865,4.826607752007217,412806.80690927524,0.026804394643323137,4.758924480569348,316.7734665015612,8285.877077726798,8287.547449092972,1.002611163708671,1.843379229876983,4.826607752007217,9.389746703384017,412806.78010488057,68683442.72096743,7.546367473507034,3.773183736753517,47.68060854677446,0.061171129505790185,0.24283207115890526,fourier
