nameseq,average,median,maximum,minimum,peak,none_levated_peak,sample_standard_deviation,population_standard_deviation,percentile15,percentile25,percentile50,percentile75,amplitude,variance,interquartile_range,semi_interquartile_range,coefficient_of_variation,skewness,kurtosis,label
LG1_2576654_2577065,60.33057386956635,5.7920521004619,20001.203668213166,0.013843154739668165,2.276347207143191,43.519259812791525,983.8463238455477,985.0424900305946,1.3021468603148199,2.239025734169097,5.7920521004619,12.17093685914174,20001.189825058427,970308.7071656743,9.931911124972643,4.965955562486322,16.30759100638768,0.1663019532032109,0.21209243469634995,fourier
