nameseq,average,median,maximum,minimum,peak,none_levated_peak,sample_standard_deviation,population_standard_deviation,percentile15,percentile25,percentile50,percentile75,amplitude,variance,interquartile_range,semi_interquartile_range,coefficient_of_variation,skewness,kurtosis,label
LG1_9253492_9254385,111.9829415463535,8.128512002777923,89054.89434288848,0.011346926953111259,2.6611195945111676,88.2042099389127,2976.401034203312,2978.067085850266,1.4856170542749978,2.928981067825794,8.128512002777923,16.08073740603752,89054.88299596153,8868883.567824693,13.151756338211726,6.575878169105863,26.579057426985695,0.10467785928387917,0.2494200906478371,fourier
