nameseq,average,median,maximum,minimum,peak,none_levated_peak,sample_standard_deviation,population_standard_deviation,percentile15,percentile25,percentile50,percentile75,amplitude,variance,interquartile_range,semi_interquartile_range,coefficient_of_variation,skewness,kurtosis,label
LG1_16529391_16529835,48.87773664208934,2.9336385976768713,19941.752811364087,0.013222539528984325,3.0347831860446934,71.2348464619424,944.0872560128926,945.1498193835414,0.5720681030905553,1.2736010981465862,2.9336385976768713,4.903315251912078,19941.73958882456,893308.181080741,3.629714153765492,1.814857076882746,19.31528178004718,0.14599529148961965,0.2242671697232061,fourier
