nameseq,average,median,maximum,minimum,peak,none_levated_peak,sample_standard_deviation,population_standard_deviation,percentile15,percentile25,percentile50,percentile75,amplitude,variance,interquartile_range,semi_interquartile_range,coefficient_of_variation,skewness,kurtosis,label
LG1_2272302_2272480,17.048800238503247,0.9672419315447293,2755.822005888141,0.0080135129021514,3.4997575097345934,42.30864010184481,205.2870767245356,205.8629181830928,0.2171227579348662,0.4181133040505889,0.9672419315447293,2.4197190926715626,2755.813992375239,42379.54108285876,2.0016057886209735,1.0008028943104867,12.041145057287517,0.23501077462178807,0.24035150783420225,fourier
