nameseq,average,median,maximum,minimum,peak,none_levated_peak,sample_standard_deviation,population_standard_deviation,percentile15,percentile25,percentile50,percentile75,amplitude,variance,interquartile_range,semi_interquartile_range,coefficient_of_variation,skewness,kurtosis,label
LG1_5396403_5398038,146.47468253415516,8.964969685750422,215013.20097635954,0.005800815401043713,3.7230552331538376,150.75622079642375,5313.894065510185,5315.518861165189,2.143423066680217,3.508752511611609,8.964969685750422,18.804805698973766,215013.19517554413,28254740.76340287,15.296053187362157,7.648026593681078,36.278583940750885,0.07763217208689452,0.21697964083983734,fourier
