nameseq,average,median,maximum,minimum,peak,none_levated_peak,sample_standard_deviation,population_standard_deviation,percentile15,percentile25,percentile50,percentile75,amplitude,variance,interquartile_range,semi_interquartile_range,coefficient_of_variation,skewness,kurtosis,label
LG1_11333128_11333309,27.09743726893044,3.5688324370947693,4194.261936588621,0.011246617693691471,2.238834103187546,27.985305215497768,309.76510205465115,310.61962809760934,0.8379165906124496,1.261630904282481,3.5688324370947693,5.511364585544789,4194.250689970928,96484.55335949713,4.249733681262308,2.124866840631154,11.431527600944893,0.2278688400575663,0.2659154620820765,fourier
