nameseq,average,median,maximum,minimum,peak,none_levated_peak,sample_standard_deviation,population_standard_deviation,percentile15,percentile25,percentile50,percentile75,amplitude,variance,interquartile_range,semi_interquartile_range,coefficient_of_variation,skewness,kurtosis,label
LG1_7527664_7527848,37.38695950159966,5.754526881786987,5277.248532510384,0.047467628462870795,1.6494164673655303,20.233012237043628,386.37927326221353,387.4277942490347,1.8355541431613425,3.2482126556822872,5.754526881786987,13.856018862802538,5277.201064881921,150100.29575667236,10.60780620712025,5.303903103560125,10.334600042714937,0.24560659545274482,0.26096251601049514,fourier
