nameseq,average,median,maximum,minimum,peak,none_levated_peak,sample_standard_deviation,population_standard_deviation,percentile15,percentile25,percentile50,percentile75,amplitude,variance,interquartile_range,semi_interquartile_range,coefficient_of_variation,skewness,kurtosis,label
LG1_6211486_6211660,29.632863137330787,3.850270906470007,4283.897153101809,0.002538544735564097,1.9685351720146937,24.413295841227182,322.5652817755332,323.49086554828074,0.9089542298224236,1.6297656974278205,3.850270906470007,7.044278428751014,4283.8946145570735,104646.34009317587,5.414512731323193,2.7072563656615967,10.885390327645155,0.23978952808196857,0.27816577909868323,fourier
