nameseq,average,median,maximum,minimum,peak,none_levated_peak,sample_standard_deviation,population_standard_deviation,percentile15,percentile25,percentile50,percentile75,amplitude,variance,interquartile_range,semi_interquartile_range,coefficient_of_variation,skewness,kurtosis,label
LG1_6330139_6330363,29.429437342600504,3.2197277241752182,5697.043764793119,0.043028930040651926,2.5484687025067227,34.49610420097508,378.69969319067,379.544063677472,0.884754881586213,1.6589763150015884,3.2197277241752182,5.7246946630590925,5697.000735863079,144053.69627280894,4.065718348057504,2.032859174028752,12.868057543270943,0.20762923833605323,0.2667879617681682,fourier
