nameseq,average,median,maximum,minimum,peak,none_levated_peak,sample_standard_deviation,population_standard_deviation,percentile15,percentile25,percentile50,percentile75,amplitude,variance,interquartile_range,semi_interquartile_range,coefficient_of_variation,skewness,kurtosis,label
LG1_16593443_16593785,36.813308581796214,2.3359767506849183,11368.41364229152,0.05907166414998068,3.105760871215741,58.634071220113285,612.7617706034966,613.6569672394613,0.5025218465471337,0.8763803963703567,2.3359767506849183,4.418631725442482,11368.35457062737,376574.87344153324,3.542251329072125,1.7711256645360625,16.64511542726428,0.1687964237577449,0.21650935505187946,fourier
