nameseq,average,median,maximum,minimum,peak,none_levated_peak,sample_standard_deviation,population_standard_deviation,percentile15,percentile25,percentile50,percentile75,amplitude,variance,interquartile_range,semi_interquartile_range,coefficient_of_variation,skewness,kurtosis,label
LG1_490994_491493,53.491509943536066,4.387680960067036,23003.928861977165,0.02044056349581091,3.115759245581115,62.3211468150559,1027.441209824705,1028.4701947694507,1.1939170679824644,2.051068348545539,4.387680960067036,9.330684495003208,23003.90842141367,1057750.941529112,7.279616146457669,3.6398080732288345,19.20755669281423,0.1433770473110966,0.19637969027612195,fourier
