nameseq,average,median,maximum,minimum,peak,none_levated_peak,sample_standard_deviation,population_standard_deviation,percentile15,percentile25,percentile50,percentile75,amplitude,variance,interquartile_range,semi_interquartile_range,coefficient_of_variation,skewness,kurtosis,label
LG1_16502786_16502924,28.927889929605474,1.9864555026157973,3559.4988215391863,0.04934563172207008,1.6016838229847774,23.41458241874747,300.57238735547764,301.65945197921695,0.40954922505593166,0.7181275562108151,1.9864555026157973,4.494842112814698,3559.449475907464,90998.42496840151,3.776714556603883,1.8883572783019416,10.390401376903224,0.26890129193863915,0.25829278812347695,fourier
