nameseq,average,median,maximum,minimum,peak,none_levated_peak,sample_standard_deviation,population_standard_deviation,percentile15,percentile25,percentile50,percentile75,amplitude,variance,interquartile_range,semi_interquartile_range,coefficient_of_variation,skewness,kurtosis,label
LG1_16209165_16209498,31.421596386895025,2.021692584078238,9544.899865438114,0.08627178816378091,3.5432105982930584,62.33553055745279,521.3466428145277,522.1288587725159,0.5688440019940483,0.8066846166331981,2.021692584078238,3.928750727492431,9544.81359364995,272618.5451630899,3.122066110859233,1.5610330554296166,16.591984582679107,0.16917671308344445,0.29158741427139556,fourier
