nameseq,average,median,maximum,minimum,peak,none_levated_peak,sample_standard_deviation,population_standard_deviation,percentile15,percentile25,percentile50,percentile75,amplitude,variance,interquartile_range,semi_interquartile_range,coefficient_of_variation,skewness,kurtosis,label
LG1_18258195_18258607,70.76050559696223,8.658779007591907,24301.209857530444,0.24090939850425067,1.9455297203610813,40.30523764070139,1193.8164963793872,1195.2644247422081,2.0072440119017507,3.1092939206323216,8.658779007591907,16.149792980973356,24300.96894813194,1428657.0450543214,13.040499060341034,6.520249530170517,16.871226206029796,0.15605847325207708,0.23033544826079558,fourier
