nameseq,average,median,maximum,minimum,peak,none_levated_peak,sample_standard_deviation,population_standard_deviation,percentile15,percentile25,percentile50,percentile75,amplitude,variance,interquartile_range,semi_interquartile_range,coefficient_of_variation,skewness,kurtosis,label
LG1_958594_958826,41.313022818773824,3.9346305242627113,8351.55148929405,0.005280014668880323,1.8799560372854804,31.735877114837294,545.6199610537121,546.7946017266544,0.6340909889324009,1.5044859398410388,3.9346305242627113,7.552990913885623,8351.54620927938,298984.33647741063,6.048504974044584,3.024252487022292,13.206972616048002,0.2055188315819232,0.245517271865291,fourier
