nameseq,average,median,maximum,minimum,peak,none_levated_peak,sample_standard_deviation,population_standard_deviation,percentile15,percentile25,percentile50,percentile75,amplitude,variance,interquartile_range,semi_interquartile_range,coefficient_of_variation,skewness,kurtosis,label
LG1_15615143_15615447,34.309892369976936,1.8632437245282876,9534.335862378763,0.00964388671071162,2.963188154901665,55.03438858763223,544.8737122568024,545.7691503502165,0.49109086876118885,0.8366901166279003,1.8632437245282876,3.858254310396987,9534.326218492051,297863.96547399723,3.0215641937690867,1.5107820968845433,15.880950787639229,0.17864680153714044,0.1905874532377264,fourier
