nameseq,average,median,maximum,minimum,peak,none_levated_peak,sample_standard_deviation,population_standard_deviation,percentile15,percentile25,percentile50,percentile75,amplitude,variance,interquartile_range,semi_interquartile_range,coefficient_of_variation,skewness,kurtosis,label
LG1_6760326_6762986,298.31679992275843,20.939505612271827,705577.5893486135,0.005293740140399853,2.973349138331016,166.47709233845274,13674.840132149506,13677.410349281901,4.566883336537005,8.794042864018207,20.939505612271827,45.92080837681297,705577.5840548733,187071553.86264366,37.12676551279476,18.56338275639738,45.83999337513093,0.06085130611327005,0.25306193426039747,fourier
