nameseq,average,median,maximum,minimum,peak,none_levated_peak,sample_standard_deviation,population_standard_deviation,percentile15,percentile25,percentile50,percentile75,amplitude,variance,interquartile_range,semi_interquartile_range,coefficient_of_variation,skewness,kurtosis,label
LG1_679709_680026,49.46300847921308,5.261966455121231,13084.022323770876,0.1334106653119974,2.1430156243841636,36.81093107074109,732.1652074686754,733.3191328615363,1.2609871971592868,2.3596889883109844,5.261966455121231,11.250640105390033,13083.888913105564,537756.9506207956,8.890951117079048,4.445475558539524,14.802278105998528,0.181110936055984,0.253549210069552,fourier
