nameseq,average,median,maximum,minimum,peak,none_levated_peak,sample_standard_deviation,population_standard_deviation,percentile15,percentile25,percentile50,percentile75,amplitude,variance,interquartile_range,semi_interquartile_range,coefficient_of_variation,skewness,kurtosis,label
LG1_5826959_5827253,48.24126778760568,4.43708014165478,12628.179604829518,0.10080275539861101,2.0383654460797045,39.649697596420424,733.6938404058459,734.9405598103897,0.9958065773988244,1.7726455171244373,4.43708014165478,7.696824032620249,12628.07880207412,540137.6264544091,5.924178515495812,2.962089257747906,15.208842430014851,0.17911089844390854,0.2720113848801253,fourier
