nameseq,average,median,maximum,minimum,peak,none_levated_peak,sample_standard_deviation,population_standard_deviation,percentile15,percentile25,percentile50,percentile75,amplitude,variance,interquartile_range,semi_interquartile_range,coefficient_of_variation,skewness,kurtosis,label
LG1_17397483_17397737,43.59095147705263,7.235639584387246,8550.29814811118,0.05164255604792225,1.9499459663032621,27.17806003578361,533.8768860510652,534.9267924458,1.4723946256837108,2.604284866615312,7.235639584387246,13.140551358683279,8550.246505555133,286146.67327635194,10.536266492067966,5.268133246033983,12.247424475974364,0.20429042449229395,0.26470372974865164,fourier
