nameseq,average,median,maximum,minimum,peak,none_levated_peak,sample_standard_deviation,population_standard_deviation,percentile15,percentile25,percentile50,percentile75,amplitude,variance,interquartile_range,semi_interquartile_range,coefficient_of_variation,skewness,kurtosis,label
LG1_8080624_8080849,37.084323980184735,4.342735560543844,7231.2158154498575,0.0223184608451797,2.0314064070194777,31.030144230747855,479.62703774638345,480.69169396816216,0.9893286063174555,1.6530647992653265,4.342735560543844,7.015538806823179,7231.193496989013,231064.50464998127,5.362474007557853,2.6812370037789264,12.93341731138641,0.20479405356388986,0.2660096589743499,fourier
