nameseq,average,median,maximum,minimum,peak,none_levated_peak,sample_standard_deviation,population_standard_deviation,percentile15,percentile25,percentile50,percentile75,amplitude,variance,interquartile_range,semi_interquartile_range,coefficient_of_variation,skewness,kurtosis,label
LG1_9324962_9325893,99.10399541994036,6.309233276431364,83982.9659330326,0.025788460648039045,3.1347542079434523,104.87851745492965,2749.2009128809,2750.676994014301,1.650591087425775,2.746407535300544,6.309233276431364,11.910246719292141,83982.94014457194,7566223.925399551,9.163839183991598,4.581919591995799,27.74056586953449,0.10126007347306124,0.2452340683343445,fourier
