nameseq,average,median,maximum,minimum,peak,none_levated_peak,sample_standard_deviation,population_standard_deviation,percentile15,percentile25,percentile50,percentile75,amplitude,variance,interquartile_range,semi_interquartile_range,coefficient_of_variation,skewness,kurtosis,label
LG1_4509186_4509341,29.460078021412993,2.227867736838957,3941.5834239631217,0.0115983547290421,1.7651005527617378,25.31848553334523,314.36469265975575,315.3771419561417,0.34222928405599606,0.7185641396974033,2.227867736838957,4.399263985921702,3941.571825608393,99462.74166842437,3.680699846224299,1.8403499231121494,10.670871015048245,0.2598785193162398,0.25427763607673265,fourier
