nameseq,average,median,maximum,minimum,peak,none_levated_peak,sample_standard_deviation,population_standard_deviation,percentile15,percentile25,percentile50,percentile75,amplitude,variance,interquartile_range,semi_interquartile_range,coefficient_of_variation,skewness,kurtosis,label
LG1_7986562_7992053,389.30629838391934,10.51523364690238,2051679.751916403,0.0032322173836888462,4.7023813235647465,491.10094473277866,27682.260109439052,27684.780688557355,2.2318828028553837,4.301806804167355,10.51523364690238,21.119145922417996,2051679.7486841856,766447081.7735183,16.81733911825064,8.40866955912532,71.10663306592548,0.04105059304112138,0.2436168221456273,fourier
