nameseq,average,median,maximum,minimum,peak,none_levated_peak,sample_standard_deviation,population_standard_deviation,percentile15,percentile25,percentile50,percentile75,amplitude,variance,interquartile_range,semi_interquartile_range,coefficient_of_variation,skewness,kurtosis,label
LG1_13515901_13516132,29.13874236699646,2.257409518626622,5943.321222686199,0.012784201140740824,2.6539694939244773,39.531682029255755,389.14190426354355,389.98329314695485,0.35870185591230075,0.7464037764332541,2.257409518626622,4.66635848860671,5943.308438485058,152086.96893374374,3.9199547121734564,1.9599773560867282,13.354794086936952,0.20723545231585735,0.22358632358734032,fourier
