nameseq,average,median,maximum,minimum,peak,none_levated_peak,sample_standard_deviation,population_standard_deviation,percentile15,percentile25,percentile50,percentile75,amplitude,variance,interquartile_range,semi_interquartile_range,coefficient_of_variation,skewness,kurtosis,label
LG1_2141849_2141970,15.553435634791597,1.4800312235366129,1606.2481323994693,0.017340983358468422,2.614642039325324,24.537590449599133,144.64191204467457,145.23837606815243,0.45724176963971197,0.5312744239258376,1.4800312235366129,2.7128240423853196,1606.2307914161108,21094.185882914073,2.1815496184594823,1.0907748092297411,9.299675997059067,0.29189473947720407,0.19972949390122588,fourier
