nameseq,average,median,maximum,minimum,peak,none_levated_peak,sample_standard_deviation,population_standard_deviation,percentile15,percentile25,percentile50,percentile75,amplitude,variance,interquartile_range,semi_interquartile_range,coefficient_of_variation,skewness,kurtosis,label
LG1_4209653_4210042,47.30531823573786,3.6605789003299662,16371.080558753081,0.016857749839802826,2.748105389592086,55.31170505464996,827.667790712787,828.7309482361087,0.7008417400666271,1.4830438448563312,3.6605789003299662,6.873448230380765,16371.06370100324,686794.98456432,5.390404385524434,2.695202192762217,17.496294741919883,0.15819658500116718,0.22042420534620635,fourier
