nameseq,average,median,maximum,minimum,peak,none_levated_peak,sample_standard_deviation,population_standard_deviation,percentile15,percentile25,percentile50,percentile75,amplitude,variance,interquartile_range,semi_interquartile_range,coefficient_of_variation,skewness,kurtosis,label
LG1_18178777_18179232,33.8996050248248,1.2125943191624158,14666.340506135204,0.00434460026602341,4.483828053120084,106.70765006870418,685.9819824482045,686.7353950667685,0.2378234661283213,0.48002854786274846,1.2125943191624158,2.462369291092585,14666.336161534939,471605.50283751066,1.9823407432298366,0.9911703716149183,20.23569247918545,0.14294986548628677,0.27089471837430407,fourier
