nameseq,average,median,maximum,minimum,peak,none_levated_peak,sample_standard_deviation,population_standard_deviation,percentile15,percentile25,percentile50,percentile75,amplitude,variance,interquartile_range,semi_interquartile_range,coefficient_of_variation,skewness,kurtosis,label
LG1_3066578_3066983,29.58001775299341,0.8450170505782505,11445.673000752482,0.001161527879856543,4.575160652824085,104.9410728878637,567.272526159805,567.9724308382916,0.18590934670212012,0.39221355917213624,0.8450170505782505,1.712136576743802,11445.671839224602,322592.68219235796,1.3199230175716656,0.6599615087858328,19.177558678185672,0.15196399989757456,0.20795100232256813,fourier
