nameseq,average,median,maximum,minimum,peak,none_levated_peak,sample_standard_deviation,population_standard_deviation,percentile15,percentile25,percentile50,percentile75,amplitude,variance,interquartile_range,semi_interquartile_range,coefficient_of_variation,skewness,kurtosis,label
LG1_7089464_7089615,26.693398141145803,2.5800766401838766,3477.1320972227945,0.17437235854746913,1.898097289777727,24.056855626275766,280.82541165670574,281.75376265711884,0.6341232052238847,1.0638811120503335,2.5800766401838766,5.745205745937886,3476.957724864247,79385.18277144404,4.681324633887552,2.340662316943776,10.520406962492915,0.2575976443019251,0.31309057247861516,fourier
