nameseq,average,median,maximum,minimum,peak,none_levated_peak,sample_standard_deviation,population_standard_deviation,percentile15,percentile25,percentile50,percentile75,amplitude,variance,interquartile_range,semi_interquartile_range,coefficient_of_variation,skewness,kurtosis,label
LG1_8689300_8690023,68.12370772994102,3.7270476851780057,44660.375390615125,0.002138171837475389,3.5425748447227434,100.22371106051119,1658.4503657250643,1659.5968922123177,0.6618999621632631,1.2887677931265595,3.7270476851780057,7.699738181851779,44660.373252443285,2754261.844640783,6.41097038872522,3.20548519436261,24.34468734877975,0.11648824958944586,0.23868768835510096,fourier
