nameseq,average,median,maximum,minimum,peak,none_levated_peak,sample_standard_deviation,population_standard_deviation,percentile15,percentile25,percentile50,percentile75,amplitude,variance,interquartile_range,semi_interquartile_range,coefficient_of_variation,skewness,kurtosis,label
LG1_6211256_6211472,32.84545328842298,3.4578205388444236,6032.417439637548,0.021148296460504326,2.202232762573218,30.688733978799146,408.2495340708472,409.1934648894976,0.9467268658071364,1.662656338872398,3.4578205388444236,7.112193908803277,6032.396291341088,167439.2917082725,5.449537569930879,2.7247687849654394,12.429407823540151,0.21595345711634292,0.24894997514849282,fourier
