nameseq,average,median,maximum,minimum,peak,none_levated_peak,sample_standard_deviation,population_standard_deviation,percentile15,percentile25,percentile50,percentile75,amplitude,variance,interquartile_range,semi_interquartile_range,coefficient_of_variation,skewness,kurtosis,label
LG1_6376189_6378138,167.42870084136234,10.900960091128562,295502.0032446924,0.0035112182943237372,3.882249558968214,169.96887399293294,6689.746477874471,6691.462457504562,2.858329694857264,4.8597256114899,10.900960091128562,21.458300395724876,295501.9997334741,44775669.820192985,16.598574784234977,8.299287392117488,39.95579278974974,0.07019447206314787,0.23554138406734246,fourier
