nameseq,average,median,maximum,minimum,peak,none_levated_peak,sample_standard_deviation,population_standard_deviation,percentile15,percentile25,percentile50,percentile75,amplitude,variance,interquartile_range,semi_interquartile_range,coefficient_of_variation,skewness,kurtosis,label
LG1_1184289_1184446,19.08889343595501,2.3382196425368758,2371.742557766928,0.010411656303955144,2.7590214615304007,26.00596074042614,187.82484851633058,188.42206734781143,0.3638306916068723,0.8888963784776039,2.3382196425368758,4.814838774220861,2371.732146110624,35502.87546362319,3.925942395743257,1.9629711978716284,9.839483317694668,0.2675472482858689,0.18861072310253768,fourier
