nameseq,average,median,maximum,minimum,peak,none_levated_peak,sample_standard_deviation,population_standard_deviation,percentile15,percentile25,percentile50,percentile75,amplitude,variance,interquartile_range,semi_interquartile_range,coefficient_of_variation,skewness,kurtosis,label
LG1_735848_736032,25.667793498849033,2.327045094791858,4062.1753791703813,0.015263692316557482,2.4024919270693,31.507056149495575,297.6221295431437,298.42978945288377,0.3912134500855423,0.7221175914683282,2.327045094791858,4.082311717418927,4062.1601154780647,89060.33923289255,3.3601941259505983,1.6800970629752991,11.595158327749886,0.23527230760581264,0.21692823968902894,fourier
