nameseq,average,median,maximum,minimum,peak,none_levated_peak,sample_standard_deviation,population_standard_deviation,percentile15,percentile25,percentile50,percentile75,amplitude,variance,interquartile_range,semi_interquartile_range,coefficient_of_variation,skewness,kurtosis,label
LG1_9078034_9078198,26.724877554829195,3.2336341488903173,3638.304280969148,0.1873651305971247,2.0580075582071835,24.236040267037385,282.06540154242,282.92405010866787,0.6564327213310908,1.4344717709231873,3.2336341488903173,6.195495944754166,3638.1169158385505,80046.01812989202,4.761024173830979,2.3805120869154894,10.5544132415099,0.24984889969647006,0.25346547704205585,fourier
