nameseq,average,median,maximum,minimum,peak,none_levated_peak,sample_standard_deviation,population_standard_deviation,percentile15,percentile25,percentile50,percentile75,amplitude,variance,interquartile_range,semi_interquartile_range,coefficient_of_variation,skewness,kurtosis,label
LG1_4476104_4476398,36.95869249692874,3.3048826662200477,9313.727137395492,0.013505231541354022,2.6606280333511476,42.51878449327339,541.062167173665,541.98155979458,0.48893744644218307,0.9270044238069819,3.3048826662200477,8.14358147248946,9313.71363216395,293744.0111573659,7.2165770486824785,3.6082885243412393,14.639645794250626,0.18659857520535242,0.28971088011047935,fourier
