nameseq,average,median,maximum,minimum,peak,none_levated_peak,sample_standard_deviation,population_standard_deviation,percentile15,percentile25,percentile50,percentile75,amplitude,variance,interquartile_range,semi_interquartile_range,coefficient_of_variation,skewness,kurtosis,label
LG1_16408245_16408549,24.14054501363828,1.1001911243602687,6699.351329776801,0.000842023574363796,4.2114486897139125,67.84325851904448,382.8606337155046,383.48982170564926,0.20462000274255876,0.4472531488834662,1.1001911243602687,2.782745271080133,6699.350487753227,147064.44335183065,2.3354921221966665,1.1677460610983332,15.85965161512328,0.18053844031192925,0.2159637673686508,fourier
