nameseq,average,median,maximum,minimum,peak,none_levated_peak,sample_standard_deviation,population_standard_deviation,percentile15,percentile25,percentile50,percentile75,amplitude,variance,interquartile_range,semi_interquartile_range,coefficient_of_variation,skewness,kurtosis,label
LG1_5315303_5315753,45.35700014509114,3.8008811875543485,17860.68036656543,0.04062554120704063,3.3144461241360004,62.8983888579689,839.8701141943199,840.8027853469931,1.1015847747804288,1.7794059271453595,3.8008811875543485,7.293436455583003,17860.639741024224,706949.3238472617,5.514030528437644,2.757015264218822,18.51687967695581,0.14843766287862697,0.24992576588178897,fourier
