nameseq,average,median,maximum,minimum,peak,none_levated_peak,sample_standard_deviation,population_standard_deviation,percentile15,percentile25,percentile50,percentile75,amplitude,variance,interquartile_range,semi_interquartile_range,coefficient_of_variation,skewness,kurtosis,label
LG1_16263228_16263344,29.007147891001697,5.4221500973119845,2500.2960772896263,0.043048196416813456,1.3444961961288922,13.841953854869711,229.64418594454432,230.63190743158273,0.9318221936172048,1.678461451615895,5.4221500973119845,10.254739714801559,2500.2530290932095,53191.07672553015,8.576278263185664,4.288139131592832,7.916813704245022,0.30810705304838604,0.2682387847099534,fourier
