nameseq,average,median,maximum,minimum,peak,none_levated_peak,sample_standard_deviation,population_standard_deviation,percentile15,percentile25,percentile50,percentile75,amplitude,variance,interquartile_range,semi_interquartile_range,coefficient_of_variation,skewness,kurtosis,label
LG1_3327082_3327597,50.54873455069551,5.40323744070035,22023.17471059449,0.023206675738782878,3.4026568919841225,63.366348836092264,968.2768820941419,969.2165008325561,1.0564372366637276,1.9819349323184157,5.40323744070035,9.806735110917119,22023.15150391875,939380.6254861043,7.824800178598704,3.912400089299352,19.155313989572846,0.13987372190180772,0.2408053801545732,fourier
