nameseq,average,median,maximum,minimum,peak,none_levated_peak,sample_standard_deviation,population_standard_deviation,percentile15,percentile25,percentile50,percentile75,amplitude,variance,interquartile_range,semi_interquartile_range,coefficient_of_variation,skewness,kurtosis,label
LG1_16047182_16047405,29.21569717228177,4.22488893139297,5053.234476817272,0.03895767674768484,2.5557037446810016,30.154333044193365,336.6417727805877,337.3957306629119,0.7672355433207149,1.383856634665257,4.22488893139297,8.007603627109727,5053.195519140524,113835.8790695602,6.62374699244447,3.311873496222235,11.522633562206234,0.22270683790490559,0.3048989488623757,fourier
