nameseq,average,median,maximum,minimum,peak,none_levated_peak,sample_standard_deviation,population_standard_deviation,percentile15,percentile25,percentile50,percentile75,amplitude,variance,interquartile_range,semi_interquartile_range,coefficient_of_variation,skewness,kurtosis,label
LG1_16667259_16667332,17.715055015715127,1.471154774894645,1139.8922089507628,0.05886457188034239,1.3924126481563126,14.004280629204436,131.3687393808155,132.2654647353655,0.2939335165354182,0.6215136726175933,1.471154774894645,2.7957289096113414,1139.8333443788824,17494.153161662216,2.174215236993748,1.087107618496874,7.415655173764774,0.37095355373089617,0.18310062107798208,fourier
