nameseq,average,median,maximum,minimum,peak,none_levated_peak,sample_standard_deviation,population_standard_deviation,percentile15,percentile25,percentile50,percentile75,amplitude,variance,interquartile_range,semi_interquartile_range,coefficient_of_variation,skewness,kurtosis,label
LG1_2884815_2889476,388.9946985949874,22.26591259428458,1646114.555901549,0.044810901727482845,3.9949130556609207,285.72398526637124,24105.659126458482,24108.244876975597,4.801411117102409,8.913207200303358,22.26591259428458,46.762765717182404,1646114.5110906474,581207471.0482202,37.84955851687904,18.92477925843952,61.96911992252304,0.0456401690669615,0.24836191386024156,fourier
