nameseq,average,median,maximum,minimum,peak,none_levated_peak,sample_standard_deviation,population_standard_deviation,percentile15,percentile25,percentile50,percentile75,amplitude,variance,interquartile_range,semi_interquartile_range,coefficient_of_variation,skewness,kurtosis,label
LG20_9301066_9301830,70.93190804968947,4.832036085721703,48603.48234450312,0.015142159595892584,3.594997047328355,96.00197181305461,1755.867165308333,1757.0159172567369,0.9839726968009253,1.7284218505802287,4.832036085721703,10.41387106745303,48603.46720234353,3087104.9334935322,8.6854492168728,4.3427246084364,24.75426382268339,0.11293543145507913,0.27237619464000873,fourier
