nameseq,average,median,maximum,minimum,peak,none_levated_peak,sample_standard_deviation,population_standard_deviation,percentile15,percentile25,percentile50,percentile75,amplitude,variance,interquartile_range,semi_interquartile_range,coefficient_of_variation,skewness,kurtosis,label
LG20_4191480_4192467,97.94860835139417,7.307118060167003,85131.8143617955,0.01640212809565904,3.362307427093176,100.70987695999922,2706.7017932303343,2708.0726222841467,1.8535223145479427,2.7988264881382006,7.307118060167003,15.562971973813697,85131.79795966741,7333657.327564934,12.764145485675497,6.382072742837749,27.633897395662263,0.10046340219442909,0.2387133985395169,fourier
