nameseq,average,median,maximum,minimum,peak,none_levated_peak,sample_standard_deviation,population_standard_deviation,percentile15,percentile25,percentile50,percentile75,amplitude,variance,interquartile_range,semi_interquartile_range,coefficient_of_variation,skewness,kurtosis,label
LG20_12805995_12806468,47.2849752304745,3.5278535595950524,19246.424579204533,0.042967298714545715,3.3414419533875788,64.40723769998439,882.8638346756794,883.7966017976217,0.9339140828389928,1.571683340662588,3.5278535595950524,6.9056445452907225,19246.381611905817,781096.433349024,5.333961204628134,2.666980602314067,18.671128204518677,0.1486881213804176,0.21715110718106212,fourier
