nameseq,average,median,maximum,minimum,peak,none_levated_peak,sample_standard_deviation,population_standard_deviation,percentile15,percentile25,percentile50,percentile75,amplitude,variance,interquartile_range,semi_interquartile_range,coefficient_of_variation,skewness,kurtosis,label
LG20_8676826_8683471,525.2871628973863,25.03197199324689,3249159.853514329,0.004843239662765708,4.217375732378394,394.26764600739034,39852.31492121767,39855.313477703705,6.1002920369562,10.665897757073347,25.03197199324689,49.89650830245062,3249159.8486710894,1588446012.406031,39.230610545377274,19.615305272688637,75.86767341010146,0.03765817809277121,0.24541667294961086,fourier
