nameseq,average,median,maximum,minimum,peak,none_levated_peak,sample_standard_deviation,population_standard_deviation,percentile15,percentile25,percentile50,percentile75,amplitude,variance,interquartile_range,semi_interquartile_range,coefficient_of_variation,skewness,kurtosis,label
LG20_12806896_12807473,199.19391712950807,9.384235869035152,98498.99532108636,0.096781056475654,0.9672316777695694,42.879396823708554,4093.2503352867593,4096.795810473165,2.7057360353605566,4.686151382137961,9.384235869035152,20.57561532207803,98498.89854002988,16783735.912710477,15.889463939940068,7.944731969970034,20.549072955001375,0.13911415064759936,0.16948895350778828,fourier
