nameseq,average,median,maximum,minimum,peak,none_levated_peak,sample_standard_deviation,population_standard_deviation,percentile15,percentile25,percentile50,percentile75,amplitude,variance,interquartile_range,semi_interquartile_range,coefficient_of_variation,skewness,kurtosis,label
LG20_2580349_2580698,51.79365307431645,5.622353803403631,15221.560741490879,0.014962544837168882,2.2525282489587433,40.47703445832187,812.0885466857761,813.2511651002369,1.6856627319938429,2.3602863977636535,5.622353803403631,10.869966899109542,15221.545778946042,661377.4575368928,8.509680501345889,4.254840250672944,15.679306217704816,0.17056501828283271,0.2617681617375648,fourier
