nameseq,average,median,maximum,minimum,peak,none_levated_peak,sample_standard_deviation,population_standard_deviation,percentile15,percentile25,percentile50,percentile75,amplitude,variance,interquartile_range,semi_interquartile_range,coefficient_of_variation,skewness,kurtosis,label
LG20_15420036_15420369,32.046937848334416,2.7337098440063103,9521.405751878749,0.03872794644945884,3.4740708725504543,55.956919056965106,520.0223065633911,520.8025355191348,0.67750625088445,1.1797061009329908,2.7337098440063103,5.108047144218462,9521.367023932298,271235.2810031597,3.9283410432854713,1.9641705216427356,16.226895344087247,0.16910752270251778,0.2604818959997613,fourier
