nameseq,average,median,maximum,minimum,peak,none_levated_peak,sample_standard_deviation,population_standard_deviation,percentile15,percentile25,percentile50,percentile75,amplitude,variance,interquartile_range,semi_interquartile_range,coefficient_of_variation,skewness,kurtosis,label
LG20_14047140_14047319,30.57973101975694,4.490852768374545,3971.248588869797,0.02266298735221859,1.96208396866654,21.7655345021916,294.8925373687013,295.71511229253275,0.8886541888442464,1.6371854550221654,4.490852768374545,8.975211174885185,3971.2259258824447,87447.42763818525,7.33802571986302,3.66901285993151,9.64339866750879,0.2654073088878854,0.18688574340131534,fourier
