nameseq,average,median,maximum,minimum,peak,none_levated_peak,sample_standard_deviation,population_standard_deviation,percentile15,percentile25,percentile50,percentile75,amplitude,variance,interquartile_range,semi_interquartile_range,coefficient_of_variation,skewness,kurtosis,label
LG20_10610953_10614410,296.32097250749064,17.18730033565923,934334.9440135242,0.0014881486308250078,3.8899260383519723,242.46881703108227,15886.047571038369,15888.345068710521,4.185893818181397,7.107769263246202,17.18730033565923,35.00886638548627,934334.9425253756,252439509.02241796,27.90109712224007,13.950548561120035,53.61094571406615,0.052712986837717156,0.23517010949680994,fourier
