nameseq,average,median,maximum,minimum,peak,none_levated_peak,sample_standard_deviation,population_standard_deviation,percentile15,percentile25,percentile50,percentile75,amplitude,variance,interquartile_range,semi_interquartile_range,coefficient_of_variation,skewness,kurtosis,label
LG20_9949234_9949419,26.228390157112123,3.1611136979501504,4181.216117792016,0.06797071957889064,2.363850759753473,29.861224757462768,305.504548456599,306.3291236363595,0.5058458848500403,1.1616230035493524,3.1611136979501504,5.084625280035149,4181.1481470724375,93837.53198782001,3.9230022764857964,1.9615011382428982,11.647857402859247,0.22651652725660468,0.28110309890523577,fourier
