nameseq,average,median,maximum,minimum,peak,none_levated_peak,sample_standard_deviation,population_standard_deviation,percentile15,percentile25,percentile50,percentile75,amplitude,variance,interquartile_range,semi_interquartile_range,coefficient_of_variation,skewness,kurtosis,label
LG20_10413719_10432827,1555.2571825363725,71.36311161371096,27726266.827571858,0.009256345565577417,4.09557129083871,686.9912654448103,200567.01513051146,200572.26330905117,16.29399056493027,29.093851194481577,71.36311161371096,142.52438383176022,27726266.818315513,40229232808.91535,113.43053263727865,56.71526631863932,128.96067440332868,0.02219548518419751,0.25344960707180864,fourier
