nameseq,average,median,maximum,minimum,peak,none_levated_peak,sample_standard_deviation,population_standard_deviation,percentile15,percentile25,percentile50,percentile75,amplitude,variance,interquartile_range,semi_interquartile_range,coefficient_of_variation,skewness,kurtosis,label
LG20_3212486_3212855,38.01648556895667,2.623497825975711,12404.84602831778,0.00015461216411547475,3.2442065984669637,59.54484023008195,643.832315186924,644.7041264396205,0.446302473371995,1.1146717640869235,2.623497825975711,4.930386877821203,12404.845873705615,415643.41064827424,3.8157151137342793,1.9078575568671396,16.9356084748839,0.1649171076448934,0.20185451413267716,fourier
