nameseq,average,median,maximum,minimum,peak,none_levated_peak,sample_standard_deviation,population_standard_deviation,percentile15,percentile25,percentile50,percentile75,amplitude,variance,interquartile_range,semi_interquartile_range,coefficient_of_variation,skewness,kurtosis,label
LG20_5511222_5511601,35.70706129775566,2.7673982449792804,11979.812504030067,0.025936349835261475,3.5473842445451598,61.28164440572325,613.5460402529673,614.3549345267804,0.5543782232548738,1.0714365021716792,2.7673982449792804,5.519792434960971,11979.786567680232,377431.9855774046,4.448355932789292,2.224177966394646,17.182764919708788,0.16106206001685822,0.23207720582041602,fourier
