nameseq,average,median,maximum,minimum,peak,none_levated_peak,sample_standard_deviation,population_standard_deviation,percentile15,percentile25,percentile50,percentile75,amplitude,variance,interquartile_range,semi_interquartile_range,coefficient_of_variation,skewness,kurtosis,label
LG20_10470887_10471153,30.407123141443034,2.1249338267588276,7161.435371923216,0.0055560808652945675,2.9269457549799736,45.94866078908756,437.2565333515244,438.07767310457945,0.41395065781941,0.7643736122974215,2.1249338267588276,4.626459492404887,7161.429815842351,191912.04767272275,3.8620858801074656,1.9310429400537328,14.380069147533748,0.19404299643898465,0.22749908952818693,fourier
