nameseq,average,median,maximum,minimum,peak,none_levated_peak,sample_standard_deviation,population_standard_deviation,percentile15,percentile25,percentile50,percentile75,amplitude,variance,interquartile_range,semi_interquartile_range,coefficient_of_variation,skewness,kurtosis,label
LG20_10676680_10676916,33.8826291658748,3.0718164498548575,6862.370489739606,0.0026359296824457145,2.3315782141123087,34.92734297226267,444.5278309136205,445.468631608152,0.6420508886727606,1.2353375329402347,3.0718164498548575,8.192227998416689,6862.367853809923,198442.30174683942,6.956890465476454,3.478445232738227,13.119638052212629,0.20793397335345035,0.2973561270099719,fourier
