nameseq,average,median,maximum,minimum,peak,none_levated_peak,sample_standard_deviation,population_standard_deviation,percentile15,percentile25,percentile50,percentile75,amplitude,variance,interquartile_range,semi_interquartile_range,coefficient_of_variation,skewness,kurtosis,label
LG20_11928188_11928808,71.90660202329028,6.5331833576973075,38467.92108150188,0.007588636562494118,2.8787342771801883,67.0030978347984,1542.061389084421,1543.3044859320687,1.4445812181449837,2.8772086298295285,6.5331833576973075,13.403127912511179,38467.91349286532,2381788.7362980465,10.52591928268165,5.262959641340825,21.445338059291874,0.12718057619821657,0.23235795692246825,fourier
