nameseq,average,median,maximum,minimum,peak,none_levated_peak,sample_standard_deviation,population_standard_deviation,percentile15,percentile25,percentile50,percentile75,amplitude,variance,interquartile_range,semi_interquartile_range,coefficient_of_variation,skewness,kurtosis,label
LG20_2249892_2250061,23.3600266144189,2.9244436912435967,3150.960862789067,0.09626512222050333,2.4257963230097244,26.815579532574773,240.82757555701264,241.539032278523,0.447335278226565,1.0183135784987836,2.9244436912435967,4.740890878567909,3150.8645976668467,58341.104114045374,3.722577300069126,1.861288650034563,10.309387892921432,0.25456698066128386,0.20435959222174194,fourier
