nameseq,average,median,maximum,minimum,peak,none_levated_peak,sample_standard_deviation,population_standard_deviation,percentile15,percentile25,percentile50,percentile75,amplitude,variance,interquartile_range,semi_interquartile_range,coefficient_of_variation,skewness,kurtosis,label
LG20_6897220_6897498,33.2044440821024,3.4764665136240365,7786.350070833962,0.019098212241594054,2.800829906082606,40.60972851187054,465.05063929659417,465.8863104814527,0.6154571788006299,1.3606133809989132,3.4764665136240365,6.24010419533592,7786.33097262172,217050.05429402055,4.879490814337007,2.4397454071685036,14.00567460628748,0.19177251931172268,0.20984574633096476,fourier
