nameseq,average,median,maximum,minimum,peak,none_levated_peak,sample_standard_deviation,population_standard_deviation,percentile15,percentile25,percentile50,percentile75,amplitude,variance,interquartile_range,semi_interquartile_range,coefficient_of_variation,skewness,kurtosis,label
LG20_8643707_8643803,14.99616876403719,1.932083583580801,1175.4553470010667,0.04552328484145016,2.1561062590115,17.510367843911485,118.4869509374618,119.10247170758913,0.6025699814924823,1.109007148031562,1.932083583580801,3.1174893056349293,1175.4098237162252,14185.398766857068,2.0084821576033676,1.0042410788016838,7.901148140024223,0.3307727579390164,0.173646878185087,fourier
