nameseq,average,median,maximum,minimum,peak,none_levated_peak,sample_standard_deviation,population_standard_deviation,percentile15,percentile25,percentile50,percentile75,amplitude,variance,interquartile_range,semi_interquartile_range,coefficient_of_variation,skewness,kurtosis,label
LG20_13205486_13206019,64.60869540053687,5.200234028443603,29934.019607302907,0.00011976399491705233,2.7550471170560256,62.47707819185381,1293.8371673659778,1295.0503295334527,1.3935581044938965,2.3316040553810287,5.200234028443603,11.07678153895306,29934.019487538913,1677155.3560247044,8.745177483572032,4.372588741786016,20.025743583660514,0.1377494700350238,0.2416259214079347,fourier
