nameseq,average,median,maximum,minimum,peak,none_levated_peak,sample_standard_deviation,population_standard_deviation,percentile15,percentile25,percentile50,percentile75,amplitude,variance,interquartile_range,semi_interquartile_range,coefficient_of_variation,skewness,kurtosis,label
LG20_8548790_8548885,13.074387834125181,0.7885550116501194,1111.555800847035,0.011630156647356886,2.4475333305072597,23.601748440201067,112.72233873688909,113.3140611161433,0.1742965379011376,0.3520262385041747,0.7885550116501194,1.5389291697230967,1111.5441706903875,12840.076446633058,1.1869029312189219,0.5934514656094609,8.621615035977051,0.3269759914532659,0.1333785627956824,fourier
