nameseq,average,median,maximum,minimum,peak,none_levated_peak,sample_standard_deviation,population_standard_deviation,percentile15,percentile25,percentile50,percentile75,amplitude,variance,interquartile_range,semi_interquartile_range,coefficient_of_variation,skewness,kurtosis,label
LG20_11985368_11985534,21.33763684286228,1.5060031972179198,3159.947288308314,0.0013826893377472651,2.6088487247493806,33.92163553529802,243.64442650176179,244.37719334876408,0.4428286855965652,0.6212867019063631,1.5060031972179198,2.65226184415111,3159.945905618976,59720.212629019225,2.030975142244747,1.0154875711223734,11.418529066552374,0.24418740781867582,0.20687545489724476,fourier
