nameseq,average,median,maximum,minimum,peak,none_levated_peak,sample_standard_deviation,population_standard_deviation,percentile15,percentile25,percentile50,percentile75,amplitude,variance,interquartile_range,semi_interquartile_range,coefficient_of_variation,skewness,kurtosis,label
LG20_7888682_7889322,45.863777719081455,1.4946932196073213,28089.164568306092,0.004891023516563367,4.658723665882661,139.1587771658177,1108.5106480983097,1109.3763340155651,0.3914851268949085,0.6820446524191326,1.4946932196073213,2.8096543344859968,28089.159677282576,1230715.8504738146,2.127609682066864,1.063804841033432,24.169632403331615,0.12007755967592439,0.23710468642378918,fourier
