nameseq,average,median,maximum,minimum,peak,none_levated_peak,sample_standard_deviation,population_standard_deviation,percentile15,percentile25,percentile50,percentile75,amplitude,variance,interquartile_range,semi_interquartile_range,coefficient_of_variation,skewness,kurtosis,label
LG20_5064825_5064916,17.556551679310818,1.5776769491474956,1381.523660783325,0.02274531345611319,1.7467363310760629,17.204029514593543,143.004418465053,143.78801018534637,0.2729796733410679,0.6850359647895296,1.5776769491474956,5.004742801829833,1381.500915469869,20674.991873061266,4.319706837040304,2.159853418520152,8.145359127303673,0.3352107907225578,0.30665036730707446,fourier
