nameseq,average,median,maximum,minimum,peak,none_levated_peak,sample_standard_deviation,population_standard_deviation,percentile15,percentile25,percentile50,percentile75,amplitude,variance,interquartile_range,semi_interquartile_range,coefficient_of_variation,skewness,kurtosis,label
LG20_10442071_10445038,256.8457304742553,15.387822923027857,685835.7583714755,0.0008027948351404053,3.8518582010554323,213.40359200228093,12586.40682150137,12588.527709008464,4.069508329802927,6.425797445644779,15.387822923027857,31.880207705081656,685835.7575686807,158471029.88047385,25.454410259436877,12.727205129718438,49.003761122527045,0.057552066521180126,0.23394565667224554,fourier
