nameseq,average,median,maximum,minimum,peak,none_levated_peak,sample_standard_deviation,population_standard_deviation,percentile15,percentile25,percentile50,percentile75,amplitude,variance,interquartile_range,semi_interquartile_range,coefficient_of_variation,skewness,kurtosis,label
LG20_2789841_2789982,18.205100593837404,2.346051265959142,2112.1397878425605,0.04471280218733587,2.600003943364977,24.503738406931685,176.3789342269507,177.00328638899146,0.5519833134836045,0.9041874418268045,2.346051265959142,4.563623566358769,2112.095075040373,31330.163392503327,3.6594361245319647,1.8297180622659823,9.688435024998247,0.2697439362141525,0.2797973682507192,fourier
