nameseq,average,median,maximum,minimum,peak,none_levated_peak,sample_standard_deviation,population_standard_deviation,percentile15,percentile25,percentile50,percentile75,amplitude,variance,interquartile_range,semi_interquartile_range,coefficient_of_variation,skewness,kurtosis,label
LG20_3761710_3761859,20.16978586741803,2.386328668555808,2496.6266525787823,0.013191167644089223,2.4789554201846657,25.923818191003317,202.92534427090033,203.60516307385794,0.2560257639709499,0.8106972639084895,2.386328668555808,4.500831595398234,2496.6134614111384,41455.06243033229,3.690134331489744,1.845067165744872,10.060857641463754,0.26290639933750826,0.23189330390175336,fourier
