nameseq,average,median,maximum,minimum,peak,none_levated_peak,sample_standard_deviation,population_standard_deviation,percentile15,percentile25,percentile50,percentile75,amplitude,variance,interquartile_range,semi_interquartile_range,coefficient_of_variation,skewness,kurtosis,label
LG20_9891488_9891806,39.435774550044165,3.774969607087099,10941.82039128339,0.09408191890617434,2.6963673097987684,45.24326165253601,611.3965164278186,612.3570771401738,0.9759073411118145,1.5665787128018365,3.774969607087099,6.718600500214363,10941.726309364485,374981.1899236569,5.152021787412526,2.576010893706263,15.50360106790736,0.17498041279975385,0.24495726427706194,fourier
