nameseq,average,median,maximum,minimum,peak,none_levated_peak,sample_standard_deviation,population_standard_deviation,percentile15,percentile25,percentile50,percentile75,amplitude,variance,interquartile_range,semi_interquartile_range,coefficient_of_variation,skewness,kurtosis,label
LG20_7450167_7450489,27.461130080423953,1.9143957102756943,8054.232784371397,0.009139539131806818,3.9206932253461173,63.29713372094268,447.320490861004,448.01454944886456,0.49047030925712065,0.8380777388744329,1.9143957102756943,3.4008565022546193,8054.223644832266,200717.0365178691,2.5627787633801864,1.2813893816900932,16.289223697311808,0.17133175134214723,0.23755409835243205,fourier
