nameseq,average,median,maximum,minimum,peak,none_levated_peak,sample_standard_deviation,population_standard_deviation,percentile15,percentile25,percentile50,percentile75,amplitude,variance,interquartile_range,semi_interquartile_range,coefficient_of_variation,skewness,kurtosis,label
LG20_11021797_11022300,51.698918596020405,4.444551965885769,22166.399363294207,0.02735876389072624,3.2495844122536837,62.776187667306516,986.1123133742682,987.0920575934512,1.066101984966604,1.7918092735957012,4.444551965885769,9.355927139822743,22166.372004530316,974350.7301640731,7.564117866227042,3.782058933113521,19.074138108764533,0.14375958799796396,0.2254942622303622,fourier
