nameseq,average,median,maximum,minimum,peak,none_levated_peak,sample_standard_deviation,population_standard_deviation,percentile15,percentile25,percentile50,percentile75,amplitude,variance,interquartile_range,semi_interquartile_range,coefficient_of_variation,skewness,kurtosis,label
LG20_15248479_15248524,5.998389466889588,0.8254261795137129,218.75422982345978,0.016422865182178704,2.5562417075402575,11.872664651531057,31.744062300393015,32.09483606827904,0.2762533423712677,0.35826455710676164,0.8254261795137129,1.4770484387203562,218.73780695827762,1030.078502249705,1.1187838816135947,0.5593919408067973,5.292097566457888,0.48887535928051307,0.16039555339834816,fourier
