nameseq,average,median,maximum,minimum,peak,none_levated_peak,sample_standard_deviation,population_standard_deviation,percentile15,percentile25,percentile50,percentile75,amplitude,variance,interquartile_range,semi_interquartile_range,coefficient_of_variation,skewness,kurtosis,label
LG20_11269495_11269882,83.34540777871557,5.492930727576921,28352.70940271222,0.010485228128845257,1.5517751581072952,40.48996974758162,1437.071761924995,1438.9272459281822,1.7080850224140254,2.7887382653556454,5.492930727576921,12.718475754483833,28352.69891748409,2070511.6190744631,9.929737489128188,4.964868744564094,17.242362839479547,0.16252315113377477,0.22768892328872373,fourier
