nameseq,average,median,maximum,minimum,peak,none_levated_peak,sample_standard_deviation,population_standard_deviation,percentile15,percentile25,percentile50,percentile75,amplitude,variance,interquartile_range,semi_interquartile_range,coefficient_of_variation,skewness,kurtosis,label
LG20_6677017_6677190,33.840624067956355,2.846771906855887,5005.119185688055,0.0982111504492774,1.7139163829700212,25.03384194488484,378.01441801176367,379.10537098146807,0.5196092746553027,1.0981108291971327,2.846771906855887,6.749814863011519,5005.020974537606,143720.88230699653,5.6517040338143865,2.8258520169071932,11.170432828090338,0.24597357151707333,0.2472137151752932,fourier
