nameseq,average,median,maximum,minimum,peak,none_levated_peak,sample_standard_deviation,population_standard_deviation,percentile15,percentile25,percentile50,percentile75,amplitude,variance,interquartile_range,semi_interquartile_range,coefficient_of_variation,skewness,kurtosis,label
LG20_6677192_6677458,40.814139751791856,4.4911646329744315,9238.805766383754,0.04198410809536397,2.180616828904072,34.97150256441462,564.0092337748002,565.0684069777545,0.798749463257293,1.9028238390634524,4.4911646329744315,9.02184797181528,9238.763782275659,319302.30456437723,7.119024132751828,3.559512066375914,13.818966593557533,0.1932041513348021,0.2539287295473961,fourier
