nameseq,average,median,maximum,minimum,peak,none_levated_peak,sample_standard_deviation,population_standard_deviation,percentile15,percentile25,percentile50,percentile75,amplitude,variance,interquartile_range,semi_interquartile_range,coefficient_of_variation,skewness,kurtosis,label
LG20_15253514_15253812,38.67133591229639,3.3144151627940204,10155.179959481788,0.007649605744061647,2.577274984570044,44.125293917416776,586.0546828785803,587.0371725588932,0.6624789671140686,1.3589444065184597,3.3144151627940204,6.628701759474335,10155.172309876043,344612.6419659398,5.269757352955875,2.6348786764779377,15.154756593041085,0.1809912374174869,0.26291871980121356,fourier
