nameseq,average,median,maximum,minimum,peak,none_levated_peak,sample_standard_deviation,population_standard_deviation,percentile15,percentile25,percentile50,percentile75,amplitude,variance,interquartile_range,semi_interquartile_range,coefficient_of_variation,skewness,kurtosis,label
LG20_1077597_1077696,18.178833529120315,2.490051279377239,1413.7460756500377,0.055862710401443014,1.8336343352249376,15.762075949969812,140.3364908566243,141.04348017168607,0.6830262287956821,0.9077795747354303,2.490051279377239,6.093612735795403,1413.6902129396362,19893.2632989408,5.185833161059972,2.592916580529986,7.719774243590605,0.3353820981409238,0.2714192529700513,fourier
