nameseq,average,median,maximum,minimum,peak,none_levated_peak,sample_standard_deviation,population_standard_deviation,percentile15,percentile25,percentile50,percentile75,amplitude,variance,interquartile_range,semi_interquartile_range,coefficient_of_variation,skewness,kurtosis,label
LG20_16037101_16037377,96.13110282807253,14.459072525091157,20958.740170810826,0.024537801968844853,0.9604938528424938,20.29601638908178,1255.9333229011133,1258.2065072460223,3.193366002867428,6.386585572627012,14.459072525091157,28.147395135865015,20958.71563300886,1583083.6148762347,21.760809563238002,10.880404781619001,13.06479678223718,0.1950868620501087,0.2403092197340936,fourier
