nameseq,average,median,maximum,minimum,peak,none_levated_peak,sample_standard_deviation,population_standard_deviation,percentile15,percentile25,percentile50,percentile75,amplitude,variance,interquartile_range,semi_interquartile_range,coefficient_of_variation,skewness,kurtosis,label
LG20_8318802_8321180,213.06563106808278,17.034179743122873,451414.6394404802,0.0015637923288556795,3.721857889631226,172.43378883446624,9252.645560416602,9254.590823879787,4.068356302254793,7.333680851976106,17.034179743122873,32.78901217196858,451414.63787668786,85647451.31743996,25.455331319992474,12.727665659996237,43.42626970869845,0.06355958953953497,0.2598354744134731,fourier
