nameseq,average,median,maximum,minimum,peak,none_levated_peak,sample_standard_deviation,population_standard_deviation,percentile15,percentile25,percentile50,percentile75,amplitude,variance,interquartile_range,semi_interquartile_range,coefficient_of_variation,skewness,kurtosis,label
LG20_5115693_5115907,28.350431699728613,3.4635233086112214,4636.250817009789,0.0007328763692482236,2.527886256749759,29.566405422002617,315.4187519954865,316.1548527678534,0.7526185478994495,1.351108392252338,3.4635233086112214,8.026996874932658,4636.2500841334195,99953.89092866307,6.67588848268032,3.33794424134016,11.125712487775129,0.23670350827594594,0.2819311667393109,fourier
