nameseq,average,median,maximum,minimum,peak,none_levated_peak,sample_standard_deviation,population_standard_deviation,percentile15,percentile25,percentile50,percentile75,amplitude,variance,interquartile_range,semi_interquartile_range,coefficient_of_variation,skewness,kurtosis,label
LG20_13438405_13438594,24.064443391526066,2.627175300556545,3708.085024324386,0.08009036086419721,2.631822074706088,29.242738365940596,268.02212060829896,268.7302384093697,0.7668473194102684,0.9825661853290144,2.627175300556545,6.493227592092341,3708.0049339635216,72215.94103555668,5.510661406763326,2.755330703381663,11.137682108312505,0.23994961358766753,0.2506732322676302,fourier
