nameseq,average,median,maximum,minimum,peak,none_levated_peak,sample_standard_deviation,population_standard_deviation,percentile15,percentile25,percentile50,percentile75,amplitude,variance,interquartile_range,semi_interquartile_range,coefficient_of_variation,skewness,kurtosis,label
LG20_10416688_10417103,32.05073341021249,1.74882870581672,12245.410412291509,0.008873833514978804,4.326474058858278,82.13211618621814,599.5378122436161,600.2597123392474,0.5156791228974679,0.7989513971749604,1.74882870581672,3.4004871823152207,12245.401538457994,360311.72225759603,2.6015357851402605,1.3007678925701303,18.705899942139308,0.1516263232388897,0.23482432066134054,fourier
