nameseq,average,median,maximum,minimum,peak,none_levated_peak,sample_standard_deviation,population_standard_deviation,percentile15,percentile25,percentile50,percentile75,amplitude,variance,interquartile_range,semi_interquartile_range,coefficient_of_variation,skewness,kurtosis,label
LG20_15353053_15353241,24.448320833761876,2.517294797600049,3868.557393578259,0.012911583543187374,2.5768640892915733,30.66797997530966,280.39455191355586,281.13929307099176,0.5269559209704588,1.0103155498817193,2.517294797600049,5.2568815969749085,3868.544481994716,79039.302108457,4.246566047093189,2.1232830235465947,11.468867486651492,0.2346446379199591,0.2080102069539864,fourier
