nameseq,average,median,maximum,minimum,peak,none_levated_peak,sample_standard_deviation,population_standard_deviation,percentile15,percentile25,percentile50,percentile75,amplitude,variance,interquartile_range,semi_interquartile_range,coefficient_of_variation,skewness,kurtosis,label
LG20_15761402_15761698,40.981143204094714,4.689819011231746,9817.965431151775,0.034471352612395444,2.4157452003463926,35.87033406205528,568.3750760174999,569.3343595287868,1.3106693226063804,2.330305124245801,4.689819011231746,9.788067523912039,9817.930959799163,324141.6129400538,7.4577623996662386,3.7288811998331193,13.869185473593852,0.19155303807733604,0.25774761773740096,fourier
