nameseq,average,median,maximum,minimum,peak,none_levated_peak,sample_standard_deviation,population_standard_deviation,percentile15,percentile25,percentile50,percentile75,amplitude,variance,interquartile_range,semi_interquartile_range,coefficient_of_variation,skewness,kurtosis,label
LG20_7353360_7353520,33.905177631722765,2.8334035693998483,4446.65986084527,0.006686903165087969,1.5828457603022383,21.67704042709794,348.9783352387958,350.0671938449161,0.7784435514277219,1.291579446632691,2.8334035693998483,9.245309172240061,4446.653173942104,122547.0402064541,7.95372972560737,3.976864862803685,10.292774131119153,0.2671091949681753,0.23714734918103514,fourier
