nameseq,average,median,maximum,minimum,peak,none_levated_peak,sample_standard_deviation,population_standard_deviation,percentile15,percentile25,percentile50,percentile75,amplitude,variance,interquartile_range,semi_interquartile_range,coefficient_of_variation,skewness,kurtosis,label
LG20_5394800_5395005,55.67156267440453,5.458320095771507,9968.228223157208,0.1854275233651234,1.2334244516947386,23.59452816816379,692.3546688847428,694.0412844628382,1.1415668201685205,2.6578239074347274,5.458320095771507,9.659839991624525,9968.042795633843,481693.3045388263,7.002016084189798,3.501008042094899,12.436415211370718,0.21757595421224246,0.21794958329315425,fourier
