nameseq,average,median,maximum,minimum,peak,none_levated_peak,sample_standard_deviation,population_standard_deviation,percentile15,percentile25,percentile50,percentile75,amplitude,variance,interquartile_range,semi_interquartile_range,coefficient_of_variation,skewness,kurtosis,label
LG20_6264650_6264968,71.02062695437422,8.561590017091685,17501.785762629042,0.08474115199235017,1.4972176097747636,28.097799477401416,977.8044304003075,979.340651976605,1.4102889712607212,3.1187411666561466,8.561590017091685,20.327432201160807,17501.70102147705,959108.1126139619,17.20869103450466,8.60434551725233,13.767893530825607,0.19163045797934922,0.23831172549368945,fourier
