nameseq,average,median,maximum,minimum,peak,none_levated_peak,sample_standard_deviation,population_standard_deviation,percentile15,percentile25,percentile50,percentile75,amplitude,variance,interquartile_range,semi_interquartile_range,coefficient_of_variation,skewness,kurtosis,label
LG20_912987_913279,36.90126045724573,3.5999878798651204,9293.47601197215,0.02486115655506304,2.646702726586386,42.216648669400584,541.7308204658892,542.6576488945407,0.8998196783771022,1.3123248612863092,3.5999878798651204,6.678343777181983,9293.451150815596,294477.32390375057,5.3660189158956735,2.6830094579478367,14.680550576139408,0.18441597553232145,0.21945897639842596,fourier
