nameseq,average,median,maximum,minimum,peak,none_levated_peak,sample_standard_deviation,population_standard_deviation,percentile15,percentile25,percentile50,percentile75,amplitude,variance,interquartile_range,semi_interquartile_range,coefficient_of_variation,skewness,kurtosis,label
LG20_2865031_2865308,36.36815845347792,2.3280285833118644,8920.515579255789,0.00036524309721572274,2.548016468450161,44.653686154614036,533.8372966614323,534.8000337765399,0.49276954082507385,0.9365904544859843,2.3280285833118644,5.006098955597626,8920.515214012692,286011.0761273882,4.069508501111641,2.0347542505558205,14.678700252153709,0.19129496992651013,0.21594676627594123,fourier
