nameseq,average,median,maximum,minimum,peak,none_levated_peak,sample_standard_deviation,population_standard_deviation,percentile15,percentile25,percentile50,percentile75,amplitude,variance,interquartile_range,semi_interquartile_range,coefficient_of_variation,skewness,kurtosis,label
LG20_11101696_11103669,146.7850338126597,4.966487878746468,276290.37257132994,0.006917106153413951,4.482745842057706,253.96087429687876,6216.868821167521,6218.444107857233,1.0929738219947192,2.0885826334529316,4.966487878746468,9.592415846170143,276290.3656542238,38669047.12254433,7.503833212717211,3.7519166063586056,42.353560575542396,0.06843567880234595,0.2687027489312975,fourier
