nameseq,average,median,maximum,minimum,peak,none_levated_peak,sample_standard_deviation,population_standard_deviation,percentile15,percentile25,percentile50,percentile75,amplitude,variance,interquartile_range,semi_interquartile_range,coefficient_of_variation,skewness,kurtosis,label
LG20_12130901_12131119,30.950581205595725,3.2322832743656433,5740.711624176733,0.10812947169591185,2.358598680751169,32.17828600285472,386.7428089688722,387.62881885624955,0.7304002930696725,1.3882386927505797,3.2322832743656433,6.835090338891193,5740.603494705037,150256.10120789113,5.446851646140614,2.723425823070307,12.495494233205251,0.21501341942309557,0.275672994592193,fourier
