nameseq,average,median,maximum,minimum,peak,none_levated_peak,sample_standard_deviation,population_standard_deviation,percentile15,percentile25,percentile50,percentile75,amplitude,variance,interquartile_range,semi_interquartile_range,coefficient_of_variation,skewness,kurtosis,label
LG20_11095122_11095285,33.43810624070378,2.0759612320185306,4864.891137150395,0.039713028442273805,1.6348613247756725,26.064851471469428,378.45992051105975,379.6190654014411,0.6445462314160366,1.2001933547454002,2.0759612320185306,4.131097119119493,4864.851424121953,144110.63481626363,2.930903764374093,1.4654518821870466,11.318222323558661,0.248603431768956,0.1740217373761798,fourier
