nameseq,average,median,maximum,minimum,peak,none_levated_peak,sample_standard_deviation,population_standard_deviation,percentile15,percentile25,percentile50,percentile75,amplitude,variance,interquartile_range,semi_interquartile_range,coefficient_of_variation,skewness,kurtosis,label
LG20_4750622_4750940,45.206983756958486,4.564788421245193,12471.154884330319,0.016540447294833283,2.352143949815408,42.110128143907474,696.8395470171425,697.934346666298,0.6353949095275824,1.518870233439951,4.564788421245193,8.623164454044309,12471.138343883023,487112.35225651227,7.104294220604357,3.5521471103021787,15.414422487540579,0.17497081864692224,0.25499486250686904,fourier
