nameseq,average,median,maximum,minimum,peak,none_levated_peak,sample_standard_deviation,population_standard_deviation,percentile15,percentile25,percentile50,percentile75,amplitude,variance,interquartile_range,semi_interquartile_range,coefficient_of_variation,skewness,kurtosis,label
LG20_16122594_16122919,61.48212769174461,8.0510965553324,15369.299734090637,0.058713090735641786,1.7674513024580585,29.77156987602909,849.3128366157582,850.618468188411,2.1747507782880677,3.7236489771574406,8.0510965553324,20.044571999227074,15369.241020999902,723551.7784231988,16.320923022069632,8.160461511034816,13.813979257093896,0.18873268658925924,0.2514682931403078,fourier
