nameseq,average,median,maximum,minimum,peak,none_levated_peak,sample_standard_deviation,population_standard_deviation,percentile15,percentile25,percentile50,percentile75,amplitude,variance,interquartile_range,semi_interquartile_range,coefficient_of_variation,skewness,kurtosis,label
LG20_4090406_4090510,32.98639315728465,4.435370580761587,2590.1289834063423,0.00794122694842374,1.0610435591764802,12.039520052548399,250.99719644824344,252.20102683886694,0.8957488434834804,1.6197361163322537,4.435370580761587,12.88184214644124,2590.121042179394,63605.35793857888,11.262106030108987,5.631053015054493,7.609113104650355,0.34125109340506593,0.290043335383688,fourier
