nameseq,average,median,maximum,minimum,peak,none_levated_peak,sample_standard_deviation,population_standard_deviation,percentile15,percentile25,percentile50,percentile75,amplitude,variance,interquartile_range,semi_interquartile_range,coefficient_of_variation,skewness,kurtosis,label
LG20_203342_203461,28.38478017381204,2.536492787082498,2990.4183154690386,0.0018030296763399073,1.4092059108812203,19.371427472818645,271.5535252530965,272.69211945123664,0.46799129184498445,0.8966477464969045,2.536492787082498,4.770796580837942,2990.416512439362,74360.9920108075,3.8741488343410375,1.9370744171705188,9.566870822682407,0.2855601380534992,0.20433855520970692,fourier
