nameseq,average,median,maximum,minimum,peak,none_levated_peak,sample_standard_deviation,population_standard_deviation,percentile15,percentile25,percentile50,percentile75,amplitude,variance,interquartile_range,semi_interquartile_range,coefficient_of_variation,skewness,kurtosis,label
LG20_12871350_12871581,25.609711451336054,1.735007319525982,5257.423832828781,0.026736915897972207,3.0196878039912027,42.65755061171391,344.2438235472558,344.9881353860536,0.5145300974893724,0.8815635836368027,1.735007319525982,3.6473011541818203,5257.397095912883,119016.81355714607,2.7657375705450176,1.3828687852725088,13.441925115063983,0.208062156809033,0.20712797412261663,fourier
