nameseq,average,median,maximum,minimum,peak,none_levated_peak,sample_standard_deviation,population_standard_deviation,percentile15,percentile25,percentile50,percentile75,amplitude,variance,interquartile_range,semi_interquartile_range,coefficient_of_variation,skewness,kurtosis,label
LG20_9573095_9573959,82.58198968707,7.436678749211382,62018.208704868994,0.0009425254287422191,3.4914796122728697,90.70725508004271,2107.128992089555,2108.348042808881,1.481118244099905,2.8744734543443755,7.436678749211382,14.239675782336619,62018.20776234356,4445131.469616038,11.365202327992243,5.682601163996122,25.515599709744844,0.10698724836490438,0.24528148474276767,fourier
