nameseq,average,median,maximum,minimum,peak,none_levated_peak,sample_standard_deviation,population_standard_deviation,percentile15,percentile25,percentile50,percentile75,amplitude,variance,interquartile_range,semi_interquartile_range,coefficient_of_variation,skewness,kurtosis,label
LG20_2961003_2961433,52.90981798543616,4.386193752529653,19964.989122178118,0.0201123009719656,2.715312056189874,56.17323511530546,960.2849572629825,961.4009192400817,1.083030331669028,1.854734299420774,4.386193752529653,8.29112610559088,19964.969009877146,924291.7275156741,6.436391806170106,3.218195903085053,18.149466277266505,0.1515913288005965,0.2332518759256904,fourier
