nameseq,average,median,maximum,minimum,peak,none_levated_peak,sample_standard_deviation,population_standard_deviation,percentile15,percentile25,percentile50,percentile75,amplitude,variance,interquartile_range,semi_interquartile_range,coefficient_of_variation,skewness,kurtosis,label
LG20_10202949_10212030,660.5932302621283,17.70878690719497,5759284.599479309,0.00029305893461133587,4.582749556988444,636.2036227200256,60429.91079232985,60433.23797255493,3.900570092394682,7.09258259507487,17.70878690719497,35.188536253975,5759284.59918625,3652176251.8474555,28.095953658900132,14.047976829450066,91.47824716331232,0.03191554157166813,0.2535807968908949,fourier
