nameseq,average,median,maximum,minimum,peak,none_levated_peak,sample_standard_deviation,population_standard_deviation,percentile15,percentile25,percentile50,percentile75,amplitude,variance,interquartile_range,semi_interquartile_range,coefficient_of_variation,skewness,kurtosis,label
LG20_12116289_12116841,55.869882283076215,3.9526609249081215,27616.7949181872,0.01286583276924589,3.299332767507379,75.17116246129058,1173.0876060412563,1174.149704589319,1.048412188675917,1.8876104600975374,3.9526609249081215,7.799967260120516,27616.78205235443,1378627.5287871852,5.9123568000229785,2.9561784000114892,20.996779626231667,0.13277070124379667,0.22880404124525855,fourier
