nameseq,average,median,maximum,minimum,peak,none_levated_peak,sample_standard_deviation,population_standard_deviation,percentile15,percentile25,percentile50,percentile75,amplitude,variance,interquartile_range,semi_interquartile_range,coefficient_of_variation,skewness,kurtosis,label
LG20_15290726_15291055,49.56004871341133,4.816828465675138,14298.4921066291,0.03510363543667492,2.21952969893335,42.30159653789503,785.5909465425661,786.7839479079768,1.1713741955864307,2.2116745049927022,4.816828465675138,8.458394295183215,14298.457002993664,619028.9806856619,6.246719790190513,3.1233598950952564,15.85129488240352,0.1708645718665185,0.24731718626440521,fourier
