nameseq,average,median,maximum,minimum,peak,none_levated_peak,sample_standard_deviation,population_standard_deviation,percentile15,percentile25,percentile50,percentile75,amplitude,variance,interquartile_range,semi_interquartile_range,coefficient_of_variation,skewness,kurtosis,label
LG20_12385675_12385797,14.234530156222613,1.168696546561579,1498.0504008900036,0.025036790099393337,2.880319866551892,26.02795904165078,134.35475089898014,134.9042613759793,0.41865554792951853,0.6567763453963377,1.168696546561579,2.8910966000330873,1498.0253640999042,18199.15973739854,2.2343202546367498,1.1171601273183749,9.438650199511297,0.2917462952869845,0.21239874634078582,fourier
