nameseq,average,median,maximum,minimum,peak,none_levated_peak,sample_standard_deviation,population_standard_deviation,percentile15,percentile25,percentile50,percentile75,amplitude,variance,interquartile_range,semi_interquartile_range,coefficient_of_variation,skewness,kurtosis,label
LG20_14206491_14206809,58.53130064473634,6.513943353221052,13711.196012375136,0.05859359522378437,1.8166917898978172,30.593953084204205,766.3011186189666,767.5050488485335,1.149549003084325,2.172970327986671,6.513943353221052,17.5986237218791,13711.137418779912,589064.0000079898,15.425653393892429,7.712826696946214,13.092159411767305,0.20364327818780173,0.2576013137332348,fourier
