nameseq,average,median,maximum,minimum,peak,none_levated_peak,sample_standard_deviation,population_standard_deviation,percentile15,percentile25,percentile50,percentile75,amplitude,variance,interquartile_range,semi_interquartile_range,coefficient_of_variation,skewness,kurtosis,label
LG20_10658465_10659062,57.39236924028246,3.39889681044942,31665.0197416336,0.02811367701968343,3.4731678787957336,91.47562303107668,1293.6220630993107,1294.7050453426466,0.7193118099101549,1.4846094434641368,3.39889681044942,5.824312762334707,31664.99162795658,1676261.1544357045,4.339703318870571,2.1698516594352855,22.53996620497321,0.12521463718809808,0.23331420075195788,fourier
