nameseq,average,median,maximum,minimum,peak,none_levated_peak,sample_standard_deviation,population_standard_deviation,percentile15,percentile25,percentile50,percentile75,amplitude,variance,interquartile_range,semi_interquartile_range,coefficient_of_variation,skewness,kurtosis,label
LG20_4531756_4532237,56.94593425847263,5.383411934356503,23446.728243442034,0.002851940493797517,2.8213895997809897,56.36293738867269,1066.5252167626616,1067.633295208818,1.4512581174375097,2.3337282024265864,5.383411934356503,11.130856089275383,23446.72539150154,1139840.8530384393,8.797127886848797,4.398563943424398,18.728733326628667,0.14503882753179356,0.2579481423689574,fourier
