nameseq,average,median,maximum,minimum,peak,none_levated_peak,sample_standard_deviation,population_standard_deviation,percentile15,percentile25,percentile50,percentile75,amplitude,variance,interquartile_range,semi_interquartile_range,coefficient_of_variation,skewness,kurtosis,label
LG20_13577731_13577907,21.395277052338674,2.467155685287633,3132.614710931715,0.014056882850214362,2.7576179479083134,29.4124615505406,234.54548432782926,235.2108629251628,0.621788683763153,0.9152264034358794,2.467155685287633,5.3091723147332806,3132.6006540488647,55324.150037999716,4.3939459112974015,2.1969729556487008,10.962488765818135,0.2421038472085201,0.2435462209251172,fourier
