nameseq,average,median,maximum,minimum,peak,none_levated_peak,sample_standard_deviation,population_standard_deviation,percentile15,percentile25,percentile50,percentile75,amplitude,variance,interquartile_range,semi_interquartile_range,coefficient_of_variation,skewness,kurtosis,label
LG20_1416038_1416181,19.04604353853448,3.4379558599681648,2181.007180753044,0.039551238755873824,2.5202084570942556,23.21345536001375,180.83157765145333,181.46275436160562,0.46106005426559526,0.8460729158301903,3.4379558599681648,5.528222466643356,2180.967629514288,32928.73122050041,4.6821495508131665,2.3410747754065833,9.49444315222686,0.25893853078001183,0.3207082673332963,fourier
