nameseq,average,median,maximum,minimum,peak,none_levated_peak,sample_standard_deviation,population_standard_deviation,percentile15,percentile25,percentile50,percentile75,amplitude,variance,interquartile_range,semi_interquartile_range,coefficient_of_variation,skewness,kurtosis,label
LG20_1455482_1455855,39.071929314301386,3.3680028904996293,12580.268965036894,0.021578393417517674,3.190696463024038,52.99232776384472,649.3864470811012,650.2563556386569,1.0413448070096776,1.4963491078353426,3.3680028904996293,7.6943085516771905,12580.247386643476,422833.3280484675,6.197959443841848,3.098979721920924,16.62028106821457,0.16494304701438922,0.2585118023149322,fourier
