nameseq,average,median,maximum,minimum,peak,none_levated_peak,sample_standard_deviation,population_standard_deviation,percentile15,percentile25,percentile50,percentile75,amplitude,variance,interquartile_range,semi_interquartile_range,coefficient_of_variation,skewness,kurtosis,label
LG20_11047310_11047639,34.14152672808326,2.8229736141733217,9989.974994488084,0.019585359901789272,3.2218828664600707,53.69272472664994,548.8961286861902,549.7296844111808,0.6731471605190052,1.2485813469873093,2.8229736141733217,5.174082698828008,9989.955409128183,302202.7259228164,3.925501351840699,1.9627506759203495,16.07708211345726,0.17117202040870153,0.23577626191598436,fourier
