nameseq,average,median,maximum,minimum,peak,none_levated_peak,sample_standard_deviation,population_standard_deviation,percentile15,percentile25,percentile50,percentile75,amplitude,variance,interquartile_range,semi_interquartile_range,coefficient_of_variation,skewness,kurtosis,label
LG20_1835722_1836587,79.53508371933498,4.659751979596177,62657.65142164872,0.013161070118033212,3.6294255713028414,109.18930861672459,2127.7341837386707,2128.9637326328148,1.0505092028833949,1.9611368495347086,4.659751979596177,10.02098424998941,62657.6382605786,4532486.574865846,8.059847400454702,4.029923700227351,26.752146150333637,0.10557051577961821,0.2622820825470836,fourier
