nameseq,average,median,maximum,minimum,peak,none_levated_peak,sample_standard_deviation,population_standard_deviation,percentile15,percentile25,percentile50,percentile75,amplitude,variance,interquartile_range,semi_interquartile_range,coefficient_of_variation,skewness,kurtosis,label
LG20_14598669_14598980,34.25876821875809,2.558276820813159,9467.755099845454,0.012209788890456631,3.035719186863692,51.13181355154136,534.9421733474201,535.8015187581659,0.5284801456767358,1.01837586435069,2.558276820813159,4.88577582596769,9467.742890056563,287083.26750355726,3.8673999616169996,1.9336999808084998,15.61475211051275,0.17777898048070107,0.21997784471158274,fourier
