nameseq,average,median,maximum,minimum,peak,none_levated_peak,sample_standard_deviation,population_standard_deviation,percentile15,percentile25,percentile50,percentile75,amplitude,variance,interquartile_range,semi_interquartile_range,coefficient_of_variation,skewness,kurtosis,label
LG20_15870741_15871285,45.625448138911395,2.5079445748851112,22869.701271770802,0.0008762144080301298,3.981696050711956,93.08000729767276,978.5812152730317,979.4802335749695,0.4919140139621186,0.9779766488265514,2.5079445748851112,5.105308012737595,22869.700395556392,959381.5279640768,4.127331363911043,2.0636656819555217,21.448144734790112,0.13218372545194268,0.23935899731633978,fourier
