nameseq,average,median,maximum,minimum,peak,none_levated_peak,sample_standard_deviation,population_standard_deviation,percentile15,percentile25,percentile50,percentile75,amplitude,variance,interquartile_range,semi_interquartile_range,coefficient_of_variation,skewness,kurtosis,label
LG20_8767754_8767911,23.493716389449173,2.2220695127447363,3132.937742753932,0.033038959142382356,2.241734163877062,26.264906391593584,248.19114492591478,248.98030795054862,0.4301374361731371,0.7900775128237226,2.2220695127447363,5.484228703157779,3132.90470379479,61991.193747150035,4.694151190334057,2.3470755951670284,10.564150039598474,0.25712013476210893,0.2377990949835628,fourier
