nameseq,average,median,maximum,minimum,peak,none_levated_peak,sample_standard_deviation,population_standard_deviation,percentile15,percentile25,percentile50,percentile75,amplitude,variance,interquartile_range,semi_interquartile_range,coefficient_of_variation,skewness,kurtosis,label
LG20_15136593_15136804,22.731865653645794,1.8084094647149762,4245.189357855467,0.0014717265014644832,3.1087050989733864,40.93562963459474,290.7022419557326,291.3902955619038,0.3224558726954483,0.6749139849780194,1.8084094647149762,3.457060217421951,4245.187886128966,84908.30434765367,2.7821462324439317,1.3910731162219658,12.788314271473315,0.21592667515908245,0.23635307789820695,fourier
