nameseq,average,median,maximum,minimum,peak,none_levated_peak,sample_standard_deviation,population_standard_deviation,percentile15,percentile25,percentile50,percentile75,amplitude,variance,interquartile_range,semi_interquartile_range,coefficient_of_variation,skewness,kurtosis,label
LG20_11220490_11220719,19.902714282441124,1.3260947920242872,4129.3301604076805,0.011137464210305372,3.8520709074492774,50.777158018114875,271.56526736974104,272.157558732814,0.2642443090105837,0.5244401778079684,1.3260947920242872,2.791069472936172,4129.31902294347,74069.73677540508,2.2666292951282037,1.1333146475641018,13.644634772721703,0.20521718042599793,0.23739689228844896,fourier
