nameseq,average,median,maximum,minimum,peak,none_levated_peak,sample_standard_deviation,population_standard_deviation,percentile15,percentile25,percentile50,percentile75,amplitude,variance,interquartile_range,semi_interquartile_range,coefficient_of_variation,skewness,kurtosis,label
LG20_7630585_7639601,707.7556211335793,33.335235666465394,5914699.68819124,0.03222778625238695,4.246757746484062,459.32461085901673,62283.65446824056,62287.10843494046,8.195476364387302,14.466586762466088,33.335235666465394,67.90269950880689,5914699.655963453,3879683877.1860313,53.436112746340804,26.718056373170402,88.00163871320969,0.03248462495778945,0.24252852296135707,fourier
