nameseq,average,median,maximum,minimum,peak,none_levated_peak,sample_standard_deviation,population_standard_deviation,percentile15,percentile25,percentile50,percentile75,amplitude,variance,interquartile_range,semi_interquartile_range,coefficient_of_variation,skewness,kurtosis,label
LG20_15953108_15953437,44.710444853372465,5.325381969796314,11965.680099641608,0.03974336492952842,2.460275230111087,38.739443393988346,657.3123727539027,658.310569794803,1.083385407996182,2.5192193834993275,5.325381969796314,10.314521092842256,11965.640356276679,433372.8063035582,7.795301709342928,3.897650854671464,14.701539537563384,0.1797550046954094,0.21584026967167175,fourier
