nameseq,average,median,maximum,minimum,peak,none_levated_peak,sample_standard_deviation,population_standard_deviation,percentile15,percentile25,percentile50,percentile75,amplitude,variance,interquartile_range,semi_interquartile_range,coefficient_of_variation,skewness,kurtosis,label
LG20_15254316_15254518,30.609055765739125,3.313528328788157,5187.075902797568,0.02562093665156721,2.21067474882405,28.87529771837242,362.84378489483345,363.74080427335343,0.90960329137189,1.6753185792270837,3.313528328788157,7.97889288280056,5187.050281860917,132307.372693426,6.303574303573476,3.151787151786738,11.854131916769754,0.22567999155500731,0.3079204265512911,fourier
