nameseq,average,median,maximum,minimum,peak,none_levated_peak,sample_standard_deviation,population_standard_deviation,percentile15,percentile25,percentile50,percentile75,amplitude,variance,interquartile_range,semi_interquartile_range,coefficient_of_variation,skewness,kurtosis,label
LG20_14642005_14642102,18.509188125380398,1.8627707899394395,1525.0267563444659,0.009524414369944147,1.7648892239564562,17.57702272700092,152.99959463455542,153.78623012632008,0.21393964300950355,0.422748625167466,1.8627707899394395,4.147669463599733,1525.017231930096,23650.20457646548,3.724920838432267,1.8624604192161336,8.266142933884682,0.3264012046934139,0.24909996021569691,fourier
