nameseq,average,median,maximum,minimum,peak,none_levated_peak,sample_standard_deviation,population_standard_deviation,percentile15,percentile25,percentile50,percentile75,amplitude,variance,interquartile_range,semi_interquartile_range,coefficient_of_variation,skewness,kurtosis,label
LG20_13878541_13878651,15.689818040839404,1.1487281801007174,1559.4365112679577,0.0022332265891348915,2.358217278472689,25.19448930138015,147.20040498798036,147.86798394567498,0.2112553840730799,0.5166584871243332,1.1487281801007174,2.0155028055806827,1559.4342780413685,21864.940676158396,1.4988443184563496,0.7494221592281748,9.38190644434683,0.2963529182258576,0.16690096336873328,fourier
