nameseq,average,median,maximum,minimum,peak,none_levated_peak,sample_standard_deviation,population_standard_deviation,percentile15,percentile25,percentile50,percentile75,amplitude,variance,interquartile_range,semi_interquartile_range,coefficient_of_variation,skewness,kurtosis,label
LG20_8551419_8551679,25.621351497695546,1.5443771387143606,5919.463635240392,0.011863557976493284,3.3956054194808973,49.67122199551535,365.54556418607535,366.2478617868081,0.38113868486117386,0.7072412040978714,1.5443771387143606,3.972500635891339,5919.451771682416,134137.49626340886,3.2652594317934676,1.6326297158967338,14.267224124338387,0.19759759152808518,0.2689155363700672,fourier
