nameseq,average,median,maximum,minimum,peak,none_levated_peak,sample_standard_deviation,population_standard_deviation,percentile15,percentile25,percentile50,percentile75,amplitude,variance,interquartile_range,semi_interquartile_range,coefficient_of_variation,skewness,kurtosis,label
LG20_13114210_13114425,32.96928428406028,2.3413887473270476,6298.021324327858,0.05774378242819925,2.183850864934001,34.84245682917789,427.2949608197049,428.28751723445345,0.6657563207270712,1.025947574226819,2.3413887473270476,4.869345998321604,6297.963580545429,183430.19741885227,3.843398424094785,1.9216992120473926,12.960395413445173,0.2150357365177765,0.19465255313098573,fourier
