nameseq,average,median,maximum,minimum,peak,none_levated_peak,sample_standard_deviation,population_standard_deviation,percentile15,percentile25,percentile50,percentile75,amplitude,variance,interquartile_range,semi_interquartile_range,coefficient_of_variation,skewness,kurtosis,label
LG20_1835722_1836594,80.27601664457984,5.027679611790611,63778.59014051779,0.03570833171197123,3.624993019875358,108.54830855020612,2157.1088309723627,2158.3453508967677,1.208250161735557,2.146069717858284,5.027679611790611,10.165477187664491,63778.55443218607,4658454.65373769,8.019407469806207,4.009703734903104,26.87114933122443,0.10465165589100496,0.25966612033772546,fourier
