nameseq,average,median,maximum,minimum,peak,none_levated_peak,sample_standard_deviation,population_standard_deviation,percentile15,percentile25,percentile50,percentile75,amplitude,variance,interquartile_range,semi_interquartile_range,coefficient_of_variation,skewness,kurtosis,label
LG20_13076488_13076610,22.78911621012539,2.6429924155888918,2367.359056212637,0.1397804208831436,1.7991044330970312,19.704493869819498,212.29551453494588,213.16380247174234,0.687397157316468,1.3176606696970186,2.6429924155888918,4.964388970569276,2367.2192757917537,45438.80668421199,3.6467283008722573,1.8233641504361287,9.315653690888691,0.28468981794554477,0.2742705595289931,fourier
