nameseq,average,median,maximum,minimum,peak,none_levated_peak,sample_standard_deviation,population_standard_deviation,percentile15,percentile25,percentile50,percentile75,amplitude,variance,interquartile_range,semi_interquartile_range,coefficient_of_variation,skewness,kurtosis,label
LG20_13603641_13604445,63.945394734537125,2.734836858338945,48119.39942123778,0.0012405866640116052,4.196288637317702,130.25451617701052,1694.79267824988,1695.846326270994,0.7325346441371827,1.2773134463821574,2.734836858338945,4.948354253725162,48119.398180651115,2875894.7623268273,3.6710408073430045,1.8355204036715023,26.503748788879033,0.10835052333257715,0.20971890476950758,fourier
