nameseq,average,median,maximum,minimum,peak,none_levated_peak,sample_standard_deviation,population_standard_deviation,percentile15,percentile25,percentile50,percentile75,amplitude,variance,interquartile_range,semi_interquartile_range,coefficient_of_variation,skewness,kurtosis,label
LG20_7449207_7449260,11.607652248941934,1.2523166773041836,523.1815072726554,0.11658938580893775,1.5507011766001815,11.094395659985288,70.29502812097962,70.95508981445262,0.23654055584529926,0.32834382453880806,1.2523166773041836,3.3617267986378487,523.0649178868464,5034.624770577037,3.0333829740990406,1.5166914870495203,6.055921267574775,0.4419374676321037,0.28995149962388,fourier
