nameseq,average,median,maximum,minimum,peak,none_levated_peak,sample_standard_deviation,population_standard_deviation,percentile15,percentile25,percentile50,percentile75,amplitude,variance,interquartile_range,semi_interquartile_range,coefficient_of_variation,skewness,kurtosis,label
LG20_2582890_2583288,30.4896073447149,1.5047298980372656,11284.737794391913,0.025824671428250973,4.36214210620375,84.65284055271252,564.1294674588769,564.8377282116999,0.3599848201885344,0.601890468073131,1.5047298980372656,3.083785559546108,11284.711969720485,319041.6592113542,2.481895091472977,1.2409475457364885,18.502352656786957,0.1541394969699426,0.24438560852238203,fourier
