nameseq,average,median,maximum,minimum,peak,none_levated_peak,sample_standard_deviation,population_standard_deviation,percentile15,percentile25,percentile50,percentile75,amplitude,variance,interquartile_range,semi_interquartile_range,coefficient_of_variation,skewness,kurtosis,label
LG20_13234381_13249770,1261.0548707699031,66.97160206552924,17905264.196651906,0.0041433809397143535,4.068022826689545,568.6937676471779,144326.16175638544,144330.850944026,15.87567266835118,28.40935111540794,66.97160206552924,134.5847128797321,17905264.192508526,20831394534.226646,106.17536176432417,53.08768088216208,114.44875643537301,0.024820515993210994,0.25145689388614473,fourier
