nameseq,average,median,maximum,minimum,peak,none_levated_peak,sample_standard_deviation,population_standard_deviation,percentile15,percentile25,percentile50,percentile75,amplitude,variance,interquartile_range,semi_interquartile_range,coefficient_of_variation,skewness,kurtosis,label
LG20_10072965_10073199,21.44366887630679,1.2381287170129158,4623.819246043212,0.018716913889437903,3.6529818560985237,52.855132483985834,300.873286568803,301.51549282045,0.4670668361770692,0.7169058543876026,1.2381287170129158,2.1253129069710077,4623.800529129322,90911.59241075884,1.4084070525834052,0.7042035262917026,14.03086795941152,0.20146893454437656,0.22963955291607888,fourier
