nameseq,average,median,maximum,minimum,peak,none_levated_peak,sample_standard_deviation,population_standard_deviation,percentile15,percentile25,percentile50,percentile75,amplitude,variance,interquartile_range,semi_interquartile_range,coefficient_of_variation,skewness,kurtosis,label
LG20_13205946_13206006,11.23990877446214,1.1033801020817955,585.8646840724317,0.1145540282936028,1.8090301034766483,12.999784133928037,74.19637687380038,74.81212499913144,0.6042065278954784,0.7033781354426598,1.1033801020817955,2.107777474996045,585.7501300441381,5596.854046885667,1.4043993395533854,0.7021996697766927,6.601154721324762,0.4098527084262389,0.17893179199120088,fourier
