nameseq,average,median,maximum,minimum,peak,none_levated_peak,sample_standard_deviation,population_standard_deviation,percentile15,percentile25,percentile50,percentile75,amplitude,variance,interquartile_range,semi_interquartile_range,coefficient_of_variation,skewness,kurtosis,label
LG20_13167731_13167891,30.119886804545697,3.141387758943145,4192.655445624131,0.09955740438881548,1.7817685376748256,24.300793236709055,329.0991767308743,330.1260097307089,0.7184464655868796,1.2791760180458662,3.141387758943145,6.290570284693745,4192.555888219742,108983.18230072012,5.011394266647878,2.505697133323939,10.926308550442714,0.245930415082727,0.29257576491995446,fourier
