nameseq,average,median,maximum,minimum,peak,none_levated_peak,sample_standard_deviation,population_standard_deviation,percentile15,percentile25,percentile50,percentile75,amplitude,variance,interquartile_range,semi_interquartile_range,coefficient_of_variation,skewness,kurtosis,label
LG20_5650836_5651183,32.27143334284175,1.9615322496709344,10293.768249536493,0.0008092173257948007,3.594510314049326,66.2075448281089,550.8719596341857,551.6651522115153,0.44568854303314304,0.7723331132741202,1.9615322496709344,3.8621801313032877,10293.767440319167,304334.4401645543,3.0898470180291673,1.5449235090145836,17.069956384703833,0.16506504222849827,0.2799684411958597,fourier
