nameseq,average,median,maximum,minimum,peak,none_levated_peak,sample_standard_deviation,population_standard_deviation,percentile15,percentile25,percentile50,percentile75,amplitude,variance,interquartile_range,semi_interquartile_range,coefficient_of_variation,skewness,kurtosis,label
LG20_7035370_7035468,29.46695873146876,3.254445003441326,2427.8244559499817,0.010124200832627408,1.119898402163851,13.8040523441785,242.3408537472441,243.57414849967256,0.4572343277268925,1.5554373092903686,3.254445003441326,5.831096490465072,2427.814331749149,59328.365817340535,4.275659181174703,2.1378295905873514,8.224155602744307,0.3244914754080195,0.15544981805396194,fourier
