nameseq,average,median,maximum,minimum,peak,none_levated_peak,sample_standard_deviation,population_standard_deviation,percentile15,percentile25,percentile50,percentile75,amplitude,variance,interquartile_range,semi_interquartile_range,coefficient_of_variation,skewness,kurtosis,label
LG20_9945999_9946104,13.435582622973225,1.6572320877890319,1238.384903107196,0.007784010149130127,2.629832611271922,23.43939112899162,119.55214362382591,120.1200904957995,0.14369026482591937,0.43548122461723593,1.6572320877890319,2.5052755561821427,1238.3771190970467,14428.836140719062,2.069794331564907,1.0348971657824535,8.898173378756658,0.29556184050313045,0.25703664477076826,fourier
