nameseq,average,median,maximum,minimum,peak,none_levated_peak,sample_standard_deviation,population_standard_deviation,percentile15,percentile25,percentile50,percentile75,amplitude,variance,interquartile_range,semi_interquartile_range,coefficient_of_variation,skewness,kurtosis,label
LG20_2955313_2955522,22.794010786996775,2.1576465542038235,3978.859037543785,0.01974984843963821,3.0709821388666128,35.01876748051261,273.68052995888195,274.3344867573251,0.7178998863790547,1.0758951288681335,2.1576465542038235,4.99432910220888,3978.8392876953453,75259.41062440499,3.9184339733407465,1.9592169866703733,12.00668598941822,0.22620934235869883,0.20331959964113563,fourier
