nameseq,average,median,maximum,minimum,peak,none_levated_peak,sample_standard_deviation,population_standard_deviation,percentile15,percentile25,percentile50,percentile75,amplitude,variance,interquartile_range,semi_interquartile_range,coefficient_of_variation,skewness,kurtosis,label
LG20_8690764_8691158,38.569401973199454,2.795280999638584,13649.636339558221,0.0009559033424070767,3.4137596107442185,65.14658910837609,685.7397161569581,686.6093927475986,0.5053095260530004,0.9724025876827297,2.795280999638584,5.2295675909899915,13649.635383654879,471432.4582092261,4.257165003307262,2.128582501653631,17.779371239239204,0.15650597506899794,0.2659145077689737,fourier
