nameseq,average,median,maximum,minimum,peak,none_levated_peak,sample_standard_deviation,population_standard_deviation,percentile15,percentile25,percentile50,percentile75,amplitude,variance,interquartile_range,semi_interquartile_range,coefficient_of_variation,skewness,kurtosis,label
LG20_16039723_16040090,45.66246486490013,3.753666464639579,14316.303601721886,0.01799446158198405,2.68637856124491,48.29800258567061,745.0030825466918,746.0173826522696,1.0619826072653191,1.7778792637869516,3.753666464639579,7.81365085322858,14316.285607260304,556541.9352193427,6.035771589441628,3.017885794720814,16.315437301751125,0.16875956374704257,0.23505282575013328,fourier
