nameseq,average,median,maximum,minimum,peak,none_levated_peak,sample_standard_deviation,population_standard_deviation,percentile15,percentile25,percentile50,percentile75,amplitude,variance,interquartile_range,semi_interquartile_range,coefficient_of_variation,skewness,kurtosis,label
LG20_240578_240695,20.003084595263182,2.2681235482758746,1833.5078582512238,0.22889399661811874,1.9663633949059858,18.0274472177908,167.75409382183614,168.46946633723,0.7374581125560158,1.1261849030747928,2.2681235482758746,5.520848289384711,1833.2789642546056,28381.96108795107,4.394663386309918,2.197331693154959,8.386411256869906,0.31715996867097845,0.2466954549880603,fourier
