nameseq,average,median,maximum,minimum,peak,none_levated_peak,sample_standard_deviation,population_standard_deviation,percentile15,percentile25,percentile50,percentile75,amplitude,variance,interquartile_range,semi_interquartile_range,coefficient_of_variation,skewness,kurtosis,label
LG20_1728109_1728448,57.32784998245984,5.122113954427952,16478.106757617647,0.022706863190399048,1.9769332596287679,38.6177815641172,891.9177936958852,893.2323379518855,0.932926065057427,2.4249739633311913,5.122113954427952,11.61944879565733,16478.084050754456,797864.0095629914,9.19447483232614,4.59723741616307,15.558193687165634,0.17559601253733595,0.2178796473669683,fourier
