nameseq,average,median,maximum,minimum,peak,none_levated_peak,sample_standard_deviation,population_standard_deviation,percentile15,percentile25,percentile50,percentile75,amplitude,variance,interquartile_range,semi_interquartile_range,coefficient_of_variation,skewness,kurtosis,label
LG20_4618141_4618283,30.38853520770651,3.2955731526873557,3128.8018302258197,0.02087387155002483,1.56857401453751,17.18498321548573,260.37022064754836,261.28540877917095,0.9116470988543187,1.6452452554937347,3.2955731526873557,10.52873775068375,3128.7809563542696,68270.06484089847,8.883492495190016,4.441746247595008,8.568041166443543,0.31216659863372426,0.18442165809720687,fourier
