nameseq,average,median,maximum,minimum,peak,none_levated_peak,sample_standard_deviation,population_standard_deviation,percentile15,percentile25,percentile50,percentile75,amplitude,variance,interquartile_range,semi_interquartile_range,coefficient_of_variation,skewness,kurtosis,label
LG21_6048614_6048806,28.231140363458827,3.2807447014153324,4364.931191041823,0.000956464734543547,2.2788074624361836,27.232416154529552,313.039627730916,313.8537763821506,0.6197850607945082,1.3792016306781605,3.2807447014153324,7.400785164343534,4364.930234577088,98504.19294933701,6.021583533665374,3.010791766832687,11.088451394478595,0.2391108995646756,0.2273321027111643,fourier
