nameseq,average,median,maximum,minimum,peak,none_levated_peak,sample_standard_deviation,population_standard_deviation,percentile15,percentile25,percentile50,percentile75,amplitude,variance,interquartile_range,semi_interquartile_range,coefficient_of_variation,skewness,kurtosis,label
LG21_17301916_17302217,30.230411027707998,2.8039475330784973,7827.40114132424,0.00766974311506721,3.3299800844387986,48.01441146853448,449.4460358781253,450.1920049157227,0.5582785016067188,1.0674727462673677,2.8039475330784973,6.2399804451920025,7827.393471581125,202672.84129003808,5.172507698924635,2.5862538494623175,14.867347832822414,0.1830684529748526,0.22192928274349222,fourier
