nameseq,average,median,maximum,minimum,peak,none_levated_peak,sample_standard_deviation,population_standard_deviation,percentile15,percentile25,percentile50,percentile75,amplitude,variance,interquartile_range,semi_interquartile_range,coefficient_of_variation,skewness,kurtosis,label
LG21_8257104_8257518,40.139545042931644,2.5843408182820027,14999.717580806599,0.01141564235419924,3.446310444858744,68.45126997390193,735.2515446642517,736.1389940454114,0.594425893888845,1.0509385714662685,2.5843408182820027,5.197495075053367,14999.706165164245,541900.6185541903,4.146556503587099,2.0732782517935493,18.31738610584291,0.15323410537736037,0.24447409139000098,fourier
