nameseq,average,median,maximum,minimum,peak,none_levated_peak,sample_standard_deviation,population_standard_deviation,percentile15,percentile25,percentile50,percentile75,amplitude,variance,interquartile_range,semi_interquartile_range,coefficient_of_variation,skewness,kurtosis,label
LG21_1756893_1757184,33.119150450122234,3.3052849378941556,8385.348912994297,0.0008425222646301953,2.9388837579006832,45.15649868591671,489.63669644764525,490.47727508610336,0.662982905390575,1.270837732289946,3.3052849378941556,6.395257488594931,8385.348070472033,240567.95737588912,5.1244197563049845,2.5622098781524922,14.784095902008202,0.1826693080514398,0.2973868971051429,fourier
