nameseq,average,median,maximum,minimum,peak,none_levated_peak,sample_standard_deviation,population_standard_deviation,percentile15,percentile25,percentile50,percentile75,amplitude,variance,interquartile_range,semi_interquartile_range,coefficient_of_variation,skewness,kurtosis,label
LG21_4312316_4312532,43.52767273175913,3.0819378605285155,8605.247078176526,0.005480553579596105,1.6617781010046213,32.85044568227005,582.5605779874874,583.9075406595813,0.7820529393720097,1.3164354909680491,3.0819378605285155,5.768175832512705,8605.241597622946,340948.0160391205,4.451740341544657,2.2258701707723283,13.383683101495873,0.20828255326315268,0.2683798587655917,fourier
