nameseq,average,median,maximum,minimum,peak,none_levated_peak,sample_standard_deviation,population_standard_deviation,percentile15,percentile25,percentile50,percentile75,amplitude,variance,interquartile_range,semi_interquartile_range,coefficient_of_variation,skewness,kurtosis,label
LG21_13997809_13998192,48.75100329515781,5.436245152986691,15626.215497338948,0.03563537230626304,2.6255869899751088,45.455246018611064,796.0374040143458,797.0759398819523,1.552320831518926,2.7250669075484155,5.436245152986691,10.300630922646041,15626.179861966642,635330.0539386977,7.575564015097626,3.787782007548813,16.3286363399502,0.16323890532180513,0.24596854393615653,fourier
