nameseq,average,median,maximum,minimum,peak,none_levated_peak,sample_standard_deviation,population_standard_deviation,percentile15,percentile25,percentile50,percentile75,amplitude,variance,interquartile_range,semi_interquartile_range,coefficient_of_variation,skewness,kurtosis,label
LG21_12241944_12242091,18.891926752338566,1.9211701392259308,2467.2035138799033,0.00683654918057698,2.611344728362687,29.72962718468722,201.94281313268795,202.62852924219456,0.41401031332135496,0.713310184104365,1.9211701392259308,3.0543092427909104,2467.1966773307227,41058.32086285489,2.3409990586865455,1.1704995293432727,10.68937095617789,0.25211231362754977,0.2330895120551808,fourier
