nameseq,average,median,maximum,minimum,peak,none_levated_peak,sample_standard_deviation,population_standard_deviation,percentile15,percentile25,percentile50,percentile75,amplitude,variance,interquartile_range,semi_interquartile_range,coefficient_of_variation,skewness,kurtosis,label
LG21_6533295_6533434,39.85477471361677,6.970975731956866,3941.331633988925,0.09728085272083233,1.1709178386278156,14.175640805017595,331.4431833071173,332.63328833301637,1.120818291604552,2.8670296313880264,6.970975731956866,12.824810704569828,3941.2343531362044,110644.90450723562,9.9577810731818,4.9788905365909,8.316272910554844,0.29764195468026483,0.22296944684728556,fourier
