nameseq,average,median,maximum,minimum,peak,none_levated_peak,sample_standard_deviation,population_standard_deviation,percentile15,percentile25,percentile50,percentile75,amplitude,variance,interquartile_range,semi_interquartile_range,coefficient_of_variation,skewness,kurtosis,label
LG21_6635703_6636061,61.7773171384614,5.329804714735135,19015.34842059619,0.003275594336662312,1.9370648032263682,40.57458343851177,1001.783260486718,1003.1814234287855,1.3333421313491673,2.031864246540084,5.329804714735135,11.213983213194753,19015.345145001855,1006372.9683126042,9.18211896665467,4.591059483327335,16.216037000140727,0.16904109296945474,0.2162083971699301,fourier
