nameseq,average,median,maximum,minimum,peak,none_levated_peak,sample_standard_deviation,population_standard_deviation,percentile15,percentile25,percentile50,percentile75,amplitude,variance,interquartile_range,semi_interquartile_range,coefficient_of_variation,skewness,kurtosis,label
LG21_7484738_7484925,21.239163359983706,1.8183322426266282,3367.0908674653665,0.018511305136800955,2.9505242558064086,33.553115347327434,244.70667860331167,245.36010213927904,0.4654339557922935,0.7368878013350175,1.8183322426266282,4.264738950472178,3367.07235616023,60201.57972179743,3.5278511491371605,1.7639255745685802,11.52148389537597,0.23809114522174202,0.24230118029249875,fourier
