nameseq,average,median,maximum,minimum,peak,none_levated_peak,sample_standard_deviation,population_standard_deviation,percentile15,percentile25,percentile50,percentile75,amplitude,variance,interquartile_range,semi_interquartile_range,coefficient_of_variation,skewness,kurtosis,label
LG21_2092615_2092892,33.63246524165089,3.315857761446383,7747.911830739032,0.007695767709119409,2.755274286343632,39.139320399209915,463.6020309553806,464.43810382745465,0.9043017040827431,1.5912106206184955,3.315857761446383,7.546220264741557,7747.9041349713225,215702.75228684154,5.955009644123061,2.9775048220615306,13.784360665338612,0.19618081105724705,0.2575245953220791,fourier
