nameseq,average,median,maximum,minimum,peak,none_levated_peak,sample_standard_deviation,population_standard_deviation,percentile15,percentile25,percentile50,percentile75,amplitude,variance,interquartile_range,semi_interquartile_range,coefficient_of_variation,skewness,kurtosis,label
LG21_14251442_14251661,25.017761579682432,1.9130706287338521,4830.219108798586,0.005125553472736163,2.9312507875560385,40.12248988683254,324.7193774285111,325.45990148584247,0.36068972129637805,0.6338457211246049,1.9130706287338521,5.473046924350797,4830.213983245113,105924.14747517426,4.839201203226192,2.419600601613096,12.979553602118587,0.21345838182418184,0.34414202940294863,fourier
