nameseq,average,median,maximum,minimum,peak,none_levated_peak,sample_standard_deviation,population_standard_deviation,percentile15,percentile25,percentile50,percentile75,amplitude,variance,interquartile_range,semi_interquartile_range,coefficient_of_variation,skewness,kurtosis,label
LG21_11963806_11964184,52.5368400487496,5.95070699538385,15259.238729905566,0.015570764922046171,2.4046618185659248,40.02853011884014,782.7281856336302,783.7628565223742,1.288771844032332,2.7186729639707585,5.95070699538385,12.530722444392602,15259.223159140643,614284.2152641119,9.812049480421843,4.906024740210921,14.898653685819832,0.17855291495215642,0.20013081064265698,fourier
