nameseq,average,median,maximum,minimum,peak,none_levated_peak,sample_standard_deviation,population_standard_deviation,percentile15,percentile25,percentile50,percentile75,amplitude,variance,interquartile_range,semi_interquartile_range,coefficient_of_variation,skewness,kurtosis,label
LG21_1156853_1156934,20.56632999909363,2.056047568407724,1378.884225376396,0.004382631123569205,1.329033100924566,13.121820733319407,151.0076540358346,151.93694067789926,0.73048812246222,1.0062538541803736,2.056047568407724,5.077328691261363,1378.8798427452725,23084.833942559475,4.07107483708099,2.035537418540495,7.34246965999717,0.36773531544884513,0.2278026040518957,fourier
