nameseq,average,median,maximum,minimum,peak,none_levated_peak,sample_standard_deviation,population_standard_deviation,percentile15,percentile25,percentile50,percentile75,amplitude,variance,interquartile_range,semi_interquartile_range,coefficient_of_variation,skewness,kurtosis,label
LG21_7611514_7611668,14.96666373603381,1.0737239658531876,2080.3212352080377,0.0045596139942174815,3.4521164888787976,36.97711071332989,166.43688747173337,166.97639257372904,0.2841549236993765,0.49427773071552455,1.0737239658531876,2.3394649462683517,2080.3166755940433,27881.115676936075,1.845187215552827,0.9225936077764135,11.120506908364563,0.25041816116406496,0.26154562763510647,fourier
