nameseq,average,median,maximum,minimum,peak,none_levated_peak,sample_standard_deviation,population_standard_deviation,percentile15,percentile25,percentile50,percentile75,amplitude,variance,interquartile_range,semi_interquartile_range,coefficient_of_variation,skewness,kurtosis,label
LG21_10297371_10297894,71.18477044755484,4.377160848741455,33903.01897253005,0.03722234927222923,2.453708364422581,67.18852682574934,1479.3774171101024,1480.7910604494778,1.0991975622871426,1.8321033960211297,4.377160848741455,9.075828463538492,33902.98175018078,2192742.164707089,7.243725067517363,3.6218625337586814,20.78221799141755,0.13547782092547905,0.2517933052479877,fourier
