nameseq,average,median,maximum,minimum,peak,none_levated_peak,sample_standard_deviation,population_standard_deviation,percentile15,percentile25,percentile50,percentile75,amplitude,variance,interquartile_range,semi_interquartile_range,coefficient_of_variation,skewness,kurtosis,label
LG21_2402579_2402711,29.427481985257856,4.053022875094,3021.5822385497204,0.018298905406754072,1.5065282634627997,16.796154824334064,260.6570004146693,261.6424746305886,1.346030354720916,2.18997601077476,4.053022875094,8.60666252254749,3021.5639396443135,68456.78453081819,6.416686511772729,3.2083432558863647,8.857604620920315,0.29204424668967177,0.27737738268282475,fourier
