nameseq,average,median,maximum,minimum,peak,none_levated_peak,sample_standard_deviation,population_standard_deviation,percentile15,percentile25,percentile50,percentile75,amplitude,variance,interquartile_range,semi_interquartile_range,coefficient_of_variation,skewness,kurtosis,label
LG21_6423474_6426460,290.23294220643885,22.330155320441328,764990.4209473873,0.0014738404931542895,3.430577725248232,185.00540223595038,13994.21207962816,13996.555187569174,5.053087156680613,9.306712374672296,22.330155320441328,45.23053571211692,764990.4194735469,195903557.11866957,35.923823337444624,17.961911668722312,48.21717332718993,0.05743148353653847,0.2419425324597453,fourier
