nameseq,average,median,maximum,minimum,peak,none_levated_peak,sample_standard_deviation,population_standard_deviation,percentile15,percentile25,percentile50,percentile75,amplitude,variance,interquartile_range,semi_interquartile_range,coefficient_of_variation,skewness,kurtosis,label
LG21_9446498_9446778,43.1577397378326,5.926105061725591,9416.996771441503,0.041096768700250995,2.170332997873782,31.228024206607742,560.3141615828549,561.3138308193734,1.3051040516491992,1.8427505631052281,5.926105061725591,11.93078512644407,9416.955674672803,315073.2166691201,10.08803456333884,5.04401728166942,12.98293573728739,0.19934335358005126,0.1945608683596996,fourier
