nameseq,average,median,maximum,minimum,peak,none_levated_peak,sample_standard_deviation,population_standard_deviation,percentile15,percentile25,percentile50,percentile75,amplitude,variance,interquartile_range,semi_interquartile_range,coefficient_of_variation,skewness,kurtosis,label
LG21_16152874_16153022,24.282057338261414,2.8863255490101865,2711.682099034625,0.01612823873329014,2.0454060368437785,20.15443095278752,221.00641294094262,221.7517992491122,0.6350437989428335,1.1917440384377045,2.8863255490101865,9.184342004796335,2711.6659707958916,49173.860470218555,7.99259796635863,3.996298983179315,9.101634588132745,0.29043137035532895,0.29405193503263627,fourier
