nameseq,average,median,maximum,minimum,peak,none_levated_peak,sample_standard_deviation,population_standard_deviation,percentile15,percentile25,percentile50,percentile75,amplitude,variance,interquartile_range,semi_interquartile_range,coefficient_of_variation,skewness,kurtosis,label
LG21_9962611_9969074,507.6603328969326,24.00458200743101,3056002.0834922367,0.01300740129619465,4.244307713331064,394.0610501331886,38007.094484966685,38010.03473132429,5.479175765021897,10.040603934317328,24.00458200743101,47.01069709005107,3056002.070484835,1444762740.2764788,36.970093155733736,18.485046577866868,74.86717401787438,0.03817622136947142,0.23797935128632164,fourier
