nameseq,average,median,maximum,minimum,peak,none_levated_peak,sample_standard_deviation,population_standard_deviation,percentile15,percentile25,percentile50,percentile75,amplitude,variance,interquartile_range,semi_interquartile_range,coefficient_of_variation,skewness,kurtosis,label
LG21_6048612_6048814,29.919178710182365,3.823079556457711,4892.323567080242,0.12295610472970983,2.2616485339431374,27.753708182843095,342.18395405851317,343.02989837556424,0.8867305957013681,1.5046812886206187,3.823079556457711,7.503320697546397,4892.200610975513,117669.51117954994,5.998639408925778,2.999319704462889,11.436943419240917,0.22879008946102347,0.23274980586121483,fourier
