nameseq,average,median,maximum,minimum,peak,none_levated_peak,sample_standard_deviation,population_standard_deviation,percentile15,percentile25,percentile50,percentile75,amplitude,variance,interquartile_range,semi_interquartile_range,coefficient_of_variation,skewness,kurtosis,label
LG21_7834837_7834957,14.23290552185122,1.3048454508294085,1414.801315524305,0.003939761256205503,2.8338088292240227,24.908556580212977,127.92772733816405,128.4596536547184,0.25206604320784753,0.6045685845874986,1.3048454508294085,2.682446981634232,1414.7973757630489,16501.882617090207,2.0778783970467334,1.0389391985233667,8.988166691738495,0.3031725883048275,0.16883624686336995,fourier
