nameseq,average,median,maximum,minimum,peak,none_levated_peak,sample_standard_deviation,population_standard_deviation,percentile15,percentile25,percentile50,percentile75,amplitude,variance,interquartile_range,semi_interquartile_range,coefficient_of_variation,skewness,kurtosis,label
LG21_8223268_8223714,43.32245759308632,3.348913814156623,16967.624601437034,0.004486540587097441,3.4393247354411027,64.62411030991845,801.4130600412404,802.3110021268704,0.7132070472449837,1.330430458388661,3.348913814156623,8.010991533371877,16967.620114896446,643702.9441338232,6.680561074983216,3.340280537491608,18.49879034030459,0.14963648250331485,0.2730823172424344,fourier
