nameseq,average,median,maximum,minimum,peak,none_levated_peak,sample_standard_deviation,population_standard_deviation,percentile15,percentile25,percentile50,percentile75,amplitude,variance,interquartile_range,semi_interquartile_range,coefficient_of_variation,skewness,kurtosis,label
LG21_1509486_1509624,12.886158365583842,0.8659241090841105,1573.85319737512,0.007902701210026437,3.5955893152050424,33.641421990786895,132.89142208990472,133.37204363010466,0.28018368665378984,0.4595460114598138,0.8659241090841105,2.2290502068097675,1573.84529467391,17788.102022070543,1.7695041953499537,0.8847520976749769,10.312726129831614,0.27135463073834165,0.2733068378841315,fourier
