nameseq,average,median,maximum,minimum,peak,none_levated_peak,sample_standard_deviation,population_standard_deviation,percentile15,percentile25,percentile50,percentile75,amplitude,variance,interquartile_range,semi_interquartile_range,coefficient_of_variation,skewness,kurtosis,label
LG21_3408569_3408824,28.45918096672457,2.320656000626907,6462.270150597482,0.015466218318619834,2.9984465622221497,44.32733001684487,402.911790185158,403.7010402856786,0.5535473854835276,1.207691411277606,2.320656000626907,4.405221654120643,6462.254684379163,162974.52992773906,3.1975302428430368,1.5987651214215184,14.157532876868663,0.1946221897906168,0.2401616767333924,fourier
