nameseq,average,median,maximum,minimum,peak,none_levated_peak,sample_standard_deviation,population_standard_deviation,percentile15,percentile25,percentile50,percentile75,amplitude,variance,interquartile_range,semi_interquartile_range,coefficient_of_variation,skewness,kurtosis,label
LG21_7812088_7812265,26.376041320479338,2.036243043299783,4161.923411644936,0.00231577327178276,2.2495162413650274,31.913679346668307,310.8641756793458,311.7410862385086,0.3235425221639883,0.7736830171724656,2.036243043299783,3.435264595575041,4161.921095871664,97182.50484916526,2.6615815784025756,1.3307907892012878,11.78585413566134,0.2348916361043083,0.16440912003948163,fourier
