nameseq,average,median,maximum,minimum,peak,none_levated_peak,sample_standard_deviation,population_standard_deviation,percentile15,percentile25,percentile50,percentile75,amplitude,variance,interquartile_range,semi_interquartile_range,coefficient_of_variation,skewness,kurtosis,label
LG21_1913320_1915438,211.5743602062715,15.160623827424542,397031.32877838414,0.026891945345169015,3.3384637564055657,154.4876306453555,8622.49375170108,8624.529038818227,3.4395062225082267,6.244021081736308,15.160623827424542,31.86253993741339,397031.3018864388,74382501.14141886,25.61851885567708,12.80925942783854,40.75396349205404,0.06833767887860667,0.2351598329368342,fourier
