nameseq,average,median,maximum,minimum,peak,none_levated_peak,sample_standard_deviation,population_standard_deviation,percentile15,percentile25,percentile50,percentile75,amplitude,variance,interquartile_range,semi_interquartile_range,coefficient_of_variation,skewness,kurtosis,label
LG21_10459548_10476176,1242.1064554750105,48.793429660620504,19458291.09685723,0.027521574722479628,4.462580462058888,717.2870995885412,150888.81942382062,150893.3565464721,11.550931678475264,20.26904490674688,48.793429660620504,97.35352203288244,19458291.069335658,22768805049.860752,77.08447712613555,38.54223856306778,121.478170215384,0.023725674911589972,0.2418486330425027,fourier
