nameseq,average,median,maximum,minimum,peak,none_levated_peak,sample_standard_deviation,population_standard_deviation,percentile15,percentile25,percentile50,percentile75,amplitude,variance,interquartile_range,semi_interquartile_range,coefficient_of_variation,skewness,kurtosis,label
LG21_4905462_4907033,115.18452623304614,4.216213472271965,171566.91814176977,0.0037549044271733088,4.549222166698167,216.052688256644,4325.67894960995,4327.055458459306,0.8845696712607583,1.6393804795152451,4.216213472271965,8.108707331063899,171566.91438686533,18723408.940582473,6.4693268515486535,3.2346634257743268,37.55434077020082,0.07696015866187685,0.24482086470778325,fourier
