nameseq,average,median,maximum,minimum,peak,none_levated_peak,sample_standard_deviation,population_standard_deviation,percentile15,percentile25,percentile50,percentile75,amplitude,variance,interquartile_range,semi_interquartile_range,coefficient_of_variation,skewness,kurtosis,label
LG21_10910020_10913900,309.53127876454033,14.116845789728966,1123879.4900372564,0.018382765280980314,4.17943760588653,305.7467269505184,18037.84126907728,18040.165583405473,3.363467516745145,5.846012150527095,14.116845789728966,26.6335199768411,1123879.471654491,325447574.2766873,20.787507826314005,10.393753913157003,58.27469631202803,0.04913244804098277,0.24778281627258225,fourier
