nameseq,average,median,maximum,minimum,peak,none_levated_peak,sample_standard_deviation,population_standard_deviation,percentile15,percentile25,percentile50,percentile75,amplitude,variance,interquartile_range,semi_interquartile_range,coefficient_of_variation,skewness,kurtosis,label
LG21_7478509_7478615,9.677249176552497,0.824803342782784,930.0048276628215,0.002086012156596117,3.6856203675198587,30.250715121060487,89.39380943777685,89.814488511637,0.24948348490923056,0.41148351478124096,0.824803342782784,1.3367555809922325,930.0027416506649,8066.642346606974,0.9252720662109915,0.4626360331054957,9.237522751235309,0.2970825124059015,0.2371558645294008,fourier
