nameseq,average,median,maximum,minimum,peak,none_levated_peak,sample_standard_deviation,population_standard_deviation,percentile15,percentile25,percentile50,percentile75,amplitude,variance,interquartile_range,semi_interquartile_range,coefficient_of_variation,skewness,kurtosis,label
LG21_16858992_16859914,115.91254112973901,10.662614142037842,92830.11153394332,0.01670497884748371,2.654300075453444,80.95921823600577,3053.4197100278725,3055.0751288049605,2.7378379371309225,4.532713758344683,10.662614142037842,21.009193758145503,92830.09482896447,9333484.042642647,16.47647999980082,8.23823999990041,26.342444745562343,0.1034085749581479,0.24863836944647694,fourier
