nameseq,average,median,maximum,minimum,peak,none_levated_peak,sample_standard_deviation,population_standard_deviation,percentile15,percentile25,percentile50,percentile75,amplitude,variance,interquartile_range,semi_interquartile_range,coefficient_of_variation,skewness,kurtosis,label
LG21_1634171_1634406,36.437241948274256,3.99511131909927,7297.383441159074,0.0061660031843485666,2.1589632601265665,32.649320899927936,473.68827503866237,474.6950525294642,0.6859378096540949,1.1540025627101802,3.99511131909927,7.261060697454526,7297.37727515589,225335.39289595076,6.107058134744346,3.053529067372173,13.000113337642375,0.20546506429693911,0.2521454598066215,fourier
