nameseq,average,median,maximum,minimum,peak,none_levated_peak,sample_standard_deviation,population_standard_deviation,percentile15,percentile25,percentile50,percentile75,amplitude,variance,interquartile_range,semi_interquartile_range,coefficient_of_variation,skewness,kurtosis,label
LG21_15324092_15324424,45.19945191977154,3.8766444654710797,12301.565253947865,0.05315217345229841,2.4557819903883704,41.99636772308849,673.0239359771787,674.0367641438302,0.8839351538314019,1.7642562086628408,3.8766444654710797,8.7142661831289,12301.512101774413,454325.5594174853,6.9500099744660595,3.4750049872330298,14.890090640297757,0.18419615668335604,0.21527641500385272,fourier
