nameseq,average,median,maximum,minimum,peak,none_levated_peak,sample_standard_deviation,population_standard_deviation,percentile15,percentile25,percentile50,percentile75,amplitude,variance,interquartile_range,semi_interquartile_range,coefficient_of_variation,skewness,kurtosis,label
LG21_11113090_11113384,36.13481447174805,3.326470561553563,8858.422376782411,0.0038006298799624963,2.721290665826307,40.719808280206614,514.5798266907988,515.4542195503155,0.8132283493004482,1.1637632938899143,3.326470561553563,8.23049959373431,8858.418576152531,265693.05245222483,7.066736299844395,3.5333681499221976,14.240555381656165,0.19127262015602722,0.2451587475077847,fourier
