nameseq,average,median,maximum,minimum,peak,none_levated_peak,sample_standard_deviation,population_standard_deviation,percentile15,percentile25,percentile50,percentile75,amplitude,variance,interquartile_range,semi_interquartile_range,coefficient_of_variation,skewness,kurtosis,label
LG21_14076420_14076561,30.230223668475997,2.3624524235264586,3721.798510204237,0.045995914312468855,1.5657619292672458,21.734909622768928,310.9192053279053,312.01980772647005,0.895822641209913,1.4053911472864837,2.3624524235264586,5.0219121803099585,3721.752514289925,97356.36041366332,3.6165210330234747,1.8082605165117374,10.28504481930549,0.26889079961039364,0.14701184595409783,fourier
