nameseq,average,median,maximum,minimum,peak,none_levated_peak,sample_standard_deviation,population_standard_deviation,percentile15,percentile25,percentile50,percentile75,amplitude,variance,interquartile_range,semi_interquartile_range,coefficient_of_variation,skewness,kurtosis,label
LG21_1048852_1049062,20.771202229965343,1.4294799303648789,3839.6028810100306,0.10920305035559882,3.3860983372386473,41.65315753356931,263.54739499206755,264.1741435465766,0.5114428886250554,0.7392804031822212,1.4294799303648789,3.027555521648144,3839.493677959675,69787.97811856726,2.2882751184659225,1.1441375592329612,12.688114634590763,0.22016976073904235,0.1719154454517277,fourier
