nameseq,average,median,maximum,minimum,peak,none_levated_peak,sample_standard_deviation,population_standard_deviation,percentile15,percentile25,percentile50,percentile75,amplitude,variance,interquartile_range,semi_interquartile_range,coefficient_of_variation,skewness,kurtosis,label
LG21_74417_74509,31.940270585963468,4.270583695015814,2256.35146387112,0.03509672421562139,0.9705615961069322,11.030263448116722,232.1625958518569,233.42093892138476,0.6148999041311866,1.4427474228760773,4.270583695015814,9.606579053463646,2256.316367146904,54485.334726940826,8.163831630587568,4.081915815293784,7.268648373751835,0.3575470905132845,0.24310781857547165,fourier
