nameseq,average,median,maximum,minimum,peak,none_levated_peak,sample_standard_deviation,population_standard_deviation,percentile15,percentile25,percentile50,percentile75,amplitude,variance,interquartile_range,semi_interquartile_range,coefficient_of_variation,skewness,kurtosis,label
LG21_2402440_2402665,32.18318493699258,3.011394959240561,6258.444998242411,0.012145551393009758,2.340766878132758,33.60747830983095,415.10827006508595,416.02971020013996,0.8767434220323714,1.759954910990603,3.011394959240561,6.281778631668283,6258.4328526910185,173080.71976921242,4.521823720677681,2.2609118603388403,12.898296762044351,0.21082540687405313,0.24421576536926815,fourier
