nameseq,average,median,maximum,minimum,peak,none_levated_peak,sample_standard_deviation,population_standard_deviation,percentile15,percentile25,percentile50,percentile75,amplitude,variance,interquartile_range,semi_interquartile_range,coefficient_of_variation,skewness,kurtosis,label
LG21_7652227_7653676,126.96633069883637,6.018281195687298,169547.99409786402,0.0136534687327316,3.806783504516627,161.1875568889026,4450.779977192739,4452.315523202611,1.5334549286188415,2.586272245821041,6.018281195687298,12.194452622990697,169547.9804443953,19823113.51815094,9.608180377169656,4.804090188584828,35.05480510222802,0.08152372176759579,0.22146985075365494,fourier
