nameseq,average,median,maximum,minimum,peak,none_levated_peak,sample_standard_deviation,population_standard_deviation,percentile15,percentile25,percentile50,percentile75,amplitude,variance,interquartile_range,semi_interquartile_range,coefficient_of_variation,skewness,kurtosis,label
LG21_12762352_12762524,28.01966057365981,2.4668291384556644,3905.965494979811,0.0794224564383374,2.058078702098085,24.742086420488736,295.7829550089671,296.6415430414069,0.9701875491178429,1.3268075708180063,2.4668291384556644,6.723415615009352,3905.8860725233726,87996.20505798687,5.396608044191346,2.698304022095673,10.55626474244378,0.25917143975821194,0.1610026897446607,fourier
