nameseq,average,median,maximum,minimum,peak,none_levated_peak,sample_standard_deviation,population_standard_deviation,percentile15,percentile25,percentile50,percentile75,amplitude,variance,interquartile_range,semi_interquartile_range,coefficient_of_variation,skewness,kurtosis,label
LG21_7082225_7082595,29.41913405891672,1.6929698744110155,9991.217813351595,0.007677482501648227,4.20361341768264,73.90984294956499,517.8950601462344,518.5944460964121,0.4373525044104869,0.7350836409428977,1.6929698744110155,3.646005007173897,9991.210135869094,268940.19952204445,2.9109213662309994,1.4554606831154997,17.604021216568214,0.1606087776354356,0.2662951805863515,fourier
