nameseq,average,median,maximum,minimum,peak,none_levated_peak,sample_standard_deviation,population_standard_deviation,percentile15,percentile25,percentile50,percentile75,amplitude,variance,interquartile_range,semi_interquartile_range,coefficient_of_variation,skewness,kurtosis,label
LG21_3927985_3928278,30.642162955823395,2.108957183171923,8083.323958133357,0.036188899246727364,3.1982076507225012,52.72364961577669,470.45438581035546,471.25652515807457,0.43088529217195093,0.7690594953127162,2.108957183171923,4.132783998085309,8083.287769234111,222082.71250406295,3.3637245027725933,1.6818622513862966,15.353171591986063,0.18195093913410856,0.20780570784963215,fourier
