nameseq,average,median,maximum,minimum,peak,none_levated_peak,sample_standard_deviation,population_standard_deviation,percentile15,percentile25,percentile50,percentile75,amplitude,variance,interquartile_range,semi_interquartile_range,coefficient_of_variation,skewness,kurtosis,label
LG21_2442328_2442481,22.24602715661811,2.3295075351477017,2856.3851816253646,0.016350950376763516,2.307528124996551,25.514242037719068,229.16972200595063,229.91742292237652,0.6207408286627767,1.0042343037905896,2.3295075351477017,4.654974946294131,2856.3688306749877,52862.02136326694,3.650740642503542,1.825370321251771,10.301602186877377,0.26072187172640443,0.22515156077755422,fourier
