nameseq,average,median,maximum,minimum,peak,none_levated_peak,sample_standard_deviation,population_standard_deviation,percentile15,percentile25,percentile50,percentile75,amplitude,variance,interquartile_range,semi_interquartile_range,coefficient_of_variation,skewness,kurtosis,label
LG21_2631944_2632350,100.78605237572177,3.1323674158910575,33114.22521422913,0.04059088669025137,1.3460857278238556,42.45303573222064,1640.1188399480216,1642.137448515008,0.5410278751582618,1.0257262799954472,3.1323674158910575,8.341641753725968,33114.184623342444,2696615.3998153806,7.315915473730521,3.6579577368652605,16.273271958641647,0.17862184601743655,0.1344336182133791,fourier
