nameseq,average,median,maximum,minimum,peak,none_levated_peak,sample_standard_deviation,population_standard_deviation,percentile15,percentile25,percentile50,percentile75,amplitude,variance,interquartile_range,semi_interquartile_range,coefficient_of_variation,skewness,kurtosis,label
LG21_3699605_3699743,21.295293460249614,1.9372682259492366,2566.920900903846,0.013488426571928173,2.1757546295297794,25.238801638202034,216.7158111511624,217.49959602834335,0.40688859428376045,0.8234237601626788,1.9372682259492366,3.877732304326741,2566.907412477274,47306.074272492544,3.054308544164062,1.527154272082031,10.176699915203805,0.26797341363521293,0.219237293830324,fourier
