nameseq,average,median,maximum,minimum,peak,none_levated_peak,sample_standard_deviation,population_standard_deviation,percentile15,percentile25,percentile50,percentile75,amplitude,variance,interquartile_range,semi_interquartile_range,coefficient_of_variation,skewness,kurtosis,label
LG21_3186556_3187046,55.321888663881595,5.687999296289754,22432.298077745145,0.05201715739759053,2.958443224182997,55.364021022698275,1011.0185081516933,1012.0496338742082,1.5338823136558108,2.3383194712922006,5.687999296289754,12.671946224812249,22432.246060587746,1024244.461424919,10.333626753520049,5.166813376760024,18.275198706507002,0.14727887462217884,0.26353681298380055,fourier
