nameseq,average,median,maximum,minimum,peak,none_levated_peak,sample_standard_deviation,population_standard_deviation,percentile15,percentile25,percentile50,percentile75,amplitude,variance,interquartile_range,semi_interquartile_range,coefficient_of_variation,skewness,kurtosis,label
LG21_9625724_9625818,22.274764007978977,2.6609344015581438,1667.5022901716868,0.055173648999816485,1.4216387053673585,14.07776547540621,169.8392661347562,170.74027652178953,0.5807285187202214,1.1573932193059004,2.6609344015581438,4.98935857783743,1667.4471165226869,29152.24202673715,3.831965358531529,1.9159826792657646,7.624739192474434,0.3464539747397146,0.1789374325380028,fourier
