nameseq,average,median,maximum,minimum,peak,none_levated_peak,sample_standard_deviation,population_standard_deviation,percentile15,percentile25,percentile50,percentile75,amplitude,variance,interquartile_range,semi_interquartile_range,coefficient_of_variation,skewness,kurtosis,label
LG21_16951449_16951616,20.026874457534205,2.2529446388676337,2732.2563594361022,0.08801687692572509,2.7962426248162022,27.930770942629028,209.91966648749474,210.5472304181968,0.5946541225875205,0.8865502623092094,2.2529446388676337,5.346221039619222,2732.1683425591764,44330.13623677324,4.459670777310012,2.229835388655006,10.481898557491679,0.25401045241835973,0.24506115381541999,fourier
