nameseq,average,median,maximum,minimum,peak,none_levated_peak,sample_standard_deviation,population_standard_deviation,percentile15,percentile25,percentile50,percentile75,amplitude,variance,interquartile_range,semi_interquartile_range,coefficient_of_variation,skewness,kurtosis,label
LG21_16589494_16589585,16.657220735746254,1.8908846560918846,1188.7392788442344,0.09512639558808063,1.8410434221392205,15.01701142213982,122.93822803642331,123.6118672052747,0.46232328569661424,0.7331652335351969,1.8908846560918846,6.115310622264537,1188.6441524486463,15279.89371397447,5.38214538872934,2.69107269436467,7.38047661051876,0.36033550301244377,0.3491828103553601,fourier
