nameseq,average,median,maximum,minimum,peak,none_levated_peak,sample_standard_deviation,population_standard_deviation,percentile15,percentile25,percentile50,percentile75,amplitude,variance,interquartile_range,semi_interquartile_range,coefficient_of_variation,skewness,kurtosis,label
LG21_14480946_14481190,57.47984523172665,3.7125167722080348,12444.841368054278,0.0016592373480999536,1.4207878663805071,30.6107344462739,793.0532036674107,794.6766510239135,0.7722550802978194,1.2231730849214806,3.7125167722080348,9.850319475416287,12444.83970881693,631510.9796825827,8.627146390494806,4.313573195247403,13.797065744875667,0.20339364954662287,0.22309216072355467,fourier
