nameseq,average,median,maximum,minimum,peak,none_levated_peak,sample_standard_deviation,population_standard_deviation,percentile15,percentile25,percentile50,percentile75,amplitude,variance,interquartile_range,semi_interquartile_range,coefficient_of_variation,skewness,kurtosis,label
LG21_7394711_7394826,13.044990730384127,1.2528525222964215,1314.569863152429,0.0034553085554257642,2.964100739190642,26.227038736647533,121.38057745084629,121.90717678866069,0.4321895478997268,0.6349944821026602,1.2528525222964215,2.261072335316331,1314.5664078438735,14861.359752581773,1.6260778532136708,0.8130389266068354,9.304765327899323,0.29145037342229635,0.2504219273363507,fourier
