nameseq,average,median,maximum,minimum,peak,none_levated_peak,sample_standard_deviation,population_standard_deviation,percentile15,percentile25,percentile50,percentile75,amplitude,variance,interquartile_range,semi_interquartile_range,coefficient_of_variation,skewness,kurtosis,label
LG21_13967936_13968388,58.053383592872606,3.91257671194526,22720.600252309137,0.0005927027388709352,2.6010542479136176,56.742331446670946,1066.02706526674,1067.2056472356091,0.9079144641623865,1.6766032485659403,3.91257671194526,9.284514111151557,22720.5996596064,1138927.8934915753,7.607910862585617,3.8039554312928083,18.362875672204908,0.1523623798445876,0.1974757965094957,fourier
