nameseq,average,median,maximum,minimum,peak,none_levated_peak,sample_standard_deviation,population_standard_deviation,percentile15,percentile25,percentile50,percentile75,amplitude,variance,interquartile_range,semi_interquartile_range,coefficient_of_variation,skewness,kurtosis,label
LG21_12047471_12047799,44.62435790222536,4.991208194749768,12120.510786120645,0.019921080978620744,2.4575517009556282,40.102922891815346,666.8490671970386,667.864831787615,0.9767697792876227,1.9146040121054877,4.991208194749768,9.979628479407406,12120.490865039666,446043.43353869923,8.06502446730192,4.03251223365096,14.943611483623917,0.17830039055493607,0.24208433346942687,fourier
