nameseq,average,median,maximum,minimum,peak,none_levated_peak,sample_standard_deviation,population_standard_deviation,percentile15,percentile25,percentile50,percentile75,amplitude,variance,interquartile_range,semi_interquartile_range,coefficient_of_variation,skewness,kurtosis,label
LG21_7022683_7023130,60.24501727706621,7.687950168259268,21593.80841979356,0.03270707695898349,2.478766545066306,45.362815117567585,1018.6708813905705,1019.8096977119743,1.5654822719010544,3.2433304331569324,7.687950168259268,13.326798150106752,21593.7757127166,1040011.8195473884,10.08346771694982,5.04173385847491,16.908798892126025,0.15478129806870156,0.21189449899207116,fourier
