nameseq,average,median,maximum,minimum,peak,none_levated_peak,sample_standard_deviation,population_standard_deviation,percentile15,percentile25,percentile50,percentile75,amplitude,variance,interquartile_range,semi_interquartile_range,coefficient_of_variation,skewness,kurtosis,label
LG21_3723015_3723239,36.23224534253339,3.5076677059202535,6769.284004453166,0.11312441993868182,2.0699793592962004,30.387030695751527,449.9411404369025,450.9443549274716,0.7184790998631747,1.3823438834400603,3.5076677059202535,8.22278388268523,6769.170880033227,203350.81124095348,6.840439999245169,3.4202199996225846,12.418251648034415,0.2181923902635589,0.20685244624526217,fourier
