nameseq,average,median,maximum,minimum,peak,none_levated_peak,sample_standard_deviation,population_standard_deviation,percentile15,percentile25,percentile50,percentile75,amplitude,variance,interquartile_range,semi_interquartile_range,coefficient_of_variation,skewness,kurtosis,label
LG21_12166446_12166653,23.30129058748914,2.936592576285946,3992.016707078554,0.14022266198822086,2.9755147283798764,33.4732137282213,275.8880604148178,276.5536538077618,0.5793250788824164,0.9750731050523542,2.936592576285946,5.327091856954874,3991.8764844165657,76481.92343442336,4.35201875190252,2.17600937595126,11.840033468487226,0.22144522652321438,0.2688513445816391,fourier
