nameseq,average,median,maximum,minimum,peak,none_levated_peak,sample_standard_deviation,population_standard_deviation,percentile15,percentile25,percentile50,percentile75,amplitude,variance,interquartile_range,semi_interquartile_range,coefficient_of_variation,skewness,kurtosis,label
LG21_16607375_16607592,42.650521977462724,3.96448046460515,7800.461642286193,0.016628984149979233,1.7037696913783376,27.523702911817526,526.7013726607488,527.9135753519568,0.7942722578716637,1.5280016636553748,3.96448046460515,8.248898595966846,7800.445013302043,278692.74304088607,6.720896932311471,3.3604484661557357,12.349236263487395,0.22034900716563421,0.20014887444204557,fourier
