nameseq,average,median,maximum,minimum,peak,none_levated_peak,sample_standard_deviation,population_standard_deviation,percentile15,percentile25,percentile50,percentile75,amplitude,variance,interquartile_range,semi_interquartile_range,coefficient_of_variation,skewness,kurtosis,label
LG21_8554698_8555151,51.206374555263636,5.822951189501326,19535.99359755774,0.022879514061482486,2.9553612152332582,52.77463385388289,915.506593490779,916.5165293670763,1.6286940608564813,2.4924611169776707,5.822951189501326,11.10202364028525,19535.970718043678,840002.5486030707,8.609562523307579,4.3047812616537895,17.878762194006402,0.14871577230061558,0.22331358044930555,fourier
