nameseq,average,median,maximum,minimum,peak,none_levated_peak,sample_standard_deviation,population_standard_deviation,percentile15,percentile25,percentile50,percentile75,amplitude,variance,interquartile_range,semi_interquartile_range,coefficient_of_variation,skewness,kurtosis,label
LG21_8213528_8214166,55.787094431792525,3.9145558800317044,31133.391545556133,0.025096031456205842,3.818087358186795,83.57303933173651,1230.4191255517476,1231.383026307138,1.107171968915158,1.7145052546279154,3.9145558800317044,8.737565851284934,31133.366449524678,1516304.1574773253,7.023060596657019,3.5115302983285095,22.05562304479051,0.12647528994276647,0.21554730742508327,fourier
