nameseq,average,median,maximum,minimum,peak,none_levated_peak,sample_standard_deviation,population_standard_deviation,percentile15,percentile25,percentile50,percentile75,amplitude,variance,interquartile_range,semi_interquartile_range,coefficient_of_variation,skewness,kurtosis,label
LG21_9333739_9334006,43.87526726225979,3.5463884924272344,10235.121093781425,0.00853978079348632,2.0360749667769027,36.12574027134666,623.7233395343954,624.8902691598942,1.249058518428659,1.5714864915624518,3.5463884924272344,6.886620774329668,10235.11255400063,390487.848490725,5.315134282767216,2.657567141383608,14.215829975602311,0.19397484211479601,0.18582934784515154,fourier
