nameseq,average,median,maximum,minimum,peak,none_levated_peak,sample_standard_deviation,population_standard_deviation,percentile15,percentile25,percentile50,percentile75,amplitude,variance,interquartile_range,semi_interquartile_range,coefficient_of_variation,skewness,kurtosis,label
LG21_12295070_12295371,44.90488083775229,5.646278705267407,11276.884276082073,0.015057830163057761,2.2417756107713465,36.19018288131236,647.4383266970498,648.5129138708495,0.9184827597052219,2.0318838146280713,5.646278705267407,11.19361997901258,11276.86921825191,420568.99945725995,9.161736164384507,4.580868082192254,14.417994539086662,0.18191046396387414,0.2664795798144052,fourier
