nameseq,average,median,maximum,minimum,peak,none_levated_peak,sample_standard_deviation,population_standard_deviation,percentile15,percentile25,percentile50,percentile75,amplitude,variance,interquartile_range,semi_interquartile_range,coefficient_of_variation,skewness,kurtosis,label
LG21_3572940_3573152,21.42533526589706,1.742582573190493,4012.235019591108,0.0017018854315386989,3.3138337915771836,41.15416964045892,274.1018805158717,274.7475866650909,0.48379939176728465,0.8130612619480224,1.742582573190493,3.357609374135245,4012.2333177056767,75486.23637829164,2.544548112187223,1.2722740560936114,12.793353154765454,0.21542449094835944,0.21338473408071199,fourier
