nameseq,average,median,maximum,minimum,peak,none_levated_peak,sample_standard_deviation,population_standard_deviation,percentile15,percentile25,percentile50,percentile75,amplitude,variance,interquartile_range,semi_interquartile_range,coefficient_of_variation,skewness,kurtosis,label
LG21_4513788_4514182,38.225325380237955,2.413741245656178,13557.319132059845,0.001609337632579076,3.444487793287347,66.05013757617532,681.0967266634348,681.9605148693456,0.4188264152308801,0.8629569136740374,2.413741245656178,5.660448377787871,13557.317522722213,465070.143840863,4.7974914641138335,2.3987457320569168,17.81794451422914,0.15773787803980216,0.2529801094777414,fourier
