nameseq,average,median,maximum,minimum,peak,none_levated_peak,sample_standard_deviation,population_standard_deviation,percentile15,percentile25,percentile50,percentile75,amplitude,variance,interquartile_range,semi_interquartile_range,coefficient_of_variation,skewness,kurtosis,label
LG21_10552125_10555058,248.38278063710615,13.298299960632068,665279.0082682556,0.0035624436903987687,3.937471017481216,226.76128491087158,12279.671510042974,12281.764695349244,3.1679177574129374,5.615837595908062,13.298299960632068,28.466005344251048,665279.004705812,150841744.0319271,22.850167748342987,11.425083874171493,49.43849762268303,0.05743259837631879,0.24325985762857175,fourier
