nameseq,average,median,maximum,minimum,peak,none_levated_peak,sample_standard_deviation,population_standard_deviation,percentile15,percentile25,percentile50,percentile75,amplitude,variance,interquartile_range,semi_interquartile_range,coefficient_of_variation,skewness,kurtosis,label
LG21_11169915_11171650,162.38858501684456,10.418813898366269,252576.45534976025,0.0018792225529151556,3.5634688645549906,149.65311510607674,6059.915169259377,6061.661290940699,2.7969723424401454,4.447952432592855,10.418813898366269,22.011544959177286,252576.4534705377,36743737.606088854,17.56359252658443,8.781796263292215,37.31737159130232,0.07523361311527313,0.23151050888374575,fourier
