nameseq,average,median,maximum,minimum,peak,none_levated_peak,sample_standard_deviation,population_standard_deviation,percentile15,percentile25,percentile50,percentile75,amplitude,variance,interquartile_range,semi_interquartile_range,coefficient_of_variation,skewness,kurtosis,label
LG21_14334156_14334356,39.06132257770794,3.962105445300502,6663.287937330569,0.0940694816136744,1.715251701135089,26.42258337890536,468.4448974794588,469.6145494811818,0.9343130615188685,1.498748167193209,3.962105445300502,8.595820717351659,6663.193867848955,220537.82508441334,7.097072550158449,3.5485362750792246,11.99255085507006,0.22478129650636147,0.2547685203059487,fourier
