nameseq,average,median,maximum,minimum,peak,none_levated_peak,sample_standard_deviation,population_standard_deviation,percentile15,percentile25,percentile50,percentile75,amplitude,variance,interquartile_range,semi_interquartile_range,coefficient_of_variation,skewness,kurtosis,label
LG21_10993242_10993354,21.95154279553326,2.208773894419709,2134.620797296745,0.018367523959509253,1.7159006552528575,18.904720513663683,199.64816304895552,200.53746884481916,0.8410633219533916,1.3669931920998133,2.208773894419709,3.8603340052925246,2134.6024297727854,40215.27641068682,2.4933408131927113,1.2466704065963556,9.094949038824748,0.2966634192813351,0.19170931213002926,fourier
