nameseq,average,median,maximum,minimum,peak,none_levated_peak,sample_standard_deviation,population_standard_deviation,percentile15,percentile25,percentile50,percentile75,amplitude,variance,interquartile_range,semi_interquartile_range,coefficient_of_variation,skewness,kurtosis,label
LG21_6472415_6472603,15.837990731562433,0.9373699094507162,2774.9379204040906,0.002100888399443207,3.9777772993926352,50.16378523585424,201.2301907935478,201.76466767328702,0.274431319392975,0.4107538602050225,0.9373699094507162,1.731026495074846,2774.935819515691,40708.981121311954,1.3202726348698235,0.6601363174349117,12.705537855413066,0.22214292144759257,0.26776059503127886,fourier
