nameseq,average,median,maximum,minimum,peak,none_levated_peak,sample_standard_deviation,population_standard_deviation,percentile15,percentile25,percentile50,percentile75,amplitude,variance,interquartile_range,semi_interquartile_range,coefficient_of_variation,skewness,kurtosis,label
LG21_5857995_5858517,84.33020494222298,8.13414448118496,38038.55236668107,0.15619977384191247,2.067270362413729,51.83203462674242,1661.2631732061618,1662.8536600933858,1.8859769617736548,2.98751064772708,8.13414448118496,15.703040266687502,38038.39616690723,2765082.2948859693,12.715529618960423,6.357764809480211,19.69950356867199,0.13759901806644478,0.24435253943361435,fourier
