nameseq,average,median,maximum,minimum,peak,none_levated_peak,sample_standard_deviation,population_standard_deviation,percentile15,percentile25,percentile50,percentile75,amplitude,variance,interquartile_range,semi_interquartile_range,coefficient_of_variation,skewness,kurtosis,label
LG21_6727061_6727154,16.22523908167505,1.5238791583858884,1332.7085458333795,0.020897677620327727,1.9311477122529133,19.20625150258284,136.533905460594,137.26599599248812,0.2533937507553558,0.48763472826017235,1.5238791583858884,2.7754057070191656,1332.6876481557592,18841.95365580976,2.287770978758993,1.1438854893794965,8.414908697080266,0.32302657439617927,0.269735533748094,fourier
