nameseq,average,median,maximum,minimum,peak,none_levated_peak,sample_standard_deviation,population_standard_deviation,percentile15,percentile25,percentile50,percentile75,amplitude,variance,interquartile_range,semi_interquartile_range,coefficient_of_variation,skewness,kurtosis,label
LG21_14480147_14480357,29.87840580505859,2.5187346731433573,5402.499436047212,0.014213278299990698,2.353985476742721,32.53737491510911,370.7734720930294,371.6552176238157,0.6579292245485951,1.2057064381028464,2.5187346731433573,5.8301034829018645,5402.485222768912,138127.60078700582,4.624397044799018,2.312198522399509,12.4094128218265,0.22137240005981756,0.19749778238735394,fourier
