nameseq,average,median,maximum,minimum,peak,none_levated_peak,sample_standard_deviation,population_standard_deviation,percentile15,percentile25,percentile50,percentile75,amplitude,variance,interquartile_range,semi_interquartile_range,coefficient_of_variation,skewness,kurtosis,label
LG21_9002815_9003241,68.68626453986252,7.654231863574449,24075.167415137537,0.10046742253423185,2.0722241089516413,41.334149020750274,1163.2026970310483,1164.567158141819,2.153528955096875,3.474475771513493,7.654231863574449,16.002121398811134,24075.066947715004,1356216.6658225125,12.527645627297641,6.2638228136488205,16.935011749779697,0.15740687198903305,0.22420628788792363,fourier
