nameseq,average,median,maximum,minimum,peak,none_levated_peak,sample_standard_deviation,population_standard_deviation,percentile15,percentile25,percentile50,percentile75,amplitude,variance,interquartile_range,semi_interquartile_range,coefficient_of_variation,skewness,kurtosis,label
LG21_6154144_6155128,97.94039176097944,8.102880516188065,84769.99999089644,0.04847281883983672,3.3523792117824165,99.0940430938748,2699.291743504322,2700.6629865409523,1.9503956219275393,3.1647032264573105,8.102880516188065,15.583678754693215,84769.95151807759,7293580.566872297,12.418975528235904,6.209487764117952,27.560556936425797,0.09984564817157661,0.24683026699255148,fourier
