nameseq,average,median,maximum,minimum,peak,none_levated_peak,sample_standard_deviation,population_standard_deviation,percentile15,percentile25,percentile50,percentile75,amplitude,variance,interquartile_range,semi_interquartile_range,coefficient_of_variation,skewness,kurtosis,label
LG21_16656310_16656694,61.21811868406103,3.9927433519022517,21121.729481091814,0.00574768869560534,2.09632925826495,49.87916164755026,1074.765176757448,1076.1637006760093,0.9596275242270509,1.7994526023041684,3.9927433519022517,8.174926180325297,21121.72373340312,1158128.3106526835,6.375473578021129,3.1877367890105646,17.556324824422898,0.1597336141038928,0.22293364859607676,fourier
