nameseq,average,median,maximum,minimum,peak,none_levated_peak,sample_standard_deviation,population_standard_deviation,percentile15,percentile25,percentile50,percentile75,amplitude,variance,interquartile_range,semi_interquartile_range,coefficient_of_variation,skewness,kurtosis,label
LG21_9002800_9003241,68.22306071390001,7.7496205298809295,25149.349286406614,0.05311026116315128,2.1595825779671465,43.64238544261045,1194.395375458769,1195.7487984147435,2.431441165917496,3.6743150240898546,7.7496205298809295,15.56966288139314,25149.29617614545,1429815.188910303,11.895347857303285,5.947673928651643,17.507208896234975,0.15189301991593315,0.2581165448923284,fourier
