nameseq,average,median,maximum,minimum,peak,none_levated_peak,sample_standard_deviation,population_standard_deviation,percentile15,percentile25,percentile50,percentile75,amplitude,variance,interquartile_range,semi_interquartile_range,coefficient_of_variation,skewness,kurtosis,label
LG21_12917634_12918117,75.38386028315223,8.439574105405562,30672.694100495093,0.029073338437769942,2.140157491634721,47.705939173391954,1392.303018899007,1393.7435811249043,1.688684679188158,3.126965585255066,8.439574105405562,15.612393220733564,30672.665027156654,1942521.1699268725,12.485427635478498,6.242713817739249,18.469510763568273,0.14424507869849543,0.260882769336126,fourier
