nameseq,average,median,maximum,minimum,peak,none_levated_peak,sample_standard_deviation,population_standard_deviation,percentile15,percentile25,percentile50,percentile75,amplitude,variance,interquartile_range,semi_interquartile_range,coefficient_of_variation,skewness,kurtosis,label
LG21_11731233_11731359,22.406048599701975,3.497075550761028,2111.7806174136817,0.046947182059922626,1.889370771689588,17.18242036832529,186.24149746883046,186.97909044434925,0.9601736489426824,1.8037805178667852,3.497075550761028,7.4475382424477905,2111.733670231622,34961.18026339614,5.643757724581006,2.821878862290503,8.312108073857685,0.3045879673315916,0.18036396112281147,fourier
