nameseq,average,median,maximum,minimum,peak,none_levated_peak,sample_standard_deviation,population_standard_deviation,percentile15,percentile25,percentile50,percentile75,amplitude,variance,interquartile_range,semi_interquartile_range,coefficient_of_variation,skewness,kurtosis,label
LG21_7846841_7847008,17.497084449171602,1.8779584624027177,2548.747739715573,0.0037672224797980864,3.200533218130025,33.65090191353847,195.8843400028407,196.4699447174065,0.27309912387196633,0.9286831324248821,1.8779584624027177,3.440198287221773,2548.743972493093,38600.43917726077,2.511515154796891,1.2557575773984455,11.195256019474423,0.2392094128587672,0.24780897858759235,fourier
