nameseq,average,median,maximum,minimum,peak,none_levated_peak,sample_standard_deviation,population_standard_deviation,percentile15,percentile25,percentile50,percentile75,amplitude,variance,interquartile_range,semi_interquartile_range,coefficient_of_variation,skewness,kurtosis,label
LG21_310986_311930,129.56143319664275,11.589691195987246,106086.40507211858,0.08289718350779601,2.43127906374659,78.9654336786933,3448.6610211800407,3450.4871589946347,2.6235559873176415,5.138673291805106,11.589691195987246,22.235033864845352,106086.32217493506,11905861.634386865,17.096360573040247,8.548180286520124,26.61795980556816,0.10262395284093943,0.2180946046777813,fourier
