nameseq,average,median,maximum,minimum,peak,none_levated_peak,sample_standard_deviation,population_standard_deviation,percentile15,percentile25,percentile50,percentile75,amplitude,variance,interquartile_range,semi_interquartile_range,coefficient_of_variation,skewness,kurtosis,label
LG21_2755945_2755998,5.877695610239623,0.658376761484283,270.68592215640444,0.0004796555014395485,3.062424663271423,15.671402680678264,36.380223642492915,36.721829481031925,0.2290116912821958,0.3722242961567968,0.658376761484283,1.4010909152696283,270.685442500903,1348.4927604339857,1.0288666191128315,0.5144333095564158,6.189538563227802,0.4303974791396603,0.2580971782438341,fourier
