nameseq,average,median,maximum,minimum,peak,none_levated_peak,sample_standard_deviation,population_standard_deviation,percentile15,percentile25,percentile50,percentile75,amplitude,variance,interquartile_range,semi_interquartile_range,coefficient_of_variation,skewness,kurtosis,label
LG21_15818450_15818500,20.213451736066244,1.487429515658796,924.317165053287,0.21477068891970072,0.8410240973176996,8.818204132998746,127.87010912936775,129.14247986209472,0.7206571146374521,0.9450417373479104,1.487429515658796,2.9562732854139275,924.1023943643673,16677.780104931542,2.011231548066017,1.0056157740330085,6.325990770849544,0.43933697283691464,0.24389926445297994,fourier
