nameseq,average,median,maximum,minimum,peak,none_levated_peak,sample_standard_deviation,population_standard_deviation,percentile15,percentile25,percentile50,percentile75,amplitude,variance,interquartile_range,semi_interquartile_range,coefficient_of_variation,skewness,kurtosis,label
LG21_14360716_14360940,31.847858940677405,1.5375298715226906,6564.610326575819,0.04359889758830748,2.354946376134783,42.300706252839916,436.49906052150493,437.4723037821896,0.3989769170977566,0.6236819941478248,1.5375298715226906,3.7756298209756842,6564.566727678231,191382.0165764964,3.1519478268278593,1.5759739134139297,13.705758410151404,0.20831886121089202,0.2427833816615418,fourier
