nameseq,average,median,maximum,minimum,peak,none_levated_peak,sample_standard_deviation,population_standard_deviation,percentile15,percentile25,percentile50,percentile75,amplitude,variance,interquartile_range,semi_interquartile_range,coefficient_of_variation,skewness,kurtosis,label
LG21_1147438_1147578,20.90553658184838,3.2940958987711055,2430.565643224794,0.04274239285817338,2.248208258897723,23.380047882087315,203.6909422492959,204.41711546966283,0.3832671885073929,0.5821371201040204,3.2940958987711055,4.76213482156224,2430.5229008319357,41786.35709693746,4.17999770145822,2.08999885072911,9.743396992075024,0.25938473977192505,0.21588521473215833,fourier
