nameseq,average,median,maximum,minimum,peak,none_levated_peak,sample_standard_deviation,population_standard_deviation,percentile15,percentile25,percentile50,percentile75,amplitude,variance,interquartile_range,semi_interquartile_range,coefficient_of_variation,skewness,kurtosis,label
LG21_14769933_14770063,18.78497905308868,2.019974303950071,2042.0841521770133,0.04502782217652734,2.324552321472345,23.26142840922752,177.51385231127443,178.19528995055165,0.505578055220351,0.7863695519193317,2.019974303950071,4.020918441082825,2042.0391243548368,31753.561360561172,3.2345488891634937,1.6172744445817469,9.449776430923785,0.2833300815263837,0.26851021734450237,fourier
