nameseq,average,median,maximum,minimum,peak,none_levated_peak,sample_standard_deviation,population_standard_deviation,percentile15,percentile25,percentile50,percentile75,amplitude,variance,interquartile_range,semi_interquartile_range,coefficient_of_variation,skewness,kurtosis,label
LG21_12147320_12147821,93.79751854372108,10.666493712216013,39335.81053865767,0.0003687292599190445,1.7839846504610417,44.06126376291607,1753.333917066607,1755.0828790147364,2.2764568191130166,4.580142460932368,10.666493712216013,19.70811118452934,39335.81016992841,3080315.912210656,15.127968723596972,7.563984361798486,18.692753756053147,0.14223934874411095,0.2568248447853104,fourier
