nameseq,average,median,maximum,minimum,peak,none_levated_peak,sample_standard_deviation,population_standard_deviation,percentile15,percentile25,percentile50,percentile75,amplitude,variance,interquartile_range,semi_interquartile_range,coefficient_of_variation,skewness,kurtosis,label
LG21_15345086_15345272,31.41827134047949,2.5569775870774225,5024.943955283601,0.04624190265550269,1.9839835444104366,28.52832351025443,366.1838322765026,367.16687789034273,0.500194732344105,0.984055116765338,2.5569775870774225,6.347649636186437,5024.897713380946,134811.51621974187,5.363594519421099,2.6817972597105495,11.655123488755065,0.2364492192949343,0.21953903291821136,fourier
