nameseq,average,median,maximum,minimum,peak,none_levated_peak,sample_standard_deviation,population_standard_deviation,percentile15,percentile25,percentile50,percentile75,amplitude,variance,interquartile_range,semi_interquartile_range,coefficient_of_variation,skewness,kurtosis,label
LG21_15581949_15588878,548.2838125417966,22.606480034151367,3570838.820489297,0.001563989477865456,4.213146452912842,431.98493178710186,42891.22204921781,42894.31698893749,5.435492863519316,9.358433985896337,22.606480034151367,43.99592188861947,3570838.8189253076,1839922429.9474514,34.63748790272314,17.31874395136157,78.22813854448447,0.03676817591518579,0.24094584491553445,fourier
