nameseq,average,median,maximum,minimum,peak,none_levated_peak,sample_standard_deviation,population_standard_deviation,percentile15,percentile25,percentile50,percentile75,amplitude,variance,interquartile_range,semi_interquartile_range,coefficient_of_variation,skewness,kurtosis,label
LG21_17142106_17142290,34.97264667889757,3.8394044313264457,5260.243142418247,0.032995884698659446,1.7632828087865657,23.581582499928764,385.2694941627613,386.3150035318353,0.8372960855013277,1.420113769156685,3.8394044313264457,11.313023273638535,5260.210146533548,149239.28195380192,9.89290950448185,4.946454752240925,11.016309337412322,0.24242699761548117,0.3434041596520378,fourier
