nameseq,average,median,maximum,minimum,peak,none_levated_peak,sample_standard_deviation,population_standard_deviation,percentile15,percentile25,percentile50,percentile75,amplitude,variance,interquartile_range,semi_interquartile_range,coefficient_of_variation,skewness,kurtosis,label
LG21_12385943_12386145,30.463382317593645,2.6984307215493195,5340.84132322083,0.0080989437971302,2.221246017963897,31.79144792728725,373.6629913750982,374.5867579056352,0.4620977122795248,0.9871050127883585,2.6984307215493195,6.9839173867861275,5340.833224277033,140315.23919825495,5.996812373997769,2.9984061869988845,12.265971896341105,0.22291438197185065,0.30203123603748877,fourier
