nameseq,average,median,maximum,minimum,peak,none_levated_peak,sample_standard_deviation,population_standard_deviation,percentile15,percentile25,percentile50,percentile75,amplitude,variance,interquartile_range,semi_interquartile_range,coefficient_of_variation,skewness,kurtosis,label
LG21_4573287_4573481,36.80004121083121,3.0610115649461274,6157.921346347308,0.018394317474823292,1.766302369815521,27.206366514545504,439.5107712067371,440.6420749345798,1.037134397766666,1.3740992623110342,3.0610115649461274,7.035790475622656,6157.902952029833,194165.43820265183,5.661691213311622,2.830845606655811,11.943214103721646,0.23029489962157207,0.25605533474605213,fourier
