nameseq,average,median,maximum,minimum,peak,none_levated_peak,sample_standard_deviation,population_standard_deviation,percentile15,percentile25,percentile50,percentile75,amplitude,variance,interquartile_range,semi_interquartile_range,coefficient_of_variation,skewness,kurtosis,label
LG21_2424146_2424305,21.3124094645875,1.61999766937579,3024.474598581844,0.025877329929418266,2.5024544231824892,31.184565405315915,238.1787909165916,238.92660685687633,0.4155427895028064,0.6719624280019226,1.61999766937579,3.217805196783781,3024.448721251915,57085.92346414034,2.5458427687818586,1.2729213843909293,11.175591915702785,0.24803734689510426,0.2385280765055909,fourier
