nameseq,average,median,maximum,minimum,peak,none_levated_peak,sample_standard_deviation,population_standard_deviation,percentile15,percentile25,percentile50,percentile75,amplitude,variance,interquartile_range,semi_interquartile_range,coefficient_of_variation,skewness,kurtosis,label
LG21_7693198_7693404,30.449472406925995,3.599127193074822,5222.590949562239,0.06757850205248903,2.2660491150022475,29.20447494905385,361.7925772980539,362.6696514997883,0.6946193066608846,1.4897843646997457,3.599127193074822,7.633062914015584,5222.523371060187,131529.27611897793,6.143278549315838,3.071639274657919,11.881735501458511,0.22264424616758663,0.2777722373341763,fourier
