nameseq,average,median,maximum,minimum,peak,none_levated_peak,sample_standard_deviation,population_standard_deviation,percentile15,percentile25,percentile50,percentile75,amplitude,variance,interquartile_range,semi_interquartile_range,coefficient_of_variation,skewness,kurtosis,label
LG21_3168802_3169164,30.813638683452396,1.1061479800401355,10559.079371564112,0.018236757618768355,3.9268325705714098,84.95343176840699,553.3602814453781,554.1240641159354,0.2804981451969295,0.5580477106254005,1.1061479800401355,2.069937038993732,10559.061134806494,307053.4784323613,1.5118893283683317,0.7559446641841658,17.958290714382418,0.1610568649369787,0.20937888063478152,fourier
