nameseq,average,median,maximum,minimum,peak,none_levated_peak,sample_standard_deviation,population_standard_deviation,percentile15,percentile25,percentile50,percentile75,amplitude,variance,interquartile_range,semi_interquartile_range,coefficient_of_variation,skewness,kurtosis,label
LG21_961410_961663,20.320919400669133,1.1539735345426407,4735.678967991426,0.004880248042699332,4.166478149796645,60.478585438753406,296.4576858865529,297.04299284509136,0.23619460175170917,0.44866791013151863,1.1539735345426407,2.189169340553654,4735.674087743384,88234.53959836898,1.7405014304221353,0.8702507152110677,14.588792959672437,0.19395967902273797,0.22564645391889926,fourier
