nameseq,average,median,maximum,minimum,peak,none_levated_peak,sample_standard_deviation,population_standard_deviation,percentile15,percentile25,percentile50,percentile75,amplitude,variance,interquartile_range,semi_interquartile_range,coefficient_of_variation,skewness,kurtosis,label
LG21_14629738_14630271,115.89657046039015,11.694710767847086,51978.035323555996,0.14450903532673678,1.5358521765821782,42.99608490150629,2246.5174749942107,2248.6239147209217,2.56952633448258,4.428014457137104,11.694710767847086,22.22610507064679,51977.890814520666,5056309.509854842,17.798090613509686,8.899045306754843,19.383813223032348,0.13915118958887013,0.20015086575904278,fourier
