nameseq,average,median,maximum,minimum,peak,none_levated_peak,sample_standard_deviation,population_standard_deviation,percentile15,percentile25,percentile50,percentile75,amplitude,variance,interquartile_range,semi_interquartile_range,coefficient_of_variation,skewness,kurtosis,label
LG21_11652196_11652250,12.350736688303757,1.373669840509855,587.2556867991264,0.002525268994245602,1.4843918865742753,11.4384460954501,78.24614649005919,78.9673243757973,0.3725939189403442,0.6432361100708268,1.373669840509855,2.545309009314285,587.2531615301322,6235.838319072392,1.9020728992434581,0.9510364496217291,6.335342454847969,0.42086673939355546,0.2683223327989559,fourier
