nameseq,average,median,maximum,minimum,peak,none_levated_peak,sample_standard_deviation,population_standard_deviation,percentile15,percentile25,percentile50,percentile75,amplitude,variance,interquartile_range,semi_interquartile_range,coefficient_of_variation,skewness,kurtosis,label
LG22_2380717_2381117,38.30384682808633,2.844593495221778,13704.523080876646,0.007369126918031621,3.489640799436767,63.84032041194268,683.3245621766787,684.1781846983536,0.7336413098883684,1.3040156707547927,2.844593495221778,5.269010951779526,13704.51571174973,468099.7884171345,3.9649952810247333,1.9824976405123667,17.83958058425689,0.15567676897159285,0.23242965321167,fourier
