nameseq,average,median,maximum,minimum,peak,none_levated_peak,sample_standard_deviation,population_standard_deviation,percentile15,percentile25,percentile50,percentile75,amplitude,variance,interquartile_range,semi_interquartile_range,coefficient_of_variation,skewness,kurtosis,label
LG22_1306680_1306754,13.371563422252665,1.256981172204689,844.1752090886499,0.07927057067082537,1.8696392643507598,14.895649270597248,96.60143236074184,97.25195440688984,0.36084934953240616,0.7236005514807304,1.256981172204689,3.346046102393645,844.0959385179791,9457.942635959778,2.6224455509129143,1.3112227754564572,7.224393237366682,0.37622368387276395,0.3087523659543384,fourier
