nameseq,average,median,maximum,minimum,peak,none_levated_peak,sample_standard_deviation,population_standard_deviation,percentile15,percentile25,percentile50,percentile75,amplitude,variance,interquartile_range,semi_interquartile_range,coefficient_of_variation,skewness,kurtosis,label
LG22_16204667_16204929,27.396848067295863,2.633786162266938,6214.288616613565,0.05005434798988297,3.199881477289938,43.28662915722413,382.2436022051487,382.97237999207425,0.606388580795183,1.170757286744722,2.633786162266938,5.835018130223582,6214.238562265575,146667.8438367937,4.66426084347886,2.33213042173943,13.952101397439224,0.1943503705137648,0.2705166686348039,fourier
