nameseq,average,median,maximum,minimum,peak,none_levated_peak,sample_standard_deviation,population_standard_deviation,percentile15,percentile25,percentile50,percentile75,amplitude,variance,interquartile_range,semi_interquartile_range,coefficient_of_variation,skewness,kurtosis,label
LG22_546411_546718,25.03384594699131,1.5944337110138058,6956.222034128237,0.03137595062190711,4.101114422612545,63.286976533103505,395.5962119639286,396.23998165255205,0.3304606028099464,0.6140564309821389,1.5944337110138058,3.103676587261879,6956.190658177616,157006.12306001477,2.4896201562797398,1.2448100781398699,15.802454517040491,0.17775255318760305,0.23406554621429665,fourier
