nameseq,average,median,maximum,minimum,peak,none_levated_peak,sample_standard_deviation,population_standard_deviation,percentile15,percentile25,percentile50,percentile75,amplitude,variance,interquartile_range,semi_interquartile_range,coefficient_of_variation,skewness,kurtosis,label
LG22_12444350_12444434,11.502810166648,1.2447986263903452,794.8728602250583,0.07094761435149533,2.463166210939032,17.659064592486562,85.5026155679815,86.01005394319239,0.2711332047760042,0.6252147280794681,1.2447986263903452,2.9077388338312202,794.8019126107068,7397.729379310865,2.2825241057517522,1.1412620528758761,7.433193656963353,0.3599192190361138,0.1772897096327296,fourier
