nameseq,average,median,maximum,minimum,peak,none_levated_peak,sample_standard_deviation,population_standard_deviation,percentile15,percentile25,percentile50,percentile75,amplitude,variance,interquartile_range,semi_interquartile_range,coefficient_of_variation,skewness,kurtosis,label
LG22_2204357_2204844,79.64284777154549,7.8650247461933995,32227.111740971668,0.050403145714647095,2.0424516603584286,46.52818430541886,1456.877747834018,1458.3727484817016,1.6749354072750264,2.6804309579393943,7.8650247461933995,17.136939012094917,32227.061337825955,2126851.073514072,14.456508054155522,7.228254027077761,18.292637551246955,0.1478047622020439,0.25995882643565754,fourier
