nameseq,average,median,maximum,minimum,peak,none_levated_peak,sample_standard_deviation,population_standard_deviation,percentile15,percentile25,percentile50,percentile75,amplitude,variance,interquartile_range,semi_interquartile_range,coefficient_of_variation,skewness,kurtosis,label
LG22_3235374_3235591,27.507358148320066,2.7209289808695685,5136.017668865527,0.03226935353053476,2.641717400662287,35.110372224516546,346.81605117039726,347.6142479710988,0.6775551823371443,1.1393208438520785,2.7209289808695685,5.407694478179524,5135.985399511997,120835.66539251254,4.268373634327445,2.1341868171637226,12.608119227603035,0.2144055537551155,0.25360005616546527,fourier
