nameseq,average,median,maximum,minimum,peak,none_levated_peak,sample_standard_deviation,population_standard_deviation,percentile15,percentile25,percentile50,percentile75,amplitude,variance,interquartile_range,semi_interquartile_range,coefficient_of_variation,skewness,kurtosis,label
LG22_266196_266317,14.576979822947587,1.796184757745513,1462.3780844386458,0.01030732307745666,2.78978685301106,23.98422357225841,131.6510285365116,132.19392167907205,0.27846568694638046,0.6118557583760085,1.796184757745513,3.1840177512292103,1462.3677771155683,17475.232928892634,2.572161992853202,1.286080996426601,9.031433817947802,0.29124257988590263,0.19599743088710628,fourier
