nameseq,average,median,maximum,minimum,peak,none_levated_peak,sample_standard_deviation,population_standard_deviation,percentile15,percentile25,percentile50,percentile75,amplitude,variance,interquartile_range,semi_interquartile_range,coefficient_of_variation,skewness,kurtosis,label
LG22_3858117_3858763,57.635941108916896,3.4870570945791814,33802.80581589364,0.03894030641365613,3.7418781148921108,92.96630154406053,1327.6995429021574,1328.7267767447233,0.9111052608550696,1.5353035443294334,3.4870570945791814,7.0106085431706795,33802.76687558723,1765514.8472384221,5.475304998841246,2.737652499420623,23.035965360453673,0.12235196804235429,0.22919563105780247,fourier
