nameseq,average,median,maximum,minimum,peak,none_levated_peak,sample_standard_deviation,population_standard_deviation,percentile15,percentile25,percentile50,percentile75,amplitude,variance,interquartile_range,semi_interquartile_range,coefficient_of_variation,skewness,kurtosis,label
LG22_2827652_2827838,26.950941673288074,2.649110846187195,4332.921601949134,0.07226295268247954,2.312844355828719,30.076875338648883,315.7498069533427,316.5974589669957,0.5712638040284828,1.007671367422982,2.649110846187195,5.688530796270449,4332.8493389964515,100233.95102435854,4.680859428847467,2.3404297144237334,11.715724473786839,0.23089639605726076,0.27191539153429883,fourier
