nameseq,average,median,maximum,minimum,peak,none_levated_peak,sample_standard_deviation,population_standard_deviation,percentile15,percentile25,percentile50,percentile75,amplitude,variance,interquartile_range,semi_interquartile_range,coefficient_of_variation,skewness,kurtosis,label
LG22_13231367_13231622,37.903805316532114,3.9244037921699553,7850.100482019156,0.02891314654502727,2.251313096949513,32.542822374342904,489.32642627928743,490.2849510495623,0.974536241166845,1.4707545180078807,3.9244037921699553,9.101368608686768,7850.07156887261,240379.33322567173,7.630614090678887,3.8153070453394435,12.909691314446018,0.208323522087696,0.20706866902840038,fourier
