nameseq,average,median,maximum,minimum,peak,none_levated_peak,sample_standard_deviation,population_standard_deviation,percentile15,percentile25,percentile50,percentile75,amplitude,variance,interquartile_range,semi_interquartile_range,coefficient_of_variation,skewness,kurtosis,label
LG22_12796200_12796786,94.61008343402749,11.566800765125404,44196.74757150265,0.06242493365337162,2.0681375553706904,48.65222914244652,1822.2217645162261,1823.7758984998054,2.3725065346451104,4.798929898279038,11.566800765125404,21.80226124204217,44196.685146569,3326158.5279487725,17.003331343763133,8.501665671881566,19.26033355405377,0.13671763385662702,0.2286422583733448,fourier
