nameseq,average,median,maximum,minimum,peak,none_levated_peak,sample_standard_deviation,population_standard_deviation,percentile15,percentile25,percentile50,percentile75,amplitude,variance,interquartile_range,semi_interquartile_range,coefficient_of_variation,skewness,kurtosis,label
LG22_2078885_2079097,28.405862029883117,3.4749566907659735,5057.861270010351,0.027299451314139182,2.49948408273291,31.63963409897802,345.45631012394426,346.2701070352014,0.712389037841961,1.5765335855501788,3.4749566907659735,6.14814006301049,5057.833970559037,119902.98702616987,4.571606477460311,2.2858032387301557,12.161444344147078,0.21650412461858629,0.2101091863235467,fourier
