nameseq,average,median,maximum,minimum,peak,none_levated_peak,sample_standard_deviation,population_standard_deviation,percentile15,percentile25,percentile50,percentile75,amplitude,variance,interquartile_range,semi_interquartile_range,coefficient_of_variation,skewness,kurtosis,label
LG22_18423617_18423788,23.61973610929235,2.2130799224179043,3338.086530090035,0.04342624262556182,2.427348598140246,28.009839105277795,253.5671803518785,254.30752405979715,0.6424227669588973,0.9505607082024163,2.2130799224179043,4.481235408295466,3338.0431038474094,64672.3167934243,3.5306747000930496,1.7653373500465248,10.735394298165824,0.25326609094877517,0.18717609644730213,fourier
