nameseq,average,median,maximum,minimum,peak,none_levated_peak,sample_standard_deviation,population_standard_deviation,percentile15,percentile25,percentile50,percentile75,amplitude,variance,interquartile_range,semi_interquartile_range,coefficient_of_variation,skewness,kurtosis,label
LG22_9651466_9651810,31.14199784148968,2.065204019180606,9642.320522530685,0.01641594348639786,3.692762442067492,61.826931864818754,518.2105898037909,518.963256271336,0.5183331779422438,0.8425477465716577,2.065204019180606,4.238605353003048,9642.304106587198,269322.86135974847,3.3960576064313903,1.6980288032156952,16.640248722687673,0.16832998627055287,0.24049762857779797,fourier
