nameseq,average,median,maximum,minimum,peak,none_levated_peak,sample_standard_deviation,population_standard_deviation,percentile15,percentile25,percentile50,percentile75,amplitude,variance,interquartile_range,semi_interquartile_range,coefficient_of_variation,skewness,kurtosis,label
LG22_18308109_18308338,32.611441923882104,2.6558956783574557,6490.726462430862,0.002000863697496463,2.3509131195613255,35.57368356212125,426.7915687202141,427.72241294206054,0.44289156323828643,1.2313641242644184,2.6558956783574557,6.169431796473953,6490.724461567164,182946.46253297856,4.9380676722095345,2.4690338361047672,13.087172585511004,0.21056329441101632,0.25750112023902494,fourier
