nameseq,average,median,maximum,minimum,peak,none_levated_peak,sample_standard_deviation,population_standard_deviation,percentile15,percentile25,percentile50,percentile75,amplitude,variance,interquartile_range,semi_interquartile_range,coefficient_of_variation,skewness,kurtosis,label
LG22_15904077_15904136,10.016018603901916,1.751898250801851,484.7403748132169,0.03458594853619688,1.9968014029255745,12.53277831831256,61.832135807320874,62.35393523385215,0.3702283588352032,0.6553998760661817,1.751898250801851,3.1263626479335827,484.7057888646807,3888.0132391474285,2.470962771867401,1.2354813859337006,6.173324776297148,0.40096239173360076,0.34954371593130934,fourier
