nameseq,average,median,maximum,minimum,peak,none_levated_peak,sample_standard_deviation,population_standard_deviation,percentile15,percentile25,percentile50,percentile75,amplitude,variance,interquartile_range,semi_interquartile_range,coefficient_of_variation,skewness,kurtosis,label
LG22_12797061_12797455,40.193863489268686,2.164811493148957,14555.886138263157,0.007766043079157139,3.2757902634022775,69.50974975826492,731.298541168086,732.2259968878562,0.46585783924519086,0.7403269268102568,2.164811493148957,4.739994879398479,14555.878372220077,536154.9105184149,3.999667952588222,1.999833976294111,18.194283347838272,0.15600626770857554,0.2373485613426462,fourier
