nameseq,average,median,maximum,minimum,peak,none_levated_peak,sample_standard_deviation,population_standard_deviation,percentile15,percentile25,percentile50,percentile75,amplitude,variance,interquartile_range,semi_interquartile_range,coefficient_of_variation,skewness,kurtosis,label
LG22_1104347_1105254,138.34055295420887,13.515307733846837,105652.0773113313,0.04462348438641223,2.1878376239167574,70.12316109636737,3503.7921429404046,3505.723139032396,2.991786975504622,4.954768946875884,13.515307733846837,27.112057546089794,105652.03268784692,12290094.727547154,22.15728859921391,11.078644299606955,25.3272960684216,0.10687726907990144,0.2560955925360058,fourier
