nameseq,average,median,maximum,minimum,peak,none_levated_peak,sample_standard_deviation,population_standard_deviation,percentile15,percentile25,percentile50,percentile75,amplitude,variance,interquartile_range,semi_interquartile_range,coefficient_of_variation,skewness,kurtosis,label
LG22_17926025_17926231,39.10518899407446,5.717975378934757,6352.740406577265,0.01476529407303169,1.7644717178187133,24.106151363567854,440.0170359920661,441.0837455234624,0.7640884842292248,1.6442485229434123,5.717975378934757,11.001357584480305,6352.725641283192,194554.87056500654,9.357109061536892,4.678554530768446,11.252139353136513,0.22763127936534053,0.21827739783773448,fourier
