nameseq,average,median,maximum,minimum,peak,none_levated_peak,sample_standard_deviation,population_standard_deviation,percentile15,percentile25,percentile50,percentile75,amplitude,variance,interquartile_range,semi_interquartile_range,coefficient_of_variation,skewness,kurtosis,label
LG22_6533669_6537085,318.63663308516567,23.555459011830177,962091.4322508126,0.04261543220124474,3.5746046804843257,202.94397390794876,16455.682172186276,16458.090614522218,6.246552883339002,10.61445304186013,23.555459011830177,49.53586051720676,962091.3896353805,270868746.6758243,38.921407475346626,19.460703737673313,51.64403732507422,0.05379561375560977,0.24518900818227576,fourier
