nameseq,average,median,maximum,minimum,peak,none_levated_peak,sample_standard_deviation,population_standard_deviation,percentile15,percentile25,percentile50,percentile75,amplitude,variance,interquartile_range,semi_interquartile_range,coefficient_of_variation,skewness,kurtosis,label
LG22_4051661_4051894,28.13792851036675,2.910801191676046,5652.502441494927,0.0007559633333867332,2.772059072197257,37.221322360097204,368.4852591465451,369.27515342736535,0.6008655736520628,1.4336405341732725,2.910801191676046,5.2713621501594865,5652.5016855315935,136364.13893880424,3.837721615986214,1.918860807993107,13.095678276770997,0.20538510042805788,0.21056591368037494,fourier
