nameseq,average,median,maximum,minimum,peak,none_levated_peak,sample_standard_deviation,population_standard_deviation,percentile15,percentile25,percentile50,percentile75,amplitude,variance,interquartile_range,semi_interquartile_range,coefficient_of_variation,skewness,kurtosis,label
LG22_10332690_10334840,235.04730400091302,18.829612783306644,444534.496891226,0.04338148398597224,3.050449793702866,143.92128622196077,9582.088163092318,9584.316296633207,4.8552553814992665,8.273602073400891,18.829612783306644,38.09531114966047,444534.453509742,91859118.87390889,29.821709076259577,14.910854538129788,40.76663718319057,0.06769433369975243,0.25204498791104296,fourier
