nameseq,average,median,maximum,minimum,peak,none_levated_peak,sample_standard_deviation,population_standard_deviation,percentile15,percentile25,percentile50,percentile75,amplitude,variance,interquartile_range,semi_interquartile_range,coefficient_of_variation,skewness,kurtosis,label
LG22_10655050_10660128,511.2050367318361,40.45892241978028,2298129.0553613403,0.012131055916759599,3.31178270625706,239.9485026619602,32242.76673782423,32245.941332105325,8.80828586415318,16.10499252897322,40.45892241978028,83.04080896687441,2298129.0432302845,1039800732.3935785,66.9358164379012,33.4679082189506,63.072083451982664,0.0438001600302948,0.2660335067733738,fourier
