nameseq,average,median,maximum,minimum,peak,none_levated_peak,sample_standard_deviation,population_standard_deviation,percentile15,percentile25,percentile50,percentile75,amplitude,variance,interquartile_range,semi_interquartile_range,coefficient_of_variation,skewness,kurtosis,label
LG22_8578100_8578214,20.296247335957023,3.134000156763775,1828.5552552340835,0.09789234808395224,1.8886906874366691,17.206268942201074,169.45885455079363,170.200472337144,1.204920667235283,1.6745281281398046,3.134000156763775,4.909395283764069,1828.4573628859996,28968.20078378692,3.2348671556242645,1.6174335778121323,8.349270273750495,0.3038303408462324,0.20756306840383407,fourier
