nameseq,average,median,maximum,minimum,peak,none_levated_peak,sample_standard_deviation,population_standard_deviation,percentile15,percentile25,percentile50,percentile75,amplitude,variance,interquartile_range,semi_interquartile_range,coefficient_of_variation,skewness,kurtosis,label
LG22_1930574_1930949,120.97186418311509,12.539797287047382,34677.372729100025,0.05123430866938344,1.0360535830349467,26.515975746714023,1785.8401887348125,1788.2197236859884,2.9083752581252456,4.525167708178441,12.539797287047382,27.150017670798483,34677.32149479136,3197729.780179593,22.624849962620043,11.312424981310022,14.762442496807246,0.18215302956008672,0.20721327444050758,fourier
