nameseq,average,median,maximum,minimum,peak,none_levated_peak,sample_standard_deviation,population_standard_deviation,percentile15,percentile25,percentile50,percentile75,amplitude,variance,interquartile_range,semi_interquartile_range,coefficient_of_variation,skewness,kurtosis,label
LG22_7480525_7481149,82.39346035023033,8.078796527826093,43541.836250024855,0.01337058942606693,2.528517827116008,60.38924778644674,1739.835406079838,1741.2289468768033,2.2640447426767403,3.282468554689318,8.078796527826093,15.861348016229659,43541.82287943543,3031878.2454417013,12.57887946154034,6.28943973077017,21.116183234498347,0.12814085211057155,0.24667244536365326,fourier
