nameseq,average,median,maximum,minimum,peak,none_levated_peak,sample_standard_deviation,population_standard_deviation,percentile15,percentile25,percentile50,percentile75,amplitude,variance,interquartile_range,semi_interquartile_range,coefficient_of_variation,skewness,kurtosis,label
LG22_18781801_18782094,28.548321826236116,2.542177230798014,7340.724468088043,0.011259265522467322,3.4327762099815367,49.64542745655731,427.19430503510296,427.9226846007434,0.6219120539353347,1.2175167849526074,2.542177230798014,5.1712553137049975,7340.713208822521,183117.82399590733,3.95373852875239,1.976869264376195,14.963902524123442,0.18262985453400052,0.23834442746799744,fourier
