nameseq,average,median,maximum,minimum,peak,none_levated_peak,sample_standard_deviation,population_standard_deviation,percentile15,percentile25,percentile50,percentile75,amplitude,variance,interquartile_range,semi_interquartile_range,coefficient_of_variation,skewness,kurtosis,label
LG22_1842259_1842398,12.853874218770768,1.379742770952871,1580.9609385795206,0.003544032368640959,3.630552615686748,32.88049700037451,133.01252994128046,133.49013481705785,0.39562385822288604,0.5490116154606358,1.379742770952871,2.004193998063852,1580.957394547152,17819.616093476285,1.455182382603216,0.727591191301608,10.348049753516307,0.2587906143778316,0.2599573333905354,fourier
