nameseq,average,median,maximum,minimum,peak,none_levated_peak,sample_standard_deviation,population_standard_deviation,percentile15,percentile25,percentile50,percentile75,amplitude,variance,interquartile_range,semi_interquartile_range,coefficient_of_variation,skewness,kurtosis,label
LG22_8796579_8796683,24.29494708698621,3.5235471669223415,2089.954975336416,0.09275888215751646,1.4406287807372111,15.20789680447651,202.58912242721567,203.5607784689512,0.579008916335289,1.4113460782075566,3.5235471669223415,6.806715532860981,2089.8622164542585,41436.99053088543,5.395369454653424,2.697684727326712,8.338734869512608,0.30758907000339697,0.2808960772798911,fourier
