nameseq,average,median,maximum,minimum,peak,none_levated_peak,sample_standard_deviation,population_standard_deviation,percentile15,percentile25,percentile50,percentile75,amplitude,variance,interquartile_range,semi_interquartile_range,coefficient_of_variation,skewness,kurtosis,label
LG22_5910088_5910436,61.873480091243714,5.936930016667228,18366.251785601424,0.011280553822315437,1.8801808652394958,38.339483782685946,981.2642753478326,982.6731264327929,1.2823544515429481,2.161768706184054,5.936930016667228,13.288602358124416,18366.2405050476,965646.4734131997,11.126833651940363,5.563416825970181,15.859206139702822,0.17101371612071103,0.24652642455734528,fourier
