nameseq,average,median,maximum,minimum,peak,none_levated_peak,sample_standard_deviation,population_standard_deviation,percentile15,percentile25,percentile50,percentile75,amplitude,variance,interquartile_range,semi_interquartile_range,coefficient_of_variation,skewness,kurtosis,label
LG22_18336153_18336401,54.47386957626058,7.001717006900599,10682.982356422419,0.04067920797363021,1.5236663127778047,26.151802997337505,675.4714185065216,676.8318859845618,1.1626144803569964,2.048291783503794,7.001717006900599,13.004098171228591,10682.941677214445,458101.40188541886,10.955806387724797,5.4779031938623985,12.399916212320784,0.21084009449721067,0.25134769793918776,fourier
