nameseq,average,median,maximum,minimum,peak,none_levated_peak,sample_standard_deviation,population_standard_deviation,percentile15,percentile25,percentile50,percentile75,amplitude,variance,interquartile_range,semi_interquartile_range,coefficient_of_variation,skewness,kurtosis,label
LG22_17661407_17661605,34.81654105712409,2.533425578312597,6106.52518986694,0.06570583467621685,1.9052246811220879,30.808639134338137,431.5286226676112,432.6169689678011,0.7666553538320396,1.2497817220532352,2.533425578312597,5.150993388241264,6106.459484032264,187157.44183888737,3.9012116661880283,1.9506058330940141,12.394356520356082,0.22443319249076454,0.1957479260347847,fourier
