nameseq,average,median,maximum,minimum,peak,none_levated_peak,sample_standard_deviation,population_standard_deviation,percentile15,percentile25,percentile50,percentile75,amplitude,variance,interquartile_range,semi_interquartile_range,coefficient_of_variation,skewness,kurtosis,label
LG22_849717_850050,45.622173095607764,6.0509726038081695,11712.366982578376,0.01239165791398108,2.4403338503849534,35.83697121164539,639.459253535853,640.4186828128857,1.4540461529374638,2.590026274230741,6.0509726038081695,13.318680262911956,11712.354590920462,410136.0892957915,10.728653988681215,5.364326994340607,14.016413733641645,0.18564685837131728,0.22762448269501775,fourier
