nameseq,average,median,maximum,minimum,peak,none_levated_peak,sample_standard_deviation,population_standard_deviation,percentile15,percentile25,percentile50,percentile75,amplitude,variance,interquartile_range,semi_interquartile_range,coefficient_of_variation,skewness,kurtosis,label
LG22_12346048_12346244,24.148323573130998,1.8663386825119463,4261.841413028574,0.000892811242851056,2.7193053988945093,38.42160005658784,302.70372514620254,303.47494607803833,0.2895131709001268,0.5999640489919149,1.8663386825119463,3.7812688245361,4261.840520217331,92097.04289706828,3.1813047755441852,1.5906523877720926,12.535185899323068,0.22082964006991093,0.2759672712669082,fourier
