nameseq,average,median,maximum,minimum,peak,none_levated_peak,sample_standard_deviation,population_standard_deviation,percentile15,percentile25,percentile50,percentile75,amplitude,variance,interquartile_range,semi_interquartile_range,coefficient_of_variation,skewness,kurtosis,label
LG22_3596568_3596858,56.746952313865336,5.2919961124463475,13547.023133557666,0.031419654058538284,1.709342899394782,31.098414253633305,792.2855736333191,793.6504076745107,1.5605315624079026,2.3902558572310846,5.2919961124463475,13.38683977250705,13546.991713903608,629880.969601917,10.996583915275966,5.498291957637983,13.961729067866347,0.19483488497254803,0.26096116460680246,fourier
