nameseq,average,median,maximum,minimum,peak,none_levated_peak,sample_standard_deviation,population_standard_deviation,percentile15,percentile25,percentile50,percentile75,amplitude,variance,interquartile_range,semi_interquartile_range,coefficient_of_variation,skewness,kurtosis,label
LG22_1950323_1950443,28.954707426324642,2.619822112824983,3041.681504617221,0.06173277723978794,1.3929801720829558,18.265654529831167,275.04718362002114,276.1908358860769,1.0102286778283278,1.5946617177848759,2.619822112824983,5.13014620105173,3041.6197718399812,76281.37782744986,3.535484483266854,1.767742241633427,9.499221648841718,0.2872403741811959,0.19420173995141088,fourier
