nameseq,average,median,maximum,minimum,peak,none_levated_peak,sample_standard_deviation,population_standard_deviation,percentile15,percentile25,percentile50,percentile75,amplitude,variance,interquartile_range,semi_interquartile_range,coefficient_of_variation,skewness,kurtosis,label
LG22_1190476_1190640,21.403640800294546,2.1785081233012566,2567.111261828543,0.020989979480222434,2.569656280124226,25.07918304213654,199.04567609266027,199.65160040475322,0.43762366777717165,0.8665756667917313,2.1785081233012566,5.87061407013117,2567.0902718490624,39860.76154417926,5.004038403339439,2.5020192016697194,9.29961766551049,0.2897596127842067,0.15911644370737882,fourier
