nameseq,average,median,maximum,minimum,peak,none_levated_peak,sample_standard_deviation,population_standard_deviation,percentile15,percentile25,percentile50,percentile75,amplitude,variance,interquartile_range,semi_interquartile_range,coefficient_of_variation,skewness,kurtosis,label
LG22_11422228_11422494,29.15681207615058,3.2955063311486996,6405.731094149756,0.0019581678445838757,3.0524599111711326,39.14755350405691,391.03171675923574,391.7660492685186,1.012149307331495,1.6864811684107868,3.2955063311486996,6.2238857732522925,6405.729135981912,153480.63735946335,4.537404604841505,2.2687023024207527,13.411333027011148,0.19840824646655258,0.2221061885782314,fourier
