nameseq,average,median,maximum,minimum,peak,none_levated_peak,sample_standard_deviation,population_standard_deviation,percentile15,percentile25,percentile50,percentile75,amplitude,variance,interquartile_range,semi_interquartile_range,coefficient_of_variation,skewness,kurtosis,label
LG22_3713286_3713420,24.79903576200189,3.019961733201476,2596.0660213796864,0.08371219367074925,1.8145866811866478,18.654762542981416,222.22714316863247,223.05480764675607,1.1006033780151365,1.7194235430789953,3.019961733201476,7.225735693524962,2595.9823091860158,49753.447214331354,5.506312150445967,2.7531560752229836,8.961120315376863,0.29401098873336745,0.20528653266108327,fourier
