nameseq,average,median,maximum,minimum,peak,none_levated_peak,sample_standard_deviation,population_standard_deviation,percentile15,percentile25,percentile50,percentile75,amplitude,variance,interquartile_range,semi_interquartile_range,coefficient_of_variation,skewness,kurtosis,label
LG22_6595928_6598784,261.80458768686026,18.187702609407808,667336.5334032816,0.00765723671645613,3.6375731294380604,193.9621747806444,12482.3689121776,12484.554009596912,4.003452800638816,6.948988384372296,18.187702609407808,37.759463863621384,667336.5257460448,155864088.81854233,30.81047547924909,15.405237739624544,47.67819014351092,0.05855063733289849,0.24847974983256557,fourier
