nameseq,average,median,maximum,minimum,peak,none_levated_peak,sample_standard_deviation,population_standard_deviation,percentile15,percentile25,percentile50,percentile75,amplitude,variance,interquartile_range,semi_interquartile_range,coefficient_of_variation,skewness,kurtosis,label
LG22_7354831_7355505,62.1763826653857,3.393458242419193,38239.18411083938,0.027964185556471607,3.61873737832066,96.09342087109215,1470.5357216185191,1471.6262191518617,0.897711383834046,1.4248621499020218,3.393458242419193,7.2953684916356645,38239.15614665382,2165683.728895203,5.870506341733643,2.9352531708668215,23.651033697674134,0.1199214481337484,0.22677080769584063,fourier
