nameseq,average,median,maximum,minimum,peak,none_levated_peak,sample_standard_deviation,population_standard_deviation,percentile15,percentile25,percentile50,percentile75,amplitude,variance,interquartile_range,semi_interquartile_range,coefficient_of_variation,skewness,kurtosis,label
LG22_11660103_11660225,14.328659188139573,1.0847829484107838,1589.1591655768214,0.0210920456600292,2.8613982272631207,29.985434460941494,142.58493261424022,143.16810450663317,0.16256951062623323,0.3471136591851988,1.0847829484107838,2.1082983412515066,1589.1380735311614,20497.106148022234,1.7611846820663077,0.8805923410331539,9.951031058946791,0.27865236523047804,0.2848897737022568,fourier
