nameseq,average,median,maximum,minimum,peak,none_levated_peak,sample_standard_deviation,population_standard_deviation,percentile15,percentile25,percentile50,percentile75,amplitude,variance,interquartile_range,semi_interquartile_range,coefficient_of_variation,skewness,kurtosis,label
LG22_1791504_1791607,12.843075623395674,1.6850971299388449,1093.4929483276367,0.04708698854382697,2.699249594350741,20.145422865759826,106.49468496243863,107.01040073876412,0.6443620368733632,1.0990254621413662,1.6850971299388449,3.2904938042799596,1093.4458613390927,11451.225866270888,2.1914683421385934,1.0957341710692967,8.291992361116513,0.31432494018060114,0.24117715044978988,fourier
