nameseq,average,median,maximum,minimum,peak,none_levated_peak,sample_standard_deviation,population_standard_deviation,percentile15,percentile25,percentile50,percentile75,amplitude,variance,interquartile_range,semi_interquartile_range,coefficient_of_variation,skewness,kurtosis,label
LG22_11313626_11313940,45.09020591828441,7.526053035541432,9996.168539606479,0.015227651826483248,2.3286653467559733,30.962157776562755,562.083454774955,562.9777806464438,1.9468901100659466,2.9706892984707096,7.526053035541432,14.718471850957883,9996.153311954653,316943.98150159535,11.747782552487173,5.873891276243587,12.465754886850629,0.2004906169909384,0.21048210450530902,fourier
