nameseq,average,median,maximum,minimum,peak,none_levated_peak,sample_standard_deviation,population_standard_deviation,percentile15,percentile25,percentile50,percentile75,amplitude,variance,interquartile_range,semi_interquartile_range,coefficient_of_variation,skewness,kurtosis,label
LG22_1330173_1332313,208.8214453710015,14.872911754001787,398263.42685898737,0.0055868657086138975,3.4175927927265066,160.92111404076314,8604.747282663166,8606.757502824375,3.0898632795193888,5.5485144276854585,14.872911754001787,29.53790495873007,398263.42127212166,74076274.7124237,23.989390531044613,11.994695265522306,41.206243292567905,0.06761913880065959,0.23805587207447457,fourier
