nameseq,average,median,maximum,minimum,peak,none_levated_peak,sample_standard_deviation,population_standard_deviation,percentile15,percentile25,percentile50,percentile75,amplitude,variance,interquartile_range,semi_interquartile_range,coefficient_of_variation,skewness,kurtosis,label
LG22_8639849_8641349,149.27748010626422,9.883737436918345,201210.41121197978,0.007309779085087498,3.351700021846346,133.85428363578094,5191.401729038254,5193.131907966158,2.5995885878400036,4.248506248572639,9.883737436918345,19.790538394945376,201210.4039022007,26968619.01353623,15.542032146372737,7.7710160731863684,34.77685800525785,0.08055266185025306,0.2318982444404948,fourier
