nameseq,average,median,maximum,minimum,peak,none_levated_peak,sample_standard_deviation,population_standard_deviation,percentile15,percentile25,percentile50,percentile75,amplitude,variance,interquartile_range,semi_interquartile_range,coefficient_of_variation,skewness,kurtosis,label
LG22_17068526_17068668,18.214617903332837,2.1632223111667424,2170.9743391944817,0.003946326155740687,2.616945736640724,25.40117538333445,180.67511032687017,181.31017418417122,0.4599333218244601,1.0208679498183675,2.1632223111667424,4.469898785727757,2170.970392868326,32873.3792626945,3.4490308359093897,1.7245154179546949,9.91923691651039,0.2665236328865645,0.2321608291829604,fourier
