nameseq,average,median,maximum,minimum,peak,none_levated_peak,sample_standard_deviation,population_standard_deviation,percentile15,percentile25,percentile50,percentile75,amplitude,variance,interquartile_range,semi_interquartile_range,coefficient_of_variation,skewness,kurtosis,label
LG22_5406900_5407975,86.19170675933597,3.5346071097328,87639.6909367889,0.005806208593228281,4.161266555123846,162.14318218513463,2670.3605911100058,2671.602330582422,0.7844169453456646,1.3037313593027196,3.5346071097328,6.843119327341086,87639.68513058031,7137459.012773428,5.539387968038367,2.7696939840191837,30.981641871487387,0.09286060458439199,0.2781357928482916,fourier
