nameseq,average,median,maximum,minimum,peak,none_levated_peak,sample_standard_deviation,population_standard_deviation,percentile15,percentile25,percentile50,percentile75,amplitude,variance,interquartile_range,semi_interquartile_range,coefficient_of_variation,skewness,kurtosis,label
LG22_10795703_10812488,1503.438932306912,96.1915066158974,22613071.730399888,0.008271530767254245,3.721689796038288,508.4574934519921,174530.407660702,174535.60658260368,22.566427268966496,40.72803142914573,96.1915066158974,200.13524705641356,22613071.722128358,30462677965.15741,159.40721562726782,79.70360781363391,116.08746049491911,0.0241891503816365,0.24801878545931888,fourier
