nameseq,average,median,maximum,minimum,peak,none_levated_peak,sample_standard_deviation,population_standard_deviation,percentile15,percentile25,percentile50,percentile75,amplitude,variance,interquartile_range,semi_interquartile_range,coefficient_of_variation,skewness,kurtosis,label
LG22_6324364_6324576,35.81205014468982,5.1825231718274765,6249.176097033254,0.042535594771141716,1.982572896919944,26.636233356255385,426.7783036406678,427.783672062422,1.4795278841498751,2.385647965152857,5.1825231718274765,9.015737866376393,6249.133561438483,182998.87008320983,6.630089901223536,3.315044950611768,11.91717039142899,0.21530752649495968,0.2682292857756446,fourier
