nameseq,average,median,maximum,minimum,peak,none_levated_peak,sample_standard_deviation,population_standard_deviation,percentile15,percentile25,percentile50,percentile75,amplitude,variance,interquartile_range,semi_interquartile_range,coefficient_of_variation,skewness,kurtosis,label
LG22_7219234_7219474,42.538972684846165,4.2088882948867115,8317.446521945,0.0009617202907819852,1.8884643484103416,29.029494665369562,534.2418375269472,535.3536843852416,0.8867046848288288,1.7762651547153798,4.2088882948867115,9.937185545938474,8317.445560224709,286603.56738485297,8.160920391223094,4.080460195611547,12.558879629861451,0.21524007498584993,0.18675229912789246,fourier
