nameseq,average,median,maximum,minimum,peak,none_levated_peak,sample_standard_deviation,population_standard_deviation,percentile15,percentile25,percentile50,percentile75,amplitude,variance,interquartile_range,semi_interquartile_range,coefficient_of_variation,skewness,kurtosis,label
LG22_15424663_15424944,43.11342371444058,6.127261315554746,9539.667315049239,0.05513821343848088,2.180295413850774,31.30847841807808,566.6279540779742,567.6352934582179,1.4309519653905554,2.4869635478882435,6.127261315554746,13.97637721477,9539.6121768358,322209.8263793971,11.489413666881756,5.744706833440878,13.142726911019725,0.1958224729261917,0.3147473120629133,fourier
