nameseq,average,median,maximum,minimum,peak,none_levated_peak,sample_standard_deviation,population_standard_deviation,percentile15,percentile25,percentile50,percentile75,amplitude,variance,interquartile_range,semi_interquartile_range,coefficient_of_variation,skewness,kurtosis,label
LG22_9211624_9211898,23.192766346603115,1.4825564272340954,5813.39534500469,0.015083255911616616,3.952381759759006,59.144053729034304,349.80446379070725,350.44221174732417,0.3054700423054601,0.7387692953899795,1.4825564272340954,2.9704256880790743,5813.380261748778,122809.7437743564,2.2316563926890947,1.1158281963445473,15.082481260021865,0.18619153412826545,0.2558728661420999,fourier
