nameseq,average,median,maximum,minimum,peak,none_levated_peak,sample_standard_deviation,population_standard_deviation,percentile15,percentile25,percentile50,percentile75,amplitude,variance,interquartile_range,semi_interquartile_range,coefficient_of_variation,skewness,kurtosis,label
LG22_16839176_16839390,35.58577202545407,4.642336815755104,6171.580292137287,0.09842079465493653,2.0139134993447487,27.228542112817717,419.52356638895753,420.5026192172733,0.6003755564239898,1.641017538741045,4.642336815755104,8.853949919596905,6171.481871342632,176822.45276858713,7.21293238085586,3.60646619042793,11.78908149270662,0.2212755446091677,0.20673057999344188,fourier
