nameseq,average,median,maximum,minimum,peak,none_levated_peak,sample_standard_deviation,population_standard_deviation,percentile15,percentile25,percentile50,percentile75,amplitude,variance,interquartile_range,semi_interquartile_range,coefficient_of_variation,skewness,kurtosis,label
LG22_17009769_17009919,25.33299468623409,3.6086224754265848,2792.1057735383024,0.011785375072293535,1.9868686650253944,19.836008696353503,226.10550631825,226.85793936738267,0.789033235066882,1.4198861550754311,3.6086224754265848,8.824098052451797,2792.0939881632303,51464.52465401507,7.404211897376365,3.7021059486881827,8.925336665432429,0.288242058734693,0.22260912793610899,fourier
