nameseq,average,median,maximum,minimum,peak,none_levated_peak,sample_standard_deviation,population_standard_deviation,percentile15,percentile25,percentile50,percentile75,amplitude,variance,interquartile_range,semi_interquartile_range,coefficient_of_variation,skewness,kurtosis,label
LG22_16930646_16931028,39.67131942674011,3.190722305664262,13505.17576057638,0.0005250134425258344,3.2181099220162075,59.06465043967277,688.9718837800144,689.8730900302328,0.8304879834429918,1.2724125770073764,3.190722305664262,5.673565243150847,13505.175235562938,475924.8803478617,4.401152666143471,2.2005763330717354,17.367001998819802,0.15884797905362977,0.2566169163889169,fourier
