nameseq,average,median,maximum,minimum,peak,none_levated_peak,sample_standard_deviation,population_standard_deviation,percentile15,percentile25,percentile50,percentile75,amplitude,variance,interquartile_range,semi_interquartile_range,coefficient_of_variation,skewness,kurtosis,label
LG22_7758112_7758469,60.91490932998151,8.214261586469108,16694.204301688445,0.16137122327334769,1.9590168424431855,33.34086524091304,880.6081681467821,881.8406504408127,2.3713593798182337,3.6965541236685557,8.214261586469108,15.70993813244548,16694.042930465173,777642.9327698756,12.013384008776924,6.006692004388462,14.456365080943465,0.17953722092228466,0.17622980690258244,fourier
