nameseq,average,median,maximum,minimum,peak,none_levated_peak,sample_standard_deviation,population_standard_deviation,percentile15,percentile25,percentile50,percentile75,amplitude,variance,interquartile_range,semi_interquartile_range,coefficient_of_variation,skewness,kurtosis,label
LG22_2844424_2846109,127.98935812004021,5.860460480529098,200874.18277090145,0.01545496168788053,4.390990065540485,196.2198105041403,4890.449827630505,4891.900784442621,1.4794941877357612,2.469232860301557,5.860460480529098,12.12302666508969,200874.16731593976,23930693.28483033,9.653793804788133,4.826896902394067,38.209816030515526,0.0749188123449276,0.26908487471459086,fourier
