nameseq,average,median,maximum,minimum,peak,none_levated_peak,sample_standard_deviation,population_standard_deviation,percentile15,percentile25,percentile50,percentile75,amplitude,variance,interquartile_range,semi_interquartile_range,coefficient_of_variation,skewness,kurtosis,label
LG22_8800118_8807369,580.1014349145119,29.967970717642018,3883217.010267458,0.022462245278563366,4.167087319288513,393.3535302568509,45596.142573657075,45599.28659314528,7.16315856915632,12.560267309066376,29.967970717642018,59.42856572414844,3883216.987805213,2079294937.8037994,46.868298415082066,23.434149207541033,78.60029268911646,0.03619605298681822,0.2457751338013052,fourier
