nameseq,average,median,maximum,minimum,peak,none_levated_peak,sample_standard_deviation,population_standard_deviation,percentile15,percentile25,percentile50,percentile75,amplitude,variance,interquartile_range,semi_interquartile_range,coefficient_of_variation,skewness,kurtosis,label
LG22_2667075_2667286,32.080062324852435,4.229916454569707,5534.875752093233,0.06147762727076056,2.2028219880333957,28.80976339475443,378.91329035486126,379.81012779959826,0.6825984554161726,1.4495160129957039,4.229916454569707,7.544751116542673,5534.814274465963,144255.73317914715,6.095235103546969,3.0476175517734845,11.811488597430717,0.2205001506613854,0.24875861420046078,fourier
