nameseq,average,median,maximum,minimum,peak,none_levated_peak,sample_standard_deviation,population_standard_deviation,percentile15,percentile25,percentile50,percentile75,amplitude,variance,interquartile_range,semi_interquartile_range,coefficient_of_variation,skewness,kurtosis,label
LG22_17579858_17580214,51.0074352951139,6.2279389622083485,15176.231896401025,0.0628143347209565,2.3329932060198924,40.7099724740875,801.6940683909947,802.8192536021052,1.617935842933337,2.4939225286476043,6.2279389622083485,11.237515555880453,15176.169082066304,644518.7539542413,8.743593027232848,4.371796513616424,15.717200124896117,0.16756827110912131,0.22339441382931935,fourier
