nameseq,average,median,maximum,minimum,peak,none_levated_peak,sample_standard_deviation,population_standard_deviation,percentile15,percentile25,percentile50,percentile75,amplitude,variance,interquartile_range,semi_interquartile_range,coefficient_of_variation,skewness,kurtosis,label
LG22_13191332_13191463,23.7822493608847,2.2240693337885036,2656.8538720501824,0.013836535769782731,1.8501193613909364,21.574269728875247,230.09174924687176,230.96829241817017,0.4563344150536155,0.8033582814734076,2.2240693337885036,4.928679538628646,2656.8400355144126,53346.35210256536,4.125321257155239,2.0626606285776194,9.674936367680587,0.28108152636058886,0.2564239530394125,fourier
