nameseq,average,median,maximum,minimum,peak,none_levated_peak,sample_standard_deviation,population_standard_deviation,percentile15,percentile25,percentile50,percentile75,amplitude,variance,interquartile_range,semi_interquartile_range,coefficient_of_variation,skewness,kurtosis,label
LG22_9426719_9426831,17.587638315526082,1.2236457741354771,1783.0462642124385,0.03487692815958669,2.1416557465487074,24.404790340345116,166.8411431085264,167.5843144620166,0.3575099091939905,0.6295107416218539,1.2236457741354771,2.08759280163327,1783.011387284279,28084.502453704066,1.458082060011416,0.729041030005708,9.486273262808785,0.2942438340418142,0.21141217994895878,fourier
