nameseq,average,median,maximum,minimum,peak,none_levated_peak,sample_standard_deviation,population_standard_deviation,percentile15,percentile25,percentile50,percentile75,amplitude,variance,interquartile_range,semi_interquartile_range,coefficient_of_variation,skewness,kurtosis,label
LG22_13838278_13838551,49.0009797239708,4.41909214591111,11467.12942373937,0.0029135716017496655,1.8639083105649408,34.25262367480062,691.1379865520316,692.4026499821364,1.021313315095659,1.7137003237251616,4.41909214591111,8.19866453262798,11467.126510167769,479421.4297022849,6.484964208902818,3.242482104451409,14.104574856366263,0.19351513784014845,0.2175116684882283,fourier
