nameseq,average,median,maximum,minimum,peak,none_levated_peak,sample_standard_deviation,population_standard_deviation,percentile15,percentile25,percentile50,percentile75,amplitude,variance,interquartile_range,semi_interquartile_range,coefficient_of_variation,skewness,kurtosis,label
LG22_12085968_12086118,22.376833287109964,2.2667532888408846,2796.5067812304387,0.0008309714975677401,2.24935015100316,24.28746888080073,226.5373227481962,227.29119279441198,0.5982391393946035,0.8400183472028171,2.2667532888408846,6.357234880166189,2796.505950258941,51661.286321906555,5.5172165329633716,2.7586082664816858,10.123743598639207,0.2663147920303901,0.34150486891134996,fourier
