nameseq,average,median,maximum,minimum,peak,none_levated_peak,sample_standard_deviation,population_standard_deviation,percentile15,percentile25,percentile50,percentile75,amplitude,variance,interquartile_range,semi_interquartile_range,coefficient_of_variation,skewness,kurtosis,label
LG22_17290799_17290965,20.723818129854713,1.9493763315367645,2975.717863534108,0.03843197808652981,2.686120208055354,30.441716361569263,229.37309051395135,230.06293595279973,0.47646608199940166,0.860358939550974,1.9493763315367645,3.790788430792869,2975.6794315560214,52928.95449922204,2.930429491241895,1.4652147456209474,11.06809030443655,0.24555332654214745,0.2053585450137407,fourier
