nameseq,average,median,maximum,minimum,peak,none_levated_peak,sample_standard_deviation,population_standard_deviation,percentile15,percentile25,percentile50,percentile75,amplitude,variance,interquartile_range,semi_interquartile_range,coefficient_of_variation,skewness,kurtosis,label
LG22_14737184_14737374,26.519669759824023,3.593271196571302,4083.6720363194054,0.06671413648154018,2.4007337664181057,26.982167833234314,294.37975751282863,295.1534244383718,0.9453894987857705,1.554325111333755,3.593271196571302,8.62244905758147,4083.605322182924,87115.54395769765,7.068123946247715,3.5340619731238574,11.100430743628614,0.2336410501552943,0.3493325154806603,fourier
