nameseq,average,median,maximum,minimum,peak,none_levated_peak,sample_standard_deviation,population_standard_deviation,percentile15,percentile25,percentile50,percentile75,amplitude,variance,interquartile_range,semi_interquartile_range,coefficient_of_variation,skewness,kurtosis,label
LG22_2174201_2174388,25.16842544540343,2.407510600088117,4048.855831802287,0.08987660298719999,2.4898922184308367,31.503723499547178,294.2665316392505,295.05229146696763,0.4269908330119055,0.7167934743942882,2.407510600088117,4.772657299600022,4048.7659551992997,87055.8546999084,4.0558638252057335,2.0279319126028668,11.691892775636195,0.23204386905832583,0.21737456298574398,fourier
