nameseq,average,median,maximum,minimum,peak,none_levated_peak,sample_standard_deviation,population_standard_deviation,percentile15,percentile25,percentile50,percentile75,amplitude,variance,interquartile_range,semi_interquartile_range,coefficient_of_variation,skewness,kurtosis,label
LG22_13383898_13383991,18.26219241283184,2.4067995217000657,1381.325539281301,0.021178257511286998,1.7157487241957388,15.397347975590442,141.39111587566472,142.14925061792766,0.3137623862398376,1.075971634143749,2.4067995217000657,5.511963039616899,1381.3043610237896,20206.409451238407,4.43599140547315,2.217995702736575,7.742285957753733,0.3364156112554035,0.2782496143122458,fourier
