nameseq,average,median,maximum,minimum,peak,none_levated_peak,sample_standard_deviation,population_standard_deviation,percentile15,percentile25,percentile50,percentile75,amplitude,variance,interquartile_range,semi_interquartile_range,coefficient_of_variation,skewness,kurtosis,label
LG22_14447582_14447728,31.13146073164056,4.182854103087562,3633.7732516597985,0.1015040582337784,1.5739704738685356,18.984140479053618,298.305620236468,299.3254714857645,0.8941823809531637,1.9066902843192906,4.182854103087562,7.666986122310124,3633.6717476015647,89595.73788017525,5.760295837990833,2.8801479189954167,9.582127315127366,0.27101675061157815,0.22230361302189985,fourier
