nameseq,average,median,maximum,minimum,peak,none_levated_peak,sample_standard_deviation,population_standard_deviation,percentile15,percentile25,percentile50,percentile75,amplitude,variance,interquartile_range,semi_interquartile_range,coefficient_of_variation,skewness,kurtosis,label
LG22_11618063_11618128,14.35111995238483,1.7887100955667359,712.1259801724437,0.021554370326479857,1.5329814030537805,11.144384135430355,86.68449630072315,87.34875502860453,0.3059960589847456,1.1110085007933321,1.7887100955667359,4.149379122743362,712.1044258021172,7629.805005047164,3.0383706219500297,1.5191853109750149,6.040260034640583,0.434763206556694,0.1882570939768385,fourier
