nameseq,average,median,maximum,minimum,peak,none_levated_peak,sample_standard_deviation,population_standard_deviation,percentile15,percentile25,percentile50,percentile75,amplitude,variance,interquartile_range,semi_interquartile_range,coefficient_of_variation,skewness,kurtosis,label
LG22_1941215_1941458,26.103765378895115,1.658372067520741,5692.364620583016,0.003954913433668623,3.115770163912494,46.53613931701332,363.50363204739455,364.2508139910974,0.3930884503861186,0.6580064343821077,1.658372067520741,3.834333195197754,5692.360665669583,132678.65549317704,3.1763267608156465,1.5881633804078232,13.925333252546283,0.20174813528289962,0.21914929792926746,fourier
