nameseq,average,median,maximum,minimum,peak,none_levated_peak,sample_standard_deviation,population_standard_deviation,percentile15,percentile25,percentile50,percentile75,amplitude,variance,interquartile_range,semi_interquartile_range,coefficient_of_variation,skewness,kurtosis,label
LG22_6872584_6872725,12.90440781728443,0.992061939679287,1619.8667841254,0.006467654958868371,3.6679973233590846,34.6752824171776,135.33895898861405,135.81803644774055,0.2657812018981859,0.46210420721823364,0.992061939679287,2.072012079964727,1619.8603164704411,18446.53902451978,1.609907872746493,0.8049539363732465,10.487808577107915,0.26405580403364826,0.20859195033497083,fourier
