nameseq,average,median,maximum,minimum,peak,none_levated_peak,sample_standard_deviation,population_standard_deviation,percentile15,percentile25,percentile50,percentile75,amplitude,variance,interquartile_range,semi_interquartile_range,coefficient_of_variation,skewness,kurtosis,label
LG22_3663543_3663726,40.679247791128915,6.065989802323687,5850.931645787555,0.3583883804327767,1.5077302719129566,20.384071918395474,429.6906352215964,430.8630538679085,1.7298893801906585,2.242675561854724,6.065989802323687,11.418175883775536,5850.573257407122,185642.9711883802,9.175500321920811,4.587750160960406,10.562895298061552,0.24166171066973413,0.24839636607833454,fourier
