nameseq,average,median,maximum,minimum,peak,none_levated_peak,sample_standard_deviation,population_standard_deviation,percentile15,percentile25,percentile50,percentile75,amplitude,variance,interquartile_range,semi_interquartile_range,coefficient_of_variation,skewness,kurtosis,label
LG22_5994629_5995086,41.818764721566794,2.601336670322907,17636.002904798443,0.004674037457350542,3.6506737509616904,80.7414818836907,823.0275773742087,823.9275531240932,0.4598364422616407,0.8527123989766271,2.601336670322907,4.599691142066311,17635.998230760986,678856.6127970554,3.7469787430896835,1.8734893715448417,19.68081991072674,0.14295059775407537,0.24595877269302346,fourier
