nameseq,average,median,maximum,minimum,peak,none_levated_peak,sample_standard_deviation,population_standard_deviation,percentile15,percentile25,percentile50,percentile75,amplitude,variance,interquartile_range,semi_interquartile_range,coefficient_of_variation,skewness,kurtosis,label
LG22_11636081_11639320,284.78861407393606,12.946070719476687,855668.7202030222,0.004494382947003923,3.7922864420401767,255.80280532531265,15029.906940359046,15032.226907485676,2.9502114146378373,5.267306724997848,12.946070719476687,26.640180353690376,855668.7157086392,225967845.79813638,21.372873628692528,10.686436814346264,52.77565955097145,0.05426032465134453,0.23484901128755079,fourier
