nameseq,average,median,maximum,minimum,peak,none_levated_peak,sample_standard_deviation,population_standard_deviation,percentile15,percentile25,percentile50,percentile75,amplitude,variance,interquartile_range,semi_interquartile_range,coefficient_of_variation,skewness,kurtosis,label
LG22_7783740_7783934,19.065564518825678,1.4542320762115486,3333.463770606737,0.03633703293132751,3.4092879828351186,41.99117586349706,237.96663303414076,238.57916077336895,0.3090083079994498,0.5711104027954794,1.4542320762115486,3.2278808566884236,3333.4274335738055,56920.015955325034,2.6567704538929444,1.3283852269464722,12.481488958754317,0.2220227124038115,0.3157271081292402,fourier
