nameseq,average,median,maximum,minimum,peak,none_levated_peak,sample_standard_deviation,population_standard_deviation,percentile15,percentile25,percentile50,percentile75,amplitude,variance,interquartile_range,semi_interquartile_range,coefficient_of_variation,skewness,kurtosis,label
LG22_11179296_11179770,61.89518673175471,6.3366757216342,24955.464574317244,0.01077102663441603,2.5580879821807208,51.816237660999626,1143.4372179918123,1144.6427399059596,2.0771775860057384,3.218090600694335,6.3366757216342,12.800059392792948,24955.45380329061,1310207.0020194226,9.581968792098612,4.790984396049306,18.473766351934813,0.14576710501262957,0.24769843729950375,fourier
