nameseq,average,median,maximum,minimum,peak,none_levated_peak,sample_standard_deviation,population_standard_deviation,percentile15,percentile25,percentile50,percentile75,amplitude,variance,interquartile_range,semi_interquartile_range,coefficient_of_variation,skewness,kurtosis,label
LG22_12992281_13001785,834.3628565166448,50.904863373569455,7202415.066957339,0.005680643239221448,3.79730869919199,397.33760534750695,73871.15991108304,73875.04612829967,11.900623468767048,20.596349361421026,50.904863373569455,103.92288569798025,7202415.061276696,5457522440.458405,83.32653633655923,41.663268168279615,88.53601204095473,0.031817206908058775,0.24633081986959984,fourier
