nameseq,average,median,maximum,minimum,peak,none_levated_peak,sample_standard_deviation,population_standard_deviation,percentile15,percentile25,percentile50,percentile75,amplitude,variance,interquartile_range,semi_interquartile_range,coefficient_of_variation,skewness,kurtosis,label
LG22_764119_764180,13.927002036070785,1.1483874081523195,777.0706040132765,0.04902099565125242,1.483927884345836,13.653602645900524,97.71783804867428,98.51554792162938,0.33665787851951484,0.587537144896012,1.1483874081523195,1.914099070126952,777.0215830176252,9705.313182298854,1.32656192523094,0.66328096261547,7.016430226375076,0.3923116254850001,0.21452505655790977,fourier
