nameseq,average,median,maximum,minimum,peak,none_levated_peak,sample_standard_deviation,population_standard_deviation,percentile15,percentile25,percentile50,percentile75,amplitude,variance,interquartile_range,semi_interquartile_range,coefficient_of_variation,skewness,kurtosis,label
LG22_12796309_12796717,57.64718833619827,5.074300118139916,19772.84561109972,0.08606574545538015,2.364960673159594,46.61546896785121,976.157544691758,977.3530840800298,1.2540440764099101,2.1480893532289786,5.074300118139916,11.177710896260685,19772.759545354267,955219.0509607458,9.029621543031705,4.514810771515853,16.933307119834005,0.16157091190026915,0.20744644799686285,fourier
