nameseq,average,median,maximum,minimum,peak,none_levated_peak,sample_standard_deviation,population_standard_deviation,percentile15,percentile25,percentile50,percentile75,amplitude,variance,interquartile_range,semi_interquartile_range,coefficient_of_variation,skewness,kurtosis,label
LG22_11010998_11013790,223.9872220652102,13.158399586146317,569831.5417035439,0.0021955464600155435,4.1564871041123705,222.78604130490874,10780.009261794286,10781.93960638166,2.8225672178267067,5.307969188784024,13.158399586146317,26.849452210035547,569831.5395079975,116250221.67566152,21.541483021251523,10.770741510625761,48.12778676569266,0.05867216363893151,0.2473692632353465,fourier
