nameseq,average,median,maximum,minimum,peak,none_levated_peak,sample_standard_deviation,population_standard_deviation,percentile15,percentile25,percentile50,percentile75,amplitude,variance,interquartile_range,semi_interquartile_range,coefficient_of_variation,skewness,kurtosis,label
LG22_10897364_10899008,127.85114257967021,4.933531446562109,197361.9867171592,0.004428835354696659,4.288841869298434,200.40236653970376,4864.429750372611,4865.9089749013665,1.412554429630094,2.3227805553009406,4.933531446562109,10.27300644800544,197361.98228832384,23677070.152025666,7.950225892704498,3.975112946352249,38.047604833420635,0.07580597363361617,0.23366070158904592,fourier
