nameseq,average,median,maximum,minimum,peak,none_levated_peak,sample_standard_deviation,population_standard_deviation,percentile15,percentile25,percentile50,percentile75,amplitude,variance,interquartile_range,semi_interquartile_range,coefficient_of_variation,skewness,kurtosis,label
LG22_1713132_1713438,39.743455751723694,5.487731607332543,9824.255175480426,0.02956920299643633,2.574847390539135,37.072823656830366,559.4320019176084,560.3453608962425,1.2845266402079942,2.311379798855657,5.487731607332543,9.826213262888386,9824.22560627743,313986.92347794026,7.514833464032729,3.7574167320163645,14.076078472198422,0.183699130691327,0.26605516988632794,fourier
