nameseq,average,median,maximum,minimum,peak,none_levated_peak,sample_standard_deviation,population_standard_deviation,percentile15,percentile25,percentile50,percentile75,amplitude,variance,interquartile_range,semi_interquartile_range,coefficient_of_variation,skewness,kurtosis,label
LG22_3548604_3555045,542.5530397346078,31.78776453783694,3191262.688385301,0.0020829893756393377,3.9578311723840147,339.5398647418958,39756.890731149964,39759.976847260274,7.2251907497679735,12.19995235369977,31.78776453783694,64.81958579615625,3191262.6863023113,1580855758.894673,52.619633442456475,26.309816721228238,73.27742694169997,0.03854164139626094,0.262414422344131,fourier
