nameseq,average,median,maximum,minimum,peak,none_levated_peak,sample_standard_deviation,population_standard_deviation,percentile15,percentile25,percentile50,percentile75,amplitude,variance,interquartile_range,semi_interquartile_range,coefficient_of_variation,skewness,kurtosis,label
LG22_11573073_11573348,26.062500973024378,1.7867506398614017,6503.860823888962,0.023883502082401878,3.529975887395584,54.60867705827855,390.6342531432384,391.34385273470684,0.4130931490316372,0.5951850518154881,1.7867506398614017,3.636564427897949,6503.836940386879,153150.01107324392,3.041379376082461,1.5206896880412304,14.988364069417546,0.18643334631687944,0.29482279906061193,fourier
