nameseq,average,median,maximum,minimum,peak,none_levated_peak,sample_standard_deviation,population_standard_deviation,percentile15,percentile25,percentile50,percentile75,amplitude,variance,interquartile_range,semi_interquartile_range,coefficient_of_variation,skewness,kurtosis,label
LG22_221112_221319,31.29326961098451,3.9032286858661784,5103.807768858574,0.06802838101419072,2.2155988874040844,26.423799157577665,352.6432230877651,353.493992051818,1.367857645093276,2.061875437793853,3.9032286858661784,7.971470785134873,5103.739740477559,124958.00241673077,5.909595347341019,2.9547976736705097,11.268979798901578,0.23301205693354463,0.18729736781896583,fourier
