nameseq,average,median,maximum,minimum,peak,none_levated_peak,sample_standard_deviation,population_standard_deviation,percentile15,percentile25,percentile50,percentile75,amplitude,variance,interquartile_range,semi_interquartile_range,coefficient_of_variation,skewness,kurtosis,label
LG22_506300_507565,90.40684364294461,2.3551571092939128,109908.82422937878,0.006490232087471926,4.667788222611321,219.60017482175274,3087.665698223648,3088.885878353562,0.5899125188295034,0.9884309349018112,2.3551571092939128,4.86761012362407,109908.81773914669,9541215.969492055,3.879179188722259,1.9395895943611294,34.15300848703627,0.08555170326662048,0.23919193147186105,fourier
