nameseq,average,median,maximum,minimum,peak,none_levated_peak,sample_standard_deviation,population_standard_deviation,percentile15,percentile25,percentile50,percentile75,amplitude,variance,interquartile_range,semi_interquartile_range,coefficient_of_variation,skewness,kurtosis,label
LG22_15904072_15904135,10.486176070474277,1.6789733548013135,545.806435796483,0.042004664554674095,2.0344244832395275,13.097485246596783,67.46625099931083,67.99958934630071,0.4593646780281294,0.721482116509879,1.6789733548013135,2.6802820268813634,545.7644311319283,4623.944151265532,1.9587999103714844,0.9793999551857422,6.433827788689744,0.3916270395295685,0.20522989080772483,fourier
