nameseq,average,median,maximum,minimum,peak,none_levated_peak,sample_standard_deviation,population_standard_deviation,percentile15,percentile25,percentile50,percentile75,amplitude,variance,interquartile_range,semi_interquartile_range,coefficient_of_variation,skewness,kurtosis,label
LG22_991672_991872,46.112046259193086,5.898909056900848,7438.764141430747,0.12867824468452704,1.4529825812412869,21.82112772304032,522.8391356243527,524.1446036630754,1.693852013123466,2.9595849124939257,5.898909056900848,11.827905603198705,7438.635463186063,274727.5655491224,8.86832069070478,4.43416034535239,11.338450102290079,0.23073906176287692,0.25013748030893784,fourier
