nameseq,average,median,maximum,minimum,peak,none_levated_peak,sample_standard_deviation,population_standard_deviation,percentile15,percentile25,percentile50,percentile75,amplitude,variance,interquartile_range,semi_interquartile_range,coefficient_of_variation,skewness,kurtosis,label
LG22_14824288_14824552,26.061586540537757,1.5969192629745577,6302.971187662818,0.059186980556477184,3.3894073638200943,54.12434062516024,386.32468434856094,387.0556683217008,0.37727704026806885,0.7798762960412768,1.5969192629745577,2.881574559729271,6302.912000682261,149812.09037995848,2.101698263687994,1.050849131843997,14.823529018375313,0.18998009913979494,0.1943324468465994,fourier
