nameseq,average,median,maximum,minimum,peak,none_levated_peak,sample_standard_deviation,population_standard_deviation,percentile15,percentile25,percentile50,percentile75,amplitude,variance,interquartile_range,semi_interquartile_range,coefficient_of_variation,skewness,kurtosis,label
LG22_5828151_5831674,255.4536037927872,7.205676809182684,863873.7311455229,0.014049497662722883,4.59835621508595,377.3479794850336,14550.087888599855,14552.15275597541,1.7354844315695614,3.1040536551133524,7.205676809182684,13.77802869437454,863873.7170960252,211765149.8332427,10.673975039261187,5.336987519630593,56.95784938075194,0.05118483040465535,0.23673516891173468,fourier
