nameseq,average,median,maximum,minimum,peak,none_levated_peak,sample_standard_deviation,population_standard_deviation,percentile15,percentile25,percentile50,percentile75,amplitude,variance,interquartile_range,semi_interquartile_range,coefficient_of_variation,skewness,kurtosis,label
LG22_17374722_17375072,26.879450354612977,1.3759457935288602,8743.24777376691,0.005527914261322678,4.3527675773296,77.95018074227355,465.91389710044865,466.5790136376411,0.3154960331907581,0.5664165764777681,1.3759457935288602,2.6626623559612574,8743.242245852649,217695.97596707408,2.0962457794834894,1.0481228897417447,17.333460727573613,0.16421599389802508,0.2571610525335767,fourier
