nameseq,average,median,maximum,minimum,peak,none_levated_peak,sample_standard_deviation,population_standard_deviation,percentile15,percentile25,percentile50,percentile75,amplitude,variance,interquartile_range,semi_interquartile_range,coefficient_of_variation,skewness,kurtosis,label
LG22_12962942_12963120,30.046056590857358,3.926007391814822,4322.869866952514,0.10349694594499415,1.9858401879207832,23.81172031432655,321.823823850658,322.7265572476233,0.7804943543913515,1.8919457703261695,3.926007391814822,7.7153649729474285,4322.766370006569,104152.43075290347,5.823419202621259,2.9117096013106294,10.711017030720265,0.24348771529571578,0.23347437580732935,fourier
