nameseq,average,median,maximum,minimum,peak,none_levated_peak,sample_standard_deviation,population_standard_deviation,percentile15,percentile25,percentile50,percentile75,amplitude,variance,interquartile_range,semi_interquartile_range,coefficient_of_variation,skewness,kurtosis,label
LG22_3249659_3250120,56.10362953129651,5.308236978086176,21908.097357760056,0.02659762711549686,2.744920449649226,53.72896139726618,1017.7990509340915,1018.9023564622987,1.1229372335508865,2.3063681116098804,5.308236978086176,12.246553659486276,21908.07076013294,1038162.0120044252,9.940185547876396,4.970092773938198,18.141411873653,0.1497212809540131,0.2810509678646112,fourier
