nameseq,average,median,maximum,minimum,peak,none_levated_peak,sample_standard_deviation,population_standard_deviation,percentile15,percentile25,percentile50,percentile75,amplitude,variance,interquartile_range,semi_interquartile_range,coefficient_of_variation,skewness,kurtosis,label
LG22_14230496_14230566,15.045240602056912,1.8607136593407396,853.4131990356015,0.03828580942455477,1.5730334457682966,12.517816975521145,100.28799298469002,101.00179553705989,0.45252083424721157,0.7248138745086761,1.8607136593407396,4.121893557147731,853.3749132261769,10201.362701710052,3.3970796826390544,1.6985398413195272,6.665761993263114,0.39439996405339145,0.27784894017507106,fourier
