nameseq,average,median,maximum,minimum,peak,none_levated_peak,sample_standard_deviation,population_standard_deviation,percentile15,percentile25,percentile50,percentile75,amplitude,variance,interquartile_range,semi_interquartile_range,coefficient_of_variation,skewness,kurtosis,label
LG22_129460_129602,24.136937117511295,2.892757550045313,2852.433659875086,0.051979547732109374,1.974843222012813,21.58254840031287,237.37846676914717,238.21284005096715,0.9780632502433553,1.4563304031668525,2.892757550045313,6.209587591990621,2852.381680327354,56745.35716514766,4.753257188823769,2.3766285944118843,9.834655723444282,0.2684849201776101,0.3033004044438537,fourier
