nameseq,average,median,maximum,minimum,peak,none_levated_peak,sample_standard_deviation,population_standard_deviation,percentile15,percentile25,percentile50,percentile75,amplitude,variance,interquartile_range,semi_interquartile_range,coefficient_of_variation,skewness,kurtosis,label
LG22_14056745_14057096,34.918142589818665,3.9792275014591234,10276.886820653513,0.009362898913986709,3.360239824656225,49.808206608595015,546.7519108883313,547.5302058173914,0.7710636636936872,1.5415895728226878,3.9792275014591234,7.287237295456944,10276.8774577546,299789.32628243504,5.745647722634256,2.872823861317128,15.658104078186327,0.16976025765374148,0.27205152033521574,fourier
