nameseq,average,median,maximum,minimum,peak,none_levated_peak,sample_standard_deviation,population_standard_deviation,percentile15,percentile25,percentile50,percentile75,amplitude,variance,interquartile_range,semi_interquartile_range,coefficient_of_variation,skewness,kurtosis,label
LG22_14465823_14466148,33.022017070822876,2.3611567076026505,9482.281318934429,0.0012843951176019228,3.29073376812832,54.57499865729327,524.1760981347504,524.9819035268858,0.5536479205063853,0.901638282579465,2.3611567076026505,4.846420506419398,9482.280034539312,275605.99903071247,3.9447822238399333,1.9723911119199666,15.87353361881381,0.1754803040752435,0.22964967864389685,fourier
