nameseq,average,median,maximum,minimum,peak,none_levated_peak,sample_standard_deviation,population_standard_deviation,percentile15,percentile25,percentile50,percentile75,amplitude,variance,interquartile_range,semi_interquartile_range,coefficient_of_variation,skewness,kurtosis,label
LG22_6839514_6842683,285.69054049479973,20.358590232892823,807185.4112172041,0.012313747315332472,3.69864072095835,205.80524778977218,14333.793968985025,14336.055354811038,4.399603049835337,7.772609019416003,20.358590232892823,42.63000362193771,807185.3989034567,205522483.13620624,34.85739460252171,17.428697301260854,50.17244863676519,0.055532809562357975,0.2640526707959606,fourier
