nameseq,average,median,maximum,minimum,peak,none_levated_peak,sample_standard_deviation,population_standard_deviation,percentile15,percentile25,percentile50,percentile75,amplitude,variance,interquartile_range,semi_interquartile_range,coefficient_of_variation,skewness,kurtosis,label
LG22_15073583_15073857,38.056110075107995,5.0154221936221,8597.179019123741,0.08567642953075048,2.408724025806953,34.61566405570982,517.1198298603895,518.0626197586249,1.1948111860130035,1.8108553348059393,5.0154221936221,9.98995401329907,8597.09334269421,268388.8779911696,8.17909867849313,4.089549339246565,13.588352273519169,0.19168103391281355,0.28931098566209623,fourier
