nameseq,average,median,maximum,minimum,peak,none_levated_peak,sample_standard_deviation,population_standard_deviation,percentile15,percentile25,percentile50,percentile75,amplitude,variance,interquartile_range,semi_interquartile_range,coefficient_of_variation,skewness,kurtosis,label
LG22_13993835_13995077,151.26524594359586,8.88141514944475,143555.40618001335,0.013715601316508593,2.739117837337407,101.95060263871599,4074.236193781856,4075.876055467812,2.1035978465981477,3.429227084089512,8.88141514944475,17.885003789028875,143555.39246441203,16612765.619535848,14.455776704939364,7.227888352469682,26.934383826018216,0.10484210341913328,0.21974297097016593,fourier
