nameseq,average,median,maximum,minimum,peak,none_levated_peak,sample_standard_deviation,population_standard_deviation,percentile15,percentile25,percentile50,percentile75,amplitude,variance,interquartile_range,semi_interquartile_range,coefficient_of_variation,skewness,kurtosis,label
LG22_10555932_10556163,20.146114574531715,1.4351190931394333,4162.883024184944,0.009423153404014948,3.838622730315277,48.878806659538704,272.58122514716774,273.1705906463665,0.33058020069975086,0.6600189965661889,1.4351190931394333,3.2359719087975667,4162.87360103154,74622.17159408475,2.5759529122313776,1.2879764561156888,13.530213190178074,0.2059312280729181,0.24247571797961098,fourier
