nameseq,average,median,maximum,minimum,peak,none_levated_peak,sample_standard_deviation,population_standard_deviation,percentile15,percentile25,percentile50,percentile75,amplitude,variance,interquartile_range,semi_interquartile_range,coefficient_of_variation,skewness,kurtosis,label
LG22_3167527_3168051,47.21998113350166,2.700725294760789,22369.189789070075,0.0021124124615802754,3.7060582363477668,81.02411515593397,975.1576739617778,976.0877244106223,0.8702794193839174,1.4162692839523385,2.700725294760789,5.631910732302387,22369.187676657613,952747.245745107,4.215641448350048,2.107820724175024,20.651377881850156,0.13696017688464351,0.21141635047864493,fourier
