nameseq,average,median,maximum,minimum,peak,none_levated_peak,sample_standard_deviation,population_standard_deviation,percentile15,percentile25,percentile50,percentile75,amplitude,variance,interquartile_range,semi_interquartile_range,coefficient_of_variation,skewness,kurtosis,label
LG22_5268659_5268979,40.461847974679486,4.56582509796792,10978.833256909458,0.020417946577579407,2.644466462998903,42.57408331934967,611.5101858756245,612.4649252327505,1.033011859024282,1.552036143239131,4.56582509796792,8.691021832538322,10978.81283896288,375113.28464035864,7.138985689299191,3.5694928446495955,15.113254003087054,0.17610183953998348,0.24668315278401517,fourier
