nameseq,average,median,maximum,minimum,peak,none_levated_peak,sample_standard_deviation,population_standard_deviation,percentile15,percentile25,percentile50,percentile75,amplitude,variance,interquartile_range,semi_interquartile_range,coefficient_of_variation,skewness,kurtosis,label
LG22_10750827_10751031,42.798737266981306,6.864900735937451,6072.5516756402785,0.010713649152128328,1.5966203139841615,20.581808323701516,422.95787749679454,423.99327164704977,1.3446436975489198,2.1710241704303033,6.864900735937451,16.27186279772478,6072.540961991126,179770.29440196892,14.100838627294475,7.050419313647238,9.882484963478147,0.2548752850547122,0.2887917046560658,fourier
