nameseq,average,median,maximum,minimum,peak,none_levated_peak,sample_standard_deviation,population_standard_deviation,percentile15,percentile25,percentile50,percentile75,amplitude,variance,interquartile_range,semi_interquartile_range,coefficient_of_variation,skewness,kurtosis,label
LG22_16284218_16284512,36.39647238479532,3.9343134685916183,8709.438424539401,0.018735800544026397,2.7017270326014406,38.821229044261706,505.92737512400197,506.7870654213992,0.8650592288489304,1.5035123360838543,3.9343134685916183,8.247709155687684,8709.419688738857,256833.12967843353,6.744196819603829,3.3720984098019144,13.900450839718024,0.19249102052392764,0.2218503127552341,fourier
