nameseq,average,median,maximum,minimum,peak,none_levated_peak,sample_standard_deviation,population_standard_deviation,percentile15,percentile25,percentile50,percentile75,amplitude,variance,interquartile_range,semi_interquartile_range,coefficient_of_variation,skewness,kurtosis,label
LG22_11375405_11375566,27.686351922005475,3.938037525554417,3465.287574247919,0.028797274247254874,1.9504194757085382,21.14911345999322,271.0156883089834,271.8560490492766,1.101393852004131,1.5823325525550178,3.938037525554417,8.359183758497206,3465.258776973672,73905.71140468266,6.776851205942188,3.388425602971094,9.788782901859186,0.262881251022366,0.20628028147136807,fourier
