nameseq,average,median,maximum,minimum,peak,none_levated_peak,sample_standard_deviation,population_standard_deviation,percentile15,percentile25,percentile50,percentile75,amplitude,variance,interquartile_range,semi_interquartile_range,coefficient_of_variation,skewness,kurtosis,label
LG22_8065414_8065583,23.10921217627165,2.486673831062866,3344.5380308040985,0.261260352834478,2.452124556840217,28.182931205989348,255.52151663539308,256.27638243545897,1.0090431100941386,1.212635908946876,2.486673831062866,4.302167007292236,3344.276770451264,65677.58419420561,3.0895310983453603,1.5447655491726802,11.057127983694766,0.24212291728021498,0.2207929918004652,fourier
