nameseq,average,median,maximum,minimum,peak,none_levated_peak,sample_standard_deviation,population_standard_deviation,percentile15,percentile25,percentile50,percentile75,amplitude,variance,interquartile_range,semi_interquartile_range,coefficient_of_variation,skewness,kurtosis,label
LG22_10148401_10149702,154.84540926568252,16.469248878824036,171815.88596528917,0.029142478923669248,2.8027953948272772,97.13641986105505,4759.356022771293,4761.184785959924,3.130275752714215,6.288411053784767,16.469248878824036,28.434577927114002,171815.85682281025,22668880.566056244,22.146166873329236,11.073083436664618,30.73617774877154,0.08722366622172827,0.24420758229004863,fourier
