nameseq,average,median,maximum,minimum,peak,none_levated_peak,sample_standard_deviation,population_standard_deviation,percentile15,percentile25,percentile50,percentile75,amplitude,variance,interquartile_range,semi_interquartile_range,coefficient_of_variation,skewness,kurtosis,label
LG23_3326708_3326790,13.005691105912708,2.084805153755105,858.559484457169,0.14398833482044737,2.1272738558344444,15.492181098559561,93.40800989680889,93.97584497438267,0.3185336829637603,0.41495722722669504,2.084805153755105,4.473593598976811,858.4154961223486,8831.459438649204,4.058636371750117,2.0293181858750584,7.182087375144817,0.35074784156805044,0.29390468503525335,fourier
