nameseq,average,median,maximum,minimum,peak,none_levated_peak,sample_standard_deviation,population_standard_deviation,percentile15,percentile25,percentile50,percentile75,amplitude,variance,interquartile_range,semi_interquartile_range,coefficient_of_variation,skewness,kurtosis,label
LG23_18557065_18557216,28.638034633084587,2.2988218206401845,3835.6470500097726,0.0745815854992834,1.769208931961173,24.960771724923273,309.8277854397414,310.8520123174727,0.5218965060550643,0.7540148594507116,2.2988218206401845,5.5325532836613105,3835.572468424273,96628.97356182222,4.778538424210599,2.3892692121052996,10.818751684929085,0.25503728894160593,0.3015583432428242,fourier
