nameseq,average,median,maximum,minimum,peak,none_levated_peak,sample_standard_deviation,population_standard_deviation,percentile15,percentile25,percentile50,percentile75,amplitude,variance,interquartile_range,semi_interquartile_range,coefficient_of_variation,skewness,kurtosis,label
LG23_8378920_8379705,53.441232815096086,0.9906972619850591,40882.48707110805,0.008797257594792114,4.902581512415825,199.3244537945702,1457.2518743575408,1458.1797648522984,0.2333026397472476,0.4401935610170623,0.9906972619850591,1.8880392489132856,40882.47827385046,2126288.226624704,1.4478456878962231,0.7239228439481116,27.26830571816255,0.10797831824968812,0.22048499720814388,fourier
