nameseq,average,median,maximum,minimum,peak,none_levated_peak,sample_standard_deviation,population_standard_deviation,percentile15,percentile25,percentile50,percentile75,amplitude,variance,interquartile_range,semi_interquartile_range,coefficient_of_variation,skewness,kurtosis,label
LG23_9106065_9106896,86.95664562944764,4.859819775778239,65758.17069264571,0.0692746550570695,3.1893287893733464,100.26443966326742,2278.1322844202764,2279.5025896776715,1.3274791316317123,2.2953039638251043,4.859819775778239,10.147802294240131,65758.10141799065,5196132.056347211,7.8524983304150275,3.9262491652075138,26.19848394484059,0.10811070070221253,0.2464168110636968,fourier
