nameseq,average,median,maximum,minimum,peak,none_levated_peak,sample_standard_deviation,population_standard_deviation,percentile15,percentile25,percentile50,percentile75,amplitude,variance,interquartile_range,semi_interquartile_range,coefficient_of_variation,skewness,kurtosis,label
LG23_1226876_1227086,61.209769361081584,9.003569629827691,9417.055830835925,0.2155975946552042,1.149054049173606,17.899961374447376,645.9931911859394,647.5294435128147,2.855877176436544,4.221446478384604,9.003569629827691,19.04144098995613,9416.84023324127,419294.38021601556,14.819994511571526,7.409997255785763,10.553759602902131,0.24244620737601763,0.18115352685572367,fourier
