nameseq,average,median,maximum,minimum,peak,none_levated_peak,sample_standard_deviation,population_standard_deviation,percentile15,percentile25,percentile50,percentile75,amplitude,variance,interquartile_range,semi_interquartile_range,coefficient_of_variation,skewness,kurtosis,label
LG23_11200436_11201035,92.66433806967974,9.47478012615738,46979.173884402335,0.05083701517428628,2.1583276173581285,54.89905443463366,1915.810695270407,1917.409202595038,1.93921897380677,3.6410931223385874,9.47478012615738,20.3614351124105,46979.12304738716,3676458.05019614,16.720341990071912,8.360170995035956,20.674735666160984,0.1302679197097507,0.26372638737342846,fourier
