nameseq,average,median,maximum,minimum,peak,none_levated_peak,sample_standard_deviation,population_standard_deviation,percentile15,percentile25,percentile50,percentile75,amplitude,variance,interquartile_range,semi_interquartile_range,coefficient_of_variation,skewness,kurtosis,label
LG23_13324889_13325081,26.51731115339236,3.460954792768,4204.353013972376,0.024094101768831647,2.4260881113167905,28.201361852148707,301.54153969053647,302.32578429116364,1.1928191065155263,1.5269018112315922,3.460954792768,6.697878189238596,4204.328919870607,91400.87984726719,5.170976378007003,2.5854881890035015,11.3714975830783,0.2293848772970362,0.24864266443950125,fourier
