nameseq,average,median,maximum,minimum,peak,none_levated_peak,sample_standard_deviation,population_standard_deviation,percentile15,percentile25,percentile50,percentile75,amplitude,variance,interquartile_range,semi_interquartile_range,coefficient_of_variation,skewness,kurtosis,label
LG23_21436047_21436392,36.533391797169976,3.4897387315490422,10244.6810825992,0.018198503253645554,3.1569292545749206,47.58379130185011,549.7984415186094,550.5946742913703,0.7709297376929984,1.4141097164599372,3.4897387315490422,7.832193867550544,10244.662884095946,303154.4953580201,6.418084151090606,3.209042075545303,15.049203330778584,0.1803041836987591,0.24081414020242642,fourier
