nameseq,average,median,maximum,minimum,peak,none_levated_peak,sample_standard_deviation,population_standard_deviation,percentile15,percentile25,percentile50,percentile75,amplitude,variance,interquartile_range,semi_interquartile_range,coefficient_of_variation,skewness,kurtosis,label
LG23_13406588_13406659,14.906418868669757,1.5228540026540427,806.5161645014116,0.06060043990147411,1.6100446533434727,12.560464472414905,94.29364728223261,94.95536520606345,0.4817486509790861,0.7674078872476068,1.5228540026540427,3.482051891554354,806.4555640615101,9016.521381416886,2.7146440043067472,1.3573220021533736,6.325707610458912,0.4258048739791676,0.23028673922185736,fourier
