nameseq,average,median,maximum,minimum,peak,none_levated_peak,sample_standard_deviation,population_standard_deviation,percentile15,percentile25,percentile50,percentile75,amplitude,variance,interquartile_range,semi_interquartile_range,coefficient_of_variation,skewness,kurtosis,label
LG23_18157443_18157670,37.72927055920049,4.360892018523049,6921.918133757036,0.013848513043122289,2.0143511622030807,28.758198642140847,457.11432023621603,458.1200735318125,0.9977997221327702,1.7546584116362034,4.360892018523049,8.154289966419647,6921.904285243993,209874.0017727933,6.3996315547834435,3.1998157773917217,12.115641608256489,0.21899365473893387,0.232740268776252,fourier
