nameseq,average,median,maximum,minimum,peak,none_levated_peak,sample_standard_deviation,population_standard_deviation,percentile15,percentile25,percentile50,percentile75,amplitude,variance,interquartile_range,semi_interquartile_range,coefficient_of_variation,skewness,kurtosis,label
LG23_9777408_9777525,19.26786558615993,2.2161054918241847,1938.5993737286678,0.050576200353361654,2.041395460096337,21.03597496290882,177.46439109566393,178.22117231607209,0.4454192688494263,0.8841204494026995,2.2161054918241847,3.4665556082857267,1938.5487975283145,31762.786261715057,2.582435158883027,1.2912175794415135,9.21038141469786,0.288256590334404,0.23583060396836955,fourier
