nameseq,average,median,maximum,minimum,peak,none_levated_peak,sample_standard_deviation,population_standard_deviation,percentile15,percentile25,percentile50,percentile75,amplitude,variance,interquartile_range,semi_interquartile_range,coefficient_of_variation,skewness,kurtosis,label
LG23_9842396_9842824,47.687541387107196,4.835125446617605,17289.700362624255,0.029296816452453238,2.9986867815051896,53.44381873046049,833.4873056600139,834.4604376968355,1.2922937293276404,1.9760072066373835,4.835125446617605,9.991618402848253,17289.6710658078,696324.2220811943,8.01561119621087,4.007805598105435,17.47809346877664,0.15424019891900823,0.25566539584638603,fourier
