nameseq,average,median,maximum,minimum,peak,none_levated_peak,sample_standard_deviation,population_standard_deviation,percentile15,percentile25,percentile50,percentile75,amplitude,variance,interquartile_range,semi_interquartile_range,coefficient_of_variation,skewness,kurtosis,label
LG23_19204721_19204943,47.11650545025855,2.5162821808329467,9723.550199575822,0.014449261446282934,1.5776495438908962,35.39906280726447,649.4485732890568,650.9096517910154,0.5747356093942837,0.9194034093444231,2.5162821808329467,4.838518097833716,9723.535750314377,423683.374794701,3.9191146884892927,1.9595573442446463,13.78388670982162,0.20602196280247237,0.24672758305364434,fourier
