nameseq,average,median,maximum,minimum,peak,none_levated_peak,sample_standard_deviation,population_standard_deviation,percentile15,percentile25,percentile50,percentile75,amplitude,variance,interquartile_range,semi_interquartile_range,coefficient_of_variation,skewness,kurtosis,label
LG23_21616819_21616914,23.514840976964546,3.818802361984477,1759.7492717044518,0.03390770434114116,1.3608427133888608,12.879877929133837,178.19102464141352,179.1264170245389,1.2786713416809652,1.7533088164553363,3.818802361984477,7.975826335869184,1759.7153640001106,32086.27327604902,6.222517519413847,3.1112587597069234,7.577811171080079,0.33159984327969055,0.26787553595834274,fourier
