nameseq,average,median,maximum,minimum,peak,none_levated_peak,sample_standard_deviation,population_standard_deviation,percentile15,percentile25,percentile50,percentile75,amplitude,variance,interquartile_range,semi_interquartile_range,coefficient_of_variation,skewness,kurtosis,label
LG23_12901865_12902053,25.2673215886893,1.9649712442250815,4244.410802888939,0.01786110307738519,2.493339065593775,34.71625809811425,307.731604320337,308.5489539785849,0.7116563202044143,0.9305010127271179,1.9649712442250815,3.2020237143367494,4244.392941785862,95202.45700127889,2.2715227016096313,1.1357613508048157,12.17903540904353,0.22716890319988728,0.2054751673265263,fourier
