nameseq,average,median,maximum,minimum,peak,none_levated_peak,sample_standard_deviation,population_standard_deviation,percentile15,percentile25,percentile50,percentile75,amplitude,variance,interquartile_range,semi_interquartile_range,coefficient_of_variation,skewness,kurtosis,label
LG23_20304813_20304970,25.025079982388355,3.8245196377839563,2973.130705883447,0.03987805812842533,2.10455537819385,21.713980505556297,235.42619834178308,236.17477319854075,0.5067274319117339,1.2333327722029077,3.8245196377839563,6.5848612441955865,2973.0908278253182,55778.523495382164,5.351528471992679,2.6757642359963394,9.40761022572022,0.2701554945107622,0.17618707938190978,fourier
