nameseq,average,median,maximum,minimum,peak,none_levated_peak,sample_standard_deviation,population_standard_deviation,percentile15,percentile25,percentile50,percentile75,amplitude,variance,interquartile_range,semi_interquartile_range,coefficient_of_variation,skewness,kurtosis,label
LG23_16969037_16969215,19.381729182539146,1.8218522028013966,2949.476213513939,0.010419960859048576,3.078500690249037,33.16098819632479,219.63912939508234,220.25522914497947,0.4912356143645781,0.7099045390581697,1.8218522028013966,4.424555694303271,2949.46579355308,48512.36596570741,3.714651155245101,1.8573255776225506,11.332277286845674,0.23984629279992373,0.2522901418155832,fourier
