nameseq,average,median,maximum,minimum,peak,none_levated_peak,sample_standard_deviation,population_standard_deviation,percentile15,percentile25,percentile50,percentile75,amplitude,variance,interquartile_range,semi_interquartile_range,coefficient_of_variation,skewness,kurtosis,label
LG23_10101051_10101563,96.92126337796593,12.160448463964682,38976.653735326276,0.10374160697323742,1.7643187267704883,40.75226332555641,1718.887901525678,1720.5656841618331,2.6887557692830106,4.597937988964306,12.160448463964682,23.87897026286913,38976.5499937193,2960346.2735152766,19.281032273904827,9.640516136952414,17.734889554859535,0.1479342803659876,0.26419974987902994,fourier
