nameseq,average,median,maximum,minimum,peak,none_levated_peak,sample_standard_deviation,population_standard_deviation,percentile15,percentile25,percentile50,percentile75,amplitude,variance,interquartile_range,semi_interquartile_range,coefficient_of_variation,skewness,kurtosis,label
LG23_12068043_12068097,8.828443322923455,1.1774297681323374,346.02421507282384,0.0393840631373596,2.0766212867595804,11.150328010415402,45.982949082541175,46.40676402406758,0.1771572857049936,0.45563671505317194,1.1774297681323374,4.635632337218678,345.9848310096865,2153.587747185493,4.179995622165507,2.0899978110827533,5.208500230515651,0.4991641711185543,0.31470248916695553,fourier
