nameseq,average,median,maximum,minimum,peak,none_levated_peak,sample_standard_deviation,population_standard_deviation,percentile15,percentile25,percentile50,percentile75,amplitude,variance,interquartile_range,semi_interquartile_range,coefficient_of_variation,skewness,kurtosis,label
LG23_2140208_2140270,12.405425548967937,0.8013722377810105,696.9032486651749,0.01421658655062994,1.6928077087808635,14.663096591847353,86.94330703449542,87.64165806870355,0.32290120697448416,0.395076173056387,0.8013722377810105,1.798427161569099,696.8890320786243,7681.060229031551,1.403350988512712,0.701675494256356,7.0084904940426345,0.40040068776943105,0.2519038072239542,fourier
