nameseq,average,median,maximum,minimum,peak,none_levated_peak,sample_standard_deviation,population_standard_deviation,percentile15,percentile25,percentile50,percentile75,amplitude,variance,interquartile_range,semi_interquartile_range,coefficient_of_variation,skewness,kurtosis,label
LG23_15279959_15279977,3.7574852432471886,0.6629346363476879,55.52101999474781,0.013530014953845418,1.6855244727082725,5.404439213527122,12.226114769983853,12.56113884833238,0.20082375948556627,0.21512965498102873,0.6629346363476879,1.5462794153941826,55.50748997979397,157.78220916708491,1.331149760413154,0.665574880206577,3.2538024712022935,0.7593296803896077,0.2762425583752045,fourier
