nameseq,average,median,maximum,minimum,peak,none_levated_peak,sample_standard_deviation,population_standard_deviation,percentile15,percentile25,percentile50,percentile75,amplitude,variance,interquartile_range,semi_interquartile_range,coefficient_of_variation,skewness,kurtosis,label
LG23_5391946_5394273,197.0331176428817,12.197642427285732,415442.5590552418,0.0027324182073438226,3.9384242064650437,192.6973307017073,8608.136994275657,8609.986416790129,2.919672091826402,5.073553446802874,12.197642427285732,24.135313077090508,415442.5563228236,74131866.09731051,19.061759630287632,9.530879815143816,43.68878235930734,0.06441654286119404,0.23856737306948622,fourier
