nameseq,average,median,maximum,minimum,peak,none_levated_peak,sample_standard_deviation,population_standard_deviation,percentile15,percentile25,percentile50,percentile75,amplitude,variance,interquartile_range,semi_interquartile_range,coefficient_of_variation,skewness,kurtosis,label
LG23_20057944_20058251,27.001969462700558,1.789692476408089,7480.171470894126,0.006658555871008488,3.802191792287089,58.86987819824249,425.38269640431366,426.07493884174875,0.4456702662548849,0.8163399176391812,1.789692476408089,3.554093879348307,7480.164812338256,181539.85350899992,2.7377539617091258,1.3688769808545629,15.753765553728233,0.17780890383699774,0.2048109581273385,fourier
