nameseq,average,median,maximum,minimum,peak,none_levated_peak,sample_standard_deviation,population_standard_deviation,percentile15,percentile25,percentile50,percentile75,amplitude,variance,interquartile_range,semi_interquartile_range,coefficient_of_variation,skewness,kurtosis,label
LG23_16440886_16452316,982.768169250639,53.234682055543175,10309253.088252174,0.00970184565274267,3.8771436159137247,466.92270651203853,96419.07046868326,96423.2881835414,12.395677395916923,22.482054155662983,53.234682055543175,109.12462507685784,10309253.078550328,9297450504.126276,86.64257092119486,43.32128546059743,98.10967986702585,0.02892166920952655,0.2492590799387129,fourier
