nameseq,average,median,maximum,minimum,peak,none_levated_peak,sample_standard_deviation,population_standard_deviation,percentile15,percentile25,percentile50,percentile75,amplitude,variance,interquartile_range,semi_interquartile_range,coefficient_of_variation,skewness,kurtosis,label
LG23_14562196_14562643,47.439984244000144,4.718554944601897,18307.911857733725,0.031140045402135635,3.147836908318955,57.970584578867374,863.7183281162568,864.6839162636394,1.1070252301694645,1.927559579836313,4.718554944601897,8.64718558388973,18307.880717688324,747678.2750450245,6.719626004053417,3.3598130020267085,18.206547533276076,0.1483866715873879,0.24758147198434646,fourier
