nameseq,average,median,maximum,minimum,peak,none_levated_peak,sample_standard_deviation,population_standard_deviation,percentile15,percentile25,percentile50,percentile75,amplitude,variance,interquartile_range,semi_interquartile_range,coefficient_of_variation,skewness,kurtosis,label
LG23_5676592_5676774,30.597346443050387,3.0565349536636086,4575.106960717143,0.1617931962074678,1.9936369355929884,25.542669719110766,337.0299831949912,337.9546213747169,1.0818628809104593,1.7190578859667496,3.0565349536636086,6.521699683321091,4574.945167520936,114213.32610852826,4.802641797354342,2.401320898677171,11.015006932783912,0.2451486175945317,0.25637741592150826,fourier
