nameseq,average,median,maximum,minimum,peak,none_levated_peak,sample_standard_deviation,population_standard_deviation,percentile15,percentile25,percentile50,percentile75,amplitude,variance,interquartile_range,semi_interquartile_range,coefficient_of_variation,skewness,kurtosis,label
LG23_21221307_21221447,17.944365915885612,1.4757428631470468,2264.5545091356503,0.013850531787264088,2.6192065086229825,30.041612727362523,189.88251501915315,190.559460178816,0.31526982606877485,0.6504368732360235,1.4757428631470468,2.6617062347272404,2264.540658603863,36312.90786364177,2.011269361491217,1.0056346807456085,10.581734451316322,0.26019177781183384,0.28183404099173387,fourier
