nameseq,average,median,maximum,minimum,peak,none_levated_peak,sample_standard_deviation,population_standard_deviation,percentile15,percentile25,percentile50,percentile75,amplitude,variance,interquartile_range,semi_interquartile_range,coefficient_of_variation,skewness,kurtosis,label
LG23_5376279_5376330,10.100272585578058,1.4396692006916305,434.88859432375597,0.1493323026039752,1.7161253012204039,10.795331491945415,59.501506709254265,60.0820229605956,0.5597370542493347,0.6994829839695207,1.4396692006916305,2.110693297289358,434.739262021152,3609.849483037537,1.4112103133198373,0.7056051566599186,5.891079295643474,0.43665802080635935,0.2436545247817463,fourier
