nameseq,average,median,maximum,minimum,peak,none_levated_peak,sample_standard_deviation,population_standard_deviation,percentile15,percentile25,percentile50,percentile75,amplitude,variance,interquartile_range,semi_interquartile_range,coefficient_of_variation,skewness,kurtosis,label
LG23_21008440_21008621,32.16538741978113,3.84668278681238,4598.465842830922,0.039019980703994456,1.88608537105192,24.07655842404831,339.62692183732156,340.5638254706705,0.6621167601300749,1.280538103166662,3.84668278681238,8.92968295794299,4598.426822850218,115983.71921921731,7.6491448547763286,3.8245724273881643,10.558769816913728,0.2501454049617407,0.23833063984868344,fourier
