nameseq,average,median,maximum,minimum,peak,none_levated_peak,sample_standard_deviation,population_standard_deviation,percentile15,percentile25,percentile50,percentile75,amplitude,variance,interquartile_range,semi_interquartile_range,coefficient_of_variation,skewness,kurtosis,label
LG23_9849185_9849545,42.36770634295585,4.79601118721191,12891.125616401188,0.007948418469294467,2.8402135428164432,45.60197328780701,677.2153129197296,678.1552374704997,1.592007876413037,2.457923695511977,4.79601118721191,8.932346804877918,12891.117667982719,459894.5261086699,6.474423109365941,3.2372115546829705,15.984233544243422,0.1664390679254944,0.20366464974270904,fourier
