nameseq,average,median,maximum,minimum,peak,none_levated_peak,sample_standard_deviation,population_standard_deviation,percentile15,percentile25,percentile50,percentile75,amplitude,variance,interquartile_range,semi_interquartile_range,coefficient_of_variation,skewness,kurtosis,label
LG23_11074965_11075214,36.73108777748832,5.138196343592814,7276.1250842340705,0.04013466773015509,2.2687412319002025,30.460329893107616,458.8663773281237,459.7868724906081,0.916716271889285,2.0857691554439652,5.138196343592814,10.028498663832934,7276.084949566341,211403.96811469476,7.942729508388969,3.9713647541944845,12.492588842123888,0.20654961658677531,0.23208386547887963,fourier
