nameseq,average,median,maximum,minimum,peak,none_levated_peak,sample_standard_deviation,population_standard_deviation,percentile15,percentile25,percentile50,percentile75,amplitude,variance,interquartile_range,semi_interquartile_range,coefficient_of_variation,skewness,kurtosis,label
LG23_1235099_1235252,41.068291647864385,5.412823626402473,5085.016661625092,0.3152544762593801,1.2499505402729054,17.355192380783798,407.8917193507601,409.2225278436604,1.2744074576714042,2.9482681698374926,5.412823626402473,10.094399374679499,5084.701407148832,167463.07729475538,7.146131204842007,3.5730656024210035,9.932035226792083,0.2622421564101468,0.19398505581077435,fourier
