nameseq,average,median,maximum,minimum,peak,none_levated_peak,sample_standard_deviation,population_standard_deviation,percentile15,percentile25,percentile50,percentile75,amplitude,variance,interquartile_range,semi_interquartile_range,coefficient_of_variation,skewness,kurtosis,label
LG23_1536880_1537080,28.425461362253344,3.306212451644382,4831.0953645664,0.011883049856398875,2.357041778360384,30.347166595530904,339.62374241480137,340.4717430916911,0.703310526279317,1.1113239855114676,3.306212451644382,6.444710591336524,4831.0834815165435,115921.00784389452,5.333386605825057,2.6666933029125284,11.947870892459587,0.22188597945484118,0.24925050413514857,fourier
