nameseq,average,median,maximum,minimum,peak,none_levated_peak,sample_standard_deviation,population_standard_deviation,percentile15,percentile25,percentile50,percentile75,amplitude,variance,interquartile_range,semi_interquartile_range,coefficient_of_variation,skewness,kurtosis,label
LG23_2464185_2464325,32.80058409714474,3.213574774371189,3756.7819256506964,0.0012545788935327136,1.4329013123913028,19.32945223890908,314.8934328108097,316.0160511052293,0.7709049837159677,0.9596749755212595,3.213574774371189,6.518634543382581,3756.7806710718028,99866.1445561429,5.558959567861322,2.779479783930661,9.600238577404506,0.28187640236260164,0.22391601896629926,fourier
