nameseq,average,median,maximum,minimum,peak,none_levated_peak,sample_standard_deviation,population_standard_deviation,percentile15,percentile25,percentile50,percentile75,amplitude,variance,interquartile_range,semi_interquartile_range,coefficient_of_variation,skewness,kurtosis,label
LG23_12546759_12547113,40.76532742714929,3.470028865273595,12627.124236548132,0.02617044649528767,2.90279364356398,50.73248444238295,668.9816573492697,669.9258803419178,0.9420251895830566,1.4283548605837053,3.470028865273595,6.883306873647398,12627.098066101637,448800.68515189353,5.454952013063693,2.7274760065318464,16.41055523336076,0.16724807691881513,0.2259584914199967,fourier
