nameseq,average,median,maximum,minimum,peak,none_levated_peak,sample_standard_deviation,population_standard_deviation,percentile15,percentile25,percentile50,percentile75,amplitude,variance,interquartile_range,semi_interquartile_range,coefficient_of_variation,skewness,kurtosis,label
LG23_10146351_10147568,109.15451231458864,5.234382473693234,123376.81044493701,0.00839099568387665,3.719498089367924,148.75134501548624,3533.5015706540075,3534.9529987582055,1.1808780937043355,2.0146189836070265,5.234382473693234,10.070809205516944,123376.80205394133,12495892.70342963,8.056190221909919,4.028095110954959,32.37155748971956,0.08822987149967029,0.22480469104878448,fourier
