nameseq,average,median,maximum,minimum,peak,none_levated_peak,sample_standard_deviation,population_standard_deviation,percentile15,percentile25,percentile50,percentile75,amplitude,variance,interquartile_range,semi_interquartile_range,coefficient_of_variation,skewness,kurtosis,label
LG23_5769119_5769280,15.148671889688467,1.0930654871767538,2206.913934401838,0.06627783236829927,3.5646689289479694,38.697705983691655,172.7411235250162,173.2767562013027,0.23562065890853015,0.4809545564070985,1.0930654871767538,2.131663463037108,2206.84765656947,30024.834239645697,1.6507089066300094,0.8253544533150047,11.403053995947934,0.24410411572568347,0.2559806328184595,fourier
