nameseq,average,median,maximum,minimum,peak,none_levated_peak,sample_standard_deviation,population_standard_deviation,percentile15,percentile25,percentile50,percentile75,amplitude,variance,interquartile_range,semi_interquartile_range,coefficient_of_variation,skewness,kurtosis,label
LG23_13579073_13579463,32.103224045353876,1.6307211678038365,11408.988909576325,0.0055741163781032185,4.059820694307984,75.42803620260958,576.105458246083,576.8435821340029,0.3816946651422841,0.7442018032067781,1.6307211678038365,3.8068027398898696,11408.983335459947,332748.5182491881,3.0626009366830917,1.5313004683415459,17.945408144434005,0.15868189985730216,0.22947783708602873,fourier
