nameseq,average,median,maximum,minimum,peak,none_levated_peak,sample_standard_deviation,population_standard_deviation,percentile15,percentile25,percentile50,percentile75,amplitude,variance,interquartile_range,semi_interquartile_range,coefficient_of_variation,skewness,kurtosis,label
LG23_14166806_14167199,51.01446623250901,3.5274009828024693,18101.03230910112,0.050963423154983416,2.574433156562973,57.21631487166915,910.5210329244218,911.6787206557349,0.6513214678514435,1.122835062495709,3.5274009828024693,7.145367001983097,18100.981345677963,831158.0896964775,6.022531939487387,3.0112659697436936,17.848290890166986,0.1564611805743368,0.2693311359957099,fourier
