nameseq,average,median,maximum,minimum,peak,none_levated_peak,sample_standard_deviation,population_standard_deviation,percentile15,percentile25,percentile50,percentile75,amplitude,variance,interquartile_range,semi_interquartile_range,coefficient_of_variation,skewness,kurtosis,label
LG23_20423794_20424266,100.60612987558565,9.50914218882473,40790.92682438449,0.02755461499054173,1.5671675956688205,41.96870221422591,1872.981755831355,1874.964796890588,2.266969801699223,3.9272356570130835,9.50914218882473,20.280801717092995,40790.8992697695,3515492.989578964,16.353566060079913,8.176783030039957,18.61697451385491,0.14591223977992135,0.24923980138048038,fourier
