nameseq,average,median,maximum,minimum,peak,none_levated_peak,sample_standard_deviation,population_standard_deviation,percentile15,percentile25,percentile50,percentile75,amplitude,variance,interquartile_range,semi_interquartile_range,coefficient_of_variation,skewness,kurtosis,label
LG23_1709104_1709226,28.508077563024163,3.9203599406155476,2798.2402548087207,0.009261296877082478,1.4381888750428489,16.34254179614864,250.83911624867255,251.86504738618393,0.9829279823791948,1.423826071273327,3.9203599406155476,7.184061864560013,2798.2309935118437,63436.00209484468,5.760235793286686,2.880117896643343,8.798878693034652,0.2940655906078851,0.19909834270937032,fourier
