nameseq,average,median,maximum,minimum,peak,none_levated_peak,sample_standard_deviation,population_standard_deviation,percentile15,percentile25,percentile50,percentile75,amplitude,variance,interquartile_range,semi_interquartile_range,coefficient_of_variation,skewness,kurtosis,label
LG23_5536619_5536751,15.46079810776695,1.2526175219591376,1812.6575794426444,0.009760083453744595,2.867467321176768,29.328498800387695,156.43554840873549,157.02698926459107,0.26525485123845854,0.5154421142718543,1.2526175219591376,2.8263881923963905,1812.6478193591906,24657.475357502,2.310946078124536,1.155473039062268,10.11820653231012,0.2724735022889673,0.26207026790049376,fourier
