nameseq,average,median,maximum,minimum,peak,none_levated_peak,sample_standard_deviation,population_standard_deviation,percentile15,percentile25,percentile50,percentile75,amplitude,variance,interquartile_range,semi_interquartile_range,coefficient_of_variation,skewness,kurtosis,label
LG23_8380975_8390417,928.2071380834952,76.51653605164225,7682124.817822117,0.008549862289177389,3.3911252537507677,325.4456983049319,79049.28858836021,79053.47452331448,18.40580843994949,31.910255491965735,76.51653605164225,154.49974530245612,7682124.809272255,6249451834.208332,122.58948981049039,61.294744905245196,85.16341379530468,0.032322514872977444,0.2533849149681013,fourier
