nameseq,average,median,maximum,minimum,peak,none_levated_peak,sample_standard_deviation,population_standard_deviation,percentile15,percentile25,percentile50,percentile75,amplitude,variance,interquartile_range,semi_interquartile_range,coefficient_of_variation,skewness,kurtosis,label
LG23_8635747_8635962,35.910639703967945,3.457686508232594,6629.532520368452,0.22711082981911146,2.0049768144911204,29.99586918272546,449.71677211038826,450.761411780657,0.9482642392649654,1.6312944511143783,3.457686508232594,6.240499895442884,6629.305409538633,203185.85035049103,4.609205444328506,2.304602722164253,12.52321807179327,0.21648927864159845,0.19011164349390036,fourier
