nameseq,average,median,maximum,minimum,peak,none_levated_peak,sample_standard_deviation,population_standard_deviation,percentile15,percentile25,percentile50,percentile75,amplitude,variance,interquartile_range,semi_interquartile_range,coefficient_of_variation,skewness,kurtosis,label
LG23_21572732_21581558,690.8856899156267,27.457653153693354,5736796.204263763,0.007431256220482134,4.258784595310783,498.6248268375923,61056.975341479985,61060.43417027992,6.801847535200282,11.559395989690618,27.457653153693354,55.1392933539412,5736796.196832506,3728376621.0630875,43.579897364250584,21.789948682125292,88.37493124070419,0.03259716189926739,0.24700925447395933,fourier
