nameseq,average,median,maximum,minimum,peak,none_levated_peak,sample_standard_deviation,population_standard_deviation,percentile15,percentile25,percentile50,percentile75,amplitude,variance,interquartile_range,semi_interquartile_range,coefficient_of_variation,skewness,kurtosis,label
LG23_1234980_1235094,42.353039363576265,7.418593424607122,3854.5929076055013,0.04493075729191692,0.9050904943152701,12.051076683235484,357.1451885967002,358.70819470148524,1.5856826180093961,2.661700442632254,7.418593424607122,13.214881192091832,3854.5479768482096,128671.56894599865,10.553180749459578,5.276590374729789,8.432575181460203,0.2934474302417517,0.2673298848976386,fourier
