nameseq,average,median,maximum,minimum,peak,none_levated_peak,sample_standard_deviation,population_standard_deviation,percentile15,percentile25,percentile50,percentile75,amplitude,variance,interquartile_range,semi_interquartile_range,coefficient_of_variation,skewness,kurtosis,label
LG23_8522895_8522951,10.108497069930586,1.2691980101620026,478.5693670901607,0.11239560839075578,1.8796068167758269,12.431956873898168,62.631176442913116,63.18790896003435,0.3370976410587257,0.4431545328190315,1.2691980101620026,2.0928120190379063,478.45697148177,3992.711838741589,1.6496574862188749,0.8248287431094374,6.19589400972574,0.42339771796361203,0.21141521723831894,fourier
