nameseq,average,median,maximum,minimum,peak,none_levated_peak,sample_standard_deviation,population_standard_deviation,percentile15,percentile25,percentile50,percentile75,amplitude,variance,interquartile_range,semi_interquartile_range,coefficient_of_variation,skewness,kurtosis,label
LG23_4183049_4183281,27.29294396318937,2.5480325614290282,5357.394532689282,0.027944565769051074,2.845668344588166,36.83967454535709,349.97076532815356,350.724201647641,0.6580052447424533,1.2252376816431965,2.5480325614290282,5.234649639960978,5357.366588123513,123007.46562137514,4.009411958317781,2.0047059791588904,12.822756159986525,0.21211695821413568,0.17905124010743131,fourier
