nameseq,average,median,maximum,minimum,peak,none_levated_peak,sample_standard_deviation,population_standard_deviation,percentile15,percentile25,percentile50,percentile75,amplitude,variance,interquartile_range,semi_interquartile_range,coefficient_of_variation,skewness,kurtosis,label
LG23_3810364_3810444,15.760022167416787,0.9579909087177549,1152.0164775877076,0.010194500688709831,1.7131955598274105,18.089245438573286,127.04608711411866,127.83765917813822,0.18645975380677857,0.303669416523925,0.9579909087177549,2.230832350299618,1152.006283087019,16342.46710414583,1.9271629337756933,0.9635814668878466,8.061288605087203,0.3495274414568116,0.22474112313084132,fourier
