nameseq,average,median,maximum,minimum,peak,none_levated_peak,sample_standard_deviation,population_standard_deviation,percentile15,percentile25,percentile50,percentile75,amplitude,variance,interquartile_range,semi_interquartile_range,coefficient_of_variation,skewness,kurtosis,label
LG23_7168799_7172326,275.4685925346584,13.334761915613916,899462.3522122869,0.004062431432190849,4.2690892242172405,278.2068811261658,15140.764998090635,15142.911254391458,3.0911291253548328,5.242846680646238,13.334761915613916,27.67141968280562,899462.3481498555,229307761.25837547,22.428573002159382,11.214286501079691,54.96367066305638,0.051939349957304315,0.2513116046443062,fourier
