nameseq,average,median,maximum,minimum,peak,none_levated_peak,sample_standard_deviation,population_standard_deviation,percentile15,percentile25,percentile50,percentile75,amplitude,variance,interquartile_range,semi_interquartile_range,coefficient_of_variation,skewness,kurtosis,label
LG23_13656589_13656697,12.050818994639549,1.0041434373458464,1116.1061143598538,0.03620640370288334,3.015009465289882,24.98405831223181,106.26264889521543,106.75347205624402,0.22097263771540238,0.49585676175259613,1.0041434373458464,2.265318870492883,1116.069907956151,11396.303796063274,1.7694621087402866,0.8847310543701433,8.817877767683942,0.3118690058682818,0.19318599644712695,fourier
