nameseq,average,median,maximum,minimum,peak,none_levated_peak,sample_standard_deviation,population_standard_deviation,percentile15,percentile25,percentile50,percentile75,amplitude,variance,interquartile_range,semi_interquartile_range,coefficient_of_variation,skewness,kurtosis,label
LG23_20274197_20274394,75.47080717501062,9.75649446070226,12096.249190084172,0.16217775547931298,0.8745103235341237,17.000122058220274,856.5867385248312,858.7580645394928,2.438939379923826,3.6704116477889723,9.75649446070226,19.03702774562455,12096.087012328693,737465.4134116156,15.366616097835577,7.683308048917788,11.349908270339242,0.23014941660483132,0.24051724877662295,fourier
