nameseq,average,median,maximum,minimum,peak,none_levated_peak,sample_standard_deviation,population_standard_deviation,percentile15,percentile25,percentile50,percentile75,amplitude,variance,interquartile_range,semi_interquartile_range,coefficient_of_variation,skewness,kurtosis,label
LG23_9655725_9655994,38.28693433579475,3.135997321833404,8934.960468314686,0.008201871529262333,2.3506713598601787,39.851917709484646,542.4888331310611,543.4962413026292,0.43728831778173805,1.2106109451996965,3.135997321833404,5.7798999322235165,8934.952266443157,295388.16431008576,4.56928898702382,2.28464449351191,14.169032923168366,0.19438706310920031,0.22707225587266747,fourier
