nameseq,average,median,maximum,minimum,peak,none_levated_peak,sample_standard_deviation,population_standard_deviation,percentile15,percentile25,percentile50,percentile75,amplitude,variance,interquartile_range,semi_interquartile_range,coefficient_of_variation,skewness,kurtosis,label
LG23_16054702_16054938,26.716241689560317,2.7680398702436735,5317.522247197124,0.07575988704944811,2.9570027445465943,36.85630460949115,344.430836257147,345.15979122336995,0.7380891762950355,1.3211249505189009,2.7680398702436735,5.787778869808918,5317.446487310074,119135.28147736032,4.4666539192900165,2.2333269596450083,12.892188963529904,0.20858935349305313,0.24673051763833379,fourier
