nameseq,average,median,maximum,minimum,peak,none_levated_peak,sample_standard_deviation,population_standard_deviation,percentile15,percentile25,percentile50,percentile75,amplitude,variance,interquartile_range,semi_interquartile_range,coefficient_of_variation,skewness,kurtosis,label
LG23_9983172_9983661,78.14711090725372,11.33683089618533,29804.521973167706,0.012038887036921592,2.090075134411303,41.062285216612125,1344.4288684285307,1345.8028379934658,2.456158046623609,4.225642794773016,11.33683089618533,22.562213504115157,29804.509934280668,1811185.278751267,18.33657070934214,9.16828535467107,17.203820497268556,0.149082517297835,0.24163973836716057,fourier
