nameseq,average,median,maximum,minimum,peak,none_levated_peak,sample_standard_deviation,population_standard_deviation,percentile15,percentile25,percentile50,percentile75,amplitude,variance,interquartile_range,semi_interquartile_range,coefficient_of_variation,skewness,kurtosis,label
LG23_13324619_13324756,19.689340697257627,1.7894686727514428,2150.2589914182445,0.05224743956749338,2.3362895034066313,22.794790609231097,182.13407577813157,182.79759009133727,0.4642303808522192,0.9634922967982319,1.7894686727514428,4.291146217235397,2150.206743978677,33414.95894320057,3.3276539204371653,1.6638269602185827,9.25038977071993,0.29483563602306506,0.1566409597037517,fourier
