nameseq,average,median,maximum,minimum,peak,none_levated_peak,sample_standard_deviation,population_standard_deviation,percentile15,percentile25,percentile50,percentile75,amplitude,variance,interquartile_range,semi_interquartile_range,coefficient_of_variation,skewness,kurtosis,label
LG23_10901688_10901924,33.587486268354404,3.914080618845918,6509.915254385808,0.011705862209063235,2.352066462158335,32.73760457254374,421.75888069436695,422.6514930805623,0.8283898865560791,1.5728195880439582,3.914080618845918,7.16303485716135,6509.903548523599,178634.28460322865,5.590215269117391,2.7951076345586956,12.557024283527328,0.21106898046098313,0.2582843988087677,fourier
