nameseq,average,median,maximum,minimum,peak,none_levated_peak,sample_standard_deviation,population_standard_deviation,percentile15,percentile25,percentile50,percentile75,amplitude,variance,interquartile_range,semi_interquartile_range,coefficient_of_variation,skewness,kurtosis,label
LG23_19135357_19135494,19.682861878996793,2.61080016807258,2257.587217788666,0.022379490785671415,2.3370585173432388,23.515539323624264,191.22457109543956,191.9212020768546,0.5318228688005177,0.8857122845905321,2.61080016807258,4.51337101983492,2257.56483829788,36833.74780662486,3.6276587352443874,1.8138293676221937,9.71528288269358,0.267832657902581,0.25198529470323444,fourier
