nameseq,average,median,maximum,minimum,peak,none_levated_peak,sample_standard_deviation,population_standard_deviation,percentile15,percentile25,percentile50,percentile75,amplitude,variance,interquartile_range,semi_interquartile_range,coefficient_of_variation,skewness,kurtosis,label
LG23_12834483_12834837,35.35108402363258,3.6204307491987495,10375.110390854015,0.0185663186749593,3.347374956146358,49.77133533227712,549.6250351022409,550.4007941828934,0.7400300524630716,1.3992240189096201,3.6204307491987495,6.709908131574188,10375.09182453534,302941.0342371597,5.3106841126645685,2.6553420563322843,15.547614741737782,0.17319436660230358,0.200795203483902,fourier
