nameseq,average,median,maximum,minimum,peak,none_levated_peak,sample_standard_deviation,population_standard_deviation,percentile15,percentile25,percentile50,percentile75,amplitude,variance,interquartile_range,semi_interquartile_range,coefficient_of_variation,skewness,kurtosis,label
LG23_20881108_20881349,19.185608387493648,1.068296047174488,4304.427695005146,0.023215258610636298,4.204540457484274,60.618446430643296,276.03990001524056,276.61200404868237,0.22705155471565644,0.4288429435203953,1.068296047174488,1.9739546862314992,4304.404479746536,76514.20078382826,1.5451117427111039,0.7725558713555519,14.387862737528836,0.19689884331198726,0.2614723281462029,fourier
