nameseq,average,median,maximum,minimum,peak,none_levated_peak,sample_standard_deviation,population_standard_deviation,percentile15,percentile25,percentile50,percentile75,amplitude,variance,interquartile_range,semi_interquartile_range,coefficient_of_variation,skewness,kurtosis,label
LG23_7008790_7009740,75.87318749019583,4.351637230933154,66145.86156170153,0.03705640959804141,4.178024022530516,126.8425448464234,2143.6040570336,2144.731972953287,1.010995877746785,1.8340150702733413,4.351637230933154,8.58850385036739,66145.82450529194,4599875.235808099,6.754488780094048,3.377244390047024,28.25245818637304,0.10009528115687125,0.2706460227027587,fourier
