nameseq,average,median,maximum,minimum,peak,none_levated_peak,sample_standard_deviation,population_standard_deviation,percentile15,percentile25,percentile50,percentile75,amplitude,variance,interquartile_range,semi_interquartile_range,coefficient_of_variation,skewness,kurtosis,label
LG23_1039696_1039750,6.329427308695057,0.7175574296994794,299.66744379995015,0.03301657808695924,2.8965232459732806,15.844049448758144,39.92673230414337,40.29472839953181,0.19980526291380674,0.32591887333131553,0.7175574296994794,1.0800602881575672,299.6344272218632,1623.6651367920356,0.7541414148262516,0.3770707074131258,6.308111359347469,0.42166259709762494,0.17156583699418382,fourier
