nameseq,average,median,maximum,minimum,peak,none_levated_peak,sample_standard_deviation,population_standard_deviation,percentile15,percentile25,percentile50,percentile75,amplitude,variance,interquartile_range,semi_interquartile_range,coefficient_of_variation,skewness,kurtosis,label
LG23_9420712_9423620,219.60397378619237,7.089912605033929,601706.2354136894,0.0036509340559326823,4.415524227310838,295.0527773359403,11153.96831086379,11155.88595349996,1.604266830064223,2.9009450972655646,7.089912605033929,15.946019903381512,601706.2317627553,124453791.40749767,13.045074806115947,6.5225374030579735,50.791286325826476,0.05715832838815933,0.23444328886759333,fourier
