nameseq,average,median,maximum,minimum,peak,none_levated_peak,sample_standard_deviation,population_standard_deviation,percentile15,percentile25,percentile50,percentile75,amplitude,variance,interquartile_range,semi_interquartile_range,coefficient_of_variation,skewness,kurtosis,label
LG23_17542795_17543116,63.96861660923624,5.439889684475017,17794.928604381043,0.027141842124053375,1.677906120574691,35.925646321658455,989.7038199276852,991.2442159103124,1.4437810461119067,2.471449248197695,5.439889684475017,11.849173102401846,17794.901462538917,982565.09557565,9.37772385420415,4.688861927102075,15.471708978380263,0.17741285548146438,0.2933213824239254,fourier
