nameseq,average,median,maximum,minimum,peak,none_levated_peak,sample_standard_deviation,population_standard_deviation,percentile15,percentile25,percentile50,percentile75,amplitude,variance,interquartile_range,semi_interquartile_range,coefficient_of_variation,skewness,kurtosis,label
LG23_7534264_7539521,411.4448666073626,17.652924132113675,2020715.6929140494,0.0033133548071133233,4.259784989222426,365.1652053284152,27864.30452726292,27866.954610917903,3.8671218755579733,7.292328691209683,17.652924132113675,35.92260370394036,2020715.6896006945,776567159.2869585,28.630275012730678,14.315137506365339,67.72305790815352,0.04239746325876779,0.2465395357904082,fourier
