nameseq,average,median,maximum,minimum,peak,none_levated_peak,sample_standard_deviation,population_standard_deviation,percentile15,percentile25,percentile50,percentile75,amplitude,variance,interquartile_range,semi_interquartile_range,coefficient_of_variation,skewness,kurtosis,label
LG23_7370465_7370940,51.88623938339696,3.816624831403297,21747.326204730416,0.012618153384391671,3.0579719893409405,64.43837556095693,995.490883299569,996.5382175011723,0.9882689206186047,1.726658739607588,3.816624831403297,8.245058111205122,21747.31358657703,993088.4189404139,6.518399371597534,3.259199685798767,19.186028803199704,0.144862043515656,0.25097288999587275,fourier
