nameseq,average,median,maximum,minimum,peak,none_levated_peak,sample_standard_deviation,population_standard_deviation,percentile15,percentile25,percentile50,percentile75,amplitude,variance,interquartile_range,semi_interquartile_range,coefficient_of_variation,skewness,kurtosis,label
LG23_11756969_11757306,28.048216251140573,1.174389846835214,8924.87804613928,0.02480938732912591,4.016892399069588,79.8153799628418,484.6443331338383,485.3628573729103,0.2452146597602748,0.44669464244327556,1.174389846835214,2.255099476591807,8924.853236751951,235577.10331719604,1.8084048341485313,0.9042024170742656,17.278971639208265,0.16635184546901907,0.28282195194591553,fourier
