nameseq,average,median,maximum,minimum,peak,none_levated_peak,sample_standard_deviation,population_standard_deviation,percentile15,percentile25,percentile50,percentile75,amplitude,variance,interquartile_range,semi_interquartile_range,coefficient_of_variation,skewness,kurtosis,label
LG23_16385583_16385821,25.693080450673765,2.4401839757816117,5251.183838552251,0.003048906279898133,3.1007051419783154,40.14963701297338,338.73804277476046,339.44893136942636,0.44622407454600616,0.7260462718837194,2.4401839757816117,5.710786704144014,5251.18078964597,115225.57700784551,4.984740432260295,2.4923702161301473,13.18401829726406,0.20593697965912147,0.2851466922491715,fourier
