nameseq,average,median,maximum,minimum,peak,none_levated_peak,sample_standard_deviation,population_standard_deviation,percentile15,percentile25,percentile50,percentile75,amplitude,variance,interquartile_range,semi_interquartile_range,coefficient_of_variation,skewness,kurtosis,label
LG23_164157_164578,62.87194686843981,7.24209672138374,20723.495313452248,0.00998060650927796,2.237351850436779,41.74540841416398,1007.4519092255101,1008.647698262719,1.7277457236404254,2.9037932525020396,7.24209672138374,14.816559734928136,20723.48533284574,1017370.1792106811,11.912766482426097,5.956383241213048,16.023870094775553,0.16565510364605535,0.21786129716142447,fourier
