nameseq,average,median,maximum,minimum,peak,none_levated_peak,sample_standard_deviation,population_standard_deviation,percentile15,percentile25,percentile50,percentile75,amplitude,variance,interquartile_range,semi_interquartile_range,coefficient_of_variation,skewness,kurtosis,label
LG23_5449079_5449487,37.2409789525065,2.826264068104637,13433.992121593034,0.00126131531320751,3.6608418244643763,65.23993781701073,663.2725619084821,664.0848984798006,0.609558034656681,1.142179240469239,2.826264068104637,5.30507071299015,13433.99086027772,441008.7523889271,4.162891472520911,2.0814457362604557,17.810288036583437,0.1556586998806852,0.23519907656716443,fourier
