nameseq,average,median,maximum,minimum,peak,none_levated_peak,sample_standard_deviation,population_standard_deviation,percentile15,percentile25,percentile50,percentile75,amplitude,variance,interquartile_range,semi_interquartile_range,coefficient_of_variation,skewness,kurtosis,label
LG23_4665375_4666482,89.39487500211541,4.960413522275903,89847.65058942263,0.007465795008475087,4.131482183118367,133.08440897593218,2697.7581112703638,2698.9763358125933,1.1517830636339403,1.9648827238656787,4.960413522275903,12.014717553921624,89847.64312362763,7284473.261276372,10.049834830055946,5.024917415027973,30.177995228546656,0.09389403126295817,0.25821108489375877,fourier
