nameseq,average,median,maximum,minimum,peak,none_levated_peak,sample_standard_deviation,population_standard_deviation,percentile15,percentile25,percentile50,percentile75,amplitude,variance,interquartile_range,semi_interquartile_range,coefficient_of_variation,skewness,kurtosis,label
LG23_9141661_9141947,30.695223932345503,2.027613292523474,7860.557334964013,0.044541119392242694,3.1166629335405056,50.13007592336456,463.0020490393154,463.81078685921415,0.5682149380889825,0.954207416901372,2.027613292523474,4.951556726270193,7860.51279384462,215120.44600696338,3.9973493093688215,1.9986746546844107,15.083846596454402,0.18575043479378475,0.26641003132761426,fourier
