nameseq,average,median,maximum,minimum,peak,none_levated_peak,sample_standard_deviation,population_standard_deviation,percentile15,percentile25,percentile50,percentile75,amplitude,variance,interquartile_range,semi_interquartile_range,coefficient_of_variation,skewness,kurtosis,label
LG23_18662836_18663015,29.53124678219742,2.879582093785027,4596.8809232850235,0.037973958389709614,2.031746253130441,27.715239358626576,341.4023812321245,342.3546909794097,0.8301632510800535,1.489284494174512,2.879582093785027,4.635511157980655,4596.842949326634,117206.73443560714,3.1462266638061434,1.5731133319030717,11.560716814636322,0.23419577150188242,0.15252486723847888,fourier
