nameseq,average,median,maximum,minimum,peak,none_levated_peak,sample_standard_deviation,population_standard_deviation,percentile15,percentile25,percentile50,percentile75,amplitude,variance,interquartile_range,semi_interquartile_range,coefficient_of_variation,skewness,kurtosis,label
LG23_12178742_12179182,60.6348374487153,5.881648265184647,23262.835366460793,0.012312163829245625,2.424348875748731,51.95069394441111,1106.1490223716105,1107.405296510012,1.4350736710042569,2.223140683603432,5.881648265184647,10.793096152828758,23262.823054296965,1226346.4907384277,8.569955469225325,4.284977734612663,18.242796862565797,0.1484967795735293,0.2634561219835033,fourier
