nameseq,average,median,maximum,minimum,peak,none_levated_peak,sample_standard_deviation,population_standard_deviation,percentile15,percentile25,percentile50,percentile75,amplitude,variance,interquartile_range,semi_interquartile_range,coefficient_of_variation,skewness,kurtosis,label
LG23_14389995_14390257,29.460987468882696,3.1366935562968337,6501.257042667836,0.02251173816612285,2.975686635054647,39.70162906256989,399.8679350486238,400.6303150259108,0.7558285374825884,1.3378526457414597,3.1366935562968337,6.080803067528965,6501.23453092967,160504.64931776052,4.742950421787505,2.3714752108937525,13.572794716096077,0.19749741055920003,0.23398052258346583,fourier
