nameseq,average,median,maximum,minimum,peak,none_levated_peak,sample_standard_deviation,population_standard_deviation,percentile15,percentile25,percentile50,percentile75,amplitude,variance,interquartile_range,semi_interquartile_range,coefficient_of_variation,skewness,kurtosis,label
LG23_11139150_11139190,5.276478962933512,0.6517075166864092,173.67563971952558,0.0868505845451067,2.5901110878434253,11.413418093582266,26.64956851224343,26.980631746420904,0.15147848546663603,0.24910145365767816,0.6517075166864092,1.7167099242203887,173.58878913498046,727.9544894359755,1.4676084705627106,0.7338042352813553,5.050634845595468,0.5206205996306141,0.21668417970327938,fourier
