nameseq,average,median,maximum,minimum,peak,none_levated_peak,sample_standard_deviation,population_standard_deviation,percentile15,percentile25,percentile50,percentile75,amplitude,variance,interquartile_range,semi_interquartile_range,coefficient_of_variation,skewness,kurtosis,label
LG23_8376163_8376859,75.99658035533633,6.033690516738149,45890.83070809929,0.004274936050909607,3.057155101545557,75.7018468173298,1736.650750732984,1737.8978968547483,1.5939050305652518,2.4324965859111467,6.033690516738149,13.097293827232884,45890.82643316324,3020289.099892157,10.664797241321736,5.332398620660868,22.85169599227947,0.12085830696080219,0.24687758131884352,fourier
