nameseq,average,median,maximum,minimum,peak,none_levated_peak,sample_standard_deviation,population_standard_deviation,percentile15,percentile25,percentile50,percentile75,amplitude,variance,interquartile_range,semi_interquartile_range,coefficient_of_variation,skewness,kurtosis,label
LG23_21580874_21581446,60.619061269115655,5.122667342601131,30321.272987829998,0.02743994385598746,3.150824113756297,69.63501900711061,1265.2846578633673,1266.3901929435303,1.0686897101953452,1.841252452665369,5.122667342601131,11.032838953649811,30321.24554788614,1603744.1207835518,9.191586500984442,4.595793250492221,20.872719428072166,0.13158239195019308,0.25290923332827586,fourier
