nameseq,average,median,maximum,minimum,peak,none_levated_peak,sample_standard_deviation,population_standard_deviation,percentile15,percentile25,percentile50,percentile75,amplitude,variance,interquartile_range,semi_interquartile_range,coefficient_of_variation,skewness,kurtosis,label
LG23_21013489_21013720,27.858698535902203,3.104713074633346,5360.529675334337,0.025138839610164592,2.7759133555241973,35.36913686964227,350.906626519463,351.6653444355599,0.5034011303193888,0.9826284419651149,3.104713074633346,6.120302019687393,5360.504536494727,123668.514476981,5.1376735777222775,2.5688367888611388,12.59594471246533,0.21162882308718,0.24002682031596187,fourier
