nameseq,average,median,maximum,minimum,peak,none_levated_peak,sample_standard_deviation,population_standard_deviation,percentile15,percentile25,percentile50,percentile75,amplitude,variance,interquartile_range,semi_interquartile_range,coefficient_of_variation,skewness,kurtosis,label
LG23_10918922_10918979,13.408137386339478,1.4345710304439114,692.437206411484,0.01630871033940988,1.4419104441031894,12.559580770626045,89.94678646762544,90.73236283683615,0.2130780439490948,0.4294145897259882,1.4345710304439114,2.604940791109619,692.4208977011446,8232.361665955286,2.175526201383631,1.0877631006918156,6.708372973509753,0.39935500175557287,0.3827003176858555,fourier
