nameseq,average,median,maximum,minimum,peak,none_levated_peak,sample_standard_deviation,population_standard_deviation,percentile15,percentile25,percentile50,percentile75,amplitude,variance,interquartile_range,semi_interquartile_range,coefficient_of_variation,skewness,kurtosis,label
LG23_11934763_11935007,36.369751969944865,3.2552545050601123,7623.428448419682,0.005331032475802173,2.245455694450546,34.80133276067554,485.74472442907233,486.73908519221254,0.555489151381113,1.379651266572358,3.2552545050601123,7.515086513196061,7623.423117387207,236914.93705375193,6.135435246623703,3.0677176233118515,13.355733765533532,0.20451790291993222,0.2411702023724127,fourier
