nameseq,average,median,maximum,minimum,peak,none_levated_peak,sample_standard_deviation,population_standard_deviation,percentile15,percentile25,percentile50,percentile75,amplitude,variance,interquartile_range,semi_interquartile_range,coefficient_of_variation,skewness,kurtosis,label
LG23_17976216_17976498,33.76622670429721,4.143913811005887,7901.793066419465,0.05851361260595542,2.7937185330017384,38.55630131285993,468.56840248179344,469.3984623042295,0.7866654017115295,1.6213287673947705,4.143913811005887,8.305799695546938,7901.734552806859,220334.91641357518,6.684470928152168,3.342235464076084,13.876836360343507,0.18965627688334566,0.23642052821879336,fourier
