nameseq,average,median,maximum,minimum,peak,none_levated_peak,sample_standard_deviation,population_standard_deviation,percentile15,percentile25,percentile50,percentile75,amplitude,variance,interquartile_range,semi_interquartile_range,coefficient_of_variation,skewness,kurtosis,label
LG23_19647268_19647527,35.91288491165627,3.730437173320603,7954.259276337037,0.09105956702034952,2.413247136225951,36.067077197721424,492.0570306560269,493.0060325611116,1.1201623322958028,1.9881208198195655,3.730437173320603,7.413970329003662,7954.168216770016,243054.94814164788,5.425849509184096,2.712924754592048,13.701406385659638,0.19621169336059857,0.27314882546906316,fourier
