nameseq,average,median,maximum,minimum,peak,none_levated_peak,sample_standard_deviation,population_standard_deviation,percentile15,percentile25,percentile50,percentile75,amplitude,variance,interquartile_range,semi_interquartile_range,coefficient_of_variation,skewness,kurtosis,label
LG23_17324476_17324720,45.89716222264441,4.296518943328598,9576.103832701385,0.005557611340801307,1.779340218693838,30.829681125966097,610.1504884711783,611.3995184139321,0.5684985882986978,1.3465840949764778,4.296518943328598,11.13585060488325,9576.098275090044,373809.3711167882,9.789266509906772,4.894633254953386,13.293860860315817,0.2045428663847455,0.33209369622612583,fourier
