nameseq,average,median,maximum,minimum,peak,none_levated_peak,sample_standard_deviation,population_standard_deviation,percentile15,percentile25,percentile50,percentile75,amplitude,variance,interquartile_range,semi_interquartile_range,coefficient_of_variation,skewness,kurtosis,label
LG23_3230371_3231121,64.71557857218131,4.443549487466774,43425.45592816935,0.02570071699087922,3.868208225228505,98.06875078146612,1583.3357268989325,1584.3909324321876,1.1113374068094788,1.8713383878279481,4.443549487466774,8.516667976394874,43425.43022745236,2510294.626773337,6.645329588566926,3.322664794283463,24.466067704748088,0.11419946141699451,0.22256590123262457,fourier
