nameseq,average,median,maximum,minimum,peak,none_levated_peak,sample_standard_deviation,population_standard_deviation,percentile15,percentile25,percentile50,percentile75,amplitude,variance,interquartile_range,semi_interquartile_range,coefficient_of_variation,skewness,kurtosis,label
LG23_3712502_3712752,36.9509401458625,3.7507595065635604,7869.778499367158,0.015727817750797162,2.26426354340094,34.34587766830275,495.42389216014215,496.4137510734333,0.8525276648470098,1.8427069034879973,3.7507595065635604,8.140276606268824,7869.762771549406,246426.61225479658,6.297569702780827,3.1487848513904133,13.407612640016037,0.20104105493099975,0.2442618615101838,fourier
