nameseq,average,median,maximum,minimum,peak,none_levated_peak,sample_standard_deviation,population_standard_deviation,percentile15,percentile25,percentile50,percentile75,amplitude,variance,interquartile_range,semi_interquartile_range,coefficient_of_variation,skewness,kurtosis,label
LG23_9265193_9266189,109.9425836052527,9.310091857586373,95642.52028806151,0.011764353752843728,3.0227899184775526,92.70802014813701,3027.104586648484,3028.6238362229988,2.308589098600932,3.611967152820898,9.310091857586373,18.611927572666534,95642.50852370776,9172562.341338115,14.999960419845635,7.499980209922818,27.533504192672613,0.09973143200091755,0.2454720039318844,fourier
