nameseq,average,median,maximum,minimum,peak,none_levated_peak,sample_standard_deviation,population_standard_deviation,percentile15,percentile25,percentile50,percentile75,amplitude,variance,interquartile_range,semi_interquartile_range,coefficient_of_variation,skewness,kurtosis,label
LG23_15170788_15170926,25.226118595180154,4.104377328583744,2675.8523657976034,0.11108972213855918,1.8367206654687673,18.24744657446438,225.7356945175036,226.55210114082726,1.2171943533219556,1.8382727569956014,4.104377328583744,7.0582819411245215,2675.7412760754646,51325.854531323625,5.22000918412892,2.61000459206446,8.948490972393746,0.28070537951575875,0.20061846958686402,fourier
