nameseq,average,median,maximum,minimum,peak,none_levated_peak,sample_standard_deviation,population_standard_deviation,percentile15,percentile25,percentile50,percentile75,amplitude,variance,interquartile_range,semi_interquartile_range,coefficient_of_variation,skewness,kurtosis,label
LG24_2715048_2715228,15.99018827520973,1.2203097741081168,2546.5189821256567,0.0036048367271543326,3.7731471509232115,40.326943106896586,188.6265702493479,189.14980723298876,0.40863052548271317,0.6319483996115897,1.2203097741081168,2.8109970938939,2546.51537728893,35777.6495762768,2.1790486942823106,1.0895243471411553,11.796394576653215,0.2349066488603984,0.2373572957392266,fourier
