nameseq,average,median,maximum,minimum,peak,none_levated_peak,sample_standard_deviation,population_standard_deviation,percentile15,percentile25,percentile50,percentile75,amplitude,variance,interquartile_range,semi_interquartile_range,coefficient_of_variation,skewness,kurtosis,label
LG24_17565150_17565334,24.72870460699205,3.2916807310238236,3430.5996286847067,0.07971919433714236,2.493728144952259,25.22282862383082,251.19730734563367,251.87898378847464,1.0027918307452799,1.6802175905700054,3.2916807310238236,7.105242100514294,3430.5199094903696,63443.02247431467,5.425024509944289,2.7125122549721445,10.158126409686966,0.2560181568324544,0.1654638731103682,fourier
