nameseq,average,median,maximum,minimum,peak,none_levated_peak,sample_standard_deviation,population_standard_deviation,percentile15,percentile25,percentile50,percentile75,amplitude,variance,interquartile_range,semi_interquartile_range,coefficient_of_variation,skewness,kurtosis,label
LG24_15959560_15959844,42.595003039944466,5.264540849384818,9923.643848467182,0.012140432155501975,2.230308562507004,33.84419122364854,586.3900074263315,587.4214770140549,1.467441276204678,2.215729199285241,5.264540849384818,10.072052184194177,9923.631708035025,345063.9916573738,7.856322984908937,3.9281614924544686,13.766638468752555,0.19098447305268668,0.22676330160639085,fourier
