nameseq,average,median,maximum,minimum,peak,none_levated_peak,sample_standard_deviation,population_standard_deviation,percentile15,percentile25,percentile50,percentile75,amplitude,variance,interquartile_range,semi_interquartile_range,coefficient_of_variation,skewness,kurtosis,label
LG24_2690384_2691005,70.61806246797045,5.376457481319747,38034.86572717403,0.00031885056624308527,2.9359816184049445,72.60820298447817,1523.6223964026888,1524.8486520510069,1.1205676872563286,2.0154965047156304,5.376457481319747,11.37746084757396,38034.865408323465,2325163.4116617725,9.36196434285833,4.680982171429165,21.57553383872212,0.12846018503145093,0.24770681691402457,fourier
