nameseq,average,median,maximum,minimum,peak,none_levated_peak,sample_standard_deviation,population_standard_deviation,percentile15,percentile25,percentile50,percentile75,amplitude,variance,interquartile_range,semi_interquartile_range,coefficient_of_variation,skewness,kurtosis,label
LG24_16683442_16683840,58.10915400069707,4.39538414547196,20323.302482760195,0.027203424570956952,2.2887960130757463,49.49157002286482,1015.8383267674373,1017.1137049555396,1.3393038794876553,2.0874300896038704,4.39538414547196,8.820643796873643,20323.275279335623,1034520.2888083844,6.733213707269773,3.3666068536348863,17.48155422732968,0.15862889331853935,0.20914815767345557,fourier
