nameseq,average,median,maximum,minimum,peak,none_levated_peak,sample_standard_deviation,population_standard_deviation,percentile15,percentile25,percentile50,percentile75,amplitude,variance,interquartile_range,semi_interquartile_range,coefficient_of_variation,skewness,kurtosis,label
LG24_4626980_4627325,76.51493368599245,9.760152086342135,18810.219749896147,0.15521290677166028,1.5073310238579916,27.836986778944294,1009.5306625465645,1010.9926917884198,2.7479925868785404,4.704542690949546,9.760152086342135,20.26336124955536,18810.064536989375,1022106.2228495948,15.558818558605815,7.779409279302907,13.193903646176443,0.19837371189279135,0.1837856684852635,fourier
