nameseq,average,median,maximum,minimum,peak,none_levated_peak,sample_standard_deviation,population_standard_deviation,percentile15,percentile25,percentile50,percentile75,amplitude,variance,interquartile_range,semi_interquartile_range,coefficient_of_variation,skewness,kurtosis,label
LG24_16323607_16323676,16.34342611581372,2.173922674674787,990.7384431342717,0.08632891907719567,1.4276892230544154,12.945111304950508,117.31451924741374,118.16156648736597,0.628593951106434,0.8960657577975252,2.173922674674787,3.2041709190341754,990.6521142151945,13962.155794748209,2.30810516123665,1.154052580618325,7.178086064457531,0.3623465415543944,0.25830461611938216,fourier
