nameseq,average,median,maximum,minimum,peak,none_levated_peak,sample_standard_deviation,population_standard_deviation,percentile15,percentile25,percentile50,percentile75,amplitude,variance,interquartile_range,semi_interquartile_range,coefficient_of_variation,skewness,kurtosis,label
LG24_5128181_5129219,107.82733775984765,7.150409622640503,98645.28450191005,0.0030407987238243238,3.2119251066430357,103.68088744841485,3058.532235277262,3060.0051620350596,1.9210511670790773,3.0557202273978223,7.150409622640503,15.240261646436398,98645.28146111133,9363631.591681212,12.184541419038576,6.092270709519288,28.36509088343816,0.09875023742695384,0.23124546895441822,fourier
