nameseq,average,median,maximum,minimum,peak,none_levated_peak,sample_standard_deviation,population_standard_deviation,percentile15,percentile25,percentile50,percentile75,amplitude,variance,interquartile_range,semi_interquartile_range,coefficient_of_variation,skewness,kurtosis,label
LG24_4861008_4861259,31.896152508214307,2.579194415951162,6961.604833532499,0.03130505187321392,2.6335464748723925,39.50023996526624,437.42903531515145,438.2995417190775,0.7880163751979744,1.1181954286904052,2.579194415951162,5.829452896236359,6961.573528480625,192106.4882711534,4.711257467545954,2.355628733772977,13.714163023345813,0.20106318322793565,0.23415070877133173,fourier
