nameseq,average,median,maximum,minimum,peak,none_levated_peak,sample_standard_deviation,population_standard_deviation,percentile15,percentile25,percentile50,percentile75,amplitude,variance,interquartile_range,semi_interquartile_range,coefficient_of_variation,skewness,kurtosis,label
LG24_15516772_15516936,32.11339722480704,3.3614196916447563,4485.602149653515,0.06519388496609317,1.712680835819932,23.344497212776886,347.79653634232795,348.85528015012324,0.8122836773817592,1.4838663790632305,3.3614196916447563,6.547456998090105,4485.536955768549,121700.00648862099,5.063590619026875,2.5317953095134373,10.830262955601011,0.24800687639564978,0.2112523440198335,fourier
