nameseq,average,median,maximum,minimum,peak,none_levated_peak,sample_standard_deviation,population_standard_deviation,percentile15,percentile25,percentile50,percentile75,amplitude,variance,interquartile_range,semi_interquartile_range,coefficient_of_variation,skewness,kurtosis,label
LG24_7594284_7594675,42.55581519714293,3.3356596034067714,14115.188108842392,0.058562650996800795,3.070477349836768,54.5939979257576,711.8009826947458,712.7106328840523,0.7087146957414102,1.3038616512426446,3.3356596034067714,7.478341916686788,14115.129546191396,507956.4462259863,6.174480265444144,3.087240132722072,16.726291798130895,0.16529966892679449,0.25802184489464297,fourier
