nameseq,average,median,maximum,minimum,peak,none_levated_peak,sample_standard_deviation,population_standard_deviation,percentile15,percentile25,percentile50,percentile75,amplitude,variance,interquartile_range,semi_interquartile_range,coefficient_of_variation,skewness,kurtosis,label
LG24_8147865_8157188,758.4364536587667,31.73940958187447,6621066.29220899,0.020085854880968982,4.097904293770064,487.37586825517064,68564.68361438703,68568.36069500075,7.391867508957831,13.06453596137452,31.73940958187447,65.58090285920834,6621066.272123136,4701620088.399723,52.51636689783382,26.25818344891691,90.40267419059927,0.03179612327086163,0.24075009657275348,fourier
