nameseq,average,median,maximum,minimum,peak,none_levated_peak,sample_standard_deviation,population_standard_deviation,percentile15,percentile25,percentile50,percentile75,amplitude,variance,interquartile_range,semi_interquartile_range,coefficient_of_variation,skewness,kurtosis,label
LG24_6500504_6500622,20.188406427850474,2.469800632869126,1875.803629059205,0.022884081404813465,1.9648240592157578,18.4031785261195,170.94854575771092,171.6713758136943,0.7533929536029093,1.2339376740973957,2.469800632869126,5.379635671536352,1875.7807449778002,29471.061273766663,4.1456979974389565,2.0728489987194783,8.467659216622595,0.3109462976086555,0.2533214201076887,fourier
