nameseq,average,median,maximum,minimum,peak,none_levated_peak,sample_standard_deviation,population_standard_deviation,percentile15,percentile25,percentile50,percentile75,amplitude,variance,interquartile_range,semi_interquartile_range,coefficient_of_variation,skewness,kurtosis,label
LG24_16570705_16571076,56.083290126102966,6.242822650369261,16644.513626444612,0.05376605029050582,2.210997245724826,39.02227116620966,861.4188474465158,862.579008036159,1.742482643378273,2.639734720072191,6.242822650369261,12.549127713811114,16644.45986039432,744042.5451046441,9.909392993738923,4.954696496869461,15.359634670320167,0.17357572668676102,0.1828412936846022,fourier
