nameseq,average,median,maximum,minimum,peak,none_levated_peak,sample_standard_deviation,population_standard_deviation,percentile15,percentile25,percentile50,percentile75,amplitude,variance,interquartile_range,semi_interquartile_range,coefficient_of_variation,skewness,kurtosis,label
LG24_2397310_2397473,29.066764157807583,1.787025129311754,4321.572690021471,0.04226940307733826,1.880727636893931,30.033067776781813,336.2299986998661,337.25980202609304,0.36973574567475304,0.5813037827297118,1.787025129311754,3.7553099355707977,4321.530420618394,113744.17406267946,3.174006152841086,1.587003076420543,11.56750702879845,0.24340248461452968,0.23631767430103126,fourier
