nameseq,average,median,maximum,minimum,peak,none_levated_peak,sample_standard_deviation,population_standard_deviation,percentile15,percentile25,percentile50,percentile75,amplitude,variance,interquartile_range,semi_interquartile_range,coefficient_of_variation,skewness,kurtosis,label
LG24_10952855_10953040,37.70436062488178,5.522685641195553,5701.462825221034,0.08573914696458654,1.6443721355424628,22.279452710331142,416.4538675604448,417.5779016360107,0.8715220749346284,1.946142127985794,5.522685641195553,10.738834570859943,5701.37708607407,174371.30393473382,8.792692442874149,4.396346221437074,11.045244121859461,0.23182645779378186,0.2987640900977339,fourier
