nameseq,average,median,maximum,minimum,peak,none_levated_peak,sample_standard_deviation,population_standard_deviation,percentile15,percentile25,percentile50,percentile75,amplitude,variance,interquartile_range,semi_interquartile_range,coefficient_of_variation,skewness,kurtosis,label
LG24_12118114_12118645,45.737072572317174,2.6247952845958435,22328.559529095917,0.011987428662030484,3.8772340108331753,88.31807951472082,966.9993975773274,967.9095148588538,0.7919999062419666,1.214709884738899,2.6247952845958435,5.246851883290369,22328.547541667256,936848.8289543015,4.03214199855147,2.016070999275735,21.142573041778224,0.13375068504406323,0.285146150368582,fourier
