nameseq,average,median,maximum,minimum,peak,none_levated_peak,sample_standard_deviation,population_standard_deviation,percentile15,percentile25,percentile50,percentile75,amplitude,variance,interquartile_range,semi_interquartile_range,coefficient_of_variation,skewness,kurtosis,label
LG24_12691176_12691852,57.433612146495854,3.2224714838860318,35407.39968817326,0.02276273547830781,3.929174193172091,102.14480529700954,1359.6286923334653,1360.6339632229897,0.5160378297199382,0.8934165884541104,3.2224714838860318,6.516716334108984,35407.376925437784,1851324.7818759002,5.623299745654873,2.8116498728274366,23.673048612465152,0.11961605613714253,0.24022820180635682,fourier
