nameseq,average,median,maximum,minimum,peak,none_levated_peak,sample_standard_deviation,population_standard_deviation,percentile15,percentile25,percentile50,percentile75,amplitude,variance,interquartile_range,semi_interquartile_range,coefficient_of_variation,skewness,kurtosis,label
LG24_16651010_16651073,14.809271176692695,1.413299276888876,815.2620066141135,0.09923436085604735,1.440539043333099,12.443491777902546,100.86945458733302,101.6668539888787,0.3792781521028912,0.6524714519838696,1.413299276888876,2.488586122477437,815.1627722532575,10336.14919999598,1.8361146704935671,0.9180573352467836,6.811236919348509,0.39841511846994926,0.1515005160106799,fourier
