nameseq,average,median,maximum,minimum,peak,none_levated_peak,sample_standard_deviation,population_standard_deviation,percentile15,percentile25,percentile50,percentile75,amplitude,variance,interquartile_range,semi_interquartile_range,coefficient_of_variation,skewness,kurtosis,label
LG24_3437505_3437719,20.80303318318017,1.6023067629111776,3986.7519431965225,0.018095914565632462,3.4450104480250103,44.31574356378329,271.1199550916787,271.7526746338254,0.3828527643203182,0.7525933804708616,1.6023067629111776,2.78499028493318,3986.733847281957,73849.51617063777,2.0323969044623182,1.0161984522311591,13.032712715705648,0.21246012393786692,0.2089495709241541,fourier
