nameseq,average,median,maximum,minimum,peak,none_levated_peak,sample_standard_deviation,population_standard_deviation,percentile15,percentile25,percentile50,percentile75,amplitude,variance,interquartile_range,semi_interquartile_range,coefficient_of_variation,skewness,kurtosis,label
LG24_15971530_15972069,52.572868101644076,4.016765029857388,25033.216205637702,0.0005266432244649668,3.4238192911976775,72.26252418445682,1076.0135827877282,1077.0112775619052,1.182745532294551,1.7052388868450414,4.016765029857388,8.129928765508506,25033.21567899448,1159953.2919955275,6.4246898786634645,3.2123449393317323,20.467089235218626,0.13537776060220696,0.24768283618446063,fourier
