nameseq,average,median,maximum,minimum,peak,none_levated_peak,sample_standard_deviation,population_standard_deviation,percentile15,percentile25,percentile50,percentile75,amplitude,variance,interquartile_range,semi_interquartile_range,coefficient_of_variation,skewness,kurtosis,label
LG24_17217411_17217553,20.265257908093457,2.287265086126059,2480.1436343232763,0.0073502757274962515,2.3521371838860112,25.580405452055096,206.45202433598206,207.17769273981045,0.6470681244118777,0.9943410571964195,2.287265086126059,3.439669525035125,2480.136284047549,42922.596368991304,2.4453284678387055,1.2226642339193527,10.187485660053213,0.2612421875705588,0.18221243286320646,fourier
