nameseq,average,median,maximum,minimum,peak,none_levated_peak,sample_standard_deviation,population_standard_deviation,percentile15,percentile25,percentile50,percentile75,amplitude,variance,interquartile_range,semi_interquartile_range,coefficient_of_variation,skewness,kurtosis,label
LG24_15583555_15584941,128.5505580346828,9.948581885371238,156159.0038205885,0.01600485102008483,3.596509734392567,125.74834933668018,4191.29265688316,4192.804394590346,2.2872696881657606,3.938382886906682,9.948581885371238,19.324236931910054,156158.98781573746,17579608.691296123,15.385854045003372,7.692927022501686,32.60423541492798,0.08489169274868259,0.23563071797218457,fourier
