nameseq,average,median,maximum,minimum,peak,none_levated_peak,sample_standard_deviation,population_standard_deviation,percentile15,percentile25,percentile50,percentile75,amplitude,variance,interquartile_range,semi_interquartile_range,coefficient_of_variation,skewness,kurtosis,label
LG24_2957579_2957767,37.59203962548854,3.267963690707292,6043.6791662055175,0.05534784711398051,1.6758867203705567,25.636475628662534,438.09672038005107,439.2603259365003,0.8624261155214102,1.8520038801151928,3.267963690707292,6.7353394397578015,6043.623818358404,192949.63394184047,4.8833355596426085,2.4416677798213042,11.65397580829874,0.23504450732937426,0.17153969217675522,fourier
