nameseq,average,median,maximum,minimum,peak,none_levated_peak,sample_standard_deviation,population_standard_deviation,percentile15,percentile25,percentile50,percentile75,amplitude,variance,interquartile_range,semi_interquartile_range,coefficient_of_variation,skewness,kurtosis,label
LG24_15964037_15964204,28.802177454896235,3.51507018955307,3702.71583720974,0.0416743218030893,1.9442974437503948,21.498179968566085,284.4055249062191,285.2557675352686,1.066166567036695,2.0991763700594417,3.51507018955307,7.989142099452759,3702.674162887937,81370.8529121352,5.889965729393317,2.9449828646966587,9.87444526899377,0.26673645605529034,0.16509588493807842,fourier
