nameseq,average,median,maximum,minimum,peak,none_levated_peak,sample_standard_deviation,population_standard_deviation,percentile15,percentile25,percentile50,percentile75,amplitude,variance,interquartile_range,semi_interquartile_range,coefficient_of_variation,skewness,kurtosis,label
LG24_7067081_7067757,74.16192456430151,8.121745072850189,41909.78167553427,0.05266301686753459,3.0428911869864455,67.3261568772957,1609.1505571801927,1610.340317458949,1.8275468616874737,3.293279519153068,8.121745072850189,14.890443856527341,41909.729012517404,2593195.9380337885,11.597164337374274,5.798582168687137,21.697799330773723,0.12312119434090245,0.22430180683091253,fourier
