nameseq,average,median,maximum,minimum,peak,none_levated_peak,sample_standard_deviation,population_standard_deviation,percentile15,percentile25,percentile50,percentile75,amplitude,variance,interquartile_range,semi_interquartile_range,coefficient_of_variation,skewness,kurtosis,label
LG24_206308_206971,62.566460433987366,4.2526325105203195,37563.76420782772,0.007620899278244439,3.5375715966361523,89.98066791420219,1456.4387211723972,1457.5366773940495,0.9286238956919247,1.8236472993138066,4.2526325105203195,8.417955707809913,37563.756586928444,2124413.1659488855,6.594308408496106,3.297154204248053,23.27826619997238,0.1201159247054195,0.24509308163158366,fourier
