nameseq,average,median,maximum,minimum,peak,none_levated_peak,sample_standard_deviation,population_standard_deviation,percentile15,percentile25,percentile50,percentile75,amplitude,variance,interquartile_range,semi_interquartile_range,coefficient_of_variation,skewness,kurtosis,label
LG24_6145133_6145458,55.733894428538974,6.467630901008686,14515.463251781499,0.03050610245263418,1.9497411365358144,34.249665206562156,802.3043613522547,803.537727739642,1.5506088559510522,2.5635105004570895,6.467630901008686,13.989057208944626,14515.432745679047,645672.8799009871,11.425546708487536,5.712773354243768,14.395268257827475,0.18421785758895964,0.2757957624742859,fourier
