nameseq,average,median,maximum,minimum,peak,none_levated_peak,sample_standard_deviation,population_standard_deviation,percentile15,percentile25,percentile50,percentile75,amplitude,variance,interquartile_range,semi_interquartile_range,coefficient_of_variation,skewness,kurtosis,label
LG24_11356725_11357779,86.68001168903314,4.513205834793319,83928.69451672069,0.012936068811450287,4.057067596255989,135.24115969402064,2582.5206252213006,2583.7454394353917,1.0645393353436872,1.949239419571212,4.513205834793319,9.499184854523447,83928.68158065187,6675740.495803186,7.549945434952235,3.7749727174761176,29.793727237672307,0.0954495445865399,0.23629409230085988,fourier
