nameseq,average,median,maximum,minimum,peak,none_levated_peak,sample_standard_deviation,population_standard_deviation,percentile15,percentile25,percentile50,percentile75,amplitude,variance,interquartile_range,semi_interquartile_range,coefficient_of_variation,skewness,kurtosis,label
LG24_6255625_6255792,47.426901361506054,6.936320165964339,5802.82399112001,0.0228346446345541,1.1807644689486774,16.687069839984073,446.042218277274,447.37568079865156,1.3064132364042413,2.4585249909045954,6.936320165964339,12.9541018147039,5802.801156475375,200144.99977005695,10.495576823799304,5.247788411899652,9.404835767729562,0.27233239054316255,0.22334207938927214,fourier
