nameseq,average,median,maximum,minimum,peak,none_levated_peak,sample_standard_deviation,population_standard_deviation,percentile15,percentile25,percentile50,percentile75,amplitude,variance,interquartile_range,semi_interquartile_range,coefficient_of_variation,skewness,kurtosis,label
LG24_13744550_13744710,43.41829488449291,3.9336975708793402,5657.371940286607,0.0027091363837702448,1.2360380989036495,19.575280240838886,444.01871321563885,445.4041103831521,0.3234471731460037,1.0815852341371166,3.9336975708793402,9.895288461422512,5657.369231150224,198384.82154620715,8.813703227285394,4.406851613642697,10.226535021628006,0.2667765758856954,0.2135378080075763,fourier
