nameseq,average,median,maximum,minimum,peak,none_levated_peak,sample_standard_deviation,population_standard_deviation,percentile15,percentile25,percentile50,percentile75,amplitude,variance,interquartile_range,semi_interquartile_range,coefficient_of_variation,skewness,kurtosis,label
LG24_5391382_5391830,43.69688443537356,2.978846126299998,17666.766009479725,0.010159943628708671,3.4251107052728065,70.06194424877151,832.6227519297216,833.5515004080017,0.5740594651899006,1.0381652587067134,2.978846126299998,6.03052847773844,17666.755849536097,694808.1038324309,4.992363219031727,2.4961816095158635,19.054510697693946,0.1467100372216723,0.23866299505176888,fourier
