nameseq,average,median,maximum,minimum,peak,none_levated_peak,sample_standard_deviation,population_standard_deviation,percentile15,percentile25,percentile50,percentile75,amplitude,variance,interquartile_range,semi_interquartile_range,coefficient_of_variation,skewness,kurtosis,label
LG24_3913433_3913598,32.79502573336376,4.081086961227054,4549.640586123342,0.10929914401324174,1.6872477485828106,22.11176177461643,351.66539966468844,352.72944263995123,1.1792741117748373,1.7702571913592136,4.081086961227054,7.745469129209256,4549.531286979328,124418.05970509067,5.975211937850042,2.987605968925021,10.723132298290118,0.24495391471138758,0.2484074923129694,fourier
