nameseq,average,median,maximum,minimum,peak,none_levated_peak,sample_standard_deviation,population_standard_deviation,percentile15,percentile25,percentile50,percentile75,amplitude,variance,interquartile_range,semi_interquartile_range,coefficient_of_variation,skewness,kurtosis,label
LG24_17038943_17039250,29.1008635864233,1.5435093906637047,8286.284334019218,0.02010526718005714,3.527959449099123,63.48731385277394,471.26784146070776,472.03475464738665,0.46374047524854517,0.7097758520608073,1.5435093906637047,2.9425556432068003,8286.264228752038,222816.80959501854,2.232779791145993,1.1163898955729965,16.19429059419985,0.17542479098729596,0.26400548319436934,fourier
