nameseq,average,median,maximum,minimum,peak,none_levated_peak,sample_standard_deviation,population_standard_deviation,percentile15,percentile25,percentile50,percentile75,amplitude,variance,interquartile_range,semi_interquartile_range,coefficient_of_variation,skewness,kurtosis,label
LG24_13983707_13984240,51.59764969367265,4.891003866973104,24141.06825673858,0.0032688408392770366,3.449769535177644,69.47727729729459,1043.4464372637794,1044.4248213861433,1.2112607795134298,2.007179073339737,4.891003866973104,9.6164952448524,24141.064987897742,1090823.2075274773,7.609316171512663,3.8046580857563317,20.22275129697886,0.13428570214637364,0.29929952489812134,fourier
