nameseq,average,median,maximum,minimum,peak,none_levated_peak,sample_standard_deviation,population_standard_deviation,percentile15,percentile25,percentile50,percentile75,amplitude,variance,interquartile_range,semi_interquartile_range,coefficient_of_variation,skewness,kurtosis,label
LG24_3477424_3477963,71.13138873730745,6.988853345801809,32719.469639079198,0.030750970020415498,2.530528409402366,56.49798672664199,1406.3130375122116,1407.616990539224,1.8084314526322187,2.8785079387308805,6.988853345801809,13.751247828600329,32719.438888109176,1981385.5920547014,10.872739889869449,5.436369944934724,19.77063941076437,0.13683127514406332,0.24976287509174322,fourier
