nameseq,average,median,maximum,minimum,peak,none_levated_peak,sample_standard_deviation,population_standard_deviation,percentile15,percentile25,percentile50,percentile75,amplitude,variance,interquartile_range,semi_interquartile_range,coefficient_of_variation,skewness,kurtosis,label
LG24_9615116_9621467,448.786982052671,11.021846876871855,2750249.5533484425,0.009903583689560456,4.717902742296649,560.6747686288146,34504.85609433253,34507.572477418355,2.5067919827201406,4.4166656444572086,11.021846876871855,22.053615014665674,2750249.543444859,1190772558.2842808,17.636949370208466,8.818474685104233,76.88470805573174,0.038061176141033326,0.25384732577037367,fourier
