nameseq,average,median,maximum,minimum,peak,none_levated_peak,sample_standard_deviation,population_standard_deviation,percentile15,percentile25,percentile50,percentile75,amplitude,variance,interquartile_range,semi_interquartile_range,coefficient_of_variation,skewness,kurtosis,label
LG24_1572638_1572812,32.07704099057575,2.4414121307204,5025.382321751432,0.06578959150286365,1.8185384789847572,28.478430748677937,378.55346189833716,379.6397007505838,0.700513548381017,1.0661504984624444,2.4414121307204,4.985055547717693,5025.316532159929,144126.30238599284,3.9189050492552493,1.9594525246276246,11.801383488257422,0.234859525874426,0.2991198311753297,fourier
