nameseq,average,median,maximum,minimum,peak,none_levated_peak,sample_standard_deviation,population_standard_deviation,percentile15,percentile25,percentile50,percentile75,amplitude,variance,interquartile_range,semi_interquartile_range,coefficient_of_variation,skewness,kurtosis,label
LG24_14773289_14773442,23.988380687132835,3.76511293847299,2722.4342802860397,0.006679837155097866,2.1399249079312845,21.03011434916985,218.44654804585727,219.15926298365224,0.9395360811687012,1.4944576021744813,3.76511293847299,8.242402866259061,2722.4276004488847,48030.78255153764,6.74794526408458,3.37397263204229,9.106348231459831,0.2777329456048143,0.2841557061652207,fourier
