nameseq,average,median,maximum,minimum,peak,none_levated_peak,sample_standard_deviation,population_standard_deviation,percentile15,percentile25,percentile50,percentile75,amplitude,variance,interquartile_range,semi_interquartile_range,coefficient_of_variation,skewness,kurtosis,label
LG24_16595017_16595393,35.00986356265207,2.3587533002928036,12016.438654358764,0.009271440924277004,3.5894646216423918,67.32170282882586,617.9029862742461,618.72412017311,0.669666190497838,1.0256094283236445,2.3587533002928036,3.994601356361618,12016.42938291784,382819.5368839891,2.9689919280379735,1.4844959640189868,17.64939715256173,0.1585254205966935,0.20680879043430073,fourier
