nameseq,average,median,maximum,minimum,peak,none_levated_peak,sample_standard_deviation,population_standard_deviation,percentile15,percentile25,percentile50,percentile75,amplitude,variance,interquartile_range,semi_interquartile_range,coefficient_of_variation,skewness,kurtosis,label
LG24_3931918_3932499,63.482026046993404,5.113957197575743,32436.79056364796,0.005885355182324443,3.055983119637501,70.57681474675533,1343.1045569524165,1344.259915924726,1.3353378825351823,2.260810817819902,5.113957197575743,10.174629220670178,32436.784678292777,1807034.7215619516,7.913818402850277,3.9569092014251384,21.157241515230872,0.13037272909383524,0.22886471077201126,fourier
