nameseq,average,median,maximum,minimum,peak,none_levated_peak,sample_standard_deviation,population_standard_deviation,percentile15,percentile25,percentile50,percentile75,amplitude,variance,interquartile_range,semi_interquartile_range,coefficient_of_variation,skewness,kurtosis,label
LG24_1416629_1416754,16.566255114051536,1.4427793011261993,1828.1161774774985,0.04920303632456864,2.5352742494213736,26.48142944139625,162.05451529484785,162.701442079865,0.3753929248527025,0.48538244534980274,1.4427793011261993,2.3782252894646563,1828.066974441174,26471.759254867666,1.8928428441148535,0.9464214220574267,9.782205705464044,0.2799701529835649,0.21546639902407355,fourier
