nameseq,average,median,maximum,minimum,peak,none_levated_peak,sample_standard_deviation,population_standard_deviation,percentile15,percentile25,percentile50,percentile75,amplitude,variance,interquartile_range,semi_interquartile_range,coefficient_of_variation,skewness,kurtosis,label
LG24_4257555_4257765,38.527756747145546,3.4795632996911534,7009.57718812718,0.07402271902873662,1.8255237073605175,29.344942260529407,481.0945330828441,482.23863584736193,0.7399641584478411,1.6807027371657943,3.4795632996911534,6.638520363037454,7009.503165408151,232554.10190392451,4.95781762587166,2.47890881293583,12.486959369065461,0.21855284795817326,0.1921403704729068,fourier
