nameseq,average,median,maximum,minimum,peak,none_levated_peak,sample_standard_deviation,population_standard_deviation,percentile15,percentile25,percentile50,percentile75,amplitude,variance,interquartile_range,semi_interquartile_range,coefficient_of_variation,skewness,kurtosis,label
LG24_7882317_7882813,56.25331538382732,5.268215739141753,24333.970813986958,0.012476688068929662,2.9450116057389817,61.21164835856043,1090.1294350622807,1091.2278025298776,1.3243149621651453,2.1506518164566475,5.268215739141753,10.129820710977794,24333.95833729889,1190778.1170141855,7.9791688945211465,3.9895844472605733,19.378936647984485,0.14030930090913302,0.2840676143834037,fourier
