nameseq,average,median,maximum,minimum,peak,none_levated_peak,sample_standard_deviation,population_standard_deviation,percentile15,percentile25,percentile50,percentile75,amplitude,variance,interquartile_range,semi_interquartile_range,coefficient_of_variation,skewness,kurtosis,label
LG24_4697890_4698162,49.535456579815644,3.8188915851106904,11927.003931144318,0.12398944664592641,1.8370679566337142,35.76842292124396,720.2025375826612,721.5252247163992,1.1970331748329868,1.891670284758151,3.8188915851106904,7.3484526516989686,11926.879941697673,520598.6499020504,5.456782366940818,2.728391183470409,14.539131912960386,0.19043211850440545,0.1965194436545616,fourier
