nameseq,average,median,maximum,minimum,peak,none_levated_peak,sample_standard_deviation,population_standard_deviation,percentile15,percentile25,percentile50,percentile75,amplitude,variance,interquartile_range,semi_interquartile_range,coefficient_of_variation,skewness,kurtosis,label
LG24_13784778_13785159,60.15722270044963,5.477694396836242,19960.626649021535,0.0032195952920764073,2.1166757309822017,44.841800033666004,1019.5699395908479,1020.9070810698129,1.4861317164931762,2.1183465488710755,5.477694396836242,10.099881384628045,19960.623429426243,1042251.2681784855,7.981534835756969,3.9907674178784847,16.94842105108066,0.1608899777652023,0.21133016484912082,fourier
