nameseq,average,median,maximum,minimum,peak,none_levated_peak,sample_standard_deviation,population_standard_deviation,percentile15,percentile25,percentile50,percentile75,amplitude,variance,interquartile_range,semi_interquartile_range,coefficient_of_variation,skewness,kurtosis,label
LG24_15617233_15617456,27.80170302454812,2.937794899949107,5045.93776794536,0.039329888321841644,2.6856867941053144,32.4934215823817,336.11389013626706,336.86666574915006,0.6667668623596715,1.52410328900791,2.937794899949107,6.625130662105639,5045.898438057038,113479.15049294959,5.101027373097729,2.5505136865488645,12.089687090013442,0.22192395661945452,0.225770795069853,fourier
