nameseq,average,median,maximum,minimum,peak,none_levated_peak,sample_standard_deviation,population_standard_deviation,percentile15,percentile25,percentile50,percentile75,amplitude,variance,interquartile_range,semi_interquartile_range,coefficient_of_variation,skewness,kurtosis,label
LG24_12404650_12404784,31.619517799592735,3.457803858379364,3563.335558367229,0.1308242603530102,1.4231716082836534,18.313345655383742,305.1420662041809,306.2785396582216,0.8716948277575394,1.4323811626876861,3.457803858379364,6.8675869048973235,3563.204734106876,93806.54385517281,5.435205742209638,2.717602871104819,9.650433891440025,0.2768715007884499,0.21964628538590686,fourier
