nameseq,average,median,maximum,minimum,peak,none_levated_peak,sample_standard_deviation,population_standard_deviation,percentile15,percentile25,percentile50,percentile75,amplitude,variance,interquartile_range,semi_interquartile_range,coefficient_of_variation,skewness,kurtosis,label
LG24_15588032_15588378,38.8742285144353,3.7454878249712102,11424.664575951017,0.03503191665558724,2.9754073865084103,48.10395820818721,612.1576719249988,613.0416545832257,1.0314942843819268,1.4807788858590887,3.7454878249712102,7.28199354396101,11424.629544034362,375820.070254139,5.801214658101921,2.9006073290509606,15.747133649165132,0.17215535621238467,0.2445366972901261,fourier
