nameseq,average,median,maximum,minimum,peak,none_levated_peak,sample_standard_deviation,population_standard_deviation,percentile15,percentile25,percentile50,percentile75,amplitude,variance,interquartile_range,semi_interquartile_range,coefficient_of_variation,skewness,kurtosis,label
LG24_4982731_4983015,36.21815014177908,3.666475782945392,8899.137867660249,0.13546093364990616,2.6229942619408857,40.53868922537828,525.9392880341445,526.8644238204397,1.0662091289419127,1.5748959001860543,3.666475782945392,6.1828604849389786,8899.002406726599,277586.1210876439,4.607964584752924,2.303982292376462,14.521428785714061,0.18567736865887305,0.19849320616739607,fourier
