nameseq,average,median,maximum,minimum,peak,none_levated_peak,sample_standard_deviation,population_standard_deviation,percentile15,percentile25,percentile50,percentile75,amplitude,variance,interquartile_range,semi_interquartile_range,coefficient_of_variation,skewness,kurtosis,label
LG24_12794026_12794158,24.478620411365647,4.095674763533388,2507.0195842777653,0.06988122960316137,1.8111042447779846,18.112056869441126,216.19365590705735,217.01102614151404,1.1555432107572898,1.4546182740654576,4.095674763533388,6.543496446971492,2506.949703048162,47093.78546699289,5.088878172906035,2.5444390864530173,8.831937922722013,0.2828428830945203,0.21160472948654088,fourier
