nameseq,average,median,maximum,minimum,peak,none_levated_peak,sample_standard_deviation,population_standard_deviation,percentile15,percentile25,percentile50,percentile75,amplitude,variance,interquartile_range,semi_interquartile_range,coefficient_of_variation,skewness,kurtosis,label
LG24_3438536_3439063,46.61915566130256,3.9857120298147306,21603.909436682363,0.029365540281105846,3.7752721494716686,74.73540826441786,939.0767612398814,939.9673036507575,0.8434315144246979,1.460392248690111,3.9857120298147306,7.564251195075912,21603.88007114208,883538.5319324752,6.1038589463858015,3.0519294731929008,20.14358149389193,0.1361979511936747,0.2432892443262653,fourier
