nameseq,average,median,maximum,minimum,peak,none_levated_peak,sample_standard_deviation,population_standard_deviation,percentile15,percentile25,percentile50,percentile75,amplitude,variance,interquartile_range,semi_interquartile_range,coefficient_of_variation,skewness,kurtosis,label
LG24_5441845_5443053,125.83650857567557,10.757609070041788,126522.5948052643,0.037927193858864096,3.202568193932716,96.7325873479512,3636.8037176021808,3638.30870575582,2.7243763610618466,5.175159382091431,10.757609070041788,25.328277079254438,126522.55687807045,13237290.238378592,20.153117697163005,10.076558848581502,28.901022118037226,0.09492860361034909,0.223505145034557,fourier
