nameseq,average,median,maximum,minimum,peak,none_levated_peak,sample_standard_deviation,population_standard_deviation,percentile15,percentile25,percentile50,percentile75,amplitude,variance,interquartile_range,semi_interquartile_range,coefficient_of_variation,skewness,kurtosis,label
LG24_430611_434035,338.5251502243195,25.264337633989253,1027962.5637896168,0.0008475204301262878,3.3724722252103145,201.43902205608907,17561.868156047945,17564.43249396861,5.782042941045639,10.642925767092168,25.264337633989253,49.449329471452714,1027962.5629420964,308509288.8351803,38.80640370436055,19.403201852180274,51.877587660505554,0.05351266900653441,0.24714853975862267,fourier
