nameseq,average,median,maximum,minimum,peak,none_levated_peak,sample_standard_deviation,population_standard_deviation,percentile15,percentile25,percentile50,percentile75,amplitude,variance,interquartile_range,semi_interquartile_range,coefficient_of_variation,skewness,kurtosis,label
LG24_8824410_8828959,301.11247060078193,3.8936847380563178,1344199.6650803897,0.002787508632730426,5.0368776279527765,643.1358694162814,19925.468294253507,19927.65826714513,0.8934642040962311,1.5804122121447715,3.8936847380563178,7.779016068206109,1344199.6622928812,397111564.0121176,6.198603856061338,3.099301928030669,66.172843172181,0.04474958100961321,0.24668724253959065,fourier
