nameseq,average,median,maximum,minimum,peak,none_levated_peak,sample_standard_deviation,population_standard_deviation,percentile15,percentile25,percentile50,percentile75,amplitude,variance,interquartile_range,semi_interquartile_range,coefficient_of_variation,skewness,kurtosis,label
LG24_10564053_10564357,50.13632417627276,3.6722504969233754,13074.673924732411,0.023240913978467424,2.0278045576141555,37.83955732802973,747.0656896743989,748.293407330379,1.3057852226930466,1.9229829955163027,3.6722504969233754,8.365427915656333,13074.650683818432,559943.0234541085,6.442444920140031,3.2212224600700154,14.900687315005655,0.18658629751662248,0.1933285431227612,fourier
