nameseq,average,median,maximum,minimum,peak,none_levated_peak,sample_standard_deviation,population_standard_deviation,percentile15,percentile25,percentile50,percentile75,amplitude,variance,interquartile_range,semi_interquartile_range,coefficient_of_variation,skewness,kurtosis,label
LG24_9163676_9163827,23.25752685892354,3.8084503758389174,2804.6511003255823,0.05576876663318459,2.1785062089362555,22.061089821817216,226.39507132020887,227.14348682046153,0.7280400922419327,1.5867616710439374,3.8084503758389174,6.658895101694942,2804.595331558949,51594.16360495718,5.072133430651004,2.536066715325502,9.734271089677135,0.25772305513987387,0.25876175553527336,fourier
