nameseq,average,median,maximum,minimum,peak,none_levated_peak,sample_standard_deviation,population_standard_deviation,percentile15,percentile25,percentile50,percentile75,amplitude,variance,interquartile_range,semi_interquartile_range,coefficient_of_variation,skewness,kurtosis,label
LG24_10454994_10455060,16.435920558595363,1.50726248920713,873.5573351427745,0.0029505375126413842,1.3588124409407567,11.530428688036913,105.61001829459332,106.40708634413282,0.4023725336813803,0.5281370759717916,1.50726248920713,3.656523470425585,873.5543846052618,11322.468024247737,3.1283863944537935,1.5641931972268968,6.425561496119746,0.4240693726918662,0.137330052176482,fourier
