nameseq,average,median,maximum,minimum,peak,none_levated_peak,sample_standard_deviation,population_standard_deviation,percentile15,percentile25,percentile50,percentile75,amplitude,variance,interquartile_range,semi_interquartile_range,coefficient_of_variation,skewness,kurtosis,label
LG24_10698148_10698511,28.13912061035346,1.0521742045048468,9658.164087489427,0.0096227290753709,4.311909210435316,87.65224311963979,505.44849522538385,506.1442264497099,0.27596531152129383,0.4356161547200078,1.0521742045048468,2.1865013735938854,9658.154464760351,256181.9779683752,1.7508852188738775,0.8754426094369387,17.962483697497284,0.16076977176737053,0.25791227546156975,fourier
