nameseq,average,median,maximum,minimum,peak,none_levated_peak,sample_standard_deviation,population_standard_deviation,percentile15,percentile25,percentile50,percentile75,amplitude,variance,interquartile_range,semi_interquartile_range,coefficient_of_variation,skewness,kurtosis,label
LG24_8068230_8068396,32.15066054595648,2.903291864503136,4743.255491266304,0.059978184672232586,1.731431507825358,26.148977385256828,365.67373329838085,366.7735064080222,0.7919557530617339,1.2441958844914092,2.903291864503136,4.846484824449681,4743.195513081631,134522.8050028355,3.602288939958272,1.801144469979136,11.373754911681617,0.23994642779760342,0.22784650442411966,fourier
