nameseq,average,median,maximum,minimum,peak,none_levated_peak,sample_standard_deviation,population_standard_deviation,percentile15,percentile25,percentile50,percentile75,amplitude,variance,interquartile_range,semi_interquartile_range,coefficient_of_variation,skewness,kurtosis,label
LG24_17564581_17565107,65.19780157387612,4.800946571854095,29388.84308519924,0.058022028962389866,2.694364877742349,61.07029990958545,1278.6888244830502,1279.9037310036417,1.2144052076140357,2.1625520352352305,4.800946571854095,10.16870385211161,29388.78506317028,1638153.5606370422,8.006151816876379,4.0030759084381895,19.61245308301014,0.14170028042539434,0.23179314117824915,fourier
