nameseq,average,median,maximum,minimum,peak,none_levated_peak,sample_standard_deviation,population_standard_deviation,percentile15,percentile25,percentile50,percentile75,amplitude,variance,interquartile_range,semi_interquartile_range,coefficient_of_variation,skewness,kurtosis,label
LG24_11909004_11909182,24.530254254167982,2.6275591623778456,3527.4143094006217,0.03034680783922306,2.4323704943469386,27.530435643844758,262.6663637274929,263.40315721891045,0.5735492417693798,0.952341197217735,2.6275591623778456,6.005361708094963,3527.3839625927826,69381.22323289004,5.053020510877228,2.526510255438614,10.70785329030427,0.250157973571143,0.2121844873159274,fourier
