nameseq,average,median,maximum,minimum,peak,none_levated_peak,sample_standard_deviation,population_standard_deviation,percentile15,percentile25,percentile50,percentile75,amplitude,variance,interquartile_range,semi_interquartile_range,coefficient_of_variation,skewness,kurtosis,label
LG24_13097624_13097851,34.66019939449105,4.332508587719628,6171.80347354854,0.005099888564445813,2.192716756617377,29.05510000450654,407.8571376099978,408.7545141351344,0.9720427307242313,1.993260385807058,4.332508587719628,9.365196181057872,6171.798373659975,167080.25282584978,7.371935795250813,3.6859678976254067,11.76730499925581,0.22307583717540416,0.32108719615415643,fourier
