nameseq,average,median,maximum,minimum,peak,none_levated_peak,sample_standard_deviation,population_standard_deviation,percentile15,percentile25,percentile50,percentile75,amplitude,variance,interquartile_range,semi_interquartile_range,coefficient_of_variation,skewness,kurtosis,label
LG24_11625023_11625428,29.70399814159733,1.1273816368799072,11434.121001636466,0.009608269892243629,4.556064563706433,97.79875891640228,566.6916322795256,567.390820247215,0.31864611703228374,0.5547000100208463,1.1273816368799072,2.2477845482644083,11434.111393366573,321932.34290080745,1.693084538243562,0.846542269121781,19.077958111165294,0.1512813047358802,0.25731112404812445,fourier
