nameseq,average,median,maximum,minimum,peak,none_levated_peak,sample_standard_deviation,population_standard_deviation,percentile15,percentile25,percentile50,percentile75,amplitude,variance,interquartile_range,semi_interquartile_range,coefficient_of_variation,skewness,kurtosis,label
LG24_3738032_3738193,25.51953740070055,2.70825473479233,3212.7398629998324,0.04028380534160448,2.1160258178707276,23.126904479564274,251.37403491714318,252.1534911596638,0.8915137032467358,1.4419625723476994,2.70825473479233,6.04362677617075,3212.699579194491,63581.38310400664,4.60166420382305,2.300832101911525,9.850258293092828,0.2722391277216898,0.15719360932850446,fourier
