nameseq,average,median,maximum,minimum,peak,none_levated_peak,sample_standard_deviation,population_standard_deviation,percentile15,percentile25,percentile50,percentile75,amplitude,variance,interquartile_range,semi_interquartile_range,coefficient_of_variation,skewness,kurtosis,label
LG24_522584_523035,95.59129033972079,14.076425675535697,32275.72843005899,0.0024361645964591614,1.5761547535472544,33.27868143776612,1516.0617071308518,1517.7415544130733,3.4387918483857582,6.29581286667646,14.076425675535697,26.579809148008103,32275.725993894393,2303539.425992212,20.283996281331643,10.141998140665821,15.859830971450826,0.16130253329553196,0.23972970175902797,fourier
