nameseq,average,median,maximum,minimum,peak,none_levated_peak,sample_standard_deviation,population_standard_deviation,percentile15,percentile25,percentile50,percentile75,amplitude,variance,interquartile_range,semi_interquartile_range,coefficient_of_variation,skewness,kurtosis,label
LG24_6548789_6549257,62.44569983239046,6.95846254786173,24445.50457203859,0.0817958597075379,2.503508388134735,50.02852420318536,1127.1748471799856,1128.378451203811,1.5805954287783994,2.5033367498736356,6.95846254786173,13.191945244685858,24445.422776178882,1273237.9291411114,10.688608494812222,5.344304247406111,18.050479860189224,0.14768047057654565,0.2216308948254682,fourier
