nameseq,average,median,maximum,minimum,peak,none_levated_peak,sample_standard_deviation,population_standard_deviation,percentile15,percentile25,percentile50,percentile75,amplitude,variance,interquartile_range,semi_interquartile_range,coefficient_of_variation,skewness,kurtosis,label
LG24_12794025_12794122,20.93724081822393,2.918471083690528,1630.160511075636,0.02623136331202678,1.5602183186541636,14.644533046620433,163.46061819599015,164.30103822511433,0.7935275454907199,1.5252675545707914,2.918471083690528,4.976708364126035,1630.1342797123239,26994.831161850478,3.451440809555243,1.7257204047776216,7.807170945548508,0.33069928280086647,0.16143777657404446,fourier
