nameseq,average,median,maximum,minimum,peak,none_levated_peak,sample_standard_deviation,population_standard_deviation,percentile15,percentile25,percentile50,percentile75,amplitude,variance,interquartile_range,semi_interquartile_range,coefficient_of_variation,skewness,kurtosis,label
LG24_14754816_14755080,25.066268077758664,1.3786740054831819,5986.016599166043,0.0070665751110503775,3.523992205752863,54.37601219385908,366.88457494990354,367.57877533405156,0.3280324827761819,0.5435092170993555,1.3786740054831819,3.4372733808767655,5986.009532590932,135114.15607608113,2.89376416377741,1.446882081888705,14.636585462653722,0.19369247733167783,0.22889280068487677,fourier
