nameseq,average,median,maximum,minimum,peak,none_levated_peak,sample_standard_deviation,population_standard_deviation,percentile15,percentile25,percentile50,percentile75,amplitude,variance,interquartile_range,semi_interquartile_range,coefficient_of_variation,skewness,kurtosis,label
LG24_9943056_9943317,39.027636233184126,4.737759033870306,8585.442491064154,0.06780192755632027,2.237730535652482,34.28731038042929,529.0572168618056,530.0697674854861,0.9378283976740898,1.7353651432602826,4.737759033870306,8.090996225900668,8585.374689136597,280973.9584021173,6.355631082640385,3.1778155413201925,13.555963617698241,0.19443952056477082,0.25661723505935374,fourier
