nameseq,average,median,maximum,minimum,peak,none_levated_peak,sample_standard_deviation,population_standard_deviation,percentile15,percentile25,percentile50,percentile75,amplitude,variance,interquartile_range,semi_interquartile_range,coefficient_of_variation,skewness,kurtosis,label
LG24_6155578_6156502,86.55188334383743,6.946353959773153,66489.67456567913,0.0028709936041506107,3.562410445864514,91.06414457730928,2184.714424622992,2185.896309710589,1.5273521343248646,2.982025095264972,6.946353959773153,15.383451708236615,66489.67169468553,4778142.676806371,12.401426612971644,6.200713306485822,25.2416740135389,0.10931249661767788,0.21475934568968094,fourier
