nameseq,average,median,maximum,minimum,peak,none_levated_peak,sample_standard_deviation,population_standard_deviation,percentile15,percentile25,percentile50,percentile75,amplitude,variance,interquartile_range,semi_interquartile_range,coefficient_of_variation,skewness,kurtosis,label
LG24_16134427_16134915,40.45955786299776,2.917261049811776,17954.740911812718,0.021345961401741786,4.0287143164525645,81.7008702268698,810.9505373412778,811.7810040589895,0.6745063827190299,1.1383112941600875,2.917261049811776,4.97895378501166,17954.719565851316,658988.3985510212,3.8406424908515726,1.9203212454257863,20.043484906268134,0.13888256466147506,0.25431960497023504,fourier
