nameseq,average,median,maximum,minimum,peak,none_levated_peak,sample_standard_deviation,population_standard_deviation,percentile15,percentile25,percentile50,percentile75,amplitude,variance,interquartile_range,semi_interquartile_range,coefficient_of_variation,skewness,kurtosis,label
LG24_4409073_4409145,8.484050831705993,0.7079222364656197,521.6642562447142,0.02184196118311818,2.8681267729321616,18.384761546501952,60.49188186756211,60.91051580291707,0.2518705866092862,0.3669905305837429,0.7079222364656197,2.467154166913302,521.6424142835311,3710.09093537741,2.100163636329559,1.0500818181647795,7.130070654633061,0.38564490086116215,0.3106905999264452,fourier
