nameseq,average,median,maximum,minimum,peak,none_levated_peak,sample_standard_deviation,population_standard_deviation,percentile15,percentile25,percentile50,percentile75,amplitude,variance,interquartile_range,semi_interquartile_range,coefficient_of_variation,skewness,kurtosis,label
LG24_14221939_14222144,29.333791134136877,3.3104052473639785,5190.871245609195,0.08111301365946465,2.340872557272578,31.604324201759518,360.5155504086126,361.39378691194156,0.7678287241110502,1.3272856947280511,3.3104052473639785,6.304779232270395,5190.790132595535,130605.4692185538,4.977493537542344,2.488746768771172,12.290111044973884,0.2165514291181977,0.2986806337725415,fourier
