nameseq,average,median,maximum,minimum,peak,none_levated_peak,sample_standard_deviation,population_standard_deviation,percentile15,percentile25,percentile50,percentile75,amplitude,variance,interquartile_range,semi_interquartile_range,coefficient_of_variation,skewness,kurtosis,label
LG24_4450441_4450957,41.8561871526493,1.6935533476828304,20219.432053927772,0.005734357377657904,4.117272619812086,100.88534645854027,888.2732505972886,889.1335638745813,0.356181102497291,0.5669992037372914,1.6935533476828304,3.866534705100154,20219.426319570393,790558.4944083142,3.2995355013628624,1.6497677506814312,21.222029788756455,0.1356428343799405,0.24321783597412466,fourier
