nameseq,average,median,maximum,minimum,peak,none_levated_peak,sample_standard_deviation,population_standard_deviation,percentile15,percentile25,percentile50,percentile75,amplitude,variance,interquartile_range,semi_interquartile_range,coefficient_of_variation,skewness,kurtosis,label
LG24_4046503_4046562,11.255092087127156,0.7110994205844725,586.062253787928,0.027554233713307067,1.7769734663366017,13.813676262676328,74.85881323673506,75.49054437957416,0.26809831922033683,0.4830556348968067,0.7110994205844725,2.137963262319496,586.0346995542146,5698.822290724456,1.6549076274226893,0.8274538137113446,6.651106242156269,0.4225551626044942,0.2715525626520292,fourier
