nameseq,average,median,maximum,minimum,peak,none_levated_peak,sample_standard_deviation,population_standard_deviation,percentile15,percentile25,percentile50,percentile75,amplitude,variance,interquartile_range,semi_interquartile_range,coefficient_of_variation,skewness,kurtosis,label
LG24_7496814_7496945,19.352739003647248,2.526631902478929,2124.500160024572,0.019150754376404667,2.2735799822292697,22.37099982071625,183.947619931481,184.648375306914,0.7954399172874033,1.356841188802832,2.526631902478929,4.7160988933132835,2124.4810092701955,34095.022503482964,3.3592577045104512,1.6796288522552256,9.504991510339385,0.2744168221491951,0.23024895073550383,fourier
