nameseq,average,median,maximum,minimum,peak,none_levated_peak,sample_standard_deviation,population_standard_deviation,percentile15,percentile25,percentile50,percentile75,amplitude,variance,interquartile_range,semi_interquartile_range,coefficient_of_variation,skewness,kurtosis,label
LG24_8452487_8454727,214.71285869325192,15.14443747999341,431138.70995178935,0.021788815313282122,3.4790650385182404,167.09031592606405,9104.958144470564,9106.99027442433,3.875330317335921,6.123579822001739,15.14443747999341,31.59333024691169,431138.688162974,82937271.85845935,25.469750424909954,12.734875212454977,42.40527651619739,0.06575596000991712,0.25482138330771636,fourier
