nameseq,average,median,maximum,minimum,peak,none_levated_peak,sample_standard_deviation,population_standard_deviation,percentile15,percentile25,percentile50,percentile75,amplitude,variance,interquartile_range,semi_interquartile_range,coefficient_of_variation,skewness,kurtosis,label
LG24_6459844_6460119,39.268432321873306,4.258108895139767,9166.878737872097,0.005031165936924428,2.34284881163321,36.87820194629971,550.4496703445141,551.4495797432866,0.9709432926768189,1.34588047491543,4.258108895139767,9.001859396004543,9166.873706706161,304096.6389990474,7.655978921089113,3.8279894605445564,14.017612565549314,0.19080939809531375,0.26238714612325037,fourier
