nameseq,average,median,maximum,minimum,peak,none_levated_peak,sample_standard_deviation,population_standard_deviation,percentile15,percentile25,percentile50,percentile75,amplitude,variance,interquartile_range,semi_interquartile_range,coefficient_of_variation,skewness,kurtosis,label
LG24_7519264_7519525,26.491009767594676,2.4950111215288633,6114.4327367901315,0.050890340560255334,3.2967159085103837,45.94037708976774,376.8440436204362,377.5652768996296,0.5165951075194481,1.158364486127439,2.4950111215288633,4.295305104649488,6114.381846449572,142555.53832029397,3.136940618522049,1.5684703092610246,14.225355957605416,0.19102861556889827,0.23420188871365502,fourier
