nameseq,average,median,maximum,minimum,peak,none_levated_peak,sample_standard_deviation,population_standard_deviation,percentile15,percentile25,percentile50,percentile75,amplitude,variance,interquartile_range,semi_interquartile_range,coefficient_of_variation,skewness,kurtosis,label
LG24_7288899_7289105,27.842080327368983,3.4431549945700133,4861.455417440992,0.009422076663712179,2.4782630891331947,31.32875825617679,336.7958943987272,337.6123704923864,0.579967560607447,1.6754717104512888,3.4431549945700133,5.959239357317838,4861.445995364328,113982.11270948839,4.283767646866549,2.1418838234332744,12.096649763187926,0.21733274429925334,0.22953621569226135,fourier
