nameseq,average,median,maximum,minimum,peak,none_levated_peak,sample_standard_deviation,population_standard_deviation,percentile15,percentile25,percentile50,percentile75,amplitude,variance,interquartile_range,semi_interquartile_range,coefficient_of_variation,skewness,kurtosis,label
LG24_9183554_9189908,571.3310244569964,38.43653432638086,3260896.6298588123,0.0040838053811117,3.7077162671966515,304.35858778306334,40901.421720868726,40904.64015119364,8.819752710398982,16.21257601047043,38.43653432638086,80.33856121779138,3260896.625775007,1673189585.8986428,64.12598520732095,32.062992603660476,71.5897088902921,0.03908625673948557,0.25834715911670747,fourier
