nameseq,average,median,maximum,minimum,peak,none_levated_peak,sample_standard_deviation,population_standard_deviation,percentile15,percentile25,percentile50,percentile75,amplitude,variance,interquartile_range,semi_interquartile_range,coefficient_of_variation,skewness,kurtosis,label
LG24_8071771_8072120,32.15307355401004,1.9070247280868309,10290.779746740556,0.027516309635233018,3.628476340549295,66.56720321560627,549.1393155544253,549.9254853421578,0.47680518681677436,0.7742367551947142,1.9070247280868309,3.677207921811771,10290.75223043092,302418.03942880785,2.902971166617057,1.4514855833085285,17.07890583561142,0.1652370243899912,0.23163826232273868,fourier
