nameseq,average,median,maximum,minimum,peak,none_levated_peak,sample_standard_deviation,population_standard_deviation,percentile15,percentile25,percentile50,percentile75,amplitude,variance,interquartile_range,semi_interquartile_range,coefficient_of_variation,skewness,kurtosis,label
LG24_658073_658218,13.514072358130727,1.0849975969046368,1739.1090617954312,0.009589516863737133,3.6011844081466986,34.3509579695049,143.31215912000667,143.80548987024738,0.3443841933737302,0.6548999711694342,1.0849975969046368,2.236537016579848,1739.0994722785674,20680.018916821824,1.5816370454104138,0.7908185227052069,10.60466122440014,0.26018186113890523,0.29331695035159083,fourier
