nameseq,average,median,maximum,minimum,peak,none_levated_peak,sample_standard_deviation,population_standard_deviation,percentile15,percentile25,percentile50,percentile75,amplitude,variance,interquartile_range,semi_interquartile_range,coefficient_of_variation,skewness,kurtosis,label
LG24_13582037_13582495,47.82037133112513,5.000057104166722,18656.258509331783,0.004859141282123128,3.199473273441856,57.44066894107949,869.5490108543821,870.4977825614378,1.1046343753892935,2.1813350850107796,5.000057104166722,9.621993867500116,18656.2536501905,757766.3894443804,7.440658782489336,3.720329391244668,18.18365241945358,0.1477328374563441,0.2504068135909675,fourier
