nameseq,average,median,maximum,minimum,peak,none_levated_peak,sample_standard_deviation,population_standard_deviation,percentile15,percentile25,percentile50,percentile75,amplitude,variance,interquartile_range,semi_interquartile_range,coefficient_of_variation,skewness,kurtosis,label
LG24_8121593_8121837,20.730166485739094,1.3807431282475755,4496.971830587943,0.014295084337768143,3.939508480206738,50.50315489973447,286.57763971658864,287.16428851830733,0.5081306222926417,0.7692962595927086,1.3807431282475755,3.2365611657610756,4496.957535503606,82463.32860022566,2.467264906168367,1.2336324530841836,13.824184186544475,0.20255687125444075,0.21640436730924079,fourier
