nameseq,average,median,maximum,minimum,peak,none_levated_peak,sample_standard_deviation,population_standard_deviation,percentile15,percentile25,percentile50,percentile75,amplitude,variance,interquartile_range,semi_interquartile_range,coefficient_of_variation,skewness,kurtosis,label
LG24_14701335_14701482,31.54007245646014,1.6927379291971496,4160.259671050409,0.03829878525848944,1.564147748913263,24.859773739709606,340.576190756964,341.73264974103796,0.4433692656060954,0.7560404067583072,1.6927379291971496,4.374015447119229,4160.221372265151,116781.20389903094,3.6179750403609217,1.8089875201804608,10.79820571836404,0.26291328052842766,0.2625351866045001,fourier
