nameseq,average,median,maximum,minimum,peak,none_levated_peak,sample_standard_deviation,population_standard_deviation,percentile15,percentile25,percentile50,percentile75,amplitude,variance,interquartile_range,semi_interquartile_range,coefficient_of_variation,skewness,kurtosis,label
LG24_15893019_15893278,32.20887616744826,2.569837365199343,7269.286716460613,0.009529320686883197,2.6907696566655095,41.16319431600529,449.7188253105529,450.58617197035613,0.543007498452338,1.1293204779373536,2.569837365199343,5.606617476458527,7269.277187139926,203027.89837089938,4.477296998521173,2.2386484992605866,13.962574259733378,0.19771713213327263,0.23323742628160266,fourier
