nameseq,average,median,maximum,minimum,peak,none_levated_peak,sample_standard_deviation,population_standard_deviation,percentile15,percentile25,percentile50,percentile75,amplitude,variance,interquartile_range,semi_interquartile_range,coefficient_of_variation,skewness,kurtosis,label
LG24_6096430_6102426,475.5073018760621,20.649418360253225,2667242.6572860125,0.00914334328592942,4.2039312374661,387.09212027832154,34439.31380343572,34442.1855410937,4.7244639517932505,8.662280494115262,20.649418360253225,42.41581815366113,2667242.6481426693,1186264144.8471236,33.75353765954587,16.876768829772935,72.42646678097091,0.03962255631270141,0.2563264668202066,fourier
