nameseq,average,median,maximum,minimum,peak,none_levated_peak,sample_standard_deviation,population_standard_deviation,percentile15,percentile25,percentile50,percentile75,amplitude,variance,interquartile_range,semi_interquartile_range,coefficient_of_variation,skewness,kurtosis,label
LG24_3455535_3455896,56.073955303158094,6.384598465931084,16196.100303981155,0.016112692957625213,2.1519200137442542,37.66286946874918,849.6930648632799,850.8691111906411,1.8132631627571965,2.6010947230621055,6.384598465931084,14.891290569694307,16196.084191288197,723978.2443783516,12.290195846632201,6.145097923316101,15.153078827229173,0.1754375511299093,0.24276679139855648,fourier
