nameseq,average,median,maximum,minimum,peak,none_levated_peak,sample_standard_deviation,population_standard_deviation,percentile15,percentile25,percentile50,percentile75,amplitude,variance,interquartile_range,semi_interquartile_range,coefficient_of_variation,skewness,kurtosis,label
LG24_4189519_4189652,25.717746266748872,2.8198378142541314,2886.6182813503256,0.09325566698559358,1.7368033031890253,20.762193291769407,248.14998320744266,249.08113088125737,0.49515873796207677,1.2097139020217003,2.8198378142541314,5.133137627589295,2886.52502568334,62041.40976108607,3.9234237255675946,1.9617118627837973,9.648978593753453,0.2768234132825197,0.25179376711105966,fourier
