nameseq,average,median,maximum,minimum,peak,none_levated_peak,sample_standard_deviation,population_standard_deviation,percentile15,percentile25,percentile50,percentile75,amplitude,variance,interquartile_range,semi_interquartile_range,coefficient_of_variation,skewness,kurtosis,label
LG24_7722831_7725839,254.81668627756642,13.527189740372727,709109.0918279361,0.018639973530241927,3.9361629516971797,241.1209035212589,12924.64244912477,12926.790648665761,3.1904334716271223,5.455285894850074,13.527189740372727,26.351386646812593,709109.0731879626,167101916.47443256,20.896100751962518,10.448050375981259,50.721334767874,0.05600684834887636,0.2506639558314477,fourier
