nameseq,average,median,maximum,minimum,peak,none_levated_peak,sample_standard_deviation,population_standard_deviation,percentile15,percentile25,percentile50,percentile75,amplitude,variance,interquartile_range,semi_interquartile_range,coefficient_of_variation,skewness,kurtosis,label
LG24_8862540_8862858,56.09347012551699,5.652362325602873,14493.96492752939,0.019941626296917432,1.8956454841427641,34.81403251998357,809.8150444184624,811.0873390669298,0.9828462320469152,2.104665298651863,5.652362325602873,11.420175107834776,14493.944985903094,657862.6715946727,9.315509809182913,4.657754904591457,14.436886193818781,0.18686158579383935,0.2060086227369388,fourier
