nameseq,average,median,maximum,minimum,peak,none_levated_peak,sample_standard_deviation,population_standard_deviation,percentile15,percentile25,percentile50,percentile75,amplitude,variance,interquartile_range,semi_interquartile_range,coefficient_of_variation,skewness,kurtosis,label
LG24_17045545_17045632,24.95587512520294,3.052767096683739,1547.0781200772915,0.01970778911766618,1.1754079224298408,10.866343293360362,163.47529373436365,164.4121225714536,0.7283063835054526,1.5909960086463308,3.052767096683739,9.909208607809317,1547.0584122881737,27031.346048450683,8.318212599162987,4.159106299581493,6.550573478758512,0.401952628954017,0.23195678936736022,fourier
