nameseq,average,median,maximum,minimum,peak,none_levated_peak,sample_standard_deviation,population_standard_deviation,percentile15,percentile25,percentile50,percentile75,amplitude,variance,interquartile_range,semi_interquartile_range,coefficient_of_variation,skewness,kurtosis,label
LG24_1960701_1961025,25.352942527987086,1.3955267390986998,7624.783180954594,0.009876370222182271,4.273008279561407,73.14202983074533,422.1949232221248,422.8459566438759,0.2936849929928049,0.4779122206708097,1.3955267390986998,2.6498309860993965,7624.7733045843715,178798.70305007458,2.171918765428587,1.0859593827142935,16.652699100156298,0.1702347503805767,0.24618523562518804,fourier
