nameseq,average,median,maximum,minimum,peak,none_levated_peak,sample_standard_deviation,population_standard_deviation,percentile15,percentile25,percentile50,percentile75,amplitude,variance,interquartile_range,semi_interquartile_range,coefficient_of_variation,skewness,kurtosis,label
LG24_16677687_16677843,18.13185132196068,2.3667046725096585,2395.7884121627235,0.04595819970527195,2.8862653020957096,28.383891054012267,190.38033026597608,190.98954887993946,0.5900104940018895,0.992785627633179,2.3667046725096585,3.7089430096653517,2395.7424539630183,36477.00778136279,2.716157382032173,1.3580786910160865,10.49977340346895,0.24842608415626585,0.20831560723802625,fourier
