nameseq,average,median,maximum,minimum,peak,none_levated_peak,sample_standard_deviation,population_standard_deviation,percentile15,percentile25,percentile50,percentile75,amplitude,variance,interquartile_range,semi_interquartile_range,coefficient_of_variation,skewness,kurtosis,label
LG24_1139027_1139159,33.04675251904911,3.1772232880833844,3547.495927697463,0.038496684791792024,1.3415337349041578,17.130897369403534,306.0027607157156,307.1596750905673,0.8781207749858225,1.991064763783319,3.1772232880833844,7.54957339441287,3547.457431012671,94347.06600174287,5.558508630629551,2.7792543153147755,9.259692326479788,0.29283587992248816,0.1902968745931511,fourier
