nameseq,average,median,maximum,minimum,peak,none_levated_peak,sample_standard_deviation,population_standard_deviation,percentile15,percentile25,percentile50,percentile75,amplitude,variance,interquartile_range,semi_interquartile_range,coefficient_of_variation,skewness,kurtosis,label
LG24_5225966_5226256,52.39867933680141,6.07592788099964,12230.8155230648,0.17844039990890445,1.8511916946707003,30.714317780009225,715.2489747258085,716.4811013492385,1.2361026127078294,2.0263583900558073,6.07592788099964,13.52633707709085,12230.637082664893,513345.1685906179,11.499978687035043,5.749989343517521,13.650133625094332,0.19429353872290264,0.2295609350502414,fourier
