nameseq,average,median,maximum,minimum,peak,none_levated_peak,sample_standard_deviation,population_standard_deviation,percentile15,percentile25,percentile50,percentile75,amplitude,variance,interquartile_range,semi_interquartile_range,coefficient_of_variation,skewness,kurtosis,label
LG24_13553083_13553164,17.94601254712441,2.691785247155308,1033.367212734383,0.030366666523333686,1.5230867169828823,11.774600868208012,113.10406912555194,113.80010073582112,0.7096342610088744,1.1637890406696738,2.691785247155308,6.296576230341851,1033.3368460678596,12950.462927483035,5.132787189672177,2.5663935948360885,6.302462389823484,0.40460685679759345,0.21682932966860033,fourier
