nameseq,average,median,maximum,minimum,peak,none_levated_peak,sample_standard_deviation,population_standard_deviation,percentile15,percentile25,percentile50,percentile75,amplitude,variance,interquartile_range,semi_interquartile_range,coefficient_of_variation,skewness,kurtosis,label
LG24_12433928_12434037,27.342813792037838,2.041413254346243,2606.3423180193267,0.12705298462356976,1.3409982946723615,17.796669557178813,247.07868126751765,248.2094820553562,0.43155466612996646,0.5809720381800171,2.041413254346243,4.832978144970245,2606.215265034703,61607.94698218819,4.252006106790228,2.126003053395114,9.036329733535558,0.30720660003398514,0.25923591112941763,fourier
