nameseq,average,median,maximum,minimum,peak,none_levated_peak,sample_standard_deviation,population_standard_deviation,percentile15,percentile25,percentile50,percentile75,amplitude,variance,interquartile_range,semi_interquartile_range,coefficient_of_variation,skewness,kurtosis,label
LG24_11076545_11077139,75.18194528881367,6.752475089635625,38591.245074977225,0.1588044174091827,2.638044713679993,63.18645864219943,1580.3762450968356,1581.7059687187839,1.7274189345391782,2.8522925390329887,6.752475089635625,14.43619799801451,38591.08627055982,2501793.7714806264,11.583905458981521,5.7919527294907605,21.02068839833518,0.12989844110505175,0.2516754533804077,fourier
