nameseq,average,median,maximum,minimum,peak,none_levated_peak,sample_standard_deviation,population_standard_deviation,percentile15,percentile25,percentile50,percentile75,amplitude,variance,interquartile_range,semi_interquartile_range,coefficient_of_variation,skewness,kurtosis,label
LG24_8875243_8875613,62.88525859272583,4.505478585623672,20511.55340420166,0.0029464401190059924,1.9665446152903574,44.52670230106449,1063.1105789872574,1064.5462455144086,0.9939460293835592,2.1594588934734977,4.505478585623672,10.955712061972072,20511.55045776154,1133258.7088388237,8.796253168498573,4.398126584249287,16.9055610611774,0.1647423546364745,0.2657929000523312,fourier
