nameseq,average,median,maximum,minimum,peak,none_levated_peak,sample_standard_deviation,population_standard_deviation,percentile15,percentile25,percentile50,percentile75,amplitude,variance,interquartile_range,semi_interquartile_range,coefficient_of_variation,skewness,kurtosis,label
LG24_4818283_4818609,32.48032826586571,2.3118917773139227,9380.810010382764,0.00514026066950771,3.3558774131772093,55.371848494575715,517.7745874617987,518.5681121993642,0.35072929121454666,0.8605243878087474,2.3118917773139227,5.052408713335816,9380.804870122094,268912.8869900124,4.191884325527068,2.095942162763534,15.941174708075206,0.174796739077761,0.2369424834543614,fourier
