nameseq,average,median,maximum,minimum,peak,none_levated_peak,sample_standard_deviation,population_standard_deviation,percentile15,percentile25,percentile50,percentile75,amplitude,variance,interquartile_range,semi_interquartile_range,coefficient_of_variation,skewness,kurtosis,label
LG24_5651463_5651795,41.9118449093608,3.3956883178502935,12234.456411217008,0.0016190783066131805,2.64841598455163,47.3862259708643,669.173836625081,670.180870808993,0.8288029351243511,1.5977052532728926,3.3956883178502935,6.675497144193246,12234.454792138702,449142.39959830017,5.077791890920353,2.5388959454601765,15.966222390645093,0.17267332261119175,0.2249100604281128,fourier
