nameseq,average,median,maximum,minimum,peak,none_levated_peak,sample_standard_deviation,population_standard_deviation,percentile15,percentile25,percentile50,percentile75,amplitude,variance,interquartile_range,semi_interquartile_range,coefficient_of_variation,skewness,kurtosis,label
LG24_48186_48260,22.949021215268868,4.511799446139113,1103.7338153791209,0.13558824496017338,1.089371078857452,8.985783751691256,126.56988021021219,127.42221226619642,0.9645775503770655,1.81916236116975,4.511799446139113,7.388939492718407,1103.5982271341607,16236.420178811619,5.569777131548657,2.7848885657743283,5.515262678218293,0.4370049589643721,0.2119919593806997,fourier
