nameseq,average,median,maximum,minimum,peak,none_levated_peak,sample_standard_deviation,population_standard_deviation,percentile15,percentile25,percentile50,percentile75,amplitude,variance,interquartile_range,semi_interquartile_range,coefficient_of_variation,skewness,kurtosis,label
LG24_3395843_3396051,16.87071960844866,0.906776445666078,3257.2718496717134,0.016526159709291426,4.129442506517529,54.31003724586356,224.68483409218354,225.22429425427242,0.19967994396416208,0.4166196047752486,0.906776445666078,1.895606222687187,3257.255323512004,50725.98272233509,1.4789866179119384,0.7394933089559692,13.318034992393804,0.21315114427660356,0.25703712242175103,fourier
