nameseq,average,median,maximum,minimum,peak,none_levated_peak,sample_standard_deviation,population_standard_deviation,percentile15,percentile25,percentile50,percentile75,amplitude,variance,interquartile_range,semi_interquartile_range,coefficient_of_variation,skewness,kurtosis,label
LG24_9733082_9733609,41.72294055711556,1.8589240412044765,20703.78732163061,0.011928055490685372,4.218302872470584,104.39596836007044,900.0569531831336,900.9104924486088,0.3958891407060877,0.8330669848140253,1.8589240412044765,3.4239473364710786,20703.77539357512,811639.7154039949,2.590880351657053,1.2954401758285266,21.57223199431554,0.1328716467605578,0.23541033926085012,fourier
