nameseq,average,median,maximum,minimum,peak,none_levated_peak,sample_standard_deviation,population_standard_deviation,percentile15,percentile25,percentile50,percentile75,amplitude,variance,interquartile_range,semi_interquartile_range,coefficient_of_variation,skewness,kurtosis,label
LG24_8071771_8072114,31.597516214788044,1.7679295244599063,9931.88102406691,0.005735249623752165,3.6289772236275075,65.02523987363618,534.5720648224783,535.350757245187,0.4823612814421603,0.8315828285419746,1.7679295244599063,3.9543864752795295,9931.875288817286,286600.43328299513,3.122803646737555,1.5614018233687774,16.91816727582821,0.16740261221974256,0.2577157661658785,fourier
