nameseq,average,median,maximum,minimum,peak,none_levated_peak,sample_standard_deviation,population_standard_deviation,percentile15,percentile25,percentile50,percentile75,amplitude,variance,interquartile_range,semi_interquartile_range,coefficient_of_variation,skewness,kurtosis,label
LG24_4732561_4732650,15.100342083683579,2.044488794655902,1108.7284959358763,0.048401705620712034,1.986709958870137,16.41225376318123,115.962439909299,116.61209451577076,0.5506311665652678,0.8734502543194336,2.044488794655902,3.7155539285952215,1108.6800942302555,13598.380587355055,2.842103674275788,1.421051837137894,7.679457807422804,0.3377607430278137,0.19932141367731526,fourier
