nameseq,average,median,maximum,minimum,peak,none_levated_peak,sample_standard_deviation,population_standard_deviation,percentile15,percentile25,percentile50,percentile75,amplitude,variance,interquartile_range,semi_interquartile_range,coefficient_of_variation,skewness,kurtosis,label
LG24_9712898_9713495,70.35038259827023,5.433774274615182,36907.70165317089,0.033200780357515045,2.8334363790401693,70.29917151108137,1507.7110051059917,1508.9732162982623,1.1652091945341987,1.967700098419697,5.433774274615182,10.851122224706371,36907.66845239053,2277000.1675055227,8.883422126286675,4.441711063143337,21.431454235517737,0.12916920040473823,0.2505995925253167,fourier
