nameseq,average,median,maximum,minimum,peak,none_levated_peak,sample_standard_deviation,population_standard_deviation,percentile15,percentile25,percentile50,percentile75,amplitude,variance,interquartile_range,semi_interquartile_range,coefficient_of_variation,skewness,kurtosis,label
LG24_14888568_14888665,21.617513077688738,2.9984603648689045,1731.915331522305,0.02126632289833809,1.5111204766834012,15.41276999534569,173.71665154309318,174.60980216836577,0.4686417045732909,0.8534735064599559,2.9984603648689045,5.611298979187479,1731.8940651994067,30488.583013275835,4.757825472727523,2.3789127363637617,8.035922121050305,0.321541761496613,0.21774206483970693,fourier
