nameseq,average,median,maximum,minimum,peak,none_levated_peak,sample_standard_deviation,population_standard_deviation,percentile15,percentile25,percentile50,percentile75,amplitude,variance,interquartile_range,semi_interquartile_range,coefficient_of_variation,skewness,kurtosis,label
LG24_15736765_15737060,39.985854288974494,4.35800939129869,9711.117832450607,0.07735579715280944,2.4675392941116314,36.90636795742427,563.1371849737396,564.0908472741368,1.467149906846991,2.1526127702875284,4.35800939129869,9.329972952959102,9711.040476653454,318198.48397845344,7.177360182671573,3.5886800913357866,14.08341012058898,0.18980017222270915,0.21169051642684952,fourier
