nameseq,average,median,maximum,minimum,peak,none_levated_peak,sample_standard_deviation,population_standard_deviation,percentile15,percentile25,percentile50,percentile75,amplitude,variance,interquartile_range,semi_interquartile_range,coefficient_of_variation,skewness,kurtosis,label
LG24_16061680_16061981,50.085273456135695,4.253421651459708,12490.790486477894,0.05217313614627295,2.0099055015608487,35.805938349158886,717.1898317607163,718.3801891470661,0.7950647701186973,1.5853188267092155,4.253421651459708,10.830541590319761,12490.738313341748,516070.0961589744,9.245222763610546,4.622611381805273,14.31937538264268,0.1917143123410903,0.21757788831866476,fourier
