nameseq,average,median,maximum,minimum,peak,none_levated_peak,sample_standard_deviation,population_standard_deviation,percentile15,percentile25,percentile50,percentile75,amplitude,variance,interquartile_range,semi_interquartile_range,coefficient_of_variation,skewness,kurtosis,label
LG24_14297821_14298399,47.22798096908281,1.965276007982008,25571.284186320034,0.03911506219331218,4.086560467752051,106.81025523816963,1061.668125442737,1062.5861265873982,0.5882902190300946,0.9333035013237115,1.965276007982008,3.6365848042557243,25571.24507125784,1129089.2764160105,2.703281302932013,1.3516406514660064,22.4796424420037,0.1279007173985524,0.20609467101545803,fourier
