nameseq,average,median,maximum,minimum,peak,none_levated_peak,sample_standard_deviation,population_standard_deviation,percentile15,percentile25,percentile50,percentile75,amplitude,variance,interquartile_range,semi_interquartile_range,coefficient_of_variation,skewness,kurtosis,label
LG24_8912092_8912917,77.84068444823333,4.614696078643531,58182.12699826784,0.004767933663955517,3.537139161673729,103.77643963517387,2022.9495978113132,2024.175256571328,0.9551425844982997,1.8880264146862817,4.614696078643531,9.544785292134627,58182.12223033418,4097285.469315602,7.656758877448345,3.8283794387241725,25.98833260718105,0.10859290085449744,0.21336235743894022,fourier
