nameseq,average,median,maximum,minimum,peak,none_levated_peak,sample_standard_deviation,population_standard_deviation,percentile15,percentile25,percentile50,percentile75,amplitude,variance,interquartile_range,semi_interquartile_range,coefficient_of_variation,skewness,kurtosis,label
LG25_2060354_2067619,638.2875424072903,39.52553562389556,4204694.872904751,0.01689288215589178,3.7945280756467055,341.690274536268,49323.18471214461,49326.57917102562,9.785217986861259,16.194094278605856,39.52553562389556,82.74986935036597,4204694.856011869,2433111412.715459,66.55577507176011,33.277887535880055,77.27423995480639,0.03641869499776833,0.25333029016041647,fourier
