nameseq,average,median,maximum,minimum,peak,none_levated_peak,sample_standard_deviation,population_standard_deviation,percentile15,percentile25,percentile50,percentile75,amplitude,variance,interquartile_range,semi_interquartile_range,coefficient_of_variation,skewness,kurtosis,label
LG25_10283531_10287474,311.93447769899103,13.245577673303012,1148836.812130979,0.009611715908156649,4.2145603024212255,308.92206304933006,18290.573900298456,18292.893126060688,3.0657093011217618,5.436751207502275,13.245577673303012,28.164017986460482,1148836.8025192632,334629938.92147833,22.727266778958207,11.363633389479103,58.635948277408446,0.04899062790273861,0.24293725687348144,fourier
