nameseq,average,median,maximum,minimum,peak,none_levated_peak,sample_standard_deviation,population_standard_deviation,percentile15,percentile25,percentile50,percentile75,amplitude,variance,interquartile_range,semi_interquartile_range,coefficient_of_variation,skewness,kurtosis,label
LG25_10084805_10091491,526.7804824004464,26.153234072045777,3259692.2515202365,0.0025757208546402332,4.231364058597686,388.81885514627857,39858.770720578505,39861.75137272106,5.918470708918011,10.308156397138246,26.153234072045777,52.30227176473283,3259692.248944516,1588959222.5006292,41.99411536759458,20.99705768379729,75.66485861235607,0.037680081894994374,0.2486300247227536,fourier
