nameseq,average,median,maximum,minimum,peak,none_levated_peak,sample_standard_deviation,population_standard_deviation,percentile15,percentile25,percentile50,percentile75,amplitude,variance,interquartile_range,semi_interquartile_range,coefficient_of_variation,skewness,kurtosis,label
LG25_5550192_5555886,517.9983785218213,38.55321805339101,2627532.771460915,0.01163998385432525,3.6647476363738534,274.55618489650504,34814.04478921076,34817.10173655732,9.08940647071072,15.776932872021892,38.55321805339101,77.16300620306878,2627532.759820931,1212230573.333783,61.38607333104689,30.693036665523444,67.20879105559628,0.041314805277985,0.2517381987412721,fourier
