nameseq,average,median,maximum,minimum,peak,none_levated_peak,sample_standard_deviation,population_standard_deviation,percentile15,percentile25,percentile50,percentile75,amplitude,variance,interquartile_range,semi_interquartile_range,coefficient_of_variation,skewness,kurtosis,label
LG25_6638270_6638680,38.768178923875205,3.334074494092879,13967.606552849194,0.04837069409900847,3.533826034723266,60.733306982887996,687.911223302585,688.7496285172135,1.0159747849357532,1.6291959157083007,3.334074494092879,6.885299819871126,13967.558182155095,474376.0507825996,5.256103904162826,2.628051952081413,17.744223288211714,0.1545291160958262,0.2564504707000574,fourier
