nameseq,average,median,maximum,minimum,peak,none_levated_peak,sample_standard_deviation,population_standard_deviation,percentile15,percentile25,percentile50,percentile75,amplitude,variance,interquartile_range,semi_interquartile_range,coefficient_of_variation,skewness,kurtosis,label
LG25_12843459_12843632,39.40126190738041,3.831637919851362,5691.147990200239,0.010166419188042645,1.4720340718106744,21.943799437579806,429.76433146414,431.0046351439568,0.8721306473512487,1.8502115120097782,3.831637919851362,8.620010434384714,5691.137823781051,185764.99551557534,6.769798922374935,3.3848994611874677,10.907374806278455,0.24829625017750234,0.17743255177907352,fourier
