nameseq,average,median,maximum,minimum,peak,none_levated_peak,sample_standard_deviation,population_standard_deviation,percentile15,percentile25,percentile50,percentile75,amplitude,variance,interquartile_range,semi_interquartile_range,coefficient_of_variation,skewness,kurtosis,label
LG25_6450440_6450487,6.831733607297086,0.8878554745909449,267.2855829918278,0.003999294170847138,2.342011694207476,11.895725330111677,38.00687127733297,38.409071591920636,0.37910104683404605,0.3864773328915972,0.8878554745909449,2.1286119109985884,267.28158369765697,1475.2567805532847,1.7421345781069912,0.8710672890534956,5.563283561984503,0.46916870025955243,0.31787791929876524,fourier
