nameseq,average,median,maximum,minimum,peak,none_levated_peak,sample_standard_deviation,population_standard_deviation,percentile15,percentile25,percentile50,percentile75,amplitude,variance,interquartile_range,semi_interquartile_range,coefficient_of_variation,skewness,kurtosis,label
LG25_4787523_4787670,16.23225134274614,1.7308975608999944,2040.8539516738779,0.003089763266801129,3.039216944812735,29.360286212978203,167.00754446866463,167.5746345367626,0.40298260166051414,0.9781153289813218,1.7308975608999944,3.264672483853151,2040.850861910611,28081.258140129547,2.2865571548718293,1.1432785774359147,10.288624845825646,0.2604915932627285,0.2206440129472683,fourier
