nameseq,average,median,maximum,minimum,peak,none_levated_peak,sample_standard_deviation,population_standard_deviation,percentile15,percentile25,percentile50,percentile75,amplitude,variance,interquartile_range,semi_interquartile_range,coefficient_of_variation,skewness,kurtosis,label
LG25_6553781_6554637,59.95110783534034,1.7228711564459358,49053.90253101907,0.0018898283398315141,4.764993958931818,168.80296604068346,1674.5817654157993,1675.5596234643406,0.38262255349348095,0.7746370583170006,1.7228711564459358,3.4108935755591134,49053.90064119073,2807500.0517839626,2.6362565172421126,1.3181282586210563,27.93245739536871,0.10431542588385281,0.20891942371744238,fourier
