nameseq,average,median,maximum,minimum,peak,none_levated_peak,sample_standard_deviation,population_standard_deviation,percentile15,percentile25,percentile50,percentile75,amplitude,variance,interquartile_range,semi_interquartile_range,coefficient_of_variation,skewness,kurtosis,label
LG25_3742925_3744390,163.37169443143654,17.047307015916452,199914.07243844573,0.024400244314490224,2.9911342253461735,100.32403494002554,5218.866384982457,5220.647264196546,4.4163933817522105,7.784987604107613,17.047307015916452,37.33338857922132,199914.0480382014,27255157.857162874,29.548400975113708,14.774200487556854,31.944740508109863,0.08411274209083547,0.24247260647771396,fourier
