nameseq,average,median,maximum,minimum,peak,none_levated_peak,sample_standard_deviation,population_standard_deviation,percentile15,percentile25,percentile50,percentile75,amplitude,variance,interquartile_range,semi_interquartile_range,coefficient_of_variation,skewness,kurtosis,label
LG25_3609704_3610154,49.36491232658375,4.75570602797125,19145.177247990287,0.01570467388610493,3.045347925238319,57.282865376306084,900.211901812471,901.2115821891431,1.1132066100695468,1.7677091073852425,4.75570602797125,10.128871657439488,19145.1615433164,812182.3158718586,8.361162550054246,4.180581275027123,18.235865504164853,0.14866235230437558,0.28795289182070183,fourier
