nameseq,average,median,maximum,minimum,peak,none_levated_peak,sample_standard_deviation,population_standard_deviation,percentile15,percentile25,percentile50,percentile75,amplitude,variance,interquartile_range,semi_interquartile_range,coefficient_of_variation,skewness,kurtosis,label
LG25_8892895_8893247,37.20761548382119,2.429216372406606,11852.263900413469,0.03685130788489903,3.162435032092586,59.53588657174288,629.7570419043731,630.6509487303388,0.5159215934403033,1.0676716805101578,2.429216372406606,4.843392471413193,11852.227049105584,397720.61913447635,3.775720790903035,1.8878603954515174,16.925487799082617,0.1656753166566207,0.21990000283729264,fourier
