nameseq,average,median,maximum,minimum,peak,none_levated_peak,sample_standard_deviation,population_standard_deviation,percentile15,percentile25,percentile50,percentile75,amplitude,variance,interquartile_range,semi_interquartile_range,coefficient_of_variation,skewness,kurtosis,label
LG25_7047455_7048090,56.34457749149256,3.847668942377527,32415.945430184234,0.016321377491157328,3.7625626003142854,89.81091648624695,1284.1620178642008,1285.1727712814968,1.117182436252473,1.8194945615376845,3.847668942377527,7.514313201811293,32415.929108806744,1651669.0520433625,5.694818640273608,2.847409320136804,22.791226326226262,0.12264085330080182,0.24704211176717242,fourier
