nameseq,average,median,maximum,minimum,peak,none_levated_peak,sample_standard_deviation,population_standard_deviation,percentile15,percentile25,percentile50,percentile75,amplitude,variance,interquartile_range,semi_interquartile_range,coefficient_of_variation,skewness,kurtosis,label
LG25_10450549_10450863,24.683140186443236,1.4624339833746582,7208.173536883036,0.011190554722362935,4.2539157986741625,71.53552376617425,405.3910596844514,406.0360737115786,0.24971997059038117,0.4572803727135212,1.4624339833746582,2.6113157884379454,7208.162346328313,164865.2931551145,2.154035415724424,1.077017707862212,16.42380412793284,0.17183930662760394,0.2946800964508733,fourier
