nameseq,average,median,maximum,minimum,peak,none_levated_peak,sample_standard_deviation,population_standard_deviation,percentile15,percentile25,percentile50,percentile75,amplitude,variance,interquartile_range,semi_interquartile_range,coefficient_of_variation,skewness,kurtosis,label
LG25_15521151_15521474,27.70128155591751,1.8895478354560489,8201.727775840698,0.021609534786206214,3.898736590290682,65.13061688206837,454.8208139196687,455.5243268133367,0.4045979483131371,0.6803655508568707,1.8895478354560489,3.2416244531074847,8201.706166305912,207502.41231874356,2.5612589022506143,1.2806294511253071,16.418764344948166,0.17025430409405393,0.25667692684038207,fourier
