nameseq,average,median,maximum,minimum,peak,none_levated_peak,sample_standard_deviation,population_standard_deviation,percentile15,percentile25,percentile50,percentile75,amplitude,variance,interquartile_range,semi_interquartile_range,coefficient_of_variation,skewness,kurtosis,label
LG25_18175512_18175657,32.66780231111051,3.737433353061113,4032.949882920547,0.04227683555804037,1.4897441279701524,19.93785491638066,332.2336914261678,333.37735639676714,0.7547049093614375,1.6482583297161677,3.737433353061113,7.406007490160581,4032.9076060849893,111140.4617580971,5.757749160444414,2.878874580222207,10.170065566766736,0.26123511586553155,0.2599349412207631,fourier
