nameseq,average,median,maximum,minimum,peak,none_levated_peak,sample_standard_deviation,population_standard_deviation,percentile15,percentile25,percentile50,percentile75,amplitude,variance,interquartile_range,semi_interquartile_range,coefficient_of_variation,skewness,kurtosis,label
LG25_419858_424702,407.0654333406985,18.77324140144478,1837991.6966482853,0.008216442619735585,3.9674211262450907,330.35835468812513,26402.535957221226,26405.26109899007,4.180361528255793,7.75183145146095,18.77324140144478,35.69234791165224,1837991.6884318427,697237813.7058383,27.94051646019129,13.970258230095645,64.86066807623847,0.04411987460996759,0.236409403900893,fourier
