nameseq,average,median,maximum,minimum,peak,none_levated_peak,sample_standard_deviation,population_standard_deviation,percentile15,percentile25,percentile50,percentile75,amplitude,variance,interquartile_range,semi_interquartile_range,coefficient_of_variation,skewness,kurtosis,label
LG25_8162180_8167372,419.972485949479,20.17581274329382,2026496.7772448284,0.020509171116685182,4.121698582435784,341.73923000522836,28118.287668339504,28120.99538539218,4.562588865766785,8.095749330443681,20.17581274329382,39.91267257368565,2026496.7567356573,790790381.4652483,31.816923243241966,15.908461621620983,66.95269001913145,0.042655158584533545,0.25109544496790653,fourier
