nameseq,average,median,maximum,minimum,peak,none_levated_peak,sample_standard_deviation,population_standard_deviation,percentile15,percentile25,percentile50,percentile75,amplitude,variance,interquartile_range,semi_interquartile_range,coefficient_of_variation,skewness,kurtosis,label
LG25_8452162_8452357,37.85317649741103,3.700095698481731,6403.997273672246,0.0067174702876682995,1.72596699613312,26.638554611343935,455.91326292963555,457.08077639806794,0.8769227686420258,1.7924257632138363,3.700095698481731,7.015105898189637,6403.990556201958,208922.83615266057,5.2226801349758,2.6113400674879,12.044253748712945,0.22473406835852716,0.2274935573378609,fourier
