nameseq,average,median,maximum,minimum,peak,none_levated_peak,sample_standard_deviation,population_standard_deviation,percentile15,percentile25,percentile50,percentile75,amplitude,variance,interquartile_range,semi_interquartile_range,coefficient_of_variation,skewness,kurtosis,label
LG25_15872840_15873090,34.81387276886237,3.7101581611229046,7319.948190974126,0.05436489107114513,2.4032565185192034,34.39550951093648,460.786185187089,461.7068378236425,0.9394518800465133,1.6077840347416716,3.7101581611229046,8.77843863386924,7319.8938260830555,213173.20409310734,7.170654599127568,3.585327299563784,13.235706014276515,0.20250421306648347,0.26431594627620436,fourier
