nameseq,average,median,maximum,minimum,peak,none_levated_peak,sample_standard_deviation,population_standard_deviation,percentile15,percentile25,percentile50,percentile75,amplitude,variance,interquartile_range,semi_interquartile_range,coefficient_of_variation,skewness,kurtosis,label
LG25_13897173_13897294,24.19926470233347,2.310659177545886,2493.878439525513,0.013795479464739371,1.6804918317516189,19.486834272189164,224.55140005642372,225.4773891398222,0.7296786814169903,1.0155901156338565,2.310659177545886,4.990081710117904,2493.8646440460484,50840.05301331081,3.9744915944840473,1.9872457972420237,9.279265416472379,0.2924311162516141,0.18897550361191892,fourier
