nameseq,average,median,maximum,minimum,peak,none_levated_peak,sample_standard_deviation,population_standard_deviation,percentile15,percentile25,percentile50,percentile75,amplitude,variance,interquartile_range,semi_interquartile_range,coefficient_of_variation,skewness,kurtosis,label
LG25_230245_230786,82.32799304380625,9.913963970459863,35510.25055573744,0.0154979551809845,2.194474321395579,47.657103891182686,1523.4014130334465,1524.8087125603704,1.4599952401810017,3.6555626289361536,9.913963970459863,19.922444913846125,35510.23505778226,2325041.609900014,16.266882284909972,8.133441142454986,18.50405137682457,0.1426033121417812,0.2174245912640321,fourier
