nameseq,average,median,maximum,minimum,peak,none_levated_peak,sample_standard_deviation,population_standard_deviation,percentile15,percentile25,percentile50,percentile75,amplitude,variance,interquartile_range,semi_interquartile_range,coefficient_of_variation,skewness,kurtosis,label
LG25_18501851_18521502,1517.5866972197714,57.39047987226367,28163214.231275503,0.0006866086030931998,4.316502430251616,783.7752359729026,200893.8073164586,200898.91879301477,13.161858457489389,23.658611462203783,57.39047987226367,115.49305004165491,28163214.230588894,40360375572.20235,91.83443857945113,45.917219289725566,132.37715359820783,0.021805493711122646,0.252823073555046,fourier
