nameseq,average,median,maximum,minimum,peak,none_levated_peak,sample_standard_deviation,population_standard_deviation,percentile15,percentile25,percentile50,percentile75,amplitude,variance,interquartile_range,semi_interquartile_range,coefficient_of_variation,skewness,kurtosis,label
LG25_17376763_17376906,24.433452372402282,1.7535133170180242,3094.112914207663,0.0472050215485267,1.964519760384589,25.809888380041055,256.7274612483991,257.6235458620545,0.36937907979999324,0.9247225641371002,1.7535133170180242,3.5111249325905054,3094.0657091861144,66369.8913825381,2.586402368453405,1.2932011842267026,10.507211888663518,0.2650274218242676,0.2091960240424324,fourier
