nameseq,average,median,maximum,minimum,peak,none_levated_peak,sample_standard_deviation,population_standard_deviation,percentile15,percentile25,percentile50,percentile75,amplitude,variance,interquartile_range,semi_interquartile_range,coefficient_of_variation,skewness,kurtosis,label
LG25_4042690_4047605,413.9101287035399,23.0215718679096,1858600.104261546,0.011966499747640613,3.958991464643161,298.48269762927345,26505.020738338208,26507.716941054947,5.44127495317231,9.472880486191276,23.0215718679096,46.27426536099238,1858600.0922950462,702659057.4270914,36.8013848748011,18.40069243740055,64.03569011794401,0.044243152347762084,0.24031115430069483,fourier
