nameseq,average,median,maximum,minimum,peak,none_levated_peak,sample_standard_deviation,population_standard_deviation,percentile15,percentile25,percentile50,percentile75,amplitude,variance,interquartile_range,semi_interquartile_range,coefficient_of_variation,skewness,kurtosis,label
LG25_10383364_10383661,51.04282266316599,7.273256755014094,12129.658377337246,0.038636630360693126,1.946078374012321,31.35854615729092,700.9562889893407,702.1353584332383,1.1881064066041311,2.4886410284173737,7.273256755014094,14.48151491294794,12129.619740706885,492994.0615621719,11.992873884530567,5.996436942265284,13.732710152316312,0.18732794011133053,0.2552346834055334,fourier
