nameseq,average,median,maximum,minimum,peak,none_levated_peak,sample_standard_deviation,population_standard_deviation,percentile15,percentile25,percentile50,percentile75,amplitude,variance,interquartile_range,semi_interquartile_range,coefficient_of_variation,skewness,kurtosis,label
LG25_3578031_3578157,26.312374314284753,3.503483580310009,2579.785501362218,0.04022340509939374,1.6088754601803816,16.567653892058193,227.56687249991225,228.468130967536,1.1225232488422112,1.896534262590371,3.503483580310009,8.40255124563076,2579.7452779571186,52197.68686779919,6.5060169830403884,3.2530084915201942,8.648663544451335,0.30068819529938656,0.22608973063754076,fourier
