nameseq,average,median,maximum,minimum,peak,none_levated_peak,sample_standard_deviation,population_standard_deviation,percentile15,percentile25,percentile50,percentile75,amplitude,variance,interquartile_range,semi_interquartile_range,coefficient_of_variation,skewness,kurtosis,label
LG25_197974_199990,160.30948889634644,8.655390368044689,297810.35761054023,0.004505114130044,4.193970911903121,195.93091705612056,6629.206277839812,6630.850222385317,2.2533477509172126,3.658241775460228,8.655390368044689,17.598219118952485,297810.3531054261,43968174.67170741,13.939977343492258,6.969988671746129,41.352550765888545,0.06862998019925229,0.2540445320677144,fourier
