nameseq,average,median,maximum,minimum,peak,none_levated_peak,sample_standard_deviation,population_standard_deviation,percentile15,percentile25,percentile50,percentile75,amplitude,variance,interquartile_range,semi_interquartile_range,coefficient_of_variation,skewness,kurtosis,label
LG25_11203808_11204958,97.58253529764781,6.518376553370351,101493.72295947147,0.006284000956654906,3.9317144763291965,129.08250127700887,2990.025636871611,2991.325365529766,1.3236401338756083,2.5844051929102587,6.518376553370351,12.552727509156613,101493.71667547051,8948027.442461789,9.968322316246354,4.984161158123177,30.64099152324119,0.09136793774071679,0.23775316521921375,fourier
