nameseq,average,median,maximum,minimum,peak,none_levated_peak,sample_standard_deviation,population_standard_deviation,percentile15,percentile25,percentile50,percentile75,amplitude,variance,interquartile_range,semi_interquartile_range,coefficient_of_variation,skewness,kurtosis,label
LG25_1002570_1011908,746.0046014182282,30.986468125551546,6540448.410615296,0.04055501980572667,4.172896513080322,500.5313420248632,67675.46461516719,67679.08817764751,7.441778487205075,13.205388434963696,30.986468125551546,60.945081493535106,6540448.370060276,4580458976.557788,47.73969305857141,23.869846529285706,90.71722143068484,0.03169619022308548,0.24324162034956934,fourier
