nameseq,average,median,maximum,minimum,peak,none_levated_peak,sample_standard_deviation,population_standard_deviation,percentile15,percentile25,percentile50,percentile75,amplitude,variance,interquartile_range,semi_interquartile_range,coefficient_of_variation,skewness,kurtosis,label
LG25_2218392_2221144,195.89883285290574,5.264338038662038,517416.7426280739,0.006354001396043951,4.684390679120144,337.20745796237793,9859.434171700226,9861.225330616213,1.2022174231558114,2.0935319322748343,5.264338038662038,10.749610425607896,517416.7362740725,97243765.02118681,8.656078493333062,4.328039246666531,50.329213442039055,0.058005710518792206,0.2493265944558707,fourier
