nameseq,average,median,maximum,minimum,peak,none_levated_peak,sample_standard_deviation,population_standard_deviation,percentile15,percentile25,percentile50,percentile75,amplitude,variance,interquartile_range,semi_interquartile_range,coefficient_of_variation,skewness,kurtosis,label
LG25_16828585_16828787,31.675039217909045,2.9526216450810456,5681.893340473631,0.008860872720741942,2.136277281336655,32.25488767460338,397.56090240414244,398.5437491509919,0.5999895732628931,1.5140748409278124,2.9526216450810456,5.485843585279723,5681.88447960091,158837.11998732877,3.9717687443519107,1.9858843721759554,12.551236311630571,0.21673975533663084,0.26705513231079914,fourier
