nameseq,average,median,maximum,minimum,peak,none_levated_peak,sample_standard_deviation,population_standard_deviation,percentile15,percentile25,percentile50,percentile75,amplitude,variance,interquartile_range,semi_interquartile_range,coefficient_of_variation,skewness,kurtosis,label
LG25_6776159_6777233,102.74122351414039,8.474539272685146,96302.64794664578,0.012161415476282128,3.4877269422824764,103.58722226117952,2935.4935869769674,2936.859886137276,2.1524605002665447,3.9900801543737314,8.474539272685146,17.10183194584716,96302.6357852303,8625145.990802255,13.111751791473427,6.555875895736714,28.57172113171255,0.096338160634716,0.2298968267324057,fourier
