nameseq,average,median,maximum,minimum,peak,none_levated_peak,sample_standard_deviation,population_standard_deviation,percentile15,percentile25,percentile50,percentile75,amplitude,variance,interquartile_range,semi_interquartile_range,coefficient_of_variation,skewness,kurtosis,label
LG25_4331856_4332478,68.94908304350952,6.4480201341546985,36956.380934472334,0.02236558698744245,3.0118843862741587,69.1138665656548,1479.0979534822252,1480.286461471087,1.3377499222851124,2.313501334805972,6.4480201341546985,12.63682982890843,36956.35856888535,2191248.008014592,10.323328494102459,5.161664247051229,21.452032256162965,0.12676860804697054,0.24008713993664435,fourier
