nameseq,average,median,maximum,minimum,peak,none_levated_peak,sample_standard_deviation,population_standard_deviation,percentile15,percentile25,percentile50,percentile75,amplitude,variance,interquartile_range,semi_interquartile_range,coefficient_of_variation,skewness,kurtosis,label
LG25_10598782_10599333,40.035798756023915,1.317991413459126,21011.400304136703,0.005547859537207777,4.595886824221654,122.99889143315829,893.4125097681416,894.2228614175184,0.27972731929961364,0.499792348441918,1.317991413459126,2.750752938289081,21011.394756277165,799634.5258817342,2.250960589847163,1.1254802949235816,22.315341207816314,0.13001096442878163,0.26108553550940095,fourier
