nameseq,average,median,maximum,minimum,peak,none_levated_peak,sample_standard_deviation,population_standard_deviation,percentile15,percentile25,percentile50,percentile75,amplitude,variance,interquartile_range,semi_interquartile_range,coefficient_of_variation,skewness,kurtosis,label
LG25_17382506_17382698,32.550854577792585,3.826064629577844,5205.536226042043,0.022512612816702363,1.9763946036987903,26.8169183630637,373.3847018259291,374.35579501814493,0.780337390825384,1.1195163591421065,3.826064629577844,7.73854963009742,5205.513713429226,140142.26126366737,6.619033270955314,3.309516635477657,11.470811033043235,0.23079244924399306,0.2664217479328094,fourier
