nameseq,average,median,maximum,minimum,peak,none_levated_peak,sample_standard_deviation,population_standard_deviation,percentile15,percentile25,percentile50,percentile75,amplitude,variance,interquartile_range,semi_interquartile_range,coefficient_of_variation,skewness,kurtosis,label
LG25_17881793_17881980,15.538911282772721,1.0588764921487095,2675.488197566261,0.057053888801623126,4.032886572699744,46.995583562281126,194.5172562573915,195.03666240566594,0.36468521047828995,0.6795407139505333,1.0588764921487095,1.8113572767713957,2675.4311436774597,38039.299682341705,1.1318165628208625,0.5659082814104313,12.518074961470683,0.2233226254969929,0.21679804625845567,fourier
