nameseq,average,median,maximum,minimum,peak,none_levated_peak,sample_standard_deviation,population_standard_deviation,percentile15,percentile25,percentile50,percentile75,amplitude,variance,interquartile_range,semi_interquartile_range,coefficient_of_variation,skewness,kurtosis,label
LG25_854126_858691,373.9590771358681,19.47620457507338,1572447.7135491893,0.005488181652782504,4.069964049694725,301.3884181874744,23267.67353764218,23270.221883691946,4.69599350729415,8.007997870673737,19.47620457507338,39.54340306046654,1572447.7080610075,541503226.5162554,31.5354051897928,15.7677025948964,62.21983890817146,0.04570498275050787,0.2448157585521098,fourier
