nameseq,average,median,maximum,minimum,peak,none_levated_peak,sample_standard_deviation,population_standard_deviation,percentile15,percentile25,percentile50,percentile75,amplitude,variance,interquartile_range,semi_interquartile_range,coefficient_of_variation,skewness,kurtosis,label
LG25_7403316_7405231,169.6320506632853,11.295552235647094,294471.26690949616,0.025450591533699107,3.765011766169127,168.176916584879,6725.271339534449,6727.027055878036,2.4756158962755714,4.50674952516529,11.295552235647094,20.88060359817412,294471.24145890464,45252893.010515116,16.37385407300883,8.186927036504414,39.64623025682757,0.07063053240552176,0.24407589927340193,fourier
