nameseq,average,median,maximum,minimum,peak,none_levated_peak,sample_standard_deviation,population_standard_deviation,percentile15,percentile25,percentile50,percentile75,amplitude,variance,interquartile_range,semi_interquartile_range,coefficient_of_variation,skewness,kurtosis,label
LG25_16146253_16146390,18.198167444875317,1.7584367436521915,2177.8264673126782,0.021387091057705778,2.527727043909237,27.117308050396993,184.52959189690205,185.20183307368626,0.3498202832690185,0.5619656387448263,1.7584367436521915,3.2363549331996415,2177.8050802216203,34299.71897385355,2.6743892944548153,1.3371946472274077,10.140009561724655,0.2672698270054396,0.26298461722161837,fourier
