nameseq,average,median,maximum,minimum,peak,none_levated_peak,sample_standard_deviation,population_standard_deviation,percentile15,percentile25,percentile50,percentile75,amplitude,variance,interquartile_range,semi_interquartile_range,coefficient_of_variation,skewness,kurtosis,label
LG25_2707468_2713689,564.6002373103801,29.893028247545313,3226477.6823968077,0.004758328814994744,3.6733955513019936,333.1938987300475,40899.974764782106,40903.261883514744,6.925194320948224,12.22711759031699,29.893028247545313,62.40215894797329,3226477.677638479,1673076832.7113903,50.1750413576563,25.08752067882815,72.44059081451995,0.03922060188090314,0.24753174304792622,fourier
