nameseq,average,median,maximum,minimum,peak,none_levated_peak,sample_standard_deviation,population_standard_deviation,percentile15,percentile25,percentile50,percentile75,amplitude,variance,interquartile_range,semi_interquartile_range,coefficient_of_variation,skewness,kurtosis,label
LG25_16107220_16107442,26.331644960152015,3.024372468898901,4766.43246231991,0.023548284931989582,2.8229658058136065,33.295930488172104,318.1862285216761,318.90205896188786,0.6605001076847545,1.3826037281043386,3.024372468898901,5.995286938480443,4766.408914034978,101698.5232101314,4.612683210376105,2.3063416051880523,12.08379609413658,0.2197512375020844,0.17790106933020483,fourier
