nameseq,average,median,maximum,minimum,peak,none_levated_peak,sample_standard_deviation,population_standard_deviation,percentile15,percentile25,percentile50,percentile75,amplitude,variance,interquartile_range,semi_interquartile_range,coefficient_of_variation,skewness,kurtosis,label
LG25_10409605_10409799,31.201474558233283,3.9252448627844276,4780.534016399418,0.14776743574070034,2.0832348765660544,24.947266419030996,341.0761746406698,341.954107044442,1.48776069232599,2.1269084005185843,3.9252448627844276,9.291647108752436,4780.386248963677,116932.6113245617,7.164738708233852,3.582369354116926,10.931412039648889,0.23991323689658076,0.2591654382197979,fourier
