nameseq,average,median,maximum,minimum,peak,none_levated_peak,sample_standard_deviation,population_standard_deviation,percentile15,percentile25,percentile50,percentile75,amplitude,variance,interquartile_range,semi_interquartile_range,coefficient_of_variation,skewness,kurtosis,label
LG25_16673514_16673640,15.612052239154552,2.0368589970710946,1616.1226063664108,0.08721959618994589,2.7115803025026155,22.674367443328812,142.6054771631744,143.17025354038145,0.7882842776659988,1.20268118561372,2.0368589970710946,4.272308700785423,1616.0353867702208,20497.721498817104,3.069627515171703,1.5348137575858516,9.134319753653156,0.28558215670531834,0.255846483277922,fourier
