nameseq,average,median,maximum,minimum,peak,none_levated_peak,sample_standard_deviation,population_standard_deviation,percentile15,percentile25,percentile50,percentile75,amplitude,variance,interquartile_range,semi_interquartile_range,coefficient_of_variation,skewness,kurtosis,label
LG25_256187_258065,157.41998240062765,7.507935968070516,274966.5822725779,0.03668458420542565,3.9787409691060676,197.33046642530243,6341.387631880791,6343.075742554079,1.4392762896019797,2.7483723974302396,7.507935968070516,14.613927000778212,274966.5455879937,40234609.875777975,11.865554603347972,5.932777301673986,40.283244446961056,0.07092077718710349,0.24057123440602138,fourier
