nameseq,average,median,maximum,minimum,peak,none_levated_peak,sample_standard_deviation,population_standard_deviation,percentile15,percentile25,percentile50,percentile75,amplitude,variance,interquartile_range,semi_interquartile_range,coefficient_of_variation,skewness,kurtosis,label
LG25_10416046_10416417,29.604537027619145,1.3392038356871205,10317.971461834188,0.003205891991815867,4.1885471772220555,83.69781796923075,534.1489153617297,534.8683081663338,0.33245954633290514,0.525376166526635,1.3392038356871205,2.5996554932946334,10317.968255942196,286084.1070807163,2.074279326767998,1.037139663383999,18.04280590044029,0.1587497365193966,0.24555493691179708,fourier
