nameseq,average,median,maximum,minimum,peak,none_levated_peak,sample_standard_deviation,population_standard_deviation,percentile15,percentile25,percentile50,percentile75,amplitude,variance,interquartile_range,semi_interquartile_range,coefficient_of_variation,skewness,kurtosis,label
LG25_2683683_2683846,24.460262348916682,3.0478370137298207,3452.540122022122,0.08600257565872567,2.234917430028619,26.558717349715224,268.5205602159431,269.3429834593776,0.9334074603864814,1.2502753590056308,3.0478370137298207,4.978657316425029,3452.454119446463,72545.64273879855,3.7283819574193986,1.8641909787096993,10.97782829904257,0.23922665718372266,0.2954712543549649,fourier
