nameseq,average,median,maximum,minimum,peak,none_levated_peak,sample_standard_deviation,population_standard_deviation,percentile15,percentile25,percentile50,percentile75,amplitude,variance,interquartile_range,semi_interquartile_range,coefficient_of_variation,skewness,kurtosis,label
LG25_5984854_5988841,347.9704368928134,19.25736509050839,1270802.9195275267,0.010034556325331418,3.820247907274987,266.1097726049431,20120.414351696454,20122.937445862954,4.159178191585169,8.134632925762979,19.25736509050839,38.05117544627917,1270802.9094929704,404932611.4501135,29.916542520516188,14.958271260258094,57.822194699529085,0.04901187411797851,0.23734809394812023,fourier
