nameseq,average,median,maximum,minimum,peak,none_levated_peak,sample_standard_deviation,population_standard_deviation,percentile15,percentile25,percentile50,percentile75,amplitude,variance,interquartile_range,semi_interquartile_range,coefficient_of_variation,skewness,kurtosis,label
LG25_16123454_16123909,52.947038327815484,4.880940218908081,20765.330876675383,0.008840061475969243,2.870793245486358,56.129240753910416,971.0462609100915,972.1127590469202,1.378624721159054,2.3496590788188048,4.880940218908081,9.595045288024194,20765.322036613907,945003.2163018156,7.245386209205389,3.6226931046026944,18.3399542557597,0.1484978626987097,0.23939168989677242,fourier
