nameseq,average,median,maximum,minimum,peak,none_levated_peak,sample_standard_deviation,population_standard_deviation,percentile15,percentile25,percentile50,percentile75,amplitude,variance,interquartile_range,semi_interquartile_range,coefficient_of_variation,skewness,kurtosis,label
LG25_539368_541288,144.95174555163578,5.146094237093814,264389.7235882203,0.0019940995439729297,4.417562071408303,240.16498255337163,6030.538655556911,6032.108903898993,1.0746229303987591,2.1114575131942885,5.146094237093814,10.145332896817717,264389.7215941208,36386337.828497514,8.033875383623428,4.016937691811714,41.60376705093674,0.06954883765766914,0.25349154605033514,fourier
