nameseq,average,median,maximum,minimum,peak,none_levated_peak,sample_standard_deviation,population_standard_deviation,percentile15,percentile25,percentile50,percentile75,amplitude,variance,interquartile_range,semi_interquartile_range,coefficient_of_variation,skewness,kurtosis,label
LG25_2788642_2788895,53.014044068956686,7.794222726062736,10453.9246449963,0.002028087866617941,1.5970610835977468,24.632463376723837,654.0339680126687,655.3252505491748,2.195476556163674,3.5471892805554495,7.794222726062736,15.436963517553325,10453.922616908432,429451.18400733883,11.889774236997876,5.944887118498938,12.336994460598977,0.2074195999955374,0.2302267712108986,fourier
