nameseq,average,median,maximum,minimum,peak,none_levated_peak,sample_standard_deviation,population_standard_deviation,percentile15,percentile25,percentile50,percentile75,amplitude,variance,interquartile_range,semi_interquartile_range,coefficient_of_variation,skewness,kurtosis,label
LG25_10592788_10593230,54.32535499559657,5.964727599321041,20144.038003853326,0.016171545750778504,2.718190551697932,50.21894918621686,955.6164688058032,956.6968721681598,1.3050483329873561,2.228428863350248,5.964727599321041,12.74719989959015,20144.021832307575,915268.9052163402,10.518771036239903,5.259385518119951,17.590616184344533,0.15182019871437524,0.27990315444136055,fourier
