nameseq,average,median,maximum,minimum,peak,none_levated_peak,sample_standard_deviation,population_standard_deviation,percentile15,percentile25,percentile50,percentile75,amplitude,variance,interquartile_range,semi_interquartile_range,coefficient_of_variation,skewness,kurtosis,label
LG25_13109982_13111147,115.71194639214065,9.156058430634005,119902.51723788033,0.005782348059877466,3.3589156416874997,111.5470481875158,3509.5291233757107,3511.0350359630893,2.092073840858601,3.832305458549625,9.156058430634005,18.726641854956277,119902.51145553227,12327367.023760332,14.894336396406652,7.447168198203326,30.329877189016706,0.09108562791382144,0.2563739360659111,fourier
