nameseq,average,median,maximum,minimum,peak,none_levated_peak,sample_standard_deviation,population_standard_deviation,percentile15,percentile25,percentile50,percentile75,amplitude,variance,interquartile_range,semi_interquartile_range,coefficient_of_variation,skewness,kurtosis,label
LG25_19079174_19079254,8.615565157808645,0.5478845917802955,614.4872036538095,0.008507532860731644,3.133862898770927,23.541879827143138,67.75703252637378,68.17919880718624,0.14269549686048993,0.3285535311441576,0.5478845917802955,0.9654499233034456,614.4786961209488,4648.403149989825,0.6368963921592881,0.31844819607964403,7.864490754267323,0.3572033897538863,0.14731238864827662,fourier
