nameseq,average,median,maximum,minimum,peak,none_levated_peak,sample_standard_deviation,population_standard_deviation,percentile15,percentile25,percentile50,percentile75,amplitude,variance,interquartile_range,semi_interquartile_range,coefficient_of_variation,skewness,kurtosis,label
LG25_5272004_5272111,13.883584109954874,2.252225710366683,1225.681764595154,0.005715587353212314,2.592990377332544,20.39916090711838,117.16528157014018,117.71150962012838,0.5660443291811524,0.8967924064348232,2.252225710366683,3.771723981359272,1225.6760490078007,13855.999497049577,2.8749315749244486,1.4374657874622243,8.43912354635643,0.29781924074390137,0.26463950830768573,fourier
