nameseq,average,median,maximum,minimum,peak,none_levated_peak,sample_standard_deviation,population_standard_deviation,percentile15,percentile25,percentile50,percentile75,amplitude,variance,interquartile_range,semi_interquartile_range,coefficient_of_variation,skewness,kurtosis,label
LG25_2024389_2024563,25.99280202870687,3.6571704467769224,3737.6029038074953,0.18145343059696728,2.244211042307369,24.944035527017235,281.4005726785559,282.20803652674033,1.4583950549245466,2.1218807599305025,3.6571704467769224,6.261084848820276,3737.4214503768985,79641.37588027799,4.139204088889773,2.0696020444448866,10.826096100288554,0.2381192550817296,0.22624351674257998,fourier
