nameseq,average,median,maximum,minimum,peak,none_levated_peak,sample_standard_deviation,population_standard_deviation,percentile15,percentile25,percentile50,percentile75,amplitude,variance,interquartile_range,semi_interquartile_range,coefficient_of_variation,skewness,kurtosis,label
LG25_9423428_9425191,158.37494687852848,11.650050762876035,249296.33013984663,0.025723301740548345,3.7127084276213735,149.90009710992416,5933.564512969528,5935.247077731256,2.4711928872005755,4.8145813969967355,11.650050762876035,23.299991752214403,249296.30441654488,35227157.873717405,18.485410355217667,9.242705177608833,37.46529757336237,0.07418385481186354,0.24158890428651406,fourier
