nameseq,average,median,maximum,minimum,peak,none_levated_peak,sample_standard_deviation,population_standard_deviation,percentile15,percentile25,percentile50,percentile75,amplitude,variance,interquartile_range,semi_interquartile_range,coefficient_of_variation,skewness,kurtosis,label
LG25_5032624_5034142,131.63132137678915,7.762053137155068,182440.79546537527,0.00038791161247393106,3.846602222308286,154.5182084861276,4679.226213180183,4680.76720654097,1.982063547327402,3.380074946710682,7.762053137155068,15.805110206926669,182440.79507746364,21909581.641829353,12.425035260215987,6.212517630107993,35.547969618766444,0.07941650772774742,0.24086625615491508,fourier
