nameseq,average,median,maximum,minimum,peak,none_levated_peak,sample_standard_deviation,population_standard_deviation,percentile15,percentile25,percentile50,percentile75,amplitude,variance,interquartile_range,semi_interquartile_range,coefficient_of_variation,skewness,kurtosis,label
LG25_3911501_3911735,40.36372672795529,4.329725633334839,8092.229702720741,0.12943128320587147,1.9406863459681705,30.757759896933393,526.397800267243,527.5213827628513,1.0418833826354519,1.542184810305939,4.329725633334839,8.337860712669649,8092.100271437535,278278.8092720307,6.79567590236371,3.397837951181855,13.041357747144495,0.2053618066583482,0.24517238651465037,fourier
