nameseq,average,median,maximum,minimum,peak,none_levated_peak,sample_standard_deviation,population_standard_deviation,percentile15,percentile25,percentile50,percentile75,amplitude,variance,interquartile_range,semi_interquartile_range,coefficient_of_variation,skewness,kurtosis,label
LG25_5841452_5841913,55.6196393765748,4.056577966596505,22739.079625841438,0.007840386071334369,2.768806157791448,60.837295511547154,1056.5036290230707,1057.648890745807,1.0194268905332753,1.8268205365117591,4.056577966596505,8.500948095342421,22739.071785455366,1118621.176095836,6.674127558830662,3.337063779415331,18.995154245247335,0.14641614092038008,0.24389277362996714,fourier
