nameseq,average,median,maximum,minimum,peak,none_levated_peak,sample_standard_deviation,population_standard_deviation,percentile15,percentile25,percentile50,percentile75,amplitude,variance,interquartile_range,semi_interquartile_range,coefficient_of_variation,skewness,kurtosis,label
LG25_15236418_15236501,19.60612118028259,2.5706455728674973,1247.0682859800218,0.1326316508862108,1.4281254176965374,12.645795171942538,134.96687672792814,135.777495888532,0.6727138882929148,1.0450795415939778,2.5706455728674973,3.817883969213927,1246.9356543291356,18435.528389760326,2.772804427619949,1.3864022138099745,6.883915257223909,0.3786590314693859,0.11570595093792468,fourier
