nameseq,average,median,maximum,minimum,peak,none_levated_peak,sample_standard_deviation,population_standard_deviation,percentile15,percentile25,percentile50,percentile75,amplitude,variance,interquartile_range,semi_interquartile_range,coefficient_of_variation,skewness,kurtosis,label
LG25_12178012_12178310,44.54355082800292,2.448648058017133,12002.202502433898,0.0326559426292545,2.2375105893895157,45.9827043624831,692.7076697338855,693.8689575059486,0.5694765145150643,0.9379180551339006,2.448648058017133,5.257433181933912,12002.16984649127,481454.13019039197,4.319515126800011,2.1597575634000057,15.551244946965593,0.18230591897224352,0.17002048789432989,fourier
