nameseq,average,median,maximum,minimum,peak,none_levated_peak,sample_standard_deviation,population_standard_deviation,percentile15,percentile25,percentile50,percentile75,amplitude,variance,interquartile_range,semi_interquartile_range,coefficient_of_variation,skewness,kurtosis,label
LG25_12266534_12266762,30.641188223718324,3.0651006590641927,6005.751992835392,0.042434888478056994,2.4912001706985447,35.11857770104528,395.7378207468385,396.6047173404413,0.7073613254059967,0.9960617849766212,3.0651006590641927,5.808754971035594,6005.709557946914,157295.30181669135,4.812693186058972,2.406346593029486,12.915224365891628,0.2090481585455673,0.18713660720096736,fourier
