nameseq,average,median,maximum,minimum,peak,none_levated_peak,sample_standard_deviation,population_standard_deviation,percentile15,percentile25,percentile50,percentile75,amplitude,variance,interquartile_range,semi_interquartile_range,coefficient_of_variation,skewness,kurtosis,label
LG25_2360189_2360326,24.139325636365975,2.773223075879072,2672.2776449571893,0.09342832093291908,1.9056041868336557,19.85728688196423,226.31904118006975,227.14352129194558,1.4343002849900763,2.059679881243473,2.773223075879072,5.461178244654372,2672.184216636256,51594.179264904524,3.401498363410899,1.7007491817054494,9.375532878976509,0.2832210111320734,0.20005701176940793,fourier
