nameseq,average,median,maximum,minimum,peak,none_levated_peak,sample_standard_deviation,population_standard_deviation,percentile15,percentile25,percentile50,percentile75,amplitude,variance,interquartile_range,semi_interquartile_range,coefficient_of_variation,skewness,kurtosis,label
LG25_10073837_10074169,31.28171863609336,2.369669983492633,9182.690928775142,0.0015995900340672288,3.5483983885695585,56.340970320992845,502.26452497942194,503.0203787177743,0.47529741301237854,0.9359614925256342,2.369669983492633,5.213018503973226,9182.689329185108,253029.50140537304,4.277057011447591,2.1385285057237957,16.05616784750122,0.1726901695104901,0.2371979784542279,fourier
