nameseq,average,median,maximum,minimum,peak,none_levated_peak,sample_standard_deviation,population_standard_deviation,percentile15,percentile25,percentile50,percentile75,amplitude,variance,interquartile_range,semi_interquartile_range,coefficient_of_variation,skewness,kurtosis,label
LG25_10883070_10883588,46.05705956323037,3.113659788966077,21375.944286198584,0.009692491898498677,3.7562102670165785,78.80677353144979,937.1985841378074,938.1027797983202,0.6877187200667085,1.1619420810758787,3.113659788966077,6.645579447746585,21375.934593706686,880036.8254653356,5.483637366670706,2.741818683335353,20.348641294634874,0.137463075065689,0.2406753752714892,fourier
