nameseq,average,median,maximum,minimum,peak,none_levated_peak,sample_standard_deviation,population_standard_deviation,percentile15,percentile25,percentile50,percentile75,amplitude,variance,interquartile_range,semi_interquartile_range,coefficient_of_variation,skewness,kurtosis,label
LG25_16900348_16900576,22.766751386857088,2.050506187178247,4595.678564259901,0.019322688922361664,3.3528425745185344,43.31590956099481,302.86084281927475,303.5242846719645,0.6224625604325852,0.7907402623085955,2.050506187178247,3.633589819552611,4595.659241570978,92126.99138562774,2.8428495572440156,1.4214247786220078,13.302769361908695,0.20520558227503302,0.2567044414224165,fourier
