nameseq,average,median,maximum,minimum,peak,none_levated_peak,sample_standard_deviation,population_standard_deviation,percentile15,percentile25,percentile50,percentile75,amplitude,variance,interquartile_range,semi_interquartile_range,coefficient_of_variation,skewness,kurtosis,label
LG25_14844613_14849755,449.98254735202113,19.52548234915249,2159064.351448493,0.04492515789862532,3.80977738674876,340.45504748640224,30103.00709769198,30105.93412449628,4.659304301903574,8.047560056655652,19.52548234915249,39.33958413695681,2159064.306523335,906367269.5085098,31.292024080301157,15.646012040150579,66.8981658840702,0.04289841180377014,0.24816739885394448,fourier
