nameseq,average,median,maximum,minimum,peak,none_levated_peak,sample_standard_deviation,population_standard_deviation,percentile15,percentile25,percentile50,percentile75,amplitude,variance,interquartile_range,semi_interquartile_range,coefficient_of_variation,skewness,kurtosis,label
LG25_166635_167992,121.34771268791177,8.515251608632251,147350.24718700908,0.0018951631719571114,3.730327145356731,131.34090285776716,3996.736822530132,3998.209188327924,2.0443306620880923,3.6616756709819414,8.515251608632251,17.66688900313393,147350.2452918459,15985676.713629836,14.00521333215199,7.002606666075995,32.9362353356354,0.0846934382393367,0.25207578455857343,fourier
