nameseq,average,median,maximum,minimum,peak,none_levated_peak,sample_standard_deviation,population_standard_deviation,percentile15,percentile25,percentile50,percentile75,amplitude,variance,interquartile_range,semi_interquartile_range,coefficient_of_variation,skewness,kurtosis,label
LG25_15482721_15483556,60.63637254749231,2.01257448601824,48204.66435918027,0.00017433139009772486,4.595701473540592,156.17749276878698,1666.0956071731032,1667.0929706908464,0.4807117330358673,0.8474901580050762,2.01257448601824,3.8297279665891173,48204.66418484888,2779198.9729268313,2.982237808584041,1.4911189042920205,27.47683506080719,0.10555900479374447,0.2226768781689453,fourier
