nameseq,average,median,maximum,minimum,peak,none_levated_peak,sample_standard_deviation,population_standard_deviation,percentile15,percentile25,percentile50,percentile75,amplitude,variance,interquartile_range,semi_interquartile_range,coefficient_of_variation,skewness,kurtosis,label
LG25_13849400_13849960,57.08841887671997,3.9076946550075684,28531.84804937542,0.02226736584253344,3.275620584339857,76.35372643688414,1203.2988664645266,1204.3727612489615,0.7788236529860706,1.201519197091119,3.9076946550075684,9.269347208260614,28531.82578200958,1450513.7480384482,8.067828011169494,4.033914005584747,21.077810353497433,0.13258732066614187,0.27210832169790544,fourier
