nameseq,average,median,maximum,minimum,peak,none_levated_peak,sample_standard_deviation,population_standard_deviation,percentile15,percentile25,percentile50,percentile75,amplitude,variance,interquartile_range,semi_interquartile_range,coefficient_of_variation,skewness,kurtosis,label
LG25_16677303_16677557,22.186947281273117,1.407970431719549,5145.774410605671,0.019748849944180084,3.8310813525817595,55.788223179769275,321.48822580659106,322.1204549832519,0.2580892523164167,0.4305902646203351,1.407970431719549,3.2171886717364817,5145.754661755726,103761.58751861719,2.7865984071161467,1.3932992035580734,14.489971140732058,0.19390113088049113,0.30207617330001263,fourier
