nameseq,average,median,maximum,minimum,peak,none_levated_peak,sample_standard_deviation,population_standard_deviation,percentile15,percentile25,percentile50,percentile75,amplitude,variance,interquartile_range,semi_interquartile_range,coefficient_of_variation,skewness,kurtosis,label
LG25_13184105_13184622,36.49667066333935,1.0822486407937955,18164.06990168517,0.011340154688658323,4.731025146359696,129.91347563236215,797.2509566412781,798.0216199015891,0.2534676646404303,0.4174483194633912,1.0822486407937955,2.016089840725533,18164.05856153048,636838.5058303564,1.598641521262142,0.799320760631071,21.84448450094137,0.13326201139378588,0.2720998230325069,fourier
