nameseq,average,median,maximum,minimum,peak,none_levated_peak,sample_standard_deviation,population_standard_deviation,percentile15,percentile25,percentile50,percentile75,amplitude,variance,interquartile_range,semi_interquartile_range,coefficient_of_variation,skewness,kurtosis,label
LG25_6167167_6168063,91.66496603302906,6.818520665810014,73286.6896917885,0.039300788160844154,3.261878697388741,97.35281501036599,2445.2995075160766,2446.663691447862,1.5074102105705027,2.751925619908356,6.818520665810014,13.418742276990068,73286.65039100034,5986163.21904928,10.666816657081712,5.333408328540856,26.676489539471135,0.10409331671612569,0.2460235303491031,fourier
