nameseq,average,median,maximum,minimum,peak,none_levated_peak,sample_standard_deviation,population_standard_deviation,percentile15,percentile25,percentile50,percentile75,amplitude,variance,interquartile_range,semi_interquartile_range,coefficient_of_variation,skewness,kurtosis,label
LG25_3599608_3599877,47.629554637831994,4.834065106312933,10339.263747037558,0.009471252298120217,1.8895830684193151,30.774782059524796,627.6517826020208,628.81733937679,0.8921852005338863,1.9105608612582137,4.834065106312933,12.559435172225038,10339.254275785259,395411.2463009051,10.648874310966825,5.3244371554834125,13.177779791866438,0.20455047233724502,0.2723274957067222,fourier
