nameseq,average,median,maximum,minimum,peak,none_levated_peak,sample_standard_deviation,population_standard_deviation,percentile15,percentile25,percentile50,percentile75,amplitude,variance,interquartile_range,semi_interquartile_range,coefficient_of_variation,skewness,kurtosis,label
LG25_8701474_8701552,17.26396789254139,1.597025118254422,1129.318161870604,0.09560330375347825,1.5253349344278038,13.825131941485521,125.97049838435579,126.77542988681851,0.4083221371057822,0.7940824720506164,1.597025118254422,3.5247629098408275,1129.2225585668505,16072.009622987636,2.730680437790211,1.3653402188951056,7.2967291858078145,0.37310980686488987,0.21236278628556962,fourier
