nameseq,average,median,maximum,minimum,peak,none_levated_peak,sample_standard_deviation,population_standard_deviation,percentile15,percentile25,percentile50,percentile75,amplitude,variance,interquartile_range,semi_interquartile_range,coefficient_of_variation,skewness,kurtosis,label
LG25_4354505_4355050,64.67732543774436,6.959692942696902,29810.12461695607,0.03619512682904549,2.8139691734035206,58.127433239875955,1274.1925764429307,1275.361024718208,1.7566652626914072,2.804486756908265,6.959692942696902,14.510498724909072,29810.08842182924,1626545.7433702776,11.706011968000807,5.853005984000403,19.700761709285803,0.13589225105087374,0.2620232330499322,fourier
