nameseq,average,median,maximum,minimum,peak,none_levated_peak,sample_standard_deviation,population_standard_deviation,percentile15,percentile25,percentile50,percentile75,amplitude,variance,interquartile_range,semi_interquartile_range,coefficient_of_variation,skewness,kurtosis,label
LG25_4207549_4207768,31.602795926498562,3.5741318873322743,5661.303586861997,0.05938635678172738,2.320469793365473,30.308486634811317,380.50577476670196,381.3735199638,0.8958112366216789,1.4621766745320823,3.5741318873322743,7.624084718695861,5661.244200505215,145445.76172957895,6.161908044163779,3.0809540220818894,12.040256680189884,0.22098479890102635,0.2951195310239463,fourier
