nameseq,average,median,maximum,minimum,peak,none_levated_peak,sample_standard_deviation,population_standard_deviation,percentile15,percentile25,percentile50,percentile75,amplitude,variance,interquartile_range,semi_interquartile_range,coefficient_of_variation,skewness,kurtosis,label
LG25_10456522_10456693,44.7183045810293,4.722773339170014,6505.108804735859,0.15762555597850622,1.2820998888597326,20.316608158839305,494.0868492968311,495.5294417077836,1.7392367255874226,2.6221565716273503,4.722773339170014,9.761683518085352,6504.9511791798805,245549.42759922767,7.139526946458002,3.569763473229001,11.048872579718417,0.24284514735888849,0.2871910422158391,fourier
