nameseq,average,median,maximum,minimum,peak,none_levated_peak,sample_standard_deviation,population_standard_deviation,percentile15,percentile25,percentile50,percentile75,amplitude,variance,interquartile_range,semi_interquartile_range,coefficient_of_variation,skewness,kurtosis,label
LG25_5002909_5003404,56.64511210524788,5.118819349233716,24213.75824823028,0.011973565886565517,2.9187572799951447,60.04382605313097,1085.8237589865544,1086.9199972859335,1.3197539710637654,2.1738310252508573,5.118819349233716,9.380164911479058,24213.74627466439,1181395.0805000537,7.206333886228201,3.6031669431141005,19.16888710484092,0.14236092827100924,0.21757501035806265,fourier
