nameseq,average,median,maximum,minimum,peak,none_levated_peak,sample_standard_deviation,population_standard_deviation,percentile15,percentile25,percentile50,percentile75,amplitude,variance,interquartile_range,semi_interquartile_range,coefficient_of_variation,skewness,kurtosis,label
LG25_17082630_17082882,26.82072263650153,2.651481641163177,5972.833157322541,0.015811041449895678,3.1443348665990194,44.20059631204771,374.57495303542044,375.3174214607809,0.5720090497018393,0.8764692405272271,2.651481641163177,4.479216474644711,5972.817346281092,140863.16685196946,3.602747234117484,1.801373617058742,13.965878478070703,0.1935733353189758,0.2557754393377528,fourier
