nameseq,average,median,maximum,minimum,peak,none_levated_peak,sample_standard_deviation,population_standard_deviation,percentile15,percentile25,percentile50,percentile75,amplitude,variance,interquartile_range,semi_interquartile_range,coefficient_of_variation,skewness,kurtosis,label
LG25_12839003_12839131,20.531047213861147,1.9561658962187896,2225.040272275143,0.02033386723319596,2.09438902712032,22.810222302614903,194.89492287166567,195.65475001398895,0.21129958251511038,0.6094849356440248,1.9561658962187896,5.037072064789233,2225.0199384079096,38280.78120303651,4.427587129145208,2.213793564572604,9.492692741950643,0.2859214756949857,0.3187457960605367,fourier
