nameseq,average,median,maximum,minimum,peak,none_levated_peak,sample_standard_deviation,population_standard_deviation,percentile15,percentile25,percentile50,percentile75,amplitude,variance,interquartile_range,semi_interquartile_range,coefficient_of_variation,skewness,kurtosis,label
LG25_1924488_1926379,200.01221575351414,12.670655138396684,339178.8905592793,0.031915287596216126,3.1531407433827505,148.07407718832047,7795.249404409633,7797.310276727042,3.146017970791058,5.722044697508753,12.670655138396684,27.26625884332336,339178.8586439917,60798047.55155314,21.544214145814607,10.772107072907303,38.97386654631205,0.0720983579470113,0.24285323014099056,fourier
