nameseq,average,median,maximum,minimum,peak,none_levated_peak,sample_standard_deviation,population_standard_deviation,percentile15,percentile25,percentile50,percentile75,amplitude,variance,interquartile_range,semi_interquartile_range,coefficient_of_variation,skewness,kurtosis,label
LG25_16682768_16683010,28.292209768121808,2.599288343542171,5902.4948152766165,0.017141526074740798,2.8629789141202604,39.0604071096551,377.63074774574454,378.41017220294026,0.6962534402037402,1.3422292506131426,2.599288343542171,5.172029359548668,5902.477673750542,143194.2584266589,3.829800108935526,1.914900054467763,13.347516890364615,0.20411146267579716,0.21498522487468438,fourier
