nameseq,average,median,maximum,minimum,peak,none_levated_peak,sample_standard_deviation,population_standard_deviation,percentile15,percentile25,percentile50,percentile75,amplitude,variance,interquartile_range,semi_interquartile_range,coefficient_of_variation,skewness,kurtosis,label
LG25_9847795_9848560,73.89598558087712,5.045246309422259,50986.90271504617,0.0014378111455917192,3.455307231187519,94.85427572369116,1840.780471599512,1841.9832031695848,1.299580380819433,2.249614024091941,5.045246309422259,9.542852229371167,50986.901277235025,3392902.1207588837,7.293238205279226,3.646619102639613,24.91042587942519,0.11220904447931528,0.23055835111911302,fourier
