nameseq,average,median,maximum,minimum,peak,none_levated_peak,sample_standard_deviation,population_standard_deviation,percentile15,percentile25,percentile50,percentile75,amplitude,variance,interquartile_range,semi_interquartile_range,coefficient_of_variation,skewness,kurtosis,label
LG25_6504303_6504475,23.903967128814156,2.704978287966216,3413.2098109738495,0.05692455433046896,2.41243080514257,26.92511279542712,258.46429124617293,259.2145520151556,0.8065843714074561,1.2296481081950488,2.704978287966216,5.5441746316940845,3413.152886419519,67192.18397641783,4.314526523499036,2.157263261749518,10.812610720779343,0.2460570712337637,0.1865920682180257,fourier
