nameseq,average,median,maximum,minimum,peak,none_levated_peak,sample_standard_deviation,population_standard_deviation,percentile15,percentile25,percentile50,percentile75,amplitude,variance,interquartile_range,semi_interquartile_range,coefficient_of_variation,skewness,kurtosis,label
LG25_13791191_13791302,12.876213819388623,0.9222726561420731,1286.7723691489052,0.010802097724774305,2.899403027706631,27.253632676362432,120.91961001583853,121.46307167552773,0.30325004677244094,0.4668570649712582,0.9222726561420731,2.3435215757974257,1286.7615670511805,14753.277780854387,1.8766645108261675,0.9383322554130837,9.390929019348945,0.29657574553078964,0.2916474389595937,fourier
