nameseq,average,median,maximum,minimum,peak,none_levated_peak,sample_standard_deviation,population_standard_deviation,percentile15,percentile25,percentile50,percentile75,amplitude,variance,interquartile_range,semi_interquartile_range,coefficient_of_variation,skewness,kurtosis,label
LG25_11805914_11806014,23.798596240861077,3.0009039536819264,1935.6806497989223,0.06726233190975826,1.4146492644327724,14.667535135304394,191.26809025592863,192.22205173614068,0.6837007999260247,1.007143371521053,3.0009039536819264,5.781757489579115,1935.6133874670127,36949.31717365155,4.774614118058062,2.387307059029031,8.036948411584472,0.32620745456312983,0.23054849472556468,fourier
