nameseq,average,median,maximum,minimum,peak,none_levated_peak,sample_standard_deviation,population_standard_deviation,percentile15,percentile25,percentile50,percentile75,amplitude,variance,interquartile_range,semi_interquartile_range,coefficient_of_variation,skewness,kurtosis,label
LG25_16636183_16636281,21.018295605132078,2.1549823612086363,1822.4342464465738,0.11366856006905518,1.570060704253409,17.587182342085093,181.9897377947229,182.91590020253616,0.5897025693764448,1.0033895657279417,2.1549823612086363,3.752498842055233,1822.3205778865047,33458.22654690417,2.7491092763272915,1.3745546381636458,8.658634420875027,0.31095126800831757,0.25261455266554983,fourier
