nameseq,average,median,maximum,minimum,peak,none_levated_peak,sample_standard_deviation,population_standard_deviation,percentile15,percentile25,percentile50,percentile75,amplitude,variance,interquartile_range,semi_interquartile_range,coefficient_of_variation,skewness,kurtosis,label
LG25_90914_91196,35.42191512478305,4.377523989359393,8231.26296205759,0.019667620090443202,2.6631347571417088,36.77725875962599,488.08699735923824,488.95163399332523,1.1513915664921424,1.9110133703270025,4.377523989359393,10.02562528049765,8231.2432944375,239073.7003847427,8.114611910170648,4.057305955085324,13.77923795593273,0.19081265001969264,0.28123473474123173,fourier
