nameseq,average,median,maximum,minimum,peak,none_levated_peak,sample_standard_deviation,population_standard_deviation,percentile15,percentile25,percentile50,percentile75,amplitude,variance,interquartile_range,semi_interquartile_range,coefficient_of_variation,skewness,kurtosis,label
LG25_11144147_11149380,480.50067255092927,33.90858606330634,2249135.4688267685,0.00011792543608194771,3.630934910880371,267.94574036400127,31084.82484005296,31087.79477507527,7.739841771081499,13.836496775982534,33.90858606330634,66.93923994843708,2249135.468708843,966450983.977197,53.102743172454545,26.551371586227273,64.6925730093712,0.04310065333669051,0.2458807237130583,fourier
