nameseq,average,median,maximum,minimum,peak,none_levated_peak,sample_standard_deviation,population_standard_deviation,percentile15,percentile25,percentile50,percentile75,amplitude,variance,interquartile_range,semi_interquartile_range,coefficient_of_variation,skewness,kurtosis,label
LG25_1119478_1119683,59.355488951724624,5.543658664083215,9932.677253296442,0.07802749743429077,1.1568713842542022,20.70647026479373,689.7436508644305,691.4239058532706,1.719775507592632,2.5698434424276906,5.543658664083215,13.879035717421123,9932.599225799007,478067.0175853925,11.309192274993432,5.654596137496716,11.620553769263312,0.2340514344142248,0.2357430627592262,fourier
