nameseq,average,median,maximum,minimum,peak,none_levated_peak,sample_standard_deviation,population_standard_deviation,percentile15,percentile25,percentile50,percentile75,amplitude,variance,interquartile_range,semi_interquartile_range,coefficient_of_variation,skewness,kurtosis,label
LG25_19250264_19250799,71.1761788502852,5.799392113162243,33762.04074963573,0.013688982218596634,2.5102031262802296,61.72912719680403,1456.6065627827002,1457.967241792884,1.4541407820104733,2.770724442922598,5.799392113162243,10.60619608303875,33762.02706065351,2125668.47814115,7.835471640116152,3.917735820058076,20.464804184649815,0.1346488236581068,0.21674386078089672,fourier
