nameseq,average,median,maximum,minimum,peak,none_levated_peak,sample_standard_deviation,population_standard_deviation,percentile15,percentile25,percentile50,percentile75,amplitude,variance,interquartile_range,semi_interquartile_range,coefficient_of_variation,skewness,kurtosis,label
LG25_17441265_17441472,38.16685367329055,5.715306535189848,6093.169734226708,0.0981671943765501,1.8165849856744498,23.41449330263454,420.96184831945834,421.9774392968337,0.9933772300789708,2.307057039808842,5.715306535189848,11.481992180928113,6093.071567032332,178064.959275513,9.17493514111927,4.587467570559635,11.029514036522498,0.23126713692216092,0.2150364422479396,fourier
