nameseq,average,median,maximum,minimum,peak,none_levated_peak,sample_standard_deviation,population_standard_deviation,percentile15,percentile25,percentile50,percentile75,amplitude,variance,interquartile_range,semi_interquartile_range,coefficient_of_variation,skewness,kurtosis,label
LG25_7723126_7723420,51.22177316626489,6.2323077001308125,12348.471298321301,0.07951962197601577,1.9197565264705934,32.546339724725485,717.2853256718168,718.5041631280709,1.415629556018447,2.525537438426049,6.2323077001308125,11.550887248587669,12348.391778699326,516248.2324323696,9.02534981016162,4.51267490508081,14.00352391830565,0.1881655619707394,0.19657416086289772,fourier
