nameseq,average,median,maximum,minimum,peak,none_levated_peak,sample_standard_deviation,population_standard_deviation,percentile15,percentile25,percentile50,percentile75,amplitude,variance,interquartile_range,semi_interquartile_range,coefficient_of_variation,skewness,kurtosis,label
LG25_14713322_14713843,51.54101695034772,5.447135990010113,22578.471416542772,0.01710890151476616,3.375952014443637,62.70030561700382,986.9836550208697,987.9304021498382,1.2393533348240686,2.2608569549756683,5.447135990010113,10.382045214150043,22578.45430764126,976006.479491941,8.121188259174374,4.060594129587187,19.149479645923268,0.14010530182294545,0.22786683398461413,fourier
