nameseq,average,median,maximum,minimum,peak,none_levated_peak,sample_standard_deviation,population_standard_deviation,percentile15,percentile25,percentile50,percentile75,amplitude,variance,interquartile_range,semi_interquartile_range,coefficient_of_variation,skewness,kurtosis,label
LG25_8179599_8183715,482.67936563124977,40.69375932348863,1736231.6108993918,0.05988467517732715,2.8431572407048953,191.15647493777738,27055.20201804135,27058.488407609257,9.789559067854332,17.186549451012606,40.69375932348863,82.69869433571846,1736231.5510147167,732161794.9047245,65.51214488470585,32.756072442352924,56.05212060942042,0.04900931133462206,0.24759761303766714,fourier
