nameseq,average,median,maximum,minimum,peak,none_levated_peak,sample_standard_deviation,population_standard_deviation,percentile15,percentile25,percentile50,percentile75,amplitude,variance,interquartile_range,semi_interquartile_range,coefficient_of_variation,skewness,kurtosis,label
LG25_14215734_14217826,146.603963571198,4.266620089277741,293228.2004742721,0.004995248311268297,4.758852691781732,280.630638863407,6407.7878317574105,6409.319146830473,0.9437730812538536,1.8216567146049156,4.266620089277741,8.68503010073891,293228.19547902374,41079371.925927706,6.863373386133994,3.431686693066997,43.708148645281874,0.06663953951931141,0.2540146281976567,fourier
