nameseq,average,median,maximum,minimum,peak,none_levated_peak,sample_standard_deviation,population_standard_deviation,percentile15,percentile25,percentile50,percentile75,amplitude,variance,interquartile_range,semi_interquartile_range,coefficient_of_variation,skewness,kurtosis,label
LG25_5414150_5416943,219.91886532379874,10.72663466754113,569347.2594402026,0.014360679094422783,4.23489513717743,245.45083866357348,10768.982433230192,10770.910112907894,2.4306950475100484,4.310492663474254,10.72663466754113,21.659321375171892,569347.2450795235,116012504.66034153,17.34882871169764,8.67441435584882,48.96797924713927,0.058276322378634345,0.24000607998652398,fourier
