nameseq,average,median,maximum,minimum,peak,none_levated_peak,sample_standard_deviation,population_standard_deviation,percentile15,percentile25,percentile50,percentile75,amplitude,variance,interquartile_range,semi_interquartile_range,coefficient_of_variation,skewness,kurtosis,label
LG25_2744934_2745835,91.99989254958447,8.279641727458898,71983.43644949004,0.012568286574501276,3.268119758994487,89.16822109980238,2395.0831156902623,2396.411872028644,2.033952108002776,3.279578588373436,8.279641727458898,16.78249021761863,71983.42388120346,5742789.86039983,13.502911629245194,6.751455814622597,26.03354253266549,0.10486515095071858,0.24685270882789342,fourier
