nameseq,average,median,maximum,minimum,peak,none_levated_peak,sample_standard_deviation,population_standard_deviation,percentile15,percentile25,percentile50,percentile75,amplitude,variance,interquartile_range,semi_interquartile_range,coefficient_of_variation,skewness,kurtosis,label
LG25_7541735_7544695,292.38092690011655,21.64434801961161,770247.2846487466,0.02781826269861767,3.3757331932160537,186.39247845809226,14152.097389137285,14154.48774425764,5.462302861594205,8.896117151347305,21.64434801961161,42.59924636710869,770247.2568304839,200349523.30233976,33.703129215761386,16.851564607880693,48.402943171364726,0.05739147451493247,0.24801603862008267,fourier
