nameseq,average,median,maximum,minimum,peak,none_levated_peak,sample_standard_deviation,population_standard_deviation,percentile15,percentile25,percentile50,percentile75,amplitude,variance,interquartile_range,semi_interquartile_range,coefficient_of_variation,skewness,kurtosis,label
LG25_3682504_3688527,506.797566300385,29.157923656542458,2787044.3426241693,0.013838740444530944,3.962134259361921,328.6030912856696,35905.33006512208,35908.31062629146,7.451525115810467,12.451251099576337,29.157923656542458,58.92447888948537,2787044.328785429,1289406772.0342362,46.47322778990903,23.236613894954516,70.84747925533755,0.0399082510962194,0.2389884828854381,fourier
