nameseq,average,median,maximum,minimum,peak,none_levated_peak,sample_standard_deviation,population_standard_deviation,percentile15,percentile25,percentile50,percentile75,amplitude,variance,interquartile_range,semi_interquartile_range,coefficient_of_variation,skewness,kurtosis,label
LG25_14469382_14469464,16.44380033169709,2.720567947824738,1078.769661681376,0.017858198748743462,1.6824983342406783,13.407425108682077,117.36030634027556,118.07374942431551,0.7474934863611729,1.2549171177928962,2.720567947824738,4.5256236324186485,1078.751803482627,13941.410303116047,3.2707065146257523,1.6353532573128762,7.13705493699359,0.3507974581478107,0.22096202624224182,fourier
