nameseq,average,median,maximum,minimum,peak,none_levated_peak,sample_standard_deviation,population_standard_deviation,percentile15,percentile25,percentile50,percentile75,amplitude,variance,interquartile_range,semi_interquartile_range,coefficient_of_variation,skewness,kurtosis,label
LG25_7463509_7463814,41.34189432085316,4.02726618144956,10906.898254972282,0.009215068339980608,2.467230920972831,41.98226557390805,622.1901837518623,623.2093329750443,0.8364910027310374,1.5186789539427392,4.02726618144956,7.12883344445507,10906.889039903943,388389.87270719954,5.610154490512331,2.8050772452561654,15.049871177238845,0.17991907834864765,0.19564784736463112,fourier
