nameseq,average,median,maximum,minimum,peak,none_levated_peak,sample_standard_deviation,population_standard_deviation,percentile15,percentile25,percentile50,percentile75,amplitude,variance,interquartile_range,semi_interquartile_range,coefficient_of_variation,skewness,kurtosis,label
LG25_16499046_16499218,17.93343350866494,1.7362817779633983,2698.0042124976894,0.015693046924057416,3.2155954206317334,34.82500454634644,204.36587513162877,204.9591009807038,0.4719310503761506,0.6423759281279329,1.7362817779633983,3.089554554268962,2697.9885194507656,42008.23307481834,2.447178626141029,1.2235893130705144,11.395802986242696,0.23776697142224773,0.20104573787719066,fourier
