nameseq,average,median,maximum,minimum,peak,none_levated_peak,sample_standard_deviation,population_standard_deviation,percentile15,percentile25,percentile50,percentile75,amplitude,variance,interquartile_range,semi_interquartile_range,coefficient_of_variation,skewness,kurtosis,label
LG25_14649749_14649958,17.832916633014445,1.3189318176890246,3295.936943296248,0.015821075514617148,3.9253253654765348,44.80347367128749,226.76226829519592,227.30411439219196,0.38043714902308956,0.594887115861033,1.3189318176890246,3.0610936755372666,3295.9211222207337,51667.160419618696,2.4662065596762335,1.2331032798381167,12.715938338173256,0.2184752993451417,0.2637192859994885,fourier
