nameseq,average,median,maximum,minimum,peak,none_levated_peak,sample_standard_deviation,population_standard_deviation,percentile15,percentile25,percentile50,percentile75,amplitude,variance,interquartile_range,semi_interquartile_range,coefficient_of_variation,skewness,kurtosis,label
LG25_14193509_14193762,21.24514943813437,1.450902278805503,4775.9622733887145,0.022809417829159,3.9852233994971433,52.821307818090546,298.9436541085905,299.53386920265166,0.31385015763452195,0.49302737596412627,1.450902278805503,3.5207441134932256,4775.939463970885,89720.53879951123,3.0277167375290994,1.5138583687645497,14.071148568717344,0.19864192018077081,0.2905353878894222,fourier
