nameseq,average,median,maximum,minimum,peak,none_levated_peak,sample_standard_deviation,population_standard_deviation,percentile15,percentile25,percentile50,percentile75,amplitude,variance,interquartile_range,semi_interquartile_range,coefficient_of_variation,skewness,kurtosis,label
LG25_17599819_17599983,52.840913302658954,4.982265259844464,7071.818642300024,0.020451634294971755,1.0408601320907223,17.448751674513467,548.2767166318454,549.9457515934845,0.9615055344458767,2.1871210954039966,4.982265259844464,11.524866953893977,7071.79819066573,302440.32969572255,9.33774585848998,4.66887292924499,10.375988649012546,0.2618676660399776,0.17353406091672283,fourier
