nameseq,average,median,maximum,minimum,peak,none_levated_peak,sample_standard_deviation,population_standard_deviation,percentile15,percentile25,percentile50,percentile75,amplitude,variance,interquartile_range,semi_interquartile_range,coefficient_of_variation,skewness,kurtosis,label
LG25_3880473_3880993,45.351441979714934,3.0055991460160647,21199.171049070927,0.010256893636482675,3.829352697194178,79.7183100142366,927.6686015230131,928.5601621339066,0.6571424999326175,1.1560657961972793,3.0055991460160647,6.250470299207023,21199.16079217729,862223.974702147,5.094404503009743,2.5472022515048716,20.45510707108158,0.13694279217010358,0.23316761047681708,fourier
