nameseq,average,median,maximum,minimum,peak,none_levated_peak,sample_standard_deviation,population_standard_deviation,percentile15,percentile25,percentile50,percentile75,amplitude,variance,interquartile_range,semi_interquartile_range,coefficient_of_variation,skewness,kurtosis,label
LG25_11207993_11208228,27.534948560799698,2.5636459300512877,5474.33745761312,0.008740043391921224,2.8569752543013993,37.198817866043726,355.34469354895634,356.09994348397265,0.5904347655738587,1.0842024370380288,2.5636459300512877,6.454923513445686,5474.328717569728,126807.16974928851,5.370721076407657,2.6853605382038284,12.905224528178165,0.2108203928530714,0.30059571381280326,fourier
