nameseq,average,median,maximum,minimum,peak,none_levated_peak,sample_standard_deviation,population_standard_deviation,percentile15,percentile25,percentile50,percentile75,amplitude,variance,interquartile_range,semi_interquartile_range,coefficient_of_variation,skewness,kurtosis,label
LG25_13145893_13146713,89.47156906852709,6.971235464442314,62691.60168558207,0.00716636433015529,3.0586997580992783,83.171478076123,2186.446687521512,2187.779480505704,1.6732791045904682,2.940059611809217,6.971235464442314,15.106928799603372,62691.59451921774,4786379.05532181,12.166869187794155,6.083434593897078,24.43733479008167,0.11319782102385206,0.2196042173802777,fourier
