nameseq,average,median,maximum,minimum,peak,none_levated_peak,sample_standard_deviation,population_standard_deviation,percentile15,percentile25,percentile50,percentile75,amplitude,variance,interquartile_range,semi_interquartile_range,coefficient_of_variation,skewness,kurtosis,label
LG25_5823699_5823795,21.119937811564107,2.293525643783946,1775.718265067927,0.011533564862041917,1.5309388513269861,16.982811548069712,179.10134817016726,180.0317510447819,0.39690878928062,0.8199293251255498,2.293525643783946,3.7932092269600712,1775.706731503065,32411.43138425033,2.9732799018345215,1.4866399509172608,8.480202440373725,0.3153479137950352,0.24818940594949412,fourier
