nameseq,average,median,maximum,minimum,peak,none_levated_peak,sample_standard_deviation,population_standard_deviation,percentile15,percentile25,percentile50,percentile75,amplitude,variance,interquartile_range,semi_interquartile_range,coefficient_of_variation,skewness,kurtosis,label
LG25_5665473_5666936,111.65712955042586,4.452540333239962,153852.45920076445,0.002127420790513132,4.37052252699737,191.6675693047325,4019.4589026676863,4020.832372348185,1.2362658282972665,1.892362293087258,4.452540333239962,9.125559098062135,153852.45707334366,16167092.966523133,7.233196804974877,3.6165984024874387,35.998228853379615,0.08001419480570007,0.24848218320761123,fourier
