nameseq,average,median,maximum,minimum,peak,none_levated_peak,sample_standard_deviation,population_standard_deviation,percentile15,percentile25,percentile50,percentile75,amplitude,variance,interquartile_range,semi_interquartile_range,coefficient_of_variation,skewness,kurtosis,label
LG25_1787476_1790278,213.70675728626804,9.11566190443167,560202.8004117112,0.0054149336719585845,4.372034582330776,266.5123567065391,10579.037754193752,10580.92535127438,1.8739200960505737,3.412911366258386,9.11566190443167,18.417619664234095,560202.7949967775,111955981.28924087,15.004708297975709,7.5023541489878545,49.50258891450373,0.05801787463157474,0.2435893709620763,fourier
