nameseq,average,median,maximum,minimum,peak,none_levated_peak,sample_standard_deviation,population_standard_deviation,percentile15,percentile25,percentile50,percentile75,amplitude,variance,interquartile_range,semi_interquartile_range,coefficient_of_variation,skewness,kurtosis,label
LG25_15569714_15569886,30.32771141905302,2.1962123496913106,4685.948161748629,0.019674067995858004,1.9014513119654084,29.088577547490555,355.0025648024424,356.03305337003275,0.6209332171458837,0.8858593386340883,2.1962123496913106,5.113248199282101,4685.928487680633,126759.5350919886,4.227388860648013,2.1136944303240064,11.705550738636227,0.2377292605056258,0.30714350698165305,fourier
