nameseq,average,median,maximum,minimum,peak,none_levated_peak,sample_standard_deviation,population_standard_deviation,percentile15,percentile25,percentile50,percentile75,amplitude,variance,interquartile_range,semi_interquartile_range,coefficient_of_variation,skewness,kurtosis,label
LG26_12836835_12837047,43.155716844332275,5.878708457731893,7403.215935593852,0.086657093966742,1.645204973795368,24.07473573464921,505.5869185702669,506.7779376966998,1.574467939572303,2.720102979325621,5.878708457731893,10.66609418031536,7403.129278499885,256823.87813612013,7.94599120098974,3.97299560049487,11.715410043910941,0.2211905036547317,0.256124223912609,fourier
