nameseq,average,median,maximum,minimum,peak,none_levated_peak,sample_standard_deviation,population_standard_deviation,percentile15,percentile25,percentile50,percentile75,amplitude,variance,interquartile_range,semi_interquartile_range,coefficient_of_variation,skewness,kurtosis,label
LG26_7595283_7595619,40.67405457162488,3.7689987931550184,11713.617615745916,0.007912797528717057,2.761793347538545,46.52033596226633,636.8517792661858,637.7987712826118,0.7792751067467172,1.5861851312188886,3.7689987931550184,7.114446824471674,11713.609702948386,406787.27264960937,5.5282616932527855,2.7641308466263927,15.65744516924722,0.17384762191130476,0.19814528493418737,fourier
