nameseq,average,median,maximum,minimum,peak,none_levated_peak,sample_standard_deviation,population_standard_deviation,percentile15,percentile25,percentile50,percentile75,amplitude,variance,interquartile_range,semi_interquartile_range,coefficient_of_variation,skewness,kurtosis,label
LG26_5272599_5274636,171.33902221970828,10.262948361693145,320502.69783590914,0.02572725311014169,3.9648488974229306,187.8476565100795,7097.489769091788,7099.231698132395,2.4171385868885653,3.9709466439633077,10.262948361693145,19.199756640860656,320502.672108656,50399090.70376776,15.228809996897349,7.614404998448674,41.42366214738092,0.06808438438029345,0.25932682315536143,fourier
