nameseq,average,median,maximum,minimum,peak,none_levated_peak,sample_standard_deviation,population_standard_deviation,percentile15,percentile25,percentile50,percentile75,amplitude,variance,interquartile_range,semi_interquartile_range,coefficient_of_variation,skewness,kurtosis,label
LG26_20262239_20262314,16.30636606889152,2.73284560825749,964.2402814803667,0.4181194963919353,1.5535854663328708,11.742443061443469,109.50278167178578,110.23038290981106,1.1412929831616783,1.2455553492590878,2.73284560825749,4.692794148975241,963.8221619839748,12150.737316443567,3.4472387997161533,1.7236193998580767,6.715339347170047,0.3718678261886936,0.2887618811417581,fourier
