nameseq,average,median,maximum,minimum,peak,none_levated_peak,sample_standard_deviation,population_standard_deviation,percentile15,percentile25,percentile50,percentile75,amplitude,variance,interquartile_range,semi_interquartile_range,coefficient_of_variation,skewness,kurtosis,label
LG26_12900489_12901037,44.924485934909775,2.997204641634046,22166.817449138915,0.00836699338860853,4.073502371627472,86.20590994918004,945.0158719129603,945.8777196724889,0.5842219493273575,1.1782067974582946,2.997204641634046,6.126753359762367,22166.809082145526,894684.6605728273,4.948546562304073,2.4742732811520365,21.035652434224303,0.13310024478764754,0.23802226109318203,fourier
