nameseq,average,median,maximum,minimum,peak,none_levated_peak,sample_standard_deviation,population_standard_deviation,percentile15,percentile25,percentile50,percentile75,amplitude,variance,interquartile_range,semi_interquartile_range,coefficient_of_variation,skewness,kurtosis,label
LG26_16161823_16161909,7.970877286438692,0.7440267639661373,609.3892699506351,0.012365759490174622,3.638244443850535,24.624685889201057,64.85810994849292,65.23410214150366,0.3335786380768977,0.4312688380684311,0.7440267639661373,1.2441031688275328,609.376904191145,4255.488082208131,0.8128343307591017,0.40641716537955086,8.136884764094878,0.33427664766419,0.2044090824845929,fourier
