nameseq,average,median,maximum,minimum,peak,none_levated_peak,sample_standard_deviation,population_standard_deviation,percentile15,percentile25,percentile50,percentile75,amplitude,variance,interquartile_range,semi_interquartile_range,coefficient_of_variation,skewness,kurtosis,label
LG26_3542787_3543275,41.70791745820224,2.852827850073553,18574.786210368726,0.02242459615452377,3.908130876190381,80.65064728446275,838.9595534911764,839.8187032846583,0.6714298477687844,1.3274654005488236,2.852827850073553,5.1439627380497175,18574.76378577257,705295.454386725,3.816497337500894,1.908248668750447,20.11511493787584,0.138940272316253,0.24796112855360072,fourier
