nameseq,average,median,maximum,minimum,peak,none_levated_peak,sample_standard_deviation,population_standard_deviation,percentile15,percentile25,percentile50,percentile75,amplitude,variance,interquartile_range,semi_interquartile_range,coefficient_of_variation,skewness,kurtosis,label
LG26_12456603_12456938,26.765502904045245,1.338013645477003,8174.18818230158,0.013668401447781916,4.1844907753656555,70.74088850702209,445.1632630838754,445.82719076538035,0.4018142307100316,0.5714888337284542,1.338013645477003,2.9743841553573334,8174.174513900132,198761.88402575083,2.402895321628879,1.2014476608144395,16.63197828487635,0.17135840735656566,0.283582728413198,fourier
