nameseq,average,median,maximum,minimum,peak,none_levated_peak,sample_standard_deviation,population_standard_deviation,percentile15,percentile25,percentile50,percentile75,amplitude,variance,interquartile_range,semi_interquartile_range,coefficient_of_variation,skewness,kurtosis,label
LG26_7323222_7323459,26.619541523104992,2.50937346506274,5428.228117687652,0.009622727594477914,2.980266706114164,39.70098856326202,350.9003694797808,351.63988635796755,0.513998029270097,1.0267326073781438,2.50937346506274,4.735259585748838,5428.218494960058,123650.60967784435,3.7085269783706942,1.8542634891853471,13.18205909651785,0.20612832149865978,0.20510978384862932,fourier
