nameseq,average,median,maximum,minimum,peak,none_levated_peak,sample_standard_deviation,population_standard_deviation,percentile15,percentile25,percentile50,percentile75,amplitude,variance,interquartile_range,semi_interquartile_range,coefficient_of_variation,skewness,kurtosis,label
LG26_7262819_7262889,18.760541469210498,3.023499653914635,1003.2379851179642,0.005919931818134714,1.2615129848734923,10.54623359827897,117.82568955141711,118.66431714215354,0.5409188510612675,0.9704459625174672,3.023499653914635,6.165930264978905,1003.2320651861461,14081.220162813594,5.195484302461438,2.597742151230719,6.280505802286718,0.4006861799462286,0.3371453510398041,fourier
