nameseq,average,median,maximum,minimum,peak,none_levated_peak,sample_standard_deviation,population_standard_deviation,percentile15,percentile25,percentile50,percentile75,amplitude,variance,interquartile_range,semi_interquartile_range,coefficient_of_variation,skewness,kurtosis,label
LG26_4942828_4947449,444.3852555527289,33.192975938445066,1818694.0489437832,0.02643204116831752,3.466961712648132,237.60749789344234,26747.766451465544,26750.660448385184,7.004408595405084,12.972790011429108,33.192975938445066,66.02574003348712,1818694.022511742,715597834.4247993,53.05295002205801,26.526475011029007,60.190490384737274,0.046118872806864296,0.24924624263057485,fourier
