nameseq,average,median,maximum,minimum,peak,none_levated_peak,sample_standard_deviation,population_standard_deviation,percentile15,percentile25,percentile50,percentile75,amplitude,variance,interquartile_range,semi_interquartile_range,coefficient_of_variation,skewness,kurtosis,label
LG26_13962838_13963218,31.458206777289107,1.6571438687727411,11161.427788945399,0.002721596548274972,4.037102333871307,79.88761296344975,570.9588815165952,571.7096496009547,0.3802558691108477,0.6151144308515218,1.6571438687727411,3.0069042316123946,11161.425067348851,326851.9234468463,2.391789800760873,1.1958949003804364,18.149759315867694,0.15658428587374648,0.23929252167723242,fourier
