nameseq,average,median,maximum,minimum,peak,none_levated_peak,sample_standard_deviation,population_standard_deviation,percentile15,percentile25,percentile50,percentile75,amplitude,variance,interquartile_range,semi_interquartile_range,coefficient_of_variation,skewness,kurtosis,label
LG26_16069841_16069968,25.041073859846104,2.537800074792192,2801.200768100208,0.008211914466621575,1.7038672904153513,21.823070599195162,246.37536732854534,247.3434471573472,0.4505279012038676,0.979976145225485,2.537800074792192,4.025675646467382,2801.192556185741,61178.78085167941,3.0456995012418973,1.5228497506209486,9.838849911449424,0.27401205764672226,0.24790948449939176,fourier
