nameseq,average,median,maximum,minimum,peak,none_levated_peak,sample_standard_deviation,population_standard_deviation,percentile15,percentile25,percentile50,percentile75,amplitude,variance,interquartile_range,semi_interquartile_range,coefficient_of_variation,skewness,kurtosis,label
LG26_16412675_16413048,30.04861595193881,1.717504652854017,10266.751877643766,0.01124293250387565,4.148832241260778,74.27006643468947,530.0438374437313,530.7538763922563,0.3983848979552194,0.7548794738974437,1.717504652854017,3.6026330363758396,10266.740634711263,281699.67730540654,2.847753562478396,1.423876781239198,17.6395424764824,0.16035151791813285,0.2475857797996261,fourier
