nameseq,average,median,maximum,minimum,peak,none_levated_peak,sample_standard_deviation,population_standard_deviation,percentile15,percentile25,percentile50,percentile75,amplitude,variance,interquartile_range,semi_interquartile_range,coefficient_of_variation,skewness,kurtosis,label
LG26_9353174_9355125,172.77577156741899,12.226934864477398,304225.593177042,0.022125076983665087,3.7659601271858274,165.72887191646046,6883.695318921743,6885.459238314928,2.3658132300969754,4.769689691032978,12.226934864477398,23.812139279648907,304225.57105196506,47409548.92249639,19.04244958861593,9.521224794307965,39.84178601243086,0.06996917902291318,0.25806028884398013,fourier
