nameseq,average,median,maximum,minimum,peak,none_levated_peak,sample_standard_deviation,population_standard_deviation,percentile15,percentile25,percentile50,percentile75,amplitude,variance,interquartile_range,semi_interquartile_range,coefficient_of_variation,skewness,kurtosis,label
LG26_19797665_19797982,44.0135360136331,5.728144012228796,11156.332918980235,0.15580913292146006,2.4083500123045494,35.64694811321343,624.1923587720606,625.1761140850276,1.3210656292558627,2.1547470947684957,5.728144012228796,13.140204491456538,11156.177109847315,390845.17362245556,10.985457396688043,5.492728698344021,14.18182712197262,0.1840076610840978,0.279986407135646,fourier
