nameseq,average,median,maximum,minimum,peak,none_levated_peak,sample_standard_deviation,population_standard_deviation,percentile15,percentile25,percentile50,percentile75,amplitude,variance,interquartile_range,semi_interquartile_range,coefficient_of_variation,skewness,kurtosis,label
LG26_10054387_10054650,31.700640716934288,3.3706152025729095,7011.392656126044,0.03108958932182307,2.7759691290085167,37.68357869118813,430.41342498380817,431.2309251030723,1.046362154033669,1.5473683758076378,3.3706152025729095,8.138918717294914,7011.361566536722,185960.11076525156,6.591550341487276,3.295775170743638,13.577436141657666,0.19746149076618927,0.28175220277200747,fourier
