nameseq,average,median,maximum,minimum,peak,none_levated_peak,sample_standard_deviation,population_standard_deviation,percentile15,percentile25,percentile50,percentile75,amplitude,variance,interquartile_range,semi_interquartile_range,coefficient_of_variation,skewness,kurtosis,label
LG26_11183868_11184041,26.127663628633226,2.6351378512605867,4002.927290612661,0.000197665686136021,2.2198693623886823,30.025162883700766,302.36468732707044,303.237314501738,0.5588350965104736,1.0965240233978384,2.6351378512605867,4.427228415178164,4002.927092946975,91952.86890622597,3.330704391780326,1.665352195890163,11.572588028717192,0.23308799038388278,0.2589120356348612,fourier
