nameseq,average,median,maximum,minimum,peak,none_levated_peak,sample_standard_deviation,population_standard_deviation,percentile15,percentile25,percentile50,percentile75,amplitude,variance,interquartile_range,semi_interquartile_range,coefficient_of_variation,skewness,kurtosis,label
LG26_11006838_11007577,94.23273014642325,7.1083304033130545,61782.37369013447,0.0046766902067056325,2.6176326026358825,76.7613711638604,2269.2616289719726,2270.7964696134413,1.5324620503084498,2.530818640345994,7.1083304033130545,14.87329708907263,61782.36901344426,5156516.606408869,12.342478448726634,6.171239224363317,24.081459015841812,0.11517984347522704,0.2342566030882881,fourier
