nameseq,average,median,maximum,minimum,peak,none_levated_peak,sample_standard_deviation,population_standard_deviation,percentile15,percentile25,percentile50,percentile75,amplitude,variance,interquartile_range,semi_interquartile_range,coefficient_of_variation,skewness,kurtosis,label
LG26_16424040_16424189,13.345754304709942,1.204060231671733,1756.2137177548457,0.00019860095845668482,3.74650985312641,34.621327964631696,142.78749290741197,143.2658443073044,0.49703162611086765,0.6755514234228159,1.204060231671733,2.3255608694621603,1756.2135191538873,20525.102145084784,1.6500094460393444,0.8250047230196722,10.699094981616726,0.2550999494243787,0.25696050319665314,fourier
