nameseq,average,median,maximum,minimum,peak,none_levated_peak,sample_standard_deviation,population_standard_deviation,percentile15,percentile25,percentile50,percentile75,amplitude,variance,interquartile_range,semi_interquartile_range,coefficient_of_variation,skewness,kurtosis,label
LG26_3772580_3779655,546.5339015989098,22.130863790721104,3640934.032499899,0.009743483459267163,4.315682265576353,447.31856429199127,43279.727693418354,43282.78622334644,5.010640868741734,9.156233006706913,22.130863790721104,42.65663554233138,3640934.022756416,1873399583.2559085,33.50040253562447,16.750201267812233,79.18946577111052,0.03634979232237192,0.23735226230463183,fourier
