nameseq,average,median,maximum,minimum,peak,none_levated_peak,sample_standard_deviation,population_standard_deviation,percentile15,percentile25,percentile50,percentile75,amplitude,variance,interquartile_range,semi_interquartile_range,coefficient_of_variation,skewness,kurtosis,label
LG26_3385370_3389573,329.97942006509464,16.218605398327753,1274858.6953080385,0.004832833391967507,4.246729487120421,300.22051411467777,19659.549921923885,19661.888534900925,3.855564512914239,6.523242021017458,16.218605398327753,33.14297249767594,1274858.6904752052,386589860.7588684,26.619730476658482,13.309865238329241,59.57810919858478,0.04787914513498622,0.23935818888960808,fourier
