nameseq,average,median,maximum,minimum,peak,none_levated_peak,sample_standard_deviation,population_standard_deviation,percentile15,percentile25,percentile50,percentile75,amplitude,variance,interquartile_range,semi_interquartile_range,coefficient_of_variation,skewness,kurtosis,label
LG26_9900171_9900322,28.73776972304426,4.418281180720128,3483.584560893964,0.060128600205517906,1.7630688517222701,19.9695027501842,281.2100412836067,282.13966379038675,1.1468267233944662,1.7001701817808983,4.418281180720128,7.519509269949857,3483.5244322937583,79602.78988375248,5.8193390881689595,2.9096695440844798,9.785381537736724,0.2594447385091492,0.2475947250458363,fourier
