nameseq,average,median,maximum,minimum,peak,none_levated_peak,sample_standard_deviation,population_standard_deviation,percentile15,percentile25,percentile50,percentile75,amplitude,variance,interquartile_range,semi_interquartile_range,coefficient_of_variation,skewness,kurtosis,label
LG26_5476350_5476777,44.884806203196696,4.499622596132836,16389.49196272978,0.016666011020307406,3.178506909906318,55.43023476608434,790.9964800572874,791.9221637913133,1.2050946590360903,1.8298825513620665,4.499622596132836,9.225051295404395,16389.47529671876,627140.7135039157,7.395168744042328,3.697584372021164,17.62281152504904,0.1531682553282879,0.25035459706328805,fourier
