nameseq,average,median,maximum,minimum,peak,none_levated_peak,sample_standard_deviation,population_standard_deviation,percentile15,percentile25,percentile50,percentile75,amplitude,variance,interquartile_range,semi_interquartile_range,coefficient_of_variation,skewness,kurtosis,label
LG26_12554133_12554492,44.41445412339037,3.372419374851363,14348.010105902065,0.019530605223846483,2.701823142228002,54.70640427220616,754.9306749786948,755.9813792797582,0.6001540450172622,1.050371044436797,3.372419374851363,6.535344376007979,14347.99057529684,571507.8458177258,5.484973331571181,2.7424866657855906,16.997409736960364,0.16309590844098606,0.2735592924878906,fourier
