nameseq,average,median,maximum,minimum,peak,none_levated_peak,sample_standard_deviation,population_standard_deviation,percentile15,percentile25,percentile50,percentile75,amplitude,variance,interquartile_range,semi_interquartile_range,coefficient_of_variation,skewness,kurtosis,label
LG26_6689535_6689690,29.95808449905984,2.0324368400647113,4160.924107371032,0.01988312843513165,1.7357585062433445,26.867920758983647,331.8466039355284,332.9153558294513,0.36895267411652566,0.8494892159812778,2.0324368400647113,3.1762999976601236,4160.904224242597,110832.63414705015,2.3268107816788457,1.1634053908394228,11.077030106712682,0.2524568339209573,0.16054661514378551,fourier
