nameseq,average,median,maximum,minimum,peak,none_levated_peak,sample_standard_deviation,population_standard_deviation,percentile15,percentile25,percentile50,percentile75,amplitude,variance,interquartile_range,semi_interquartile_range,coefficient_of_variation,skewness,kurtosis,label
LG26_1069487_1069593,22.807618814148654,2.3008347213996103,2123.8121646144223,0.017685750392979607,1.5638049266476222,18.302795941622662,204.08705797759,205.04747296691443,0.4659419521930036,0.8014955192100884,2.3008347213996103,3.789532806894778,2123.7944788640293,42044.46617011751,2.9880372876846897,1.4940186438423448,8.94819663730021,0.30144171260973557,0.21788112348825506,fourier
