nameseq,average,median,maximum,minimum,peak,none_levated_peak,sample_standard_deviation,population_standard_deviation,percentile15,percentile25,percentile50,percentile75,amplitude,variance,interquartile_range,semi_interquartile_range,coefficient_of_variation,skewness,kurtosis,label
LG26_19657649_19657861,38.99185176737622,4.911715864099842,6879.98197713832,0.3408316626700013,1.820893257996134,26.415724191320177,469.8957262791019,471.0026670975275,1.1334477205714926,2.0068746116286333,4.911715864099842,8.283800530673048,6879.64114547565,221843.5124129843,6.276925919044414,3.138462959522207,12.051126196377655,0.2175810546723335,0.22516440396855067,fourier
