nameseq,average,median,maximum,minimum,peak,none_levated_peak,sample_standard_deviation,population_standard_deviation,percentile15,percentile25,percentile50,percentile75,amplitude,variance,interquartile_range,semi_interquartile_range,coefficient_of_variation,skewness,kurtosis,label
LG26_8568533_8569007,63.30357035082402,6.610216099394304,25111.978775363168,0.021494030346679883,2.5011754069456265,51.52379497493631,1150.6492052751416,1151.862330762601,1.4413063976505947,2.3263483336326267,6.610216099394304,12.505059355260304,25111.957281332823,1326786.8290298518,10.178711021627677,5.089355510813839,18.17668733214135,0.14781226282915638,0.25641523401219724,fourier
