nameseq,average,median,maximum,minimum,peak,none_levated_peak,sample_standard_deviation,population_standard_deviation,percentile15,percentile25,percentile50,percentile75,amplitude,variance,interquartile_range,semi_interquartile_range,coefficient_of_variation,skewness,kurtosis,label
LG26_12829680_12830296,51.00721090648558,2.811442193506939,28590.797322308747,0.0011436516124947583,4.03210963727711,96.1948873012752,1149.9183773130603,1150.8513741215677,0.8182035900412937,1.1978670858941551,2.811442193506939,6.218897680384185,28590.796178657132,1324458.8853175004,5.021030594490029,2.5105152972450147,22.54423162680412,0.12573701663659267,0.25488396305589617,fourier
