nameseq,average,median,maximum,minimum,peak,none_levated_peak,sample_standard_deviation,population_standard_deviation,percentile15,percentile25,percentile50,percentile75,amplitude,variance,interquartile_range,semi_interquartile_range,coefficient_of_variation,skewness,kurtosis,label
LG26_4676267_4680251,389.01775084982967,24.43938266276806,1400950.4174624356,0.0006603610692060835,3.4145828318412708,233.24343181691907,22189.280180340233,22192.06480483263,6.541349969484568,10.873228789509524,24.43938266276806,51.68793261349749,1400950.4168020745,492487740.30189115,40.81470382398796,20.40735191199398,57.03924854808447,0.04929114850378234,0.24721245992332821,fourier
