nameseq,average,median,maximum,minimum,peak,none_levated_peak,sample_standard_deviation,population_standard_deviation,percentile15,percentile25,percentile50,percentile75,amplitude,variance,interquartile_range,semi_interquartile_range,coefficient_of_variation,skewness,kurtosis,label
LG26_16150969_16151514,44.06600446736387,3.0948394485579303,21867.673531279488,0.008388958622818951,4.130167965075951,89.04992274986148,934.8289190912216,935.6861672485142,0.601516566347742,1.1048343132617755,3.0948394485579303,5.56256328867317,21867.665142320864,875508.6035802144,4.457728975411394,2.228864487705697,21.214288211302975,0.13148234136349368,0.2447649862369936,fourier
