nameseq,average,median,maximum,minimum,peak,none_levated_peak,sample_standard_deviation,population_standard_deviation,percentile15,percentile25,percentile50,percentile75,amplitude,variance,interquartile_range,semi_interquartile_range,coefficient_of_variation,skewness,kurtosis,label
LG26_17792484_17792674,22.754775506733107,2.383061436800754,3678.6020735727075,0.05486656398605104,2.797947474710431,32.40357205642938,265.24772609774624,265.9448303908239,0.5504388535545254,0.9852524697223659,2.383061436800754,4.601722590083794,3678.547207008721,70726.65281160407,3.616470120361428,1.808235060180714,11.656793802217903,0.23040778938581952,0.22351616582620612,fourier
