nameseq,average,median,maximum,minimum,peak,none_levated_peak,sample_standard_deviation,population_standard_deviation,percentile15,percentile25,percentile50,percentile75,amplitude,variance,interquartile_range,semi_interquartile_range,coefficient_of_variation,skewness,kurtosis,label
LG26_8792334_8796129,284.9916998376486,11.20937619240716,1017129.02007832,0.006595048888158261,4.439895386617072,324.81888402317577,16506.262825427013,16508.43742036767,2.9402953221914903,4.73709247410777,11.20937619240716,22.64129337542966,1017129.0134832711,272528506.06219554,17.904200901321893,8.952100450660947,57.918398447499165,0.04975971724323227,0.23951188725866965,fourier
