nameseq,average,median,maximum,minimum,peak,none_levated_peak,sample_standard_deviation,population_standard_deviation,percentile15,percentile25,percentile50,percentile75,amplitude,variance,interquartile_range,semi_interquartile_range,coefficient_of_variation,skewness,kurtosis,label
LG26_18507075_18507357,23.821654492909683,1.3838090737983464,6169.560301428307,0.009238499678192803,3.959982433689098,61.79122266320721,365.97965005149655,366.62797589192445,0.35714981510159655,0.5483558711683173,1.3838090737983464,2.79537329926256,6169.551062928629,134416.07270660953,2.2470174280942428,1.1235087140471214,15.363317865282083,0.18392699224632408,0.28684013463981106,fourier
