nameseq,average,median,maximum,minimum,peak,none_levated_peak,sample_standard_deviation,population_standard_deviation,percentile15,percentile25,percentile50,percentile75,amplitude,variance,interquartile_range,semi_interquartile_range,coefficient_of_variation,skewness,kurtosis,label
LG26_10101355_10101628,28.870314233453406,2.1377019671442112,6979.650364609448,0.07265055221824417,3.1635725401111516,47.7389454690506,420.7013831963551,421.4711942394107,0.4918725477915884,1.0076116002870024,2.1377019671442112,4.502383651063238,6979.57771405723,177637.96757359503,3.494772050776236,1.747386025388118,14.572109600001111,0.19062888785772458,0.24048885789036606,fourier
