nameseq,average,median,maximum,minimum,peak,none_levated_peak,sample_standard_deviation,population_standard_deviation,percentile15,percentile25,percentile50,percentile75,amplitude,variance,interquartile_range,semi_interquartile_range,coefficient_of_variation,skewness,kurtosis,label
LG26_16432421_16432589,33.43554877113968,4.483331078504402,4563.438580044604,0.14269440560334926,1.6848335201232938,21.07268841192235,349.574305077958,350.61316117229507,1.518363342660518,2.0858413261348088,4.483331078504402,8.078349024338321,4563.295885639001,122929.58878722976,5.992507698203513,2.9962538491017563,10.455168762765979,0.2484640656255787,0.22769789539555257,fourier
