nameseq,average,median,maximum,minimum,peak,none_levated_peak,sample_standard_deviation,population_standard_deviation,percentile15,percentile25,percentile50,percentile75,amplitude,variance,interquartile_range,semi_interquartile_range,coefficient_of_variation,skewness,kurtosis,label
LG26_10279496_10279639,15.757984100207446,1.8869366752710925,1823.4051343374472,0.0019501034771019163,3.04607491001137,26.249631613899613,151.19552842885915,151.7232631169201,0.526473477747555,0.9395301361022602,1.8869366752710925,4.234433925437986,1823.40318423397,23019.94857084617,3.294903789335726,1.647451894667863,9.59485220110539,0.2752273344802586,0.19326676583886584,fourier
