nameseq,average,median,maximum,minimum,peak,none_levated_peak,sample_standard_deviation,population_standard_deviation,percentile15,percentile25,percentile50,percentile75,amplitude,variance,interquartile_range,semi_interquartile_range,coefficient_of_variation,skewness,kurtosis,label
LG26_706327_707214,83.66288159995776,5.75959823046005,67112.67061867699,0.039575284013678116,3.5380086645276325,104.98036076620056,2250.628351531593,2251.896668539296,1.4469362563594075,2.565970811037722,5.75959823046005,11.316934599676763,67112.63104339298,5071038.60577838,8.75096378863904,4.37548189431952,26.90115746064297,0.10384204480026626,0.2600079272125236,fourier
