nameseq,average,median,maximum,minimum,peak,none_levated_peak,sample_standard_deviation,population_standard_deviation,percentile15,percentile25,percentile50,percentile75,amplitude,variance,interquartile_range,semi_interquartile_range,coefficient_of_variation,skewness,kurtosis,label
LG26_9078980_9079187,49.474282310284735,6.7086600954093765,8175.470784677571,0.10337926069995824,1.4014014978226432,21.580213658194303,564.9279840981163,566.2909003951808,1.5332167361876472,2.958257301333908,6.7086600954093765,12.1664674332288,8175.367405416871,320685.3838703846,9.20821013189489,4.604105065947445,11.41861908284173,0.22710304721308258,0.2309949914810537,fourier
