nameseq,average,median,maximum,minimum,peak,none_levated_peak,sample_standard_deviation,population_standard_deviation,percentile15,percentile25,percentile50,percentile75,amplitude,variance,interquartile_range,semi_interquartile_range,coefficient_of_variation,skewness,kurtosis,label
LG26_2444948_2445258,27.874015749977236,2.272676539937012,7802.144590214069,0.017147925693825346,3.719114877329842,58.47908233689629,441.55640270910584,442.2680170349536,0.41349448917089854,0.8314702054667749,2.272676539937012,3.9871466934845525,7802.127442288374,195600.99889202998,3.155676488017778,1.577838244008889,15.841147779701116,0.17393931366163112,0.2839390746823716,fourier
