nameseq,average,median,maximum,minimum,peak,none_levated_peak,sample_standard_deviation,population_standard_deviation,percentile15,percentile25,percentile50,percentile75,amplitude,variance,interquartile_range,semi_interquartile_range,coefficient_of_variation,skewness,kurtosis,label
LG26_19578945_19579417,40.975368527545285,2.724395085793125,17447.723057978317,0.02866608569366213,3.847840113034659,77.4405862219585,801.2335708517251,802.0818861458212,0.6090936044246341,1.1935643546540469,2.724395085793125,5.460897271067518,17447.694391892623,643335.352083238,4.267332916413471,2.1336664582067355,19.55402964376278,0.14322030990697524,0.2635442672489045,fourier
