nameseq,average,median,maximum,minimum,peak,none_levated_peak,sample_standard_deviation,population_standard_deviation,percentile15,percentile25,percentile50,percentile75,amplitude,variance,interquartile_range,semi_interquartile_range,coefficient_of_variation,skewness,kurtosis,label
LG26_3485987_3487703,179.83916302504116,13.953037457593078,276580.6750303085,0.01250179125020063,3.182473292836892,137.29688631588564,6672.403975839312,6674.347866332363,2.977024880213087,6.001785578943739,13.953037457593078,26.707020012770705,276580.66252851725,44546919.440815374,20.705234433826966,10.352617216913483,37.1020631079685,0.07458456929531827,0.2599636869182243,fourier
