nameseq,average,median,maximum,minimum,peak,none_levated_peak,sample_standard_deviation,population_standard_deviation,percentile15,percentile25,percentile50,percentile75,amplitude,variance,interquartile_range,semi_interquartile_range,coefficient_of_variation,skewness,kurtosis,label
LG26_13711850_13712400,61.50414661958614,4.078124784788581,28018.005303359314,0.010900123607072952,2.98624851756219,67.2154149876151,1192.6147050151778,1193.6984078330677,0.9261869061868866,1.8256859985839784,4.078124784788581,7.744762156183278,28017.994403235705,1424915.8888632008,5.919076157599299,2.9595380787996497,19.390801605486985,0.1444540846091615,0.19390699820839216,fourier
