nameseq,average,median,maximum,minimum,peak,none_levated_peak,sample_standard_deviation,population_standard_deviation,percentile15,percentile25,percentile50,percentile75,amplitude,variance,interquartile_range,semi_interquartile_range,coefficient_of_variation,skewness,kurtosis,label
LG26_7631070_7632078,122.72002835947973,11.455397103892086,107455.79242815814,0.09914270973721644,2.7406556030782783,86.91541556930592,3380.7177917044482,3382.3943193511154,2.4007666990094565,4.671365403499826,11.455397103892086,22.699003968566718,107455.6932854484,11440591.331578696,18.02763856506689,9.013819282533445,27.54821553496894,0.09873462215208294,0.24792418482241563,fourier
