nameseq,average,median,maximum,minimum,peak,none_levated_peak,sample_standard_deviation,population_standard_deviation,percentile15,percentile25,percentile50,percentile75,amplitude,variance,interquartile_range,semi_interquartile_range,coefficient_of_variation,skewness,kurtosis,label
LG26_9511580_9511921,28.89948643638468,1.8779651402273143,8983.680675947528,0.016851017904754077,3.9447067770890594,66.51038238526976,484.9358186889834,485.64634774211976,0.559145196106021,0.7805942199749594,1.8779651402273143,3.812223172599344,8983.663824929623,235852.37507525992,3.0316289526243847,1.5158144763121923,16.780084302067227,0.1671655521500328,0.24879444355119343,fourier
