nameseq,average,median,maximum,minimum,peak,none_levated_peak,sample_standard_deviation,population_standard_deviation,percentile15,percentile25,percentile50,percentile75,amplitude,variance,interquartile_range,semi_interquartile_range,coefficient_of_variation,skewness,kurtosis,label
LG26_12219922_12219989,13.913027057912235,2.1406994810074558,752.4871066942088,0.03647588415364529,1.6291685894318952,11.72816837781408,90.26714212617375,90.93828253506472,0.7896040749962373,1.3591527760742623,2.1406994810074558,3.7283842655561164,752.4506308100551,8269.771230427255,2.3692314894818542,1.1846157447409271,6.487958497488834,0.3912495942471393,0.1662222632763335,fourier
