nameseq,average,median,maximum,minimum,peak,none_levated_peak,sample_standard_deviation,population_standard_deviation,percentile15,percentile25,percentile50,percentile75,amplitude,variance,interquartile_range,semi_interquartile_range,coefficient_of_variation,skewness,kurtosis,label
LG26_1905023_1906140,94.19556141520845,5.369845571614483,95692.19037452312,0.0031315060882214666,3.956308143055426,129.92132741931601,2860.3841698542456,2861.6642702404806,1.5431360410960762,2.6649963731388047,5.369845571614483,12.136679014907678,95692.18724301703,8189122.395570982,9.471682641768872,4.735841320884436,30.366443247212487,0.09316131390293654,0.25084402321730537,fourier
