nameseq,average,median,maximum,minimum,peak,none_levated_peak,sample_standard_deviation,population_standard_deviation,percentile15,percentile25,percentile50,percentile75,amplitude,variance,interquartile_range,semi_interquartile_range,coefficient_of_variation,skewness,kurtosis,label
LG26_1896242_1898308,207.7490126187858,17.872035286149686,375598.4950509161,0.012243838661140215,3.316501923714543,144.7188410759211,8258.889478787069,8260.888000166298,3.8845624710523765,7.355387675644672,17.872035286149686,34.90021559254174,375598.4828070774,68242270.55129156,27.54482791689707,13.772413958448535,39.754169585113374,0.06897185553348348,0.24245030281599603,fourier
