nameseq,average,median,maximum,minimum,peak,none_levated_peak,sample_standard_deviation,population_standard_deviation,percentile15,percentile25,percentile50,percentile75,amplitude,variance,interquartile_range,semi_interquartile_range,coefficient_of_variation,skewness,kurtosis,label
LG26_118234_118455,57.47901313213867,8.144067304899739,9611.12007616478,0.05939153016311912,1.2874264182281834,19.952599742167166,642.8707743317899,644.32359149384,2.2907661115960667,4.8067840351721545,8.144067304899739,17.844672883998662,9611.060684634616,415152.8905555208,13.037888848826508,6.518944424413254,11.184443491642636,0.2302248653869129,0.18720043663953426,fourier
