nameseq,average,median,maximum,minimum,peak,none_levated_peak,sample_standard_deviation,population_standard_deviation,percentile15,percentile25,percentile50,percentile75,amplitude,variance,interquartile_range,semi_interquartile_range,coefficient_of_variation,skewness,kurtosis,label
LG26_13825463_13825876,62.43535697924894,6.780192921491841,21853.682308717674,0.06556895916365561,2.2102860730958227,44.58139493996925,1072.3250414011352,1073.6224708428906,1.5366359737370647,2.673753731823264,6.780192921491841,12.086811309306734,21853.616739758512,1152665.2098987936,9.413057577483471,4.7065287887417355,17.174964527832106,0.1557041808471699,0.2112545069203062,fourier
