nameseq,average,median,maximum,minimum,peak,none_levated_peak,sample_standard_deviation,population_standard_deviation,percentile15,percentile25,percentile50,percentile75,amplitude,variance,interquartile_range,semi_interquartile_range,coefficient_of_variation,skewness,kurtosis,label
LG26_14126866_14127022,27.444071851843823,4.099335356664424,2988.769662836311,0.03984610914181507,1.9069084797567069,18.81141452217916,237.46278970409628,238.22267257334698,1.4550018231409523,2.079404624705968,4.099335356664424,9.475133070209004,2988.7298167271692,56750.041727988086,7.395728445503036,3.697864222751518,8.652607783059073,0.2949270897255448,0.24867185713661402,fourier
