nameseq,average,median,maximum,minimum,peak,none_levated_peak,sample_standard_deviation,population_standard_deviation,percentile15,percentile25,percentile50,percentile75,amplitude,variance,interquartile_range,semi_interquartile_range,coefficient_of_variation,skewness,kurtosis,label
LG26_8533455_8534323,84.10466800969532,5.42475015777458,65442.91908011831,0.007487275257655891,3.444121159045237,100.92715250032059,2218.448075100047,2219.725615128249,1.267430868123745,2.386709065300045,5.42475015777458,11.221229431632322,65442.91159284305,4927181.806456483,8.834520366332278,4.417260183166139,26.37722884589844,0.10639859287448833,0.22607275845838157,fourier
