nameseq,average,median,maximum,minimum,peak,none_levated_peak,sample_standard_deviation,population_standard_deviation,percentile15,percentile25,percentile50,percentile75,amplitude,variance,interquartile_range,semi_interquartile_range,coefficient_of_variation,skewness,kurtosis,label
LG26_11200125_11200299,28.65200919222458,3.6387952855038033,4001.8183966048928,0.08180849763043191,2.035924703987723,23.85759656695315,301.2905624773581,302.1550995843152,0.9001397414712468,1.6940315656578644,3.6387952855038033,7.149346101789528,4001.7365881072624,91297.70420480745,5.455314536131664,2.727657268065832,10.515512558160166,0.24906071103970118,0.23444529178402918,fourier
