nameseq,average,median,maximum,minimum,peak,none_levated_peak,sample_standard_deviation,population_standard_deviation,percentile15,percentile25,percentile50,percentile75,amplitude,variance,interquartile_range,semi_interquartile_range,coefficient_of_variation,skewness,kurtosis,label
LG26_6945679_6945898,31.29174419479538,3.9891546534578706,5602.873089094714,0.009808079649032225,2.3435361377372677,30.390101304415538,376.54803682550846,377.40675638274087,0.6423380627560829,1.1619536776368562,3.9891546534578706,8.265477882845733,5602.863281015065,142435.85976334152,7.103524205208877,3.5517621026044384,12.03346270765367,0.2175227610122116,0.2708653402517141,fourier
