nameseq,average,median,maximum,minimum,peak,none_levated_peak,sample_standard_deviation,population_standard_deviation,percentile15,percentile25,percentile50,percentile75,amplitude,variance,interquartile_range,semi_interquartile_range,coefficient_of_variation,skewness,kurtosis,label
LG26_4209157_4209314,29.803891614624494,3.9932308236831258,3718.6439366550153,0.09858720047017583,1.7671070391634232,20.633185119511232,294.48067297230153,295.4170208772536,0.689934143813285,1.3978499153972679,3.9932308236831258,9.733471249222669,3718.545349454545,87271.21622399171,8.3356213338254,4.1678106669127,9.880611457726634,0.26294419117993273,0.3063235425032921,fourier
