nameseq,average,median,maximum,minimum,peak,none_levated_peak,sample_standard_deviation,population_standard_deviation,percentile15,percentile25,percentile50,percentile75,amplitude,variance,interquartile_range,semi_interquartile_range,coefficient_of_variation,skewness,kurtosis,label
LG26_16636339_16636428,17.652140971187112,2.3809002678289746,1306.6934254643343,0.02909687503518284,1.6995105607284582,15.145488522450346,136.66662961905368,137.43227499140386,0.6123647322338223,1.0089156374155532,2.3809002678289746,4.996946638552706,1306.664328589299,18887.630209312854,3.988031001137153,1.9940155005685765,7.742212677891548,0.3352224477751165,0.2528599812675965,fourier
