nameseq,average,median,maximum,minimum,peak,none_levated_peak,sample_standard_deviation,population_standard_deviation,percentile15,percentile25,percentile50,percentile75,amplitude,variance,interquartile_range,semi_interquartile_range,coefficient_of_variation,skewness,kurtosis,label
LG26_9395948_9396069,21.025790920260015,2.8164286197984088,2094.5246230678845,0.06122713223159517,1.9341325527726574,19.48837200042117,188.5532379070522,189.33078033118088,0.6319131780461689,1.0438546154826391,2.8164286197984088,5.947588523372257,2094.463395935653,35846.14438081387,4.9037339078896185,2.4518669539448092,8.967712017214355,0.28972234848766626,0.30036012187092526,fourier
