nameseq,average,median,maximum,minimum,peak,none_levated_peak,sample_standard_deviation,population_standard_deviation,percentile15,percentile25,percentile50,percentile75,amplitude,variance,interquartile_range,semi_interquartile_range,coefficient_of_variation,skewness,kurtosis,label
LG26_246892_249987,277.4146620310227,18.920373261291065,767328.4360351817,0.03924900700573447,3.720062928341522,206.50704263723964,13787.834918818538,13790.062175907426,4.465637494507476,7.671765851022817,18.920373261291065,40.31015278197325,767328.3967861747,190165814.8153926,32.63838693095043,16.319193465475216,49.70117591433099,0.05624399123395112,0.27201460644650943,fourier
