nameseq,average,median,maximum,minimum,peak,none_levated_peak,sample_standard_deviation,population_standard_deviation,percentile15,percentile25,percentile50,percentile75,amplitude,variance,interquartile_range,semi_interquartile_range,coefficient_of_variation,skewness,kurtosis,label
LG26_7763862_7764211,34.205879407101214,2.2431525775965935,10641.746071112622,0.024206343449489645,3.4107196975747516,57.7385202912924,567.821774454458,568.6346907969022,0.7042508523499666,1.2964403262679716,2.2431525775965935,5.105626044989676,10641.721864769173,323345.4115776886,3.8091857187217046,1.9045928593608523,16.600122092945725,0.1688702068191021,0.23182682455967152,fourier
