nameseq,average,median,maximum,minimum,peak,none_levated_peak,sample_standard_deviation,population_standard_deviation,percentile15,percentile25,percentile50,percentile75,amplitude,variance,interquartile_range,semi_interquartile_range,coefficient_of_variation,skewness,kurtosis,label
LG26_7127237_7127498,27.470864346938605,2.5058773732882984,6104.605711938646,0.0070309373228322975,3.1791257905238024,42.487189240213645,376.1941460339536,376.91413548887715,0.5573477522769981,0.9187611775746408,2.5058773732882984,5.854452836045913,6104.598681001323,142064.26553132763,4.935691658471272,2.467845829235636,13.694295937793353,0.19908592866352376,0.2728301738708171,fourier
