nameseq,average,median,maximum,minimum,peak,none_levated_peak,sample_standard_deviation,population_standard_deviation,percentile15,percentile25,percentile50,percentile75,amplitude,variance,interquartile_range,semi_interquartile_range,coefficient_of_variation,skewness,kurtosis,label
LG26_14251817_14251935,19.608850746642915,2.7906383883146666,1856.8166147549575,0.17156805169475378,2.022896047258542,18.218071211854863,169.1691686617445,169.88447489095185,1.0956531716147941,1.4861595259150673,2.7906383883146666,5.276129726976047,1856.6450467032628,28860.734808974456,3.78997020106098,1.89498510053049,8.627184267324116,0.2982496011189209,0.24266647233918454,fourier
