nameseq,average,median,maximum,minimum,peak,none_levated_peak,sample_standard_deviation,population_standard_deviation,percentile15,percentile25,percentile50,percentile75,amplitude,variance,interquartile_range,semi_interquartile_range,coefficient_of_variation,skewness,kurtosis,label
LG26_13348832_13349105,30.933095876168693,2.766794930732691,7233.734087375306,0.009945913164192771,2.9526088723533768,42.2267156573903,435.9641943821441,436.7619337398384,0.7249801796309138,1.0808657103366401,2.766794930732691,6.201890905868596,7233.724141462142,190760.986764163,5.1210251955319555,2.5605125977659777,14.093778266727492,0.19382074015518932,0.2523108865807607,fourier
