nameseq,average,median,maximum,minimum,peak,none_levated_peak,sample_standard_deviation,population_standard_deviation,percentile15,percentile25,percentile50,percentile75,amplitude,variance,interquartile_range,semi_interquartile_range,coefficient_of_variation,skewness,kurtosis,label
LG26_5782385_5782546,30.422441559340342,2.5476184302520273,4233.202906649016,0.07938418623682517,1.7750054641298454,24.649645016487092,331.26152333878554,332.2886933182085,0.4474571121406926,1.0312157216887845,2.5476184302520273,6.464031951538276,4233.123522462779,110415.77570712243,5.432816229849491,2.7164081149247457,10.888722481154085,0.252442446512996,0.28044071998991804,fourier
