nameseq,average,median,maximum,minimum,peak,none_levated_peak,sample_standard_deviation,population_standard_deviation,percentile15,percentile25,percentile50,percentile75,amplitude,variance,interquartile_range,semi_interquartile_range,coefficient_of_variation,skewness,kurtosis,label
LG26_14806313_14806875,41.912033893808065,1.4601912053451227,22033.350145514,0.00639506867244639,4.477632060094127,111.81442166140032,927.6597726485763,928.484725922006,0.32798957006840124,0.5669457716218814,1.4601912053451227,3.378688787686751,22033.34375044533,862083.8862704625,2.8117430160648693,1.4058715080324347,22.133494523290732,0.13081900460004287,0.21314441977074247,fourier
