nameseq,average,median,maximum,minimum,peak,none_levated_peak,sample_standard_deviation,population_standard_deviation,percentile15,percentile25,percentile50,percentile75,amplitude,variance,interquartile_range,semi_interquartile_range,coefficient_of_variation,skewness,kurtosis,label
LG26_14165429_14165481,8.902713166099584,0.8987934191364764,411.05981870038335,0.024271052866952664,1.9844137778064241,13.17591303272901,55.7766127828682,56.310372435193585,0.220256882978589,0.40100892563965396,0.8987934191364764,1.9741263164948135,411.0355476475164,3170.8580437902096,1.5731173908551597,0.7865586954275798,6.265125219945145,0.4304986990580494,0.3167529489113567,fourier
