nameseq,average,median,maximum,minimum,peak,none_levated_peak,sample_standard_deviation,population_standard_deviation,percentile15,percentile25,percentile50,percentile75,amplitude,variance,interquartile_range,semi_interquartile_range,coefficient_of_variation,skewness,kurtosis,label
LG26_2577934_2579780,142.272926749281,5.2698492197375995,249048.713404381,0.005146825591809284,4.327363474792494,229.37978082050498,5793.228135177223,5794.797052778141,1.1353266934390043,2.088269976029605,5.2698492197375995,10.527250291264965,249048.7082575554,33579672.88288622,8.438980315235359,4.219490157617679,40.7191182999017,0.07094649528695919,0.2615208653819078,fourier
