nameseq,average,median,maximum,minimum,peak,none_levated_peak,sample_standard_deviation,population_standard_deviation,percentile15,percentile25,percentile50,percentile75,amplitude,variance,interquartile_range,semi_interquartile_range,coefficient_of_variation,skewness,kurtosis,label
LG26_7921891_7922121,35.689176439612986,5.394143285316329,6748.79061273826,0.09564449095030655,2.1575168631387727,29.321405244587204,442.6859430190827,443.64725998833615,1.0240606150068088,1.7840842425261276,5.394143285316329,10.199120760780671,6748.69496824731,196822.89129515833,8.415036518254544,4.207518259127272,12.4039271056904,0.2053037845364162,0.3369262221879853,fourier
