nameseq,average,median,maximum,minimum,peak,none_levated_peak,sample_standard_deviation,population_standard_deviation,percentile15,percentile25,percentile50,percentile75,amplitude,variance,interquartile_range,semi_interquartile_range,coefficient_of_variation,skewness,kurtosis,label
LG26_14941212_14941568,120.75949319721397,16.120244863625345,34530.218778525144,0.07597357817591567,0.9854297732573246,24.99815074652917,1823.9474559886005,1826.5073835023961,3.86627852649342,6.493199116476356,16.120244863625345,28.41775967220181,34530.14280494697,3336129.2219887692,21.924560555725456,10.962280277862728,15.103967462085048,0.17210898481207554,0.20143648294299835,fourier
