nameseq,average,median,maximum,minimum,peak,none_levated_peak,sample_standard_deviation,population_standard_deviation,percentile15,percentile25,percentile50,percentile75,amplitude,variance,interquartile_range,semi_interquartile_range,coefficient_of_variation,skewness,kurtosis,label
LG26_3572481_3576721,336.34311406017497,15.25587587902262,1336155.0262909029,0.003927401554582347,4.203049230298047,322.92015272649536,20514.683045016987,20517.102086714567,3.6287245169311206,6.31759180625107,15.25587587902262,30.143449183663535,1336155.0223635014,420951478.0366672,23.825857377412465,11.912928688706232,60.99331958182059,0.046954745166166885,0.2629635956221519,fourier
