nameseq,average,median,maximum,minimum,peak,none_levated_peak,sample_standard_deviation,population_standard_deviation,percentile15,percentile25,percentile50,percentile75,amplitude,variance,interquartile_range,semi_interquartile_range,coefficient_of_variation,skewness,kurtosis,label
LG26_10808975_10809120,32.590219972413486,3.3009504325214647,4140.993756632849,0.0042770392791445675,1.493290524208224,21.393433109568488,341.20789289219096,342.3824502139294,0.8960016203991453,1.361134109944967,3.3009504325214647,5.747912396490947,4140.98947959357,117225.74221449388,4.38677828654598,2.19338914327299,10.469640683033495,0.2575198594466249,0.2694949993694111,fourier
