nameseq,average,median,maximum,minimum,peak,none_levated_peak,sample_standard_deviation,population_standard_deviation,percentile15,percentile25,percentile50,percentile75,amplitude,variance,interquartile_range,semi_interquartile_range,coefficient_of_variation,skewness,kurtosis,label
LG26_17738593_17741832,264.96087035400654,13.91004163650567,791121.7477541469,0.00040565625519669354,4.076073567229166,251.7594099009252,13896.100028088751,13898.24498450009,3.2011008237099916,5.929202870891427,13.91004163650567,28.375700332247824,791121.7473484906,193161213.64918193,22.446497461356397,11.223248730678199,52.44585741857873,0.05419883885623484,0.24174954289307593,fourier
