nameseq,average,median,maximum,minimum,peak,none_levated_peak,sample_standard_deviation,population_standard_deviation,percentile15,percentile25,percentile50,percentile75,amplitude,variance,interquartile_range,semi_interquartile_range,coefficient_of_variation,skewness,kurtosis,label
LG26_9820603_9820910,45.504727516433256,3.877158823743957,12217.768892416272,0.03236837045110822,2.2561758364466717,41.34994452372732,694.7355792525104,695.866150511802,0.9717540907744711,1.422333569617023,3.877158823743957,8.003827474045735,12217.73652404582,484229.69942811376,6.581493904428712,3.290746952214356,15.267327532103527,0.17975573701354614,0.2603778302437396,fourier
