nameseq,average,median,maximum,minimum,peak,none_levated_peak,sample_standard_deviation,population_standard_deviation,percentile15,percentile25,percentile50,percentile75,amplitude,variance,interquartile_range,semi_interquartile_range,coefficient_of_variation,skewness,kurtosis,label
LG26_16978308_16978373,21.60781746825547,3.5181554883597843,1100.3127541238348,0.07005401086154021,1.0181500298362245,9.003967954118327,133.894654950918,134.9206826371061,0.7986177810978101,1.8260266173076218,3.5181554883597843,5.876101126678328,1100.2427001129734,18203.590603262703,4.050074509370706,2.025037254685353,6.196583951508553,0.405311070554538,0.16480741886209424,fourier
