nameseq,average,median,maximum,minimum,peak,none_levated_peak,sample_standard_deviation,population_standard_deviation,percentile15,percentile25,percentile50,percentile75,amplitude,variance,interquartile_range,semi_interquartile_range,coefficient_of_variation,skewness,kurtosis,label
LG26_9625072_9625285,19.220477041108268,1.5575943448226695,3689.308845321323,0.010630013022346216,3.7113196088092617,46.240990283240755,251.47638806375517,252.06601698117652,0.3160428840632484,0.6448389878124124,1.5575943448226695,2.820038667544282,3689.2982153083008,63537.276916754774,2.1751996797318696,1.0875998398659348,13.083774535143112,0.21071023206927456,0.25250943121795116,fourier
