nameseq,average,median,maximum,minimum,peak,none_levated_peak,sample_standard_deviation,population_standard_deviation,percentile15,percentile25,percentile50,percentile75,amplitude,variance,interquartile_range,semi_interquartile_range,coefficient_of_variation,skewness,kurtosis,label
LG26_8781800_8782366,46.5576491920461,2.164967713071444,24496.258699106158,0.03443037269014136,4.059483313265927,100.38220538871794,1027.7036611770068,1028.6111259552956,0.4784172763502485,0.8652668176051027,2.164967713071444,4.428707009392269,24496.22426873347,1058040.8484390208,3.5634401917871665,1.7817200958935833,22.073787637726767,0.1295879828669658,0.22998379688092527,fourier
