nameseq,average,median,maximum,minimum,peak,none_levated_peak,sample_standard_deviation,population_standard_deviation,percentile15,percentile25,percentile50,percentile75,amplitude,variance,interquartile_range,semi_interquartile_range,coefficient_of_variation,skewness,kurtosis,label
LG26_2149805_2156020,469.50149474966804,19.60215954623566,2741214.1400268096,0.005247874762252817,4.413191487504769,416.6216304650405,34765.47485031005,34768.271638444596,4.445374055469399,7.820621620952461,19.60215954623566,38.96864668079832,2741214.134778935,1208832712.7246706,31.14802505984586,15.57401252992293,74.04763400986943,0.03882294176684487,0.24179138916670082,fourier
