nameseq,average,median,maximum,minimum,peak,none_levated_peak,sample_standard_deviation,population_standard_deviation,percentile15,percentile25,percentile50,percentile75,amplitude,variance,interquartile_range,semi_interquartile_range,coefficient_of_variation,skewness,kurtosis,label
LG26_17212023_17212248,28.74479064145832,3.344344276874976,5470.613598391819,0.0227757760608446,2.620764724745667,33.89367365623781,362.8176606313049,363.62302823855504,0.5903156034949766,1.5467926321971528,3.344344276874976,6.158344292615705,5470.590822615758,132221.706665377,4.611551660418552,2.305775830209276,12.622031767662856,0.21002654325359812,0.24656952508836855,fourier
