nameseq,average,median,maximum,minimum,peak,none_levated_peak,sample_standard_deviation,population_standard_deviation,percentile15,percentile25,percentile50,percentile75,amplitude,variance,interquartile_range,semi_interquartile_range,coefficient_of_variation,skewness,kurtosis,label
LG26_4681976_4682435,44.94794466139602,2.840357054493448,18802.85741777753,0.018057123713391233,3.411353611125742,72.94425432438807,875.5534252326112,876.5066682206874,0.9065505162373914,1.3182849197243807,2.840357054493448,5.433858861206542,18802.839360653816,768263.9394353302,4.115573941482162,2.057786970741081,19.479276123265958,0.14427761822432156,0.2358321897407175,fourier
