nameseq,average,median,maximum,minimum,peak,none_levated_peak,sample_standard_deviation,population_standard_deviation,percentile15,percentile25,percentile50,percentile75,amplitude,variance,interquartile_range,semi_interquartile_range,coefficient_of_variation,skewness,kurtosis,label
LG26_4520854_4521203,29.274381825454974,2.0153027161458676,9171.510702568758,0.01470451054314994,3.9852819903176036,65.19107315102434,489.3872320249611,490.08785834222203,0.4108531200321531,0.7350588332199115,2.0153027161458676,3.746564674344752,9171.495998058215,240186.10889446587,3.0115058411248405,1.5057529205624203,16.717252474975368,0.1671012890744078,0.210082302860677,fourier
