nameseq,average,median,maximum,minimum,peak,none_levated_peak,sample_standard_deviation,population_standard_deviation,percentile15,percentile25,percentile50,percentile75,amplitude,variance,interquartile_range,semi_interquartile_range,coefficient_of_variation,skewness,kurtosis,label
LG26_12470877_12470989,22.8396278435492,2.0992056239599006,2227.9302186493924,0.009700193233193613,1.6491804036686701,19.442468558009885,208.38807345529608,209.31631000244235,0.3004886722973817,0.6056272101305167,2.0992056239599006,5.437501852591271,2227.9205184561592,43813.31763303854,4.831874642460754,2.415937321230377,9.12396974603739,0.2985836263423,0.29061296267118153,fourier
