nameseq,average,median,maximum,minimum,peak,none_levated_peak,sample_standard_deviation,population_standard_deviation,percentile15,percentile25,percentile50,percentile75,amplitude,variance,interquartile_range,semi_interquartile_range,coefficient_of_variation,skewness,kurtosis,label
LG26_20107138_20127103,1551.6418602503188,69.64440439801217,28763664.650329076,0.0054983617551758865,4.289220021596775,715.2132756854769,203557.32432191426,203562.42211243417,16.248930827053204,28.951311667145934,69.64440439801217,140.9786252992948,28763664.644830715,41437659696.28082,112.02731363214887,56.01365681607444,131.1883428364554,0.021841475772818857,0.2485211990759197,fourier
