nameseq,average,median,maximum,minimum,peak,none_levated_peak,sample_standard_deviation,population_standard_deviation,percentile15,percentile25,percentile50,percentile75,amplitude,variance,interquartile_range,semi_interquartile_range,coefficient_of_variation,skewness,kurtosis,label
LG26_6573431_6576906,263.8438757265468,9.567537187968773,870203.4179296797,0.0044366060425936,4.391485925060973,327.8623443126964,14757.468508559885,14759.591732584766,2.342181102168754,4.078436205648796,9.567537187968773,18.033731986295834,870203.4134930737,217845548.11258456,13.955295780647038,6.977647890323519,55.9325793252629,0.05169104817491324,0.2429985589357704,fourier
