nameseq,average,median,maximum,minimum,peak,none_levated_peak,sample_standard_deviation,population_standard_deviation,percentile15,percentile25,percentile50,percentile75,amplitude,variance,interquartile_range,semi_interquartile_range,coefficient_of_variation,skewness,kurtosis,label
LG26_17880818_17881153,37.21558870386327,3.5123392161003815,10439.799230438975,0.004197383734954378,3.009491557186452,46.00985686656618,568.4025251695778,569.2502549846641,1.0982439749378576,1.5040471925639909,3.5123392161003815,7.832456378195358,10439.795033055241,324045.8528001052,6.328409185631367,3.1642045928156834,15.273237505190215,0.17788405924678727,0.22737907002609561,fourier
