nameseq,average,median,maximum,minimum,peak,none_levated_peak,sample_standard_deviation,population_standard_deviation,percentile15,percentile25,percentile50,percentile75,amplitude,variance,interquartile_range,semi_interquartile_range,coefficient_of_variation,skewness,kurtosis,label
LG26_8278746_8278922,23.536704753880535,3.0757464195912587,3499.3728441313665,0.0642454898498594,2.5067230360814454,28.683140162067943,262.0297642523517,262.7731125947746,0.5747078284850349,1.1796915086943507,3.0757464195912587,5.323373041930136,3499.3085986415167,69049.70870274611,4.143681533235785,2.0718407666178926,11.132814342209498,0.23425916967109178,0.2997819114633706,fourier
