nameseq,average,median,maximum,minimum,peak,none_levated_peak,sample_standard_deviation,population_standard_deviation,percentile15,percentile25,percentile50,percentile75,amplitude,variance,interquartile_range,semi_interquartile_range,coefficient_of_variation,skewness,kurtosis,label
LG26_2528395_2528554,25.804384510257286,3.5587291687970786,3334.8686609587426,0.11884623641466224,2.0668322203977874,23.288477759742022,262.4861934028792,263.3103279061066,0.7014914147660097,1.131207405251508,3.5587291687970786,6.054111981228813,3334.7498147223278,69332.32878202136,4.922904575977305,2.4614522879886525,10.172154786274422,0.2542494336909706,0.1969563572674119,fourier
