nameseq,average,median,maximum,minimum,peak,none_levated_peak,sample_standard_deviation,population_standard_deviation,percentile15,percentile25,percentile50,percentile75,amplitude,variance,interquartile_range,semi_interquartile_range,coefficient_of_variation,skewness,kurtosis,label
LG26_5105264_5106244,90.60375556538466,6.543751788879667,79255.82349817804,0.03356380336976548,3.6091219172920352,107.83617372647802,2528.8649790274158,2530.154887287285,1.5194581709935318,2.51361849105204,6.543751788879667,13.259001186281202,79255.78993437467,6401683.753663733,10.74538269522916,5.37269134761458,27.91126000513795,0.09972063096326389,0.24302563359812476,fourier
