nameseq,average,median,maximum,minimum,peak,none_levated_peak,sample_standard_deviation,population_standard_deviation,percentile15,percentile25,percentile50,percentile75,amplitude,variance,interquartile_range,semi_interquartile_range,coefficient_of_variation,skewness,kurtosis,label
LG26_13513094_13513394,29.65981270861698,2.5627854263816,7854.70135053822,0.04760742409356238,3.382804008879792,51.09442497613021,451.7927574416168,452.54511892438813,0.4947035133757898,1.0154988995357037,2.5627854263816,4.654065035074568,7854.653743114127,204797.08466228857,3.6385661355388645,1.8192830677694323,15.232488548734455,0.17993002434796893,0.20894157957557652,fourier
