nameseq,average,median,maximum,minimum,peak,none_levated_peak,sample_standard_deviation,population_standard_deviation,percentile15,percentile25,percentile50,percentile75,amplitude,variance,interquartile_range,semi_interquartile_range,coefficient_of_variation,skewness,kurtosis,label
LG26_9387371_9388146,69.40351007963639,5.155119044418562,48003.85118868226,0.005652260621019923,3.7269968964085836,96.34055963194655,1721.877448532061,1722.9879790883556,1.0647260950598039,2.070806267338267,5.155119044418562,10.039232331876239,48003.845536421635,2968687.5760829756,7.968426064537972,3.984213032268986,24.809659433021604,0.11193896131805027,0.24949687416285013,fourier
