nameseq,average,median,maximum,minimum,peak,none_levated_peak,sample_standard_deviation,population_standard_deviation,percentile15,percentile25,percentile50,percentile75,amplitude,variance,interquartile_range,semi_interquartile_range,coefficient_of_variation,skewness,kurtosis,label
LG26_5370652_5381993,887.4357149632993,37.91244021320154,9431998.950529674,0.0016592630165128805,4.260214687013153,551.6970831020842,88559.93824736566,88563.84257617818,8.440955713968293,15.880538231858784,37.91244021320154,76.09850895174965,9431998.948870411,7843554211.858072,60.217970719890864,30.108985359945432,99.79307430851837,0.028777908777800038,0.24616254518046224,fourier
