nameseq,average,median,maximum,minimum,peak,none_levated_peak,sample_standard_deviation,population_standard_deviation,percentile15,percentile25,percentile50,percentile75,amplitude,variance,interquartile_range,semi_interquartile_range,coefficient_of_variation,skewness,kurtosis,label
LG26_14451523_14454491,209.13185386687553,5.645583436470598,594331.7172817993,0.02194709958211289,4.732261720859829,346.2687398273511,10905.470423586805,10907.307443800893,1.3974713902728986,2.2849677918256197,5.645583436470598,11.6488215612357,594331.6953346997,118969355.67359437,9.36385376941008,4.68192688470504,52.14638622449531,0.05597730199431738,0.2389867216681571,fourier
