nameseq,average,median,maximum,minimum,peak,none_levated_peak,sample_standard_deviation,population_standard_deviation,percentile15,percentile25,percentile50,percentile75,amplitude,variance,interquartile_range,semi_interquartile_range,coefficient_of_variation,skewness,kurtosis,label
LG26_1187901_1191138,248.45476650202073,9.946767573402859,757510.5502621685,0.01743698256370538,4.344184450671647,296.5086320284616,13309.910857253823,13311.966600699127,2.3405513984386173,4.201897712322475,9.946767573402859,19.529340430569697,757510.5328251859,177208454.77812907,15.327442718247221,7.663721359123611,53.57076076520178,0.05375873696373385,0.24498172078451091,fourier
