nameseq,average,median,maximum,minimum,peak,none_levated_peak,sample_standard_deviation,population_standard_deviation,percentile15,percentile25,percentile50,percentile75,amplitude,variance,interquartile_range,semi_interquartile_range,coefficient_of_variation,skewness,kurtosis,label
LG27_11548705_11549057,27.970068140095474,1.5737287371479984,9069.101857081636,0.023893556572788206,4.206878084004018,74.58211991921222,481.90123806403557,482.5852713935305,0.26013632085190314,0.5443908249020862,1.5737287371479984,3.0524857438746937,9069.077963525064,232888.54416596747,2.5080949189726076,1.2540474594863038,17.229176405660006,0.1643262393908183,0.24407806298958507,fourier
