nameseq,average,median,maximum,minimum,peak,none_levated_peak,sample_standard_deviation,population_standard_deviation,percentile15,percentile25,percentile50,percentile75,amplitude,variance,interquartile_range,semi_interquartile_range,coefficient_of_variation,skewness,kurtosis,label
LG27_15436093_15436670,46.36559308822243,2.582910066960805,24832.59372463097,0.003464334211631249,4.1553801824570415,100.78928223727372,1031.8706076217386,1032.7643891731298,0.628656107984487,1.1186494814621812,2.582910066960805,4.415304097754564,24832.590260296758,1066602.283544148,3.296654616292383,1.6483273081461915,22.255093462480684,0.12729120113859685,0.22014256533418844,fourier
