nameseq,average,median,maximum,minimum,peak,none_levated_peak,sample_standard_deviation,population_standard_deviation,percentile15,percentile25,percentile50,percentile75,amplitude,variance,interquartile_range,semi_interquartile_range,coefficient_of_variation,skewness,kurtosis,label
LG27_18449922_18450115,16.50878103472903,1.1013757858469297,2849.7450272458987,0.020077030517394536,3.9171072976635486,44.14815337725254,203.94949693490852,204.47718086198887,0.3163416921872088,0.5288294585458035,1.1013757858469297,2.404912253279706,2849.7249502153813,41810.91749326651,1.8760827947339025,0.9380413973669512,12.354000971111438,0.22663559577888218,0.20143300979779083,fourier
