nameseq,average,median,maximum,minimum,peak,none_levated_peak,sample_standard_deviation,population_standard_deviation,percentile15,percentile25,percentile50,percentile75,amplitude,variance,interquartile_range,semi_interquartile_range,coefficient_of_variation,skewness,kurtosis,label
LG27_20165252_20165529,24.775027127126677,1.370522774047274,6186.423685735922,0.0028021396688348472,3.74032553793671,56.78838243084468,370.23517866124956,370.902871139922,0.35400156229342117,0.6426251140014556,1.370522774047274,3.255254611113453,6186.420883596253,137568.9398198376,2.6126294971119974,1.3063147485559987,14.943885904200346,0.18964570928437025,0.23858191391927,fourier
