nameseq,average,median,maximum,minimum,peak,none_levated_peak,sample_standard_deviation,population_standard_deviation,percentile15,percentile25,percentile50,percentile75,amplitude,variance,interquartile_range,semi_interquartile_range,coefficient_of_variation,skewness,kurtosis,label
LG27_14787767_14787826,20.732863287794196,5.093466633454275,906.87672130274,0.07293085019320354,0.9646520947144988,7.6121249394725465,115.4971699701114,116.47184691227932,1.5120719381728722,1.948924991559278,5.093466633454275,7.595198142447378,906.8037904525468,13565.69112315743,5.6462731508881,2.82313657544405,5.570729347263223,0.4062280484895115,0.2992067032715245,fourier
