nameseq,average,median,maximum,minimum,peak,none_levated_peak,sample_standard_deviation,population_standard_deviation,percentile15,percentile25,percentile50,percentile75,amplitude,variance,interquartile_range,semi_interquartile_range,coefficient_of_variation,skewness,kurtosis,label
LG27_2534458_2535602,92.95328241622416,4.883135849304231,98321.1585596303,0.04597138671238151,4.10600526141345,146.68947474558797,2904.187082807466,2905.4561180800943,0.9812109220182597,1.6621601991198858,4.883135849304231,10.042150650446093,98321.11258824359,8441675.25408905,8.379990451326208,4.189995225663104,31.243512948829082,0.09097569549319413,0.25487596289083814,fourier
