nameseq,average,median,maximum,minimum,peak,none_levated_peak,sample_standard_deviation,population_standard_deviation,percentile15,percentile25,percentile50,percentile75,amplitude,variance,interquartile_range,semi_interquartile_range,coefficient_of_variation,skewness,kurtosis,label
LG27_16094245_16094393,24.985610649290866,3.3419319261551985,3065.331412119989,0.04250687542422203,1.9878107989358382,22.631177411629,249.97198496071564,250.81506318879164,0.6320682515438553,1.1163665093318207,3.3419319261551985,5.986764890403402,3065.288905244565,62908.19592239754,4.870398381071581,2.4351991905357906,10.004637808114179,0.25975325266793897,0.2730306554814104,fourier
