nameseq,average,median,maximum,minimum,peak,none_levated_peak,sample_standard_deviation,population_standard_deviation,percentile15,percentile25,percentile50,percentile75,amplitude,variance,interquartile_range,semi_interquartile_range,coefficient_of_variation,skewness,kurtosis,label
LG27_15713067_15718652,512.6998884351373,31.70989867459806,2603368.116288022,0.007007285764530751,3.6317542523428217,295.2154750657439,34828.83170756987,34831.94963709651,7.45859899072658,13.445861134227084,31.70989867459806,61.37196248625885,2603368.109280736,1213264715.521228,47.926101352031765,23.963050676015882,67.93220067567098,0.04143032937185761,0.23557841339041796,fourier
