nameseq,average,median,maximum,minimum,peak,none_levated_peak,sample_standard_deviation,population_standard_deviation,percentile15,percentile25,percentile50,percentile75,amplitude,variance,interquartile_range,semi_interquartile_range,coefficient_of_variation,skewness,kurtosis,label
LG27_13878385_13879165,93.7797628223407,10.418991346348978,57870.83455465919,0.010870174271960261,2.77600758946807,67.78276198297357,2069.5437679319093,2070.8699736226035,2.0550710957244247,4.099160228934125,10.418991346348978,20.299750587257314,57870.823684484916,4288502.447651682,16.20059035832319,8.100295179161595,22.06812755383608,0.12083934551327798,0.23819329549948906,fourier
