nameseq,average,median,maximum,minimum,peak,none_levated_peak,sample_standard_deviation,population_standard_deviation,percentile15,percentile25,percentile50,percentile75,amplitude,variance,interquartile_range,semi_interquartile_range,coefficient_of_variation,skewness,kurtosis,label
LG27_11870873_11873923,276.2424984382872,15.376997060475457,772641.2104174854,0.008122396535642026,3.681547936141327,226.35031215614538,13985.349566653436,13987.64205901645,3.4905312761229004,5.64780800899088,15.376997060475457,31.6664695876332,772641.2022950889,195654130.37116596,26.018661578642316,13.009330789321158,50.62707456571087,0.05595830840005977,0.252312537848094,fourier
