nameseq,average,median,maximum,minimum,peak,none_levated_peak,sample_standard_deviation,population_standard_deviation,percentile15,percentile25,percentile50,percentile75,amplitude,variance,interquartile_range,semi_interquartile_range,coefficient_of_variation,skewness,kurtosis,label
LG27_12816376_12817370,67.95315527330345,1.6885967386686118,65061.23176903344,0.008346335406625677,4.880813338729063,198.89724649131958,2061.463529507668,2062.5002223212514,0.40349682434456596,0.7188509678706985,1.6885967386686118,3.4150875494683146,65061.22342269803,4253907.167075211,2.696236581597616,1.348118290798808,30.336538770224685,0.09643327313744993,0.24451577982549508,fourier
