nameseq,average,median,maximum,minimum,peak,none_levated_peak,sample_standard_deviation,population_standard_deviation,percentile15,percentile25,percentile50,percentile75,amplitude,variance,interquartile_range,semi_interquartile_range,coefficient_of_variation,skewness,kurtosis,label
LG27_12930971_12931257,23.66752681294481,1.610086223930927,6187.881748480659,0.010038637164134731,4.042106613959443,60.25353344188379,364.5026702595129,365.13935663164585,0.5102626101472582,0.7776566188766851,1.610086223930927,2.804978251694738,6187.8717098434945,133326.74976137225,2.0273216328180528,1.0136608164090264,15.400961542806845,0.1815413909586158,0.2375557164844891,fourier
