nameseq,average,median,maximum,minimum,peak,none_levated_peak,sample_standard_deviation,population_standard_deviation,percentile15,percentile25,percentile50,percentile75,amplitude,variance,interquartile_range,semi_interquartile_range,coefficient_of_variation,skewness,kurtosis,label
LG27_18445585_18445694,10.120447609828071,0.8883890203803215,967.5386854939353,0.0028268215534585518,3.623028158463988,28.309973895580924,91.71361499064521,92.13335912864574,0.1888922644880331,0.31365692325435285,0.8883890203803215,2.1849829303097654,967.5358586723819,8488.55586432801,1.8713260070554125,0.9356630035277063,9.062209353426342,0.3019854333641549,0.3270220613359993,fourier
