nameseq,average,median,maximum,minimum,peak,none_levated_peak,sample_standard_deviation,population_standard_deviation,percentile15,percentile25,percentile50,percentile75,amplitude,variance,interquartile_range,semi_interquartile_range,coefficient_of_variation,skewness,kurtosis,label
LG27_15867670_15869023,89.84972593708693,1.4162822795201688,118985.28766237543,0.006847730575290432,5.023202114710493,300.46172037144777,3232.3351051890713,3233.5293912468896,0.3200558376504823,0.610512222800852,1.4162822795201688,2.704268052691994,118985.28081464485,10455712.32405748,2.0937558298911423,1.0468779149455711,35.97490222120836,0.08207698841212253,0.25662134286838184,fourier
