nameseq,average,median,maximum,minimum,peak,none_levated_peak,sample_standard_deviation,population_standard_deviation,percentile15,percentile25,percentile50,percentile75,amplitude,variance,interquartile_range,semi_interquartile_range,coefficient_of_variation,skewness,kurtosis,label
LG27_20201884_20204108,191.06006373650962,11.688160216324347,387454.0017742733,0.007336728740319778,3.8818508282793047,188.12651501640474,8211.81998231445,8213.665957381561,2.949683821247911,5.255633374861038,11.688160216324347,24.086720719103987,387453.99443754455,67464308.45944875,18.83108734424295,9.415543672121474,42.98030588767806,0.06552940903715371,0.2585838643151596,fourier
