nameseq,average,median,maximum,minimum,peak,none_levated_peak,sample_standard_deviation,population_standard_deviation,percentile15,percentile25,percentile50,percentile75,amplitude,variance,interquartile_range,semi_interquartile_range,coefficient_of_variation,skewness,kurtosis,label
LG27_12269092_12274049,343.3827847889472,7.614907824237435,1645844.763131002,0.004236454228302485,4.812899014965012,509.5809345720779,23371.62166654408,23373.978983779038,1.9359973567622635,3.300958829136203,7.614907824237435,15.352145921172866,1645844.7588945478,546342893.5341442,12.051187092036663,6.025593546018332,68.06288113980129,0.043099432519740834,0.23857885981605592,fourier
