nameseq,average,median,maximum,minimum,peak,none_levated_peak,sample_standard_deviation,population_standard_deviation,percentile15,percentile25,percentile50,percentile75,amplitude,variance,interquartile_range,semi_interquartile_range,coefficient_of_variation,skewness,kurtosis,label
LG27_2887949_2888129,18.37059681295722,1.731314085790711,2915.927044561978,0.006131931327314469,3.284233710402854,37.07449593633842,215.98118940454552,216.58030619873736,0.34122094645261175,0.5860966492713422,1.731314085790711,3.2328205470364297,2915.920912630651,46907.02903313884,2.6467238977650878,1.3233619488825439,11.756895630751028,0.23112127643671992,0.25360254485319833,fourier
