nameseq,average,median,maximum,minimum,peak,none_levated_peak,sample_standard_deviation,population_standard_deviation,percentile15,percentile25,percentile50,percentile75,amplitude,variance,interquartile_range,semi_interquartile_range,coefficient_of_variation,skewness,kurtosis,label
LG27_2699928_2700101,24.824813181305824,1.914541308388555,3874.117482582454,0.08005031602489728,2.3363720635640695,32.52299877558594,292.66617624113104,293.51081342661627,0.4380340850375233,0.7305892311669113,1.914541308388555,3.6167876037867837,3874.0374322664293,86148.59759835395,2.886198372619872,1.443099186309936,11.78925996758443,0.23484372708011092,0.25283490374460404,fourier
