nameseq,average,median,maximum,minimum,peak,none_levated_peak,sample_standard_deviation,population_standard_deviation,percentile15,percentile25,percentile50,percentile75,amplitude,variance,interquartile_range,semi_interquartile_range,coefficient_of_variation,skewness,kurtosis,label
LG27_17047549_17049186,150.68709219124148,8.384511616687368,225585.8010257804,0.007885986559299398,3.6234025891683883,158.37156787204864,5571.83996536498,5573.541550368876,1.9009603978326752,3.3252333093529276,8.384511616687368,17.841543867030285,225585.79313979385,31064365.4136883,14.516310557677357,7.258155278838679,36.97622592845306,0.07661880893517335,0.2511712794575854,fourier
