nameseq,average,median,maximum,minimum,peak,none_levated_peak,sample_standard_deviation,population_standard_deviation,percentile15,percentile25,percentile50,percentile75,amplitude,variance,interquartile_range,semi_interquartile_range,coefficient_of_variation,skewness,kurtosis,label
LG27_13371421_13372275,100.29314345318421,8.287460039316148,75427.12307726845,0.07813386098749028,2.841669830929519,85.00075085532669,2577.666674557009,2579.175405546333,1.4117624177705197,3.1169656202042453,8.287460039316148,16.371116756380996,75427.04494340747,6652145.772575092,13.25415113617675,6.627075568088375,25.701324993968676,0.10708019503299036,0.2509367877460147,fourier
