nameseq,average,median,maximum,minimum,peak,none_levated_peak,sample_standard_deviation,population_standard_deviation,percentile15,percentile25,percentile50,percentile75,amplitude,variance,interquartile_range,semi_interquartile_range,coefficient_of_variation,skewness,kurtosis,label
LG27_2541701_2542736,120.7617297018361,7.588877515895881,110681.32653262447,0.015108751147937187,2.8596255965028856,101.15964760044884,3436.877713882048,3438.537640428417,1.8101750517435136,3.3355709251297156,7.588877515895881,16.217732162727934,110681.31142387333,11823541.104643026,12.882161237598218,6.441080618799109,28.45999077992498,0.09878691790122646,0.23623193274467533,fourier
