nameseq,average,median,maximum,minimum,peak,none_levated_peak,sample_standard_deviation,population_standard_deviation,percentile15,percentile25,percentile50,percentile75,amplitude,variance,interquartile_range,semi_interquartile_range,coefficient_of_variation,skewness,kurtosis,label
LG27_14161448_14162710,133.31919171338987,13.11865927013249,146175.61496085417,0.016841983535875543,3.1578349267603385,104.45223641487986,4111.055897313665,4112.684360794967,3.282950577651003,5.25132154941438,13.11865927013249,23.298990513017507,146175.59811887064,16914172.651527505,18.04766896360313,9.023834481801565,30.836189782425542,0.0877150801003227,0.2394887743025943,fourier
