nameseq,average,median,maximum,minimum,peak,none_levated_peak,sample_standard_deviation,population_standard_deviation,percentile15,percentile25,percentile50,percentile75,amplitude,variance,interquartile_range,semi_interquartile_range,coefficient_of_variation,skewness,kurtosis,label
LG27_20768059_20768204,25.389584817521623,3.4277200769758043,2960.362786631089,0.0004623493750749389,1.916796474477254,20.784168523878332,243.80407977383075,244.64333898480848,0.7465521048425935,1.4989189436262447,3.4277200769758043,6.424493311678679,2960.362324281714,59850.36330963591,4.925574368052435,2.4627871840262174,9.602523299458563,0.27023991675101344,0.22086637806765003,fourier
