nameseq,average,median,maximum,minimum,peak,none_levated_peak,sample_standard_deviation,population_standard_deviation,percentile15,percentile25,percentile50,percentile75,amplitude,variance,interquartile_range,semi_interquartile_range,coefficient_of_variation,skewness,kurtosis,label
LG27_4632667_4632892,29.693414485662384,2.7774972921944223,5811.284081158153,0.14521958653360648,2.537038418727776,35.857433817593886,385.4674024050277,386.32304697042105,0.6707658956198248,1.2513639034445154,2.7774972921944223,4.661484766310264,5811.138861571619,149245.49662051015,3.4101208628657487,1.7050604314328743,12.981578881443648,0.20948010409336412,0.20106547275218437,fourier
