nameseq,average,median,maximum,minimum,peak,none_levated_peak,sample_standard_deviation,population_standard_deviation,percentile15,percentile25,percentile50,percentile75,amplitude,variance,interquartile_range,semi_interquartile_range,coefficient_of_variation,skewness,kurtosis,label
LG27_20097291_20097520,39.58245599851381,4.077229508819387,7723.834220054433,0.0036339260403112326,1.936885034863558,30.65939780432913,507.8356668922659,508.9432705349332,0.6705523104129393,1.3565747682257931,4.077229508819387,8.36170514464545,7723.8305861283925,259023.2526227942,7.005130376419657,3.5025651882098283,12.829817000525018,0.20974438467647033,0.2763546161746499,fourier
