nameseq,average,median,maximum,minimum,peak,none_levated_peak,sample_standard_deviation,population_standard_deviation,percentile15,percentile25,percentile50,percentile75,amplitude,variance,interquartile_range,semi_interquartile_range,coefficient_of_variation,skewness,kurtosis,label
LG27_7578160_7578676,54.56188455943264,3.853881406983159,24989.05707303,0.027762559101745903,3.158493052885953,70.21288202294983,1097.725522952796,1098.7886956213238,0.9512950391673572,1.6434121130720263,3.853881406983159,8.084071939090267,24989.029310470898,1207336.5976252102,6.440659826018241,3.2203299130091203,20.118907765311445,0.13858109907852625,0.2630489426673439,fourier
