nameseq,average,median,maximum,minimum,peak,none_levated_peak,sample_standard_deviation,population_standard_deviation,percentile15,percentile25,percentile50,percentile75,amplitude,variance,interquartile_range,semi_interquartile_range,coefficient_of_variation,skewness,kurtosis,label
LG27_11538945_11539206,36.2265920277388,4.7256789121654315,7916.832336820294,0.028749799841098225,2.410752114536801,34.38832215265481,487.8290671547465,488.7627121565612,1.2707797821816034,1.8474169732521026,4.7256789121654315,8.242783717886974,7916.803587020452,238888.98879463747,6.395366744634871,3.1976833723174356,13.466049105066643,0.19372100948782225,0.23690655807701552,fourier
