nameseq,average,median,maximum,minimum,peak,none_levated_peak,sample_standard_deviation,population_standard_deviation,percentile15,percentile25,percentile50,percentile75,amplitude,variance,interquartile_range,semi_interquartile_range,coefficient_of_variation,skewness,kurtosis,label
LG27_742989_743613,66.25113779134882,6.728223191851099,33869.49052501045,0.010406637638562316,3.1446000820311624,63.65498093652616,1353.296628665854,1354.3805668681985,1.616845065015773,2.8624539776534283,6.728223191851099,16.90672037734241,33869.48011837281,1834346.7199102223,14.044266399688981,7.0221331998444905,20.426768109672672,0.13195092636455835,0.26210444703527197,fourier
