nameseq,average,median,maximum,minimum,peak,none_levated_peak,sample_standard_deviation,population_standard_deviation,percentile15,percentile25,percentile50,percentile75,amplitude,variance,interquartile_range,semi_interquartile_range,coefficient_of_variation,skewness,kurtosis,label
LG27_8094695_8094909,41.20971127814802,3.4317847274674462,7764.243496352384,0.0011337661341613127,1.7390722828157459,29.959169676039934,527.9574427259873,529.1895504523316,0.777046834032342,1.2986370819564932,3.4317847274674462,8.185714637684484,7764.242362586249,280041.5803079407,6.88707755572799,3.443538777863995,12.811481234665761,0.2146646121075,0.27311508717830935,fourier
