nameseq,average,median,maximum,minimum,peak,none_levated_peak,sample_standard_deviation,population_standard_deviation,percentile15,percentile25,percentile50,percentile75,amplitude,variance,interquartile_range,semi_interquartile_range,coefficient_of_variation,skewness,kurtosis,label
LG27_18216853_18226071,704.9872365308662,26.837526360819822,6132619.4185296,0.0071802709267748685,4.358944163474165,528.0365245160358,63867.198995548155,63870.663167112296,6.234571524300008,11.467405374811623,26.837526360819822,53.89127470085724,6132619.411349329,4079461613.4067154,42.42386932604562,21.21193466302281,90.59341174718115,0.031854365973556314,0.24717188561639283,fourier
