nameseq,average,median,maximum,minimum,peak,none_levated_peak,sample_standard_deviation,population_standard_deviation,percentile15,percentile25,percentile50,percentile75,amplitude,variance,interquartile_range,semi_interquartile_range,coefficient_of_variation,skewness,kurtosis,label
LG27_17165985_17166292,53.46800067854679,5.443217939606504,13859.646647502963,0.03968010177524451,1.9201515927985706,35.02228886120657,788.0145572984021,789.2969252049708,1.4292019986544926,2.1727550324190714,5.443217939606504,11.651075012405485,13859.606967401187,622989.6361380211,9.478319979986413,4.739159989993206,14.738059162451174,0.18283208968976364,0.2552114607734182,fourier
