nameseq,average,median,maximum,minimum,peak,none_levated_peak,sample_standard_deviation,population_standard_deviation,percentile15,percentile25,percentile50,percentile75,amplitude,variance,interquartile_range,semi_interquartile_range,coefficient_of_variation,skewness,kurtosis,label
LG27_6489673_6490007,44.589402816617906,5.355619517168548,11521.356493551148,0.013056034060881837,2.5043319625947067,37.52332883624044,628.3684377800645,629.3084060508783,1.4760282045921633,2.48701927266207,5.355619517168548,12.295970027749906,11521.343437517087,396029.06992629706,9.808950755087835,4.904475377543918,14.09232683299987,0.187312638289361,0.22079799436000627,fourier
