nameseq,average,median,maximum,minimum,peak,none_levated_peak,sample_standard_deviation,population_standard_deviation,percentile15,percentile25,percentile50,percentile75,amplitude,variance,interquartile_range,semi_interquartile_range,coefficient_of_variation,skewness,kurtosis,label
LG27_7621453_7621709,19.686834045255697,0.9356076942769682,4700.967671839131,0.013652292613069935,4.351469945331884,65.40964303570917,292.58418485393037,293.1550813672355,0.2969238145146333,0.47011556996561754,0.9356076942769682,1.8297468893575355,4700.954019546518,85939.90173143045,1.359631319391918,0.679815659695959,14.861921636630031,0.19226493421378965,0.23430152788104427,fourier
