nameseq,average,median,maximum,minimum,peak,none_levated_peak,sample_standard_deviation,population_standard_deviation,percentile15,percentile25,percentile50,percentile75,amplitude,variance,interquartile_range,semi_interquartile_range,coefficient_of_variation,skewness,kurtosis,label
LG27_3372337_3372564,67.64099352865146,8.333434384474828,11558.529392901242,0.050515245582575516,1.1235790019525336,19.29803356565617,762.9707768672281,764.6494824761039,1.7747657707599824,3.5746943817635537,8.333434384474828,24.369481873657048,11558.47887765566,584688.8310509736,20.794787491893494,10.397393745946747,11.279709789360913,0.23319723746574364,0.254927006077149,fourier
