nameseq,average,median,maximum,minimum,peak,none_levated_peak,sample_standard_deviation,population_standard_deviation,percentile15,percentile25,percentile50,percentile75,amplitude,variance,interquartile_range,semi_interquartile_range,coefficient_of_variation,skewness,kurtosis,label
LG27_14383899_14384676,67.97895713535881,4.157384768659045,47715.6922973042,0.003995880560348386,3.8149060277131372,102.3595990316418,1709.378000016712,1710.477632166475,1.2612341459006355,2.0072417230497392,4.157384768659045,8.83957396077237,47715.688301423645,2925733.730141831,6.83233223772263,3.416166118861315,25.145693197573195,0.11200841305915218,0.26140141133362566,fourier
