nameseq,average,median,maximum,minimum,peak,none_levated_peak,sample_standard_deviation,population_standard_deviation,percentile15,percentile25,percentile50,percentile75,amplitude,variance,interquartile_range,semi_interquartile_range,coefficient_of_variation,skewness,kurtosis,label
LG27_6183441_6183742,29.924610459469548,2.08614552088931,8049.167716610282,0.01822367264146126,3.3640092593021884,54.36132060628066,462.2418159420369,463.00902280348316,0.5044561284169358,0.7751832266701932,2.08614552088931,4.118699290575528,8049.14949293764,214377.3551974364,3.3435160639053354,1.6717580319526677,15.446878299990098,0.1806746857065246,0.23623752357711048,fourier
