nameseq,average,median,maximum,minimum,peak,none_levated_peak,sample_standard_deviation,population_standard_deviation,percentile15,percentile25,percentile50,percentile75,amplitude,variance,interquartile_range,semi_interquartile_range,coefficient_of_variation,skewness,kurtosis,label
LG27_11750482_11750770,43.272772112170735,2.404898417795303,11385.31011213732,0.004015472944220896,2.22618816940177,46.026705219360416,668.3483411823265,669.5076626801381,0.6577692532177117,1.238661781120143,2.404898417795303,5.961757409290092,11385.306096664375,448240.5103874216,4.723095628169949,2.3615478140849744,15.44500868698332,0.18344269526611998,0.26807114237966934,fourier
