nameseq,average,median,maximum,minimum,peak,none_levated_peak,sample_standard_deviation,population_standard_deviation,percentile15,percentile25,percentile50,percentile75,amplitude,variance,interquartile_range,semi_interquartile_range,coefficient_of_variation,skewness,kurtosis,label
LG27_17706392_17710878,404.22139795480894,24.177235576481777,1656604.9306817423,0.012350638036531403,3.7001174955955176,271.29043440923556,24727.70736924733,24730.463313236854,6.12994125362786,10.201257433183311,24.177235576481777,46.019037220632434,1656604.9183311043,611595815.687354,35.817779787449126,17.908889893724563,61.1736723843893,0.0461074886607931,0.23941065635648584,fourier
