nameseq,average,median,maximum,minimum,peak,none_levated_peak,sample_standard_deviation,population_standard_deviation,percentile15,percentile25,percentile50,percentile75,amplitude,variance,interquartile_range,semi_interquartile_range,coefficient_of_variation,skewness,kurtosis,label
LG27_13196704_13196863,32.57637204692449,3.2569727678731497,4181.138219161689,0.10995657179561619,1.637178420497825,20.986709380105854,329.18326386825595,330.21680884112396,1.1150525001184168,1.689585343320549,3.2569727678731497,6.999754412631506,4181.0282625898935,109043.14084121541,5.310169069310957,2.6550845346554786,10.104970049890312,0.2672013054477648,0.21572140180183258,fourier
