nameseq,average,median,maximum,minimum,peak,none_levated_peak,sample_standard_deviation,population_standard_deviation,percentile15,percentile25,percentile50,percentile75,amplitude,variance,interquartile_range,semi_interquartile_range,coefficient_of_variation,skewness,kurtosis,label
LG27_19019700_19023727,402.78020801701297,34.57642142075731,1389526.7127924885,0.02494177950393283,3.3334971280663175,201.1131313436532,21890.866346138497,21893.58418913688,8.0098287967325,14.715729516982536,34.57642142075731,68.1559030028499,1389526.687850709,479329028.6468244,53.44017348586736,26.72008674293368,54.34940920735075,0.05045991978218889,0.23912093342085936,fourier
