nameseq,average,median,maximum,minimum,peak,none_levated_peak,sample_standard_deviation,population_standard_deviation,percentile15,percentile25,percentile50,percentile75,amplitude,variance,interquartile_range,semi_interquartile_range,coefficient_of_variation,skewness,kurtosis,label
LG27_5801562_5801910,51.475152804034344,4.25584154667174,15634.64993854836,0.11316345393402712,2.259990053380002,44.19651359625098,835.3712425417109,836.5706275707666,0.9883632239763699,1.7021588734061388,4.25584154667174,10.170435096959677,15634.536775094426,699850.4149141464,8.468276223553538,4.234138111776769,16.228630650635758,0.16957482680523886,0.28799283897508676,fourier
