nameseq,average,median,maximum,minimum,peak,none_levated_peak,sample_standard_deviation,population_standard_deviation,percentile15,percentile25,percentile50,percentile75,amplitude,variance,interquartile_range,semi_interquartile_range,coefficient_of_variation,skewness,kurtosis,label
LG27_12896317_12896396,18.95761985157106,3.297717666626651,1196.7947240247568,0.014785073199694656,1.406646344607271,12.334413667140977,132.6000044211548,133.43660580819045,0.521434821136512,1.344840131051292,3.297717666626651,5.047609460266491,1196.7799389515571,17805.327769610405,3.702769329215199,1.8513846646075995,6.994549181772202,0.35429641771066306,0.2351426952831849,fourier
