nameseq,average,median,maximum,minimum,peak,none_levated_peak,sample_standard_deviation,population_standard_deviation,percentile15,percentile25,percentile50,percentile75,amplitude,variance,interquartile_range,semi_interquartile_range,coefficient_of_variation,skewness,kurtosis,label
LG27_17567614_17572050,347.2161188186356,17.561568244374303,1421523.1915778327,0.010671681112880789,4.259594874316704,309.18918673124807,21337.960743940366,21340.36569866696,3.976178857546803,7.109706975997393,17.561568244374303,34.92129497991799,1421523.1809061517,455411208.1528413,27.811588003920594,13.905794001960297,61.45440717596987,0.04634761791862577,0.24151942059527615,fourier
