nameseq,average,median,maximum,minimum,peak,none_levated_peak,sample_standard_deviation,population_standard_deviation,percentile15,percentile25,percentile50,percentile75,amplitude,variance,interquartile_range,semi_interquartile_range,coefficient_of_variation,skewness,kurtosis,label
LG27_1268768_1268857,52.05252976179184,3.2106587728091003,4151.94992263277,0.0053437336357672685,0.5763408644553704,10.819269942177122,434.6465612183298,437.0815750116189,0.6076774679044294,1.7263762871215245,3.2106587728091003,8.229908283667216,4151.944578899134,191040.30321463742,6.503531996545691,3.2517659982728455,8.350152494170874,0.3371143960192201,0.1912287912928434,fourier
