nameseq,average,median,maximum,minimum,peak,none_levated_peak,sample_standard_deviation,population_standard_deviation,percentile15,percentile25,percentile50,percentile75,amplitude,variance,interquartile_range,semi_interquartile_range,coefficient_of_variation,skewness,kurtosis,label
LG27_14498591_14499739,86.46902738031376,3.334243198531147,93438.7503846397,0.003938204025951528,4.429331653234218,168.93134852351116,2755.2105878302696,2756.410331230403,0.7998253439632296,1.4243452852721088,3.334243198531147,6.86339923206284,93438.74644643567,7597797.9141136985,5.4390539467907315,2.7195269733953658,31.86355474674326,0.09052097638088491,0.23544027732233727,fourier
