nameseq,average,median,maximum,minimum,peak,none_levated_peak,sample_standard_deviation,population_standard_deviation,percentile15,percentile25,percentile50,percentile75,amplitude,variance,interquartile_range,semi_interquartile_range,coefficient_of_variation,skewness,kurtosis,label
LG27_4591223_4591567,32.732134665937075,2.02135746202549,10283.315575651333,0.016234717380113915,3.513366945776242,63.535159147927004,552.6813871573447,553.484120168855,0.4317020616654877,0.7649566866890952,2.02135746202549,4.159861230893733,10283.299340933952,306344.67127909156,3.3949045442046377,1.6974522721023189,16.88497841029893,0.16670062309426983,0.2629587975656977,fourier
