nameseq,average,median,maximum,minimum,peak,none_levated_peak,sample_standard_deviation,population_standard_deviation,percentile15,percentile25,percentile50,percentile75,amplitude,variance,interquartile_range,semi_interquartile_range,coefficient_of_variation,skewness,kurtosis,label
LG27_16632324_16634498,159.31842528318603,4.5584122002531995,330423.44707694446,0.0025941569258913595,4.5506349859492,276.3959371030069,7083.2477110549125,7084.87660557134,1.085150778728474,2.0049366971232807,4.5584122002531995,9.668312977967812,330423.4444827875,50195476.51617208,7.663376280844531,3.8316881404222656,44.45968944561528,0.06554620961853289,0.23624358179514476,fourier
