nameseq,average,median,maximum,minimum,peak,none_levated_peak,sample_standard_deviation,population_standard_deviation,percentile15,percentile25,percentile50,percentile75,amplitude,variance,interquartile_range,semi_interquartile_range,coefficient_of_variation,skewness,kurtosis,label
LG27_5592368_5592651,43.96583417934827,4.257129064353012,10551.512459805357,0.008819772033221108,2.1531870925158905,36.02993794220761,624.671827413541,625.7745146396796,1.2284366711911918,1.907057366604039,4.257129064353012,8.526159878847054,10551.503640033325,391593.7431725266,6.619102512243015,3.3095512561215075,14.208119533575534,0.1907019175784323,0.22430867322526396,fourier
