nameseq,average,median,maximum,minimum,peak,none_levated_peak,sample_standard_deviation,population_standard_deviation,percentile15,percentile25,percentile50,percentile75,amplitude,variance,interquartile_range,semi_interquartile_range,coefficient_of_variation,skewness,kurtosis,label
LG27_8523342_8523726,37.63335300336901,2.7911829487397566,12786.144592132012,0.002677941560542042,3.410095648980432,60.25158637097205,650.5876876610471,651.4342562529515,0.6499432501940023,1.1554830752471097,2.7911829487397566,5.664563431651857,12786.141914190452,424366.59021983616,4.509080356404747,2.2545401782023733,17.287529166024754,0.16066475303225464,0.2212096894642159,fourier
