nameseq,average,median,maximum,minimum,peak,none_levated_peak,sample_standard_deviation,population_standard_deviation,percentile15,percentile25,percentile50,percentile75,amplitude,variance,interquartile_range,semi_interquartile_range,coefficient_of_variation,skewness,kurtosis,label
LG27_5270888_5271060,23.024452345104667,2.500286392435796,3386.676370325919,0.024583375908234454,2.5045836401371533,29.03714474844984,256.4996390018037,257.2441968495181,0.8267309989324887,1.115942408183592,2.500286392435796,4.603588967833158,3386.651786950011,66174.57681275364,3.4876465596495656,1.7438232798247828,11.140314442976935,0.24004906243775898,0.24450815261491918,fourier
