nameseq,average,median,maximum,minimum,peak,none_levated_peak,sample_standard_deviation,population_standard_deviation,percentile15,percentile25,percentile50,percentile75,amplitude,variance,interquartile_range,semi_interquartile_range,coefficient_of_variation,skewness,kurtosis,label
LG27_5091687_5092036,36.217543314249376,3.085292580958979,11191.576959015578,0.021229141103012526,3.221274995224911,54.39370799771384,597.1473821128069,598.0022821670249,0.9761853407533505,1.432402243356914,3.085292580958979,5.738253994315182,11191.555729874475,357606.72947697,4.305851750958268,2.152925875479134,16.48779368969143,0.16645262991556445,0.2458460943355993,fourier
