nameseq,average,median,maximum,minimum,peak,none_levated_peak,sample_standard_deviation,population_standard_deviation,percentile15,percentile25,percentile50,percentile75,amplitude,variance,interquartile_range,semi_interquartile_range,coefficient_of_variation,skewness,kurtosis,label
LG27_211788_212076,44.09304373714148,5.067342631903585,10913.744572798625,0.021894282475007912,2.184773950004898,36.66684602140975,640.5232033835579,641.6342592114455,1.119946621006723,2.218545242013498,5.067342631903585,9.134536563964604,10913.72267851615,411694.52259382047,6.915991321951106,3.457995660975553,14.52662708435384,0.18278354741444958,0.2607796315713061,fourier
