nameseq,average,median,maximum,minimum,peak,none_levated_peak,sample_standard_deviation,population_standard_deviation,percentile15,percentile25,percentile50,percentile75,amplitude,variance,interquartile_range,semi_interquartile_range,coefficient_of_variation,skewness,kurtosis,label
LG27_4847867_4848176,40.51403370188884,4.2076684142306595,10443.248665126534,0.011106234160723129,2.5505565329209796,39.65103079834076,591.835509865679,592.7923989462474,1.0177445865355268,1.75993588478778,4.2076684142306595,9.81219827769671,10443.237558892373,351402.828248447,8.052262392908931,4.0261311964544655,14.60816057518574,0.18403609456907116,0.23993606898585795,fourier
