nameseq,average,median,maximum,minimum,peak,none_levated_peak,sample_standard_deviation,population_standard_deviation,percentile15,percentile25,percentile50,percentile75,amplitude,variance,interquartile_range,semi_interquartile_range,coefficient_of_variation,skewness,kurtosis,label
LG27_6346533_6347083,44.20065749190484,2.495379808848212,22100.87130017459,0.013798870187538224,4.155292637904864,90.8641238717442,940.5136752243932,941.3682993673106,0.6017061432930441,0.9607657423216149,2.495379808848212,5.5851148251812255,22100.857501304403,886174.2750537024,4.62434908285961,2.312174541429805,21.27827341474828,0.13302925448619238,0.25530441290167777,fourier
