nameseq,average,median,maximum,minimum,peak,none_levated_peak,sample_standard_deviation,population_standard_deviation,percentile15,percentile25,percentile50,percentile75,amplitude,variance,interquartile_range,semi_interquartile_range,coefficient_of_variation,skewness,kurtosis,label
LG27_18705715_18705785,15.02063814955315,1.7333602679398576,898.4930671484616,0.026122241906531528,1.5756099328822943,13.261504189630038,105.61808272181892,106.36982233470316,0.5608413432090993,0.7426525889008064,1.7333602679398576,3.2581885999064135,898.4669449065551,11314.539103516314,2.515536011005607,1.2577680055028035,7.03153099556965,0.3774148575469747,0.1957746454135201,fourier
