nameseq,average,median,maximum,minimum,peak,none_levated_peak,sample_standard_deviation,population_standard_deviation,percentile15,percentile25,percentile50,percentile75,amplitude,variance,interquartile_range,semi_interquartile_range,coefficient_of_variation,skewness,kurtosis,label
LG27_4482093_4484541,200.61861960524647,9.314013597278299,455632.9357967398,0.008706116197678249,4.0690806014896195,227.67360721469365,9204.913562811724,9206.793459402918,2.1597029827992396,3.7380202683264443,9.314013597278299,19.780546275928327,455632.92709062365,84765045.80410433,16.042526007601882,8.021263003800941,45.88264828520933,0.06234863739976254,0.25165536589800275,fourier
