nameseq,average,median,maximum,minimum,peak,none_levated_peak,sample_standard_deviation,population_standard_deviation,percentile15,percentile25,percentile50,percentile75,amplitude,variance,interquartile_range,semi_interquartile_range,coefficient_of_variation,skewness,kurtosis,label
LG27_20943527_20943830,37.982883879560916,4.763962685994853,9696.195890334457,0.06721647932915854,2.6678683391879603,39.98054131541678,554.8738161360238,555.7886952670046,0.8153031394077132,1.8765587415259395,4.763962685994853,8.847637450518256,9696.128673855128,308901.0737865994,6.971078708992317,3.4855393544961584,14.608522562306247,0.17960257031892085,0.2624029392212122,fourier
