nameseq,average,median,maximum,minimum,peak,none_levated_peak,sample_standard_deviation,population_standard_deviation,percentile15,percentile25,percentile50,percentile75,amplitude,variance,interquartile_range,semi_interquartile_range,coefficient_of_variation,skewness,kurtosis,label
LG27_17741544_17741661,12.705681994647662,1.2365157987640603,1323.4853028265875,0.017941914381761726,3.095727828691346,27.703058169139933,121.187904893768,121.70470000966692,0.41723974169184547,0.5839679351139152,1.2365157987640603,1.9673879080017784,1323.4673609122058,14812.03400444302,1.3834199728878631,0.6917099864439316,9.538087364756892,0.2839185859167385,0.23796281829708163,fourier
