nameseq,average,median,maximum,minimum,peak,none_levated_peak,sample_standard_deviation,population_standard_deviation,percentile15,percentile25,percentile50,percentile75,amplitude,variance,interquartile_range,semi_interquartile_range,coefficient_of_variation,skewness,kurtosis,label
LG27_18890338_18894460,275.462187950047,3.864883888205483,1112285.3897692165,0.0028743314798685637,4.989190507637144,582.0693015832387,17320.271525898068,17322.37235330902,0.8934580562315896,1.5923497630695267,3.864883888205483,7.612269456150322,1112285.386894885,300064583.9466847,6.019919693080796,3.009959846540398,62.87712899833269,0.047042675455012936,0.23532291205922895,fourier
