nameseq,average,median,maximum,minimum,peak,none_levated_peak,sample_standard_deviation,population_standard_deviation,percentile15,percentile25,percentile50,percentile75,amplitude,variance,interquartile_range,semi_interquartile_range,coefficient_of_variation,skewness,kurtosis,label
LG27_16589972_16593008,258.70141258978146,16.56759205987378,711225.5599803404,0.014246290785688988,3.9131341541554456,219.06907298225582,12903.269261629594,12905.394131016024,3.93748041435413,6.579764499464058,16.56759205987378,32.435897979291695,711225.5457340496,166549197.67686284,25.856133479827637,12.928066739913818,49.877073079960695,0.05629592368112634,0.23896636198754745,fourier
