nameseq,average,median,maximum,minimum,peak,none_levated_peak,sample_standard_deviation,population_standard_deviation,percentile15,percentile25,percentile50,percentile75,amplitude,variance,interquartile_range,semi_interquartile_range,coefficient_of_variation,skewness,kurtosis,label
LG27_5801566_5801910,53.71601217032031,5.220843379173358,15962.186109100257,0.11747078146301192,2.14088863550338,41.337357666658846,857.7607240488888,859.0065645370454,1.3290121647429247,2.419687184170137,5.220843379173358,10.118293342335928,15962.068638318795,737892.2779177371,7.698606158165791,3.8493030790828957,15.968436400847104,0.16961082769878463,0.22650816153398254,fourier
