nameseq,average,median,maximum,minimum,peak,none_levated_peak,sample_standard_deviation,population_standard_deviation,percentile15,percentile25,percentile50,percentile75,amplitude,variance,interquartile_range,semi_interquartile_range,coefficient_of_variation,skewness,kurtosis,label
LG27_6982225_6982621,53.777239064981785,4.982018372121856,18199.183408096404,0.11091740194787963,2.4607684521220627,47.09766208081989,911.8817991245912,913.0324390764824,1.5284323471931438,2.137100438488391,4.982018372121856,10.572258171865192,18199.072490694456,833628.2348059507,8.435157733376801,4.217578866688401,16.956649597104043,0.16053140025287313,0.24266791991002318,fourier
