nameseq,average,median,maximum,minimum,peak,none_levated_peak,sample_standard_deviation,population_standard_deviation,percentile15,percentile25,percentile50,percentile75,amplitude,variance,interquartile_range,semi_interquartile_range,coefficient_of_variation,skewness,kurtosis,label
LG27_8722876_8723089,31.007348340102165,1.5006599466449564,6107.638319178519,0.034436677963754395,2.3005299437706865,40.41904314321353,416.3733101750478,417.34956781105075,0.6223675511410726,0.9731517325410326,1.5006599466449564,2.998136303943423,6107.603882500555,174180.66175207085,2.02498457140239,1.012492285701195,13.428214035204917,0.2125978371263923,0.23526484674210982,fourier
