nameseq,average,median,maximum,minimum,peak,none_levated_peak,sample_standard_deviation,population_standard_deviation,percentile15,percentile25,percentile50,percentile75,amplitude,variance,interquartile_range,semi_interquartile_range,coefficient_of_variation,skewness,kurtosis,label
LG27_10731385_10731661,28.035593822600653,2.6621627315823915,6755.213836003458,0.05922287895344206,3.293432410156392,46.24087016315729,404.94418100481187,405.6771122488812,0.5888660905660066,1.0970905756607487,2.6621627315823915,4.870507727005902,6755.154613124504,164573.91940259136,3.7734171513451527,1.8867085756725763,14.443930938904158,0.18797724931908644,0.23233581697787495,fourier
