nameseq,average,median,maximum,minimum,peak,none_levated_peak,sample_standard_deviation,population_standard_deviation,percentile15,percentile25,percentile50,percentile75,amplitude,variance,interquartile_range,semi_interquartile_range,coefficient_of_variation,skewness,kurtosis,label
LG27_18885765_18887359,124.25831605325892,5.708569055372859,184626.72528286115,0.0010954244168395303,4.278721002776076,188.47123876928015,4621.243846266609,4622.693193596038,1.332314760599878,2.1672853675961052,5.708569055372859,11.981571814385674,184626.72418743675,21369292.36211914,9.81428644678957,4.907143223394785,37.19062025825198,0.07695963528974534,0.25069623188252776,fourier
