nameseq,average,median,maximum,minimum,peak,none_levated_peak,sample_standard_deviation,population_standard_deviation,percentile15,percentile25,percentile50,percentile75,amplitude,variance,interquartile_range,semi_interquartile_range,coefficient_of_variation,skewness,kurtosis,label
LG27_6572353_6572482,20.034076577537032,2.5651054084545617,2013.9951804225707,0.050994713036444116,2.162981316639286,19.37057722504102,175.61580049188993,176.29516782749656,1.1027700746051277,1.5377001440466849,2.5651054084545617,6.689353052255069,2013.9441857095342,31079.986199325172,5.151652908208384,2.575826454104192,8.765854508552545,0.2984179860835905,0.2656810875889115,fourier
