nameseq,average,median,maximum,minimum,peak,none_levated_peak,sample_standard_deviation,population_standard_deviation,percentile15,percentile25,percentile50,percentile75,amplitude,variance,interquartile_range,semi_interquartile_range,coefficient_of_variation,skewness,kurtosis,label
LG27_13454600_13454763,17.63328730489614,2.1624250209439695,2438.190282775211,0.058656485226946706,3.100197128387267,30.180162640214476,189.6068603006662,190.18758711316985,0.6164853800094232,1.153063358069819,2.1624250209439695,4.075592823662644,2438.131626289984,36171.31829192957,2.922529465592825,1.4612647327964126,10.752780069999716,0.24478326774811024,0.25985848519413074,fourier
