nameseq,average,median,maximum,minimum,peak,none_levated_peak,sample_standard_deviation,population_standard_deviation,percentile15,percentile25,percentile50,percentile75,amplitude,variance,interquartile_range,semi_interquartile_range,coefficient_of_variation,skewness,kurtosis,label
LG27_15241008_15246916,522.6668735895996,33.08109479589746,2802847.445984877,0.017981537800446586,3.768493406018415,307.13044174791526,36458.48730669362,36461.57269469954,7.388608635340831,13.40072006731627,33.08109479589746,66.49339979650826,2802847.4280033396,1329446283.3708591,53.092679729191985,26.546339864595993,69.7547312618113,0.04028574537461539,0.24842007699185664,fourier
