nameseq,average,median,maximum,minimum,peak,none_levated_peak,sample_standard_deviation,population_standard_deviation,percentile15,percentile25,percentile50,percentile75,amplitude,variance,interquartile_range,semi_interquartile_range,coefficient_of_variation,skewness,kurtosis,label
LG27_9820541_9820755,23.101522895151945,1.947084090456573,4432.095335649718,0.02485365616334759,3.1022485830017095,41.21938261010717,301.4001051127209,302.10349021193053,0.6063769806779606,0.7708395002560926,1.947084090456573,3.654153899321356,4432.070481993555,91266.51879823003,2.8833143990652634,1.4416571995326317,13.046763474453554,0.21056169303707245,0.2657083163346356,fourier
