nameseq,average,median,maximum,minimum,peak,none_levated_peak,sample_standard_deviation,population_standard_deviation,percentile15,percentile25,percentile50,percentile75,amplitude,variance,interquartile_range,semi_interquartile_range,coefficient_of_variation,skewness,kurtosis,label
LG27_1671529_1671966,38.123969922382805,2.141199242508518,15349.104290113006,0.004916238421244271,3.829611666813391,79.37338772082083,732.4302271915838,733.2677691772777,0.5154332688988527,0.9313179690066996,2.141199242508518,4.4181728847974595,15349.099373874584,537681.6213142214,3.48685491579076,1.74342745789538,19.21180372040871,0.1473837480104252,0.2627608813737646,fourier
