nameseq,average,median,maximum,minimum,peak,none_levated_peak,sample_standard_deviation,population_standard_deviation,percentile15,percentile25,percentile50,percentile75,amplitude,variance,interquartile_range,semi_interquartile_range,coefficient_of_variation,skewness,kurtosis,label
LG27_7194066_7194321,43.74083177493501,5.150851258772881,9047.161333385617,0.0001554099333538804,1.9508850168284235,29.761295898068965,563.9102619348998,565.0148864253176,1.2086249123671204,2.2803429143655,5.150851258772881,10.259622929691567,9047.161177975684,319241.8218822145,7.979280015326067,3.9896400076630334,12.892079072397513,0.20529851886584635,0.2153614478894426,fourier
