nameseq,average,median,maximum,minimum,peak,none_levated_peak,sample_standard_deviation,population_standard_deviation,percentile15,percentile25,percentile50,percentile75,amplitude,variance,interquartile_range,semi_interquartile_range,coefficient_of_variation,skewness,kurtosis,label
LG27_11998223_11998292,15.917954772523416,2.6305687884513835,892.5009742372687,0.13036363562369782,1.465849957911043,11.521696936833967,105.56209032120948,106.32428137670531,0.6425568448313771,0.9307823482193099,2.6305687884513835,5.111338882478488,892.370610601645,11304.852810272805,4.180556534259178,2.090278267129589,6.631636528043427,0.37761811869129885,0.32573687736927337,fourier
