nameseq,average,median,maximum,minimum,peak,none_levated_peak,sample_standard_deviation,population_standard_deviation,percentile15,percentile25,percentile50,percentile75,amplitude,variance,interquartile_range,semi_interquartile_range,coefficient_of_variation,skewness,kurtosis,label
LG27_16221302_16222459,99.70026698672838,5.801158151625941,104887.72503954417,0.0001426887511637934,3.8716044767601523,131.7428085974473,3080.684567602736,3082.0156044190435,1.343174083765015,2.423109765951143,5.801158151625941,12.013816407417117,104887.72489685542,9498820.185882483,9.590706641465975,4.795353320732987,30.899461563255613,0.09143984732085465,0.2343931823641455,fourier
