nameseq,average,median,maximum,minimum,peak,none_levated_peak,sample_standard_deviation,population_standard_deviation,percentile15,percentile25,percentile50,percentile75,amplitude,variance,interquartile_range,semi_interquartile_range,coefficient_of_variation,skewness,kurtosis,label
LG27_3410502_3410728,38.01770330188971,4.608895254963586,7116.390032592161,0.050292482312047485,1.9903008360556482,28.44249813740954,470.8950224933583,471.9356757459683,1.211720653004384,1.868276829642724,4.608895254963586,9.049838814060863,7116.339740109849,222723.2820418037,7.181561984418138,3.590780992209069,12.386203836515078,0.21284239448972306,0.24062115389915398,fourier
