nameseq,average,median,maximum,minimum,peak,none_levated_peak,sample_standard_deviation,population_standard_deviation,percentile15,percentile25,percentile50,percentile75,amplitude,variance,interquartile_range,semi_interquartile_range,coefficient_of_variation,skewness,kurtosis,label
LG27_19247061_19249177,179.58624923770253,11.479498551068913,342033.6671815194,0.0003832367784689983,3.9294025553851712,181.16350787334358,7431.670301480691,7433.426159816233,2.4189285379019707,4.264500072878948,11.479498551068913,21.830809058524295,342033.6667982826,55255824.47344031,17.566308985645346,8.783154492822673,41.382178942019344,0.06786095609750338,0.24377578294554839,fourier
