nameseq,average,median,maximum,minimum,peak,none_levated_peak,sample_standard_deviation,population_standard_deviation,percentile15,percentile25,percentile50,percentile75,amplitude,variance,interquartile_range,semi_interquartile_range,coefficient_of_variation,skewness,kurtosis,label
LG27_5915484_5915689,22.822092749366092,2.3608503507733145,3965.7333031616245,0.04469838211947557,3.0087804576367767,35.58644600434432,275.41825857516733,276.08919320777846,0.3819203572505158,0.8337307135709658,2.3608503507733145,5.2977847658140815,3965.688604779505,76225.24260612203,4.464054052243116,2.232027026121558,12.068054476854115,0.2228745745228995,0.2563442630091366,fourier
