nameseq,average,median,maximum,minimum,peak,none_levated_peak,sample_standard_deviation,population_standard_deviation,percentile15,percentile25,percentile50,percentile75,amplitude,variance,interquartile_range,semi_interquartile_range,coefficient_of_variation,skewness,kurtosis,label
LG27_10212190_10212242,7.892309284985381,0.8246010713329774,340.3004496181129,0.01628974459985891,2.2384660849868596,12.61777733191606,46.11843231397851,46.559767080819384,0.2574808499085012,0.41551968970321423,0.8246010713329774,2.7784652167687387,340.28415987351303,2167.8119106201525,2.3629455270655244,1.1814727635327622,5.843464903449223,0.45975380291776613,0.30141977042730966,fourier
