nameseq,average,median,maximum,minimum,peak,none_levated_peak,sample_standard_deviation,population_standard_deviation,percentile15,percentile25,percentile50,percentile75,amplitude,variance,interquartile_range,semi_interquartile_range,coefficient_of_variation,skewness,kurtosis,label
LG27_15704125_15710519,434.79168755537654,6.46503778386131,2720238.5603178926,0.002226534877750663,4.902730957558084,718.5412242929181,34013.49666505202,34016.15635905186,1.557708020269337,2.7127694056898806,6.46503778386131,12.807556185269537,2720238.558091358,1157098893.4434645,10.094786779579657,5.047393389789828,78.22940879181354,0.03777853132738419,0.25331084052679165,fourier
