nameseq,average,median,maximum,minimum,peak,none_levated_peak,sample_standard_deviation,population_standard_deviation,percentile15,percentile25,percentile50,percentile75,amplitude,variance,interquartile_range,semi_interquartile_range,coefficient_of_variation,skewness,kurtosis,label
LG27_7546677_7546958,31.105292590210713,2.7865434857809097,7670.0036218312625,0.039407484718600366,3.021993756444624,45.5321456107096,455.71479454172186,456.5249548160213,0.7041614717517805,1.0925798781199159,2.7865434857809097,5.564707976940225,7669.9642143465435,208415.03436977032,4.472128098820309,2.2360640494101545,14.650715572601362,0.18642415899339745,0.2734000070782208,fourier
