nameseq,average,median,maximum,minimum,peak,none_levated_peak,sample_standard_deviation,population_standard_deviation,percentile15,percentile25,percentile50,percentile75,amplitude,variance,interquartile_range,semi_interquartile_range,coefficient_of_variation,skewness,kurtosis,label
LG27_6127477_6127571,25.223750699540698,4.5893925350727445,1807.0696741506545,0.45786672905613524,1.2554305283093086,11.82747235114348,183.9029312725476,184.87855048625147,1.4710628226759885,1.935616126199016,4.5893925350727445,8.169202765935,1806.6118074215983,34180.07842989743,6.233586639735983,3.1167933198679916,7.290863815740785,0.33660732901349105,0.24572673168338766,fourier
