nameseq,average,median,maximum,minimum,peak,none_levated_peak,sample_standard_deviation,population_standard_deviation,percentile15,percentile25,percentile50,percentile75,amplitude,variance,interquartile_range,semi_interquartile_range,coefficient_of_variation,skewness,kurtosis,label
LG27_18516327_18516484,27.987524474980425,3.3310773999441947,3669.705300056626,0.006658743886750392,1.8817908212549586,22.7029194206675,290.6791903142879,291.60345080349686,0.9559846541126216,1.3920856706990037,3.3310773999441947,6.330121220043614,3669.6986413127393,85032.57252050741,4.93803554934461,2.469017774672305,10.38602719487184,0.2544707144158879,0.2054346615628247,fourier
