nameseq,average,median,maximum,minimum,peak,none_levated_peak,sample_standard_deviation,population_standard_deviation,percentile15,percentile25,percentile50,percentile75,amplitude,variance,interquartile_range,semi_interquartile_range,coefficient_of_variation,skewness,kurtosis,label
LG27_17757274_17763219,434.5815936299947,15.386177469571429,2450804.52072818,0.01042770897138146,4.560708573606747,448.4825781409161,31780.147153442318,31782.81988774362,3.41628106020511,6.226310633246172,15.386177469571429,31.15203903211958,2450804.510300471,1010147640.0167514,24.925728398873407,12.462864199436703,73.12814812976207,0.03957144195743764,0.25288919603540505,fourier
