nameseq,average,median,maximum,minimum,peak,none_levated_peak,sample_standard_deviation,population_standard_deviation,percentile15,percentile25,percentile50,percentile75,amplitude,variance,interquartile_range,semi_interquartile_range,coefficient_of_variation,skewness,kurtosis,label
LG27_14407146_14407671,52.36154863676131,4.046346606532272,24600.071428763247,0.0038522522763727862,3.34851313412525,74.40269157454762,1071.3655304938177,1072.3853932002307,0.503694475052763,1.202300101542328,4.046346606532272,7.649059144159865,24600.06757651097,1150010.4315492136,6.446759042617536,3.223379521308768,20.460921389587156,0.1352905259364451,0.25734658270970856,fourier
