nameseq,average,median,maximum,minimum,peak,none_levated_peak,sample_standard_deviation,population_standard_deviation,percentile15,percentile25,percentile50,percentile75,amplitude,variance,interquartile_range,semi_interquartile_range,coefficient_of_variation,skewness,kurtosis,label
LG27_5715771_5716098,37.93673562769409,3.5486712446433706,10807.169648407025,0.07088520122211814,2.881991070774134,47.12687505643971,595.5610363091554,596.4709849472272,1.0472214254223795,1.8200515520616194,3.5486712446433706,6.074655374982835,10807.098763205804,355777.63588391535,4.254603822921215,2.1273019114606075,15.698795018999776,0.17322186452708044,0.21176631986788902,fourier
