nameseq,average,median,maximum,minimum,peak,none_levated_peak,sample_standard_deviation,population_standard_deviation,percentile15,percentile25,percentile50,percentile75,amplitude,variance,interquartile_range,semi_interquartile_range,coefficient_of_variation,skewness,kurtosis,label
LG27_15643416_15648464,428.3253305238099,24.324792227030056,1973025.6512571492,0.010643338026532717,3.9292562920381493,301.3992753499928,27763.847279701076,27766.59712839595,5.288574103450273,9.298368955464543,24.324792227030056,51.564891413321206,1973025.640613811,770983916.0906464,42.26652245785667,21.133261228928333,64.8195315596861,0.043653950501898485,0.2550019054372941,fourier
