nameseq,average,median,maximum,minimum,peak,none_levated_peak,sample_standard_deviation,population_standard_deviation,percentile15,percentile25,percentile50,percentile75,amplitude,variance,interquartile_range,semi_interquartile_range,coefficient_of_variation,skewness,kurtosis,label
LG27_11979562_11979862,55.93304752689158,7.448749622959911,12689.98672757691,0.0580871319321165,1.7938113113735652,29.05238693342161,729.8007640774521,731.0160867579177,1.7870688676684228,2.787304898612329,7.448749622959911,15.956916071348582,12689.928640444978,534384.5190988595,13.169611172736253,6.584805586368127,13.047756136058513,0.19930493481417955,0.2206079305542588,fourier
