nameseq,average,median,maximum,minimum,peak,none_levated_peak,sample_standard_deviation,population_standard_deviation,percentile15,percentile25,percentile50,percentile75,amplitude,variance,interquartile_range,semi_interquartile_range,coefficient_of_variation,skewness,kurtosis,label
LG27_16253348_16256441,268.6574701011802,15.633557548584822,756414.4405986869,0.00883745108083012,3.8388410824568493,227.32536973698936,13596.189187338181,13598.386906448524,3.4495224580654926,6.288513918266425,15.633557548584822,31.225765207836265,756414.4317612358,184916126.45747066,24.93725128956984,12.46862564478492,50.60789555644094,0.055829742231352016,0.24600686625737647,fourier
