nameseq,average,median,maximum,minimum,peak,none_levated_peak,sample_standard_deviation,population_standard_deviation,percentile15,percentile25,percentile50,percentile75,amplitude,variance,interquartile_range,semi_interquartile_range,coefficient_of_variation,skewness,kurtosis,label
LG27_7016742_7016942,48.727473484905325,6.265418357364172,7392.290083863584,0.028754224634795024,1.3749943349875322,20.132160080267465,519.6255252595422,520.9229692898571,1.8326950303070575,2.8772981927335066,6.265418357364172,13.631234449254912,7392.261329638949,271360.73993376136,10.753936256521405,5.376968128260702,10.663912739504347,0.24514993815786223,0.1795569004370138,fourier
