nameseq,average,median,maximum,minimum,peak,none_levated_peak,sample_standard_deviation,population_standard_deviation,percentile15,percentile25,percentile50,percentile75,amplitude,variance,interquartile_range,semi_interquartile_range,coefficient_of_variation,skewness,kurtosis,label
LG27_3584957_3585223,45.11292826681955,5.0175740488079965,10275.982421969555,0.08287939936200721,1.972826934966651,33.67672226935967,627.3363874519525,628.5144849919169,1.1385989831164347,1.884172229974769,5.0175740488079965,8.889910942297757,10275.899542570192,395030.45784465456,7.005738712322987,3.5028693561614936,13.905911488200976,0.1917409304800566,0.2610174077563768,fourier
