nameseq,average,median,maximum,minimum,peak,none_levated_peak,sample_standard_deviation,population_standard_deviation,percentile15,percentile25,percentile50,percentile75,amplitude,variance,interquartile_range,semi_interquartile_range,coefficient_of_variation,skewness,kurtosis,label
LG27_6388615_6388837,39.767357230671244,5.323925399380346,6796.347276494126,0.026762954475936875,1.8692047576146824,25.625679638992395,453.7682052844038,454.7890574301801,0.9568095298240843,2.6135449617238145,5.323925399380346,9.567524519012744,6796.32051353965,206833.08675823166,6.95397955728893,3.476989778644465,11.410569796034308,0.22771603274651958,0.18562623932412145,fourier
