nameseq,average,median,maximum,minimum,peak,none_levated_peak,sample_standard_deviation,population_standard_deviation,percentile15,percentile25,percentile50,percentile75,amplitude,variance,interquartile_range,semi_interquartile_range,coefficient_of_variation,skewness,kurtosis,label
LG27_865625_867513,140.06393536046426,5.942881214210347,248045.29176527323,0.006551955731318274,4.495566007382099,219.78426714044843,5705.391622096458,5706.902383839368,1.5380229077506162,2.517217729545721,5.942881214210347,11.656307434539157,248045.2852133175,32568734.818671454,9.139089704993435,4.569544852496717,40.734194761936664,0.07052332058687191,0.2571221469284029,fourier
