nameseq,average,median,maximum,minimum,peak,none_levated_peak,sample_standard_deviation,population_standard_deviation,percentile15,percentile25,percentile50,percentile75,amplitude,variance,interquartile_range,semi_interquartile_range,coefficient_of_variation,skewness,kurtosis,label
LG27_6332862_6332915,8.349219093429443,1.672371858104007,354.2104100546328,0.008550352958797719,2.1558902453722166,11.492510738605317,47.528538218707396,47.97482536395108,0.4994278399485262,0.8111189349880086,1.672371858104007,2.420389485852444,354.201859701674,2301.583868701604,1.6092705508644356,0.8046352754322178,5.692572884583993,0.4214424103220624,0.23321932780012236,fourier
