nameseq,average,median,maximum,minimum,peak,none_levated_peak,sample_standard_deviation,population_standard_deviation,percentile15,percentile25,percentile50,percentile75,amplitude,variance,interquartile_range,semi_interquartile_range,coefficient_of_variation,skewness,kurtosis,label
LG27_15808650_15809842,80.75817024407603,1.3750816049172803,93845.74736944804,0.002368949374827166,4.92416637802461,260.05255083380354,2715.8308828633367,2716.9698348458282,0.3353495202213611,0.5746938618848917,1.3750816049172803,2.779323379928481,93845.74500049867,7381925.083462166,2.204629518043589,1.1023147590217945,33.629178009547026,0.08768928412302031,0.22895925047802695,fourier
