nameseq,average,median,maximum,minimum,peak,none_levated_peak,sample_standard_deviation,population_standard_deviation,percentile15,percentile25,percentile50,percentile75,amplitude,variance,interquartile_range,semi_interquartile_range,coefficient_of_variation,skewness,kurtosis,label
LG27_13301052_13301265,40.23596582256868,3.994653803218732,7172.403663211387,0.0556761569219861,1.772874886311835,26.993876415271263,488.7422028991683,489.88814164201574,0.9504523359076864,1.8751433580261538,3.994653803218732,8.399171734794413,7172.347987054464,239990.39132146767,6.524028376768259,3.2620141883841294,12.146898748607368,0.22245661498661395,0.19294838000259268,fourier
