nameseq,average,median,maximum,minimum,peak,none_levated_peak,sample_standard_deviation,population_standard_deviation,percentile15,percentile25,percentile50,percentile75,amplitude,variance,interquartile_range,semi_interquartile_range,coefficient_of_variation,skewness,kurtosis,label
LG27_19912364_19912572,16.616924686630057,0.9016247149889003,3215.6587894053287,0.007543487911401487,4.192512632780982,55.104009894300965,221.81659654153862,222.3491701689834,0.2386374404521781,0.39704729514456755,0.9016247149889003,1.6138960899063646,3215.6512459174173,49439.15347483553,1.216848794761797,0.6084243973808985,13.34883564345765,0.2125445104198714,0.2287825828877644,fourier
