nameseq,average,median,maximum,minimum,peak,none_levated_peak,sample_standard_deviation,population_standard_deviation,percentile15,percentile25,percentile50,percentile75,amplitude,variance,interquartile_range,semi_interquartile_range,coefficient_of_variation,skewness,kurtosis,label
LG27_12103304_12103468,34.92185177005625,2.85819953865109,4986.857442821786,0.013497948920985074,1.574945119237914,23.858265103124577,386.7101382914149,387.88734082664865,0.45289748801967883,1.2872925304039553,2.85819953865109,6.940109218950265,4986.843944872865,150456.5891735687,5.652816688546309,2.8264083442731547,11.07358627021605,0.24874175039530103,0.2334868641218314,fourier
