nameseq,average,median,maximum,minimum,peak,none_levated_peak,sample_standard_deviation,population_standard_deviation,percentile15,percentile25,percentile50,percentile75,amplitude,variance,interquartile_range,semi_interquartile_range,coefficient_of_variation,skewness,kurtosis,label
LG27_13193303_13193414,15.068484755108873,1.1840801891705466,1469.8234093694887,0.02068753426562305,2.4775771379850062,23.65724197688498,138.0925164561648,138.71316010671987,0.5366594209830058,0.6013408374207487,1.1840801891705466,3.016302666678443,1469.802721835223,19241.3407867925,2.4149618292576944,1.2074809146288472,9.164326652641394,0.3016326645842326,0.2640067893857333,fourier
