nameseq,average,median,maximum,minimum,peak,none_levated_peak,sample_standard_deviation,population_standard_deviation,percentile15,percentile25,percentile50,percentile75,amplitude,variance,interquartile_range,semi_interquartile_range,coefficient_of_variation,skewness,kurtosis,label
LG27_14836826_14837885,99.30757895672902,6.56872872998652,93463.12860349969,0.036943425854194904,3.55796946260557,111.48474624964487,2869.040068738069,2870.3943478169062,1.670917983522072,2.9326235721695664,6.56872872998652,14.133081436594729,93463.09166007383,8239163.711979241,11.200457864425163,5.600228932212581,28.89044420253349,0.09697199900125462,0.23372922766204982,fourier
