nameseq,average,median,maximum,minimum,peak,none_levated_peak,sample_standard_deviation,population_standard_deviation,percentile15,percentile25,percentile50,percentile75,amplitude,variance,interquartile_range,semi_interquartile_range,coefficient_of_variation,skewness,kurtosis,label
LG27_12364049_12374498,1010.1981835854496,80.41878648678417,9286682.203122765,0.0400686452088107,3.4481682801785487,353.0897126213079,90840.4295084593,90844.776252463,19.19953443805581,34.39617565548681,80.41878648678417,156.74076156574597,9286682.16305412,8252773372.360064,122.34458591025916,61.17229295512958,89.9233744274253,0.030705911524078006,0.24676750592933672,fourier
