nameseq,average,median,maximum,minimum,peak,none_levated_peak,sample_standard_deviation,population_standard_deviation,percentile15,percentile25,percentile50,percentile75,amplitude,variance,interquartile_range,semi_interquartile_range,coefficient_of_variation,skewness,kurtosis,label
LG27_12905032_12905347,31.077011570112127,2.769439375479524,8642.020493827213,0.008612796604835,3.389429292314457,51.96397067726441,485.18312452505546,485.95264622118094,0.6699966027117943,1.278608464587318,2.769439375479524,5.248407783316552,8642.011881030608,236149.97436936822,3.969799318729234,1.984899659364617,15.612283807612744,0.17503229665505873,0.23226830313551283,fourier
