nameseq,average,median,maximum,minimum,peak,none_levated_peak,sample_standard_deviation,population_standard_deviation,percentile15,percentile25,percentile50,percentile75,amplitude,variance,interquartile_range,semi_interquartile_range,coefficient_of_variation,skewness,kurtosis,label
LG27_663665_664122,38.327673555850886,1.8816836591026989,16278.490304136662,0.03286503940388602,3.9831968001971627,87.55455928383566,759.6904530537636,760.521170035749,0.5222813695773131,0.7327638587661819,1.8816836591026989,3.8434531828638696,16278.457439097258,578392.4500725447,3.1106893240976876,1.5553446620488438,19.820938308367364,0.1439243697886864,0.2579957287422429,fourier
