nameseq,average,median,maximum,minimum,peak,none_levated_peak,sample_standard_deviation,population_standard_deviation,percentile15,percentile25,percentile50,percentile75,amplitude,variance,interquartile_range,semi_interquartile_range,coefficient_of_variation,skewness,kurtosis,label
LG27_15751734_15752832,151.27278242430978,13.555082313921863,137327.38108031478,0.051467056532814706,2.421673796584196,80.2157973468112,4140.247007725126,4142.131937031849,3.436442029034687,5.753183799571762,13.555082313921863,30.039977461006682,137327.32961325825,17157256.983779218,24.28679366143492,12.14339683071746,27.3694113466626,0.09978948105276747,0.22986662587691611,fourier
