nameseq,average,median,maximum,minimum,peak,none_levated_peak,sample_standard_deviation,population_standard_deviation,percentile15,percentile25,percentile50,percentile75,amplitude,variance,interquartile_range,semi_interquartile_range,coefficient_of_variation,skewness,kurtosis,label
LG27_535963_536810,136.42004535691794,11.4506299505392,101667.13798446847,0.04768765956088959,2.0720317599009834,71.20166348818978,3488.681827825059,3490.7406546952193,2.7452612841277135,5.090895949139446,11.4506299505392,22.398494814402774,101667.0902968089,12185270.31834201,17.30759886526333,8.653799432631665,25.57308802161416,0.10746415543800521,0.2566073204848023,fourier
