nameseq,average,median,maximum,minimum,peak,none_levated_peak,sample_standard_deviation,population_standard_deviation,percentile15,percentile25,percentile50,percentile75,amplitude,variance,interquartile_range,semi_interquartile_range,coefficient_of_variation,skewness,kurtosis,label
LG27_5051535_5051733,18.375001792419237,1.6677236480967725,3206.0538485538723,0.0038774756961644213,3.609976972121968,42.164498440993796,226.5525189274091,227.12390071490012,0.19514322453430297,0.4097196321850927,1.6677236480967725,3.0640218389271245,3206.049971078176,51585.266275951806,2.654302206742032,1.327151103371016,12.329387582474972,0.22123715362011578,0.2521142410252343,fourier
