nameseq,average,median,maximum,minimum,peak,none_levated_peak,sample_standard_deviation,population_standard_deviation,percentile15,percentile25,percentile50,percentile75,amplitude,variance,interquartile_range,semi_interquartile_range,coefficient_of_variation,skewness,kurtosis,label
LG27_13028401_13035005,438.99575239352185,6.672343596899455,2834264.362104862,0.003537412961513144,5.015234554463438,727.0783805286385,34871.41494176344,34874.05501557892,1.494850442810662,2.769583890600245,6.672343596899455,13.884286464968328,2834264.3585674493,1216199713.2296252,11.114702574368083,5.557351287184042,79.43451559983255,0.03719293376984718,0.25092031583933627,fourier
