nameseq,average,median,maximum,minimum,peak,none_levated_peak,sample_standard_deviation,population_standard_deviation,percentile15,percentile25,percentile50,percentile75,amplitude,variance,interquartile_range,semi_interquartile_range,coefficient_of_variation,skewness,kurtosis,label
LG27_13877032_13879532,196.8222274414388,9.183775659834312,459188.2619729656,0.008171031552554749,4.235632720469594,239.26278877823646,9179.839419822138,9181.675204146024,1.9998427034793507,3.601393397271027,9.183775659834312,18.098674894475213,459188.2538019341,84303159.55442995,14.497281497204186,7.248640748602093,46.64025775520423,0.06132082813227686,0.25278859100637474,fourier
