nameseq,average,median,maximum,minimum,peak,none_levated_peak,sample_standard_deviation,population_standard_deviation,percentile15,percentile25,percentile50,percentile75,amplitude,variance,interquartile_range,semi_interquartile_range,coefficient_of_variation,skewness,kurtosis,label
LG27_16232694_16240046,588.606303995299,26.362426248860274,4045099.6273417654,0.0022016481945915487,4.164073648826526,425.7373376947437,47169.734771063595,47172.94261456903,6.20994447661792,11.047112419061424,26.362426248860274,51.93856564075684,4045099.6251401175,2225286514.917423,40.891453221695414,20.445726610847707,80.13800472554968,0.035758768655914645,0.23997807983134084,fourier
