nameseq,average,median,maximum,minimum,peak,none_levated_peak,sample_standard_deviation,population_standard_deviation,percentile15,percentile25,percentile50,percentile75,amplitude,variance,interquartile_range,semi_interquartile_range,coefficient_of_variation,skewness,kurtosis,label
LG27_7686713_7686911,22.645438640259417,1.794218209595045,3965.507672637957,0.04568420450918983,2.9292138866060595,37.85801716799005,280.222327823078,280.92906873827275,0.37754152409194414,0.6617278972808716,1.794218209595045,4.056156976962939,3965.461988433448,78921.1416621532,3.394429079682067,1.6972145398410334,12.374338703463854,0.22322868337417848,0.2897084750201027,fourier
