nameseq,average,median,maximum,minimum,peak,none_levated_peak,sample_standard_deviation,population_standard_deviation,percentile15,percentile25,percentile50,percentile75,amplitude,variance,interquartile_range,semi_interquartile_range,coefficient_of_variation,skewness,kurtosis,label
LG27_1103805_1103897,11.765202616643888,1.0152100835866276,964.8930643051532,0.10711397504400173,2.6348887486344865,22.421825918024332,99.38164088621102,99.92029871172596,0.32475352011255965,0.3936727395827738,1.0152100835866276,1.6403304703487591,964.7859503301091,9984.066094640546,1.2466577307659854,0.6233288653829927,8.447082819093886,0.32450639083426924,0.22455744409103634,fourier
