nameseq,average,median,maximum,minimum,peak,none_levated_peak,sample_standard_deviation,population_standard_deviation,percentile15,percentile25,percentile50,percentile75,amplitude,variance,interquartile_range,semi_interquartile_range,coefficient_of_variation,skewness,kurtosis,label
LG27_10013493_10013949,40.67850934188296,2.899278007383452,16684.880792379223,0.058493207512407434,3.7448111004522375,72.59455020545921,779.4472849681216,780.3014740298908,0.6892976330395849,1.247614019212947,2.899278007383452,5.874128823176369,16684.822299171712,608870.3903732202,4.626514803963421,2.3132574019817107,19.16115653150534,0.14540777316086728,0.27862549158914596,fourier
