nameseq,average,median,maximum,minimum,peak,none_levated_peak,sample_standard_deviation,population_standard_deviation,percentile15,percentile25,percentile50,percentile75,amplitude,variance,interquartile_range,semi_interquartile_range,coefficient_of_variation,skewness,kurtosis,label
LG27_16251216_16253337,178.4640262660563,9.901301500369069,347926.9989785853,0.015791779480013212,3.963450495501163,194.72310389602586,7550.850240724149,7552.630052237548,2.2695620059403545,4.074937924306145,9.901301500369069,19.748956364323202,347926.9831868058,57042220.70596174,15.674018440017058,7.837009220008529,42.31020894635231,0.06697102421257459,0.24436050042014168,fourier
