nameseq,average,median,maximum,minimum,peak,none_levated_peak,sample_standard_deviation,population_standard_deviation,percentile15,percentile25,percentile50,percentile75,amplitude,variance,interquartile_range,semi_interquartile_range,coefficient_of_variation,skewness,kurtosis,label
LG27_15153143_15154919,143.484419627393,6.84832483279456,237467.80963991847,4.3096498469509385e-06,4.128206636452459,193.0871078236596,5631.464945596557,5633.050157435301,1.6296611077328356,2.990776240436152,6.84832483279456,13.794213002492366,237467.80963560884,31731254.076181866,10.803436762056215,5.4017183810281075,39.2479194620615,0.0727889258556634,0.2557493370005629,fourier
