nameseq,average,median,maximum,minimum,peak,none_levated_peak,sample_standard_deviation,population_standard_deviation,percentile15,percentile25,percentile50,percentile75,amplitude,variance,interquartile_range,semi_interquartile_range,coefficient_of_variation,skewness,kurtosis,label
LG27_8517181_8517442,35.54808066254782,3.0308440230048204,7856.740552271111,0.02109856767161252,2.4567664893746173,36.975785183989274,484.1602302648025,485.0868535627963,0.6037706890716125,1.2659286233485263,3.0308440230048204,8.536068643175554,7856.719453703439,235309.2554994538,7.270140019827028,3.635070009913514,13.61986980002823,0.20148641672876538,0.2655085958128278,fourier
