nameseq,average,median,maximum,minimum,peak,none_levated_peak,sample_standard_deviation,population_standard_deviation,percentile15,percentile25,percentile50,percentile75,amplitude,variance,interquartile_range,semi_interquartile_range,coefficient_of_variation,skewness,kurtosis,label
LG27_8283754_8284297,54.52115932653457,4.556551873903526,25365.29759275755,0.02181459820701834,3.3259258528840805,66.25296371159291,1086.2280513744756,1087.2278012882423,1.2632074032369678,1.895184878053998,4.556551873903526,9.968391125909243,25365.275778159343,1182064.291894066,8.073206247855245,4.036603123927622,19.923054916512495,0.1379947996815426,0.21979509787200566,fourier
