nameseq,average,median,maximum,minimum,peak,none_levated_peak,sample_standard_deviation,population_standard_deviation,percentile15,percentile25,percentile50,percentile75,amplitude,variance,interquartile_range,semi_interquartile_range,coefficient_of_variation,skewness,kurtosis,label
LG27_3269400_3278579,709.4248667781154,30.641139674668597,6081217.129662321,0.03203010579254431,4.313353172827344,489.58235623816483,63466.18367335019,63469.64071960782,7.335871983096766,12.93579944994456,30.641139674668597,62.2218942640957,6081217.097632215,4028395293.0760994,49.28609481415114,24.64304740707557,89.4614590570876,0.0320856094292844,0.24405743153961623,fourier
