nameseq,average,median,maximum,minimum,peak,none_levated_peak,sample_standard_deviation,population_standard_deviation,percentile15,percentile25,percentile50,percentile75,amplitude,variance,interquartile_range,semi_interquartile_range,coefficient_of_variation,skewness,kurtosis,label
LG27_9742914_9743441,42.93144329192349,2.3667604321808273,20949.385556934445,0.00991782624553036,4.099559355674169,93.33928733029477,910.7045378823334,911.5681744328649,0.5261847931031101,1.1296698758638264,2.3667604321808273,4.430852111239924,20949.3756391082,830956.5366388661,3.301182235376097,1.6505911176880486,21.212996071195686,0.13362626792461568,0.23700942074941872,fourier
