nameseq,average,median,maximum,minimum,peak,none_levated_peak,sample_standard_deviation,population_standard_deviation,percentile15,percentile25,percentile50,percentile75,amplitude,variance,interquartile_range,semi_interquartile_range,coefficient_of_variation,skewness,kurtosis,label
LG27_11869356_11870644,127.78627259091175,10.670414264414491,143053.68439817132,0.005231798174549825,3.3623851604325212,110.60468320427985,3982.5156165447897,3984.0613241972246,2.463228748552205,4.7109606531038155,10.670414264414491,23.351437203444206,143053.67916637316,15872744.634964144,18.64047655034039,9.320238275170196,31.16544160650343,0.08822252284959504,0.2490127780142905,fourier
