nameseq,average,median,maximum,minimum,peak,none_levated_peak,sample_standard_deviation,population_standard_deviation,percentile15,percentile25,percentile50,percentile75,amplitude,variance,interquartile_range,semi_interquartile_range,coefficient_of_variation,skewness,kurtosis,label
LG27_2245514_2250480,387.7310304593528,17.216241551006462,1803931.3413660864,0.0026132846548138334,4.27014228060407,356.87937376097193,25593.136763629594,25595.713470080987,3.796925898389223,6.410839376376734,17.216241551006462,33.412394751910725,1803931.3387528018,655140548.0424854,27.00155537553399,13.500777687766995,66.00745040526905,0.04343134555919908,0.2564038031687707,fourier
