nameseq,average,median,maximum,minimum,peak,none_levated_peak,sample_standard_deviation,population_standard_deviation,percentile15,percentile25,percentile50,percentile75,amplitude,variance,interquartile_range,semi_interquartile_range,coefficient_of_variation,skewness,kurtosis,label
LG27_6348884_6349053,21.285896114648242,2.0512362539842606,3034.1051491399976,0.011486640735255411,2.6621696526870937,29.97079973558992,231.82166034990715,232.50651165095175,0.6083241912417069,0.9576640132692328,2.0512362539842606,3.5800295351617235,3034.0936624992623,54059.277960094165,2.622365521892491,1.3111827609462454,10.890857453277489,0.2489153925258523,0.19195645492729085,fourier
