nameseq,average,median,maximum,minimum,peak,none_levated_peak,sample_standard_deviation,population_standard_deviation,percentile15,percentile25,percentile50,percentile75,amplitude,variance,interquartile_range,semi_interquartile_range,coefficient_of_variation,skewness,kurtosis,label
LG27_11365373_11373234,699.6880230662545,46.870475600158414,4962575.936367319,0.005284595675092825,3.745478813803437,346.562187467486,55963.84777925737,55967.407254394006,10.88683641799857,18.74706689830759,46.870475600158414,94.96139168171723,4962575.931082724,3132350674.779195,76.21432478340964,38.10716239170482,79.98400134678033,0.03499496049884146,0.26070916425825585,fourier
