nameseq,average,median,maximum,minimum,peak,none_levated_peak,sample_standard_deviation,population_standard_deviation,percentile15,percentile25,percentile50,percentile75,amplitude,variance,interquartile_range,semi_interquartile_range,coefficient_of_variation,skewness,kurtosis,label
LG27_20710020_20710139,22.421075102847528,1.9593532827604072,2390.6566314995807,0.1406310669827093,1.7840357706540089,21.74892909903484,217.1071072880866,218.01741361720838,0.5499984279981545,0.9088335678473705,1.9593532827604072,3.1152957179001928,2390.516000432598,47531.592640336916,2.2064621500528223,1.1032310750264112,9.683171136629104,0.2827413907680477,0.185820081520613,fourier
