nameseq,average,median,maximum,minimum,peak,none_levated_peak,sample_standard_deviation,population_standard_deviation,percentile15,percentile25,percentile50,percentile75,amplitude,variance,interquartile_range,semi_interquartile_range,coefficient_of_variation,skewness,kurtosis,label
LG27_6492666_6492807,21.737041793948432,2.3304586392826505,2607.681594231626,0.10916964078055988,2.177542546130214,23.797093399147737,217.80052702154987,218.5715047493354,0.63160600432347,0.8761796404700677,2.3304586392826505,5.263804690642934,2607.5724245908455,47773.50268838874,4.387625050172867,2.1938125250864333,10.019786918852283,0.26730766109779386,0.2723468097639131,fourier
