nameseq,average,median,maximum,minimum,peak,none_levated_peak,sample_standard_deviation,population_standard_deviation,percentile15,percentile25,percentile50,percentile75,amplitude,variance,interquartile_range,semi_interquartile_range,coefficient_of_variation,skewness,kurtosis,label
LG28_11644262_11644395,27.669080843040877,3.5936221379732087,3088.3660112746466,0.14554390569495892,1.6143169670163038,19.24857068171072,265.4353068204871,266.43131522354855,0.7253373161641213,1.2981406270425877,3.5936221379732087,5.806297292249745,3088.2204673689516,70985.6457317499,4.508156665207157,2.2540783326035787,9.593210136839346,0.2721053840966584,0.20394608578221896,fourier
