nameseq,average,median,maximum,minimum,peak,none_levated_peak,sample_standard_deviation,population_standard_deviation,percentile15,percentile25,percentile50,percentile75,amplitude,variance,interquartile_range,semi_interquartile_range,coefficient_of_variation,skewness,kurtosis,label
LG28_10129277_10129425,23.228705037501285,3.656036969017057,2680.125752822464,0.03141553109329799,2.1381590831896546,20.833083209780302,218.45799733126478,219.1947886214088,0.9228123470461562,1.6507089179814467,3.656036969017057,7.329429357322483,2680.0943372913707,48046.355358784094,5.678720439341037,2.8393602196705183,9.404656737367755,0.2687839535414857,0.25859697374090646,fourier
