nameseq,average,median,maximum,minimum,peak,none_levated_peak,sample_standard_deviation,population_standard_deviation,percentile15,percentile25,percentile50,percentile75,amplitude,variance,interquartile_range,semi_interquartile_range,coefficient_of_variation,skewness,kurtosis,label
LG28_3337891_3338517,72.47706125881405,7.793187957932551,37007.354116359355,0.0662163945855443,2.8836710039010196,61.5470633114482,1476.4579231250082,1477.6367320338481,1.9986458074510716,3.0848190604061116,7.793187957932551,16.347452245639282,37007.287899964766,2183410.3118556705,13.26263318523317,6.631316592616585,20.371382303327785,0.1314305114038896,0.2344743553745136,fourier
