nameseq,average,median,maximum,minimum,peak,none_levated_peak,sample_standard_deviation,population_standard_deviation,percentile15,percentile25,percentile50,percentile75,amplitude,variance,interquartile_range,semi_interquartile_range,coefficient_of_variation,skewness,kurtosis,label
LG28_8288661_8289074,46.241298019809705,3.6504140337285054,16891.075788962225,0.05404982661620708,2.9843452911049555,58.549939489492246,828.9043386168837,829.9072480443416,0.777065283268841,1.3892065290575697,3.6504140337285054,7.461941432193595,16891.02173913561,688746.0403565323,6.072734903136025,3.0363674515680126,17.925628693679453,0.15414643886584797,0.25177591211319145,fourier
