nameseq,average,median,maximum,minimum,peak,none_levated_peak,sample_standard_deviation,population_standard_deviation,percentile15,percentile25,percentile50,percentile75,amplitude,variance,interquartile_range,semi_interquartile_range,coefficient_of_variation,skewness,kurtosis,label
LG28_13634130_13634278,21.741937727024425,2.5562003294170967,2580.1394263300604,0.02562190795644123,2.2843716733183737,22.98627983640107,210.36118310011113,211.0706663389304,0.8131277682161744,1.2460828675246176,2.5562003294170967,5.2789650477842525,2580.113804422104,44550.8261887601,4.032882180259635,2.0164410901298173,9.67536499005974,0.2736113732799764,0.16907130545441815,fourier
