nameseq,average,median,maximum,minimum,peak,none_levated_peak,sample_standard_deviation,population_standard_deviation,percentile15,percentile25,percentile50,percentile75,amplitude,variance,interquartile_range,semi_interquartile_range,coefficient_of_variation,skewness,kurtosis,label
LG28_13994188_13994706,72.97406267816405,7.766313114339775,29209.596855040287,0.002110526807998411,2.3707053390048767,47.79198899018118,1280.7011659373863,1281.9367679285263,2.0190234336241453,3.7496960951875344,7.766313114339775,16.385170629130748,29209.594744513477,1643361.8769670362,12.635474533943214,6.317737266971607,17.55008723559267,0.15274699039435155,0.20691854674654775,fourier
