nameseq,average,median,maximum,minimum,peak,none_levated_peak,sample_standard_deviation,population_standard_deviation,percentile15,percentile25,percentile50,percentile75,amplitude,variance,interquartile_range,semi_interquartile_range,coefficient_of_variation,skewness,kurtosis,label
LG28_14591421_14591491,28.37049933152491,4.516726145630385,1533.2847594242974,0.299468100041645,0.8341998633900881,8.513714014250779,180.05107848229773,181.33259699266648,1.098898208175852,1.415048560008246,4.516726145630385,9.517442818303296,1532.9852913242557,32881.5107321048,8.10239425829505,4.051197129147525,6.346419087598766,0.3974501022759458,0.25914189317771635,fourier
