nameseq,average,median,maximum,minimum,peak,none_levated_peak,sample_standard_deviation,population_standard_deviation,percentile15,percentile25,percentile50,percentile75,amplitude,variance,interquartile_range,semi_interquartile_range,coefficient_of_variation,skewness,kurtosis,label
LG28_2668662_2668763,10.348454588625852,0.954947079446542,932.254502841387,0.02239760868678117,3.285514731578368,26.91134309038787,91.74089700854184,92.19394123050806,0.21169415074746595,0.3182180362375228,0.954947079446542,1.8851647130691307,932.2321052327002,8499.722799614376,1.5669466768316078,0.7834733384158039,8.865178488522885,0.3071751361327336,0.3112585912841509,fourier
