nameseq,average,median,maximum,minimum,peak,none_levated_peak,sample_standard_deviation,population_standard_deviation,percentile15,percentile25,percentile50,percentile75,amplitude,variance,interquartile_range,semi_interquartile_range,coefficient_of_variation,skewness,kurtosis,label
LG28_15747964_15749534,145.20233513675413,9.714058978054865,204600.47974155302,0.015438906970312437,3.606461743011695,142.87950852541042,5160.0148845317,5161.657939782554,2.29855367180415,4.081791405777727,9.714058978054865,19.067240608308463,204600.46430264605,26642712.687320285,14.985449202530736,7.492724601265368,35.53672108421608,0.07877202635491752,0.22022458123397887,fourier
