nameseq,average,median,maximum,minimum,peak,none_levated_peak,sample_standard_deviation,population_standard_deviation,percentile15,percentile25,percentile50,percentile75,amplitude,variance,interquartile_range,semi_interquartile_range,coefficient_of_variation,skewness,kurtosis,label
LG28_1080504_1080741,22.147556598750942,1.4367326089384562,4848.025599681769,0.012845646907279852,3.5820354710283255,53.162057550072184,313.4787377001646,314.13938909197026,0.34536944872508757,0.6237419454380492,1.4367326089384562,2.5646318168219326,4848.012754034861,98683.5557790763,1.9408898713838836,0.9704449356919418,14.154100309098832,0.19820314585056734,0.2681398221579935,fourier
