nameseq,average,median,maximum,minimum,peak,none_levated_peak,sample_standard_deviation,population_standard_deviation,percentile15,percentile25,percentile50,percentile75,amplitude,variance,interquartile_range,semi_interquartile_range,coefficient_of_variation,skewness,kurtosis,label
LG28_5946306_5947066,63.81675958845345,3.9602989258498074,44323.40684151302,0.02566515251120784,3.974922391900376,107.30599593748299,1605.47360819203,1606.5294936124465,0.8506904540735302,1.4872783293255372,3.9602989258498074,7.833376977344925,44323.381176360504,2580937.0138466638,6.346098648019388,3.173049324009694,25.157554513039127,0.11184823037360868,0.25139808202647923,fourier
