nameseq,average,median,maximum,minimum,peak,none_levated_peak,sample_standard_deviation,population_standard_deviation,percentile15,percentile25,percentile50,percentile75,amplitude,variance,interquartile_range,semi_interquartile_range,coefficient_of_variation,skewness,kurtosis,label
LG28_2804098_2804212,20.8302926785175,3.8343039902629292,1847.5403489300245,0.04903817983107338,1.840268589834405,16.801225139948755,171.17890607482008,171.9280514749209,0.5116350289245041,1.241128470506818,3.8343039902629292,6.405096108965742,1847.4913107501934,29559.25488396305,5.1639676384589235,2.5819838192294617,8.217786889348831,0.29786360500795317,0.2513481466794157,fourier
