nameseq,average,median,maximum,minimum,peak,none_levated_peak,sample_standard_deviation,population_standard_deviation,percentile15,percentile25,percentile50,percentile75,amplitude,variance,interquartile_range,semi_interquartile_range,coefficient_of_variation,skewness,kurtosis,label
LG28_15666585_15669904,289.5185928110737,22.750085068631222,853347.3319754229,0.002252444864240651,3.8224372946881022,208.78872172063458,14807.305235614498,14809.535755358354,4.982005878565799,9.283928789596896,22.750085068631222,43.54510092510394,853347.3297229781,219322349.28923756,34.26117213550704,17.13058606775352,51.14457448774993,0.05404801957498886,0.24115955654629584,fourier
