nameseq,average,median,maximum,minimum,peak,none_levated_peak,sample_standard_deviation,population_standard_deviation,percentile15,percentile25,percentile50,percentile75,amplitude,variance,interquartile_range,semi_interquartile_range,coefficient_of_variation,skewness,kurtosis,label
LG28_11920200_11920891,154.1795332901016,25.300592700384037,76990.80386482595,0.01487043245529182,1.4960913536600746,39.96586784632754,2925.1483787572206,2927.264218729177,4.522048526563015,8.030033536387464,25.300592700384037,53.3245342398479,76990.7889943935,8568875.80625214,45.294500703460436,22.647250351730218,18.972352012853165,0.1321768237730967,0.2660914372109534,fourier
