nameseq,average,median,maximum,minimum,peak,none_levated_peak,sample_standard_deviation,population_standard_deviation,percentile15,percentile25,percentile50,percentile75,amplitude,variance,interquartile_range,semi_interquartile_range,coefficient_of_variation,skewness,kurtosis,label
LG28_11117929_11118847,96.43865647913385,7.718758304699701,76769.55652654146,0.07630314562953297,3.176457911352319,90.42611491653187,2530.6785909428054,2532.05658102093,1.8866083870504171,3.1094917681615613,7.718758304699701,16.60447678934854,76769.48022339583,6411310.5294914,13.494985021186977,6.747492510593489,26.241329808346727,0.1051732509516922,0.22850574086007064,fourier
