nameseq,average,median,maximum,minimum,peak,none_levated_peak,sample_standard_deviation,population_standard_deviation,percentile15,percentile25,percentile50,percentile75,amplitude,variance,interquartile_range,semi_interquartile_range,coefficient_of_variation,skewness,kurtosis,label
LG28_13661171_13661397,39.0202395681198,6.4038585377298896,6540.855510115929,0.09441547895959955,1.9391645849475416,25.14941479202453,432.75721905207683,433.71358976334994,0.929124746904166,1.8784300891660255,6.4038585377298896,12.340779548698148,6540.76109463697,188107.47794541143,10.462349459532122,5.231174729766061,11.090583344486866,0.22610632193612196,0.24115066202694851,fourier
