nameseq,average,median,maximum,minimum,peak,none_levated_peak,sample_standard_deviation,population_standard_deviation,percentile15,percentile25,percentile50,percentile75,amplitude,variance,interquartile_range,semi_interquartile_range,coefficient_of_variation,skewness,kurtosis,label
LG28_8869463_8869818,33.06418860605917,2.83557108754665,10319.30936558053,0.002363571173438089,3.588978640320254,58.345834402848176,545.9572188226551,546.7256318965611,0.5323733806393492,1.0053675279763727,2.83557108754665,5.464356867972333,10319.307002009356,298908.9165726941,4.45898933999596,2.22949466999798,16.5120404231727,0.16610431995221095,0.24936446699429657,fourier
