nameseq,average,median,maximum,minimum,peak,none_levated_peak,sample_standard_deviation,population_standard_deviation,percentile15,percentile25,percentile50,percentile75,amplitude,variance,interquartile_range,semi_interquartile_range,coefficient_of_variation,skewness,kurtosis,label
LG28_2493894_2494420,57.916527275188244,5.161368952020891,26327.558550114605,0.018640190692438597,3.033100825123595,62.687451532457956,1145.4430780420582,1146.5313852500626,1.4322053174343754,2.2576524306211736,5.161368952020891,11.208491690198803,26327.53990992391,1314534.2173634276,8.95083925957763,4.475419629788815,19.77748204065357,0.13816965504739895,0.25750756529060115,fourier
