nameseq,average,median,maximum,minimum,peak,none_levated_peak,sample_standard_deviation,population_standard_deviation,percentile15,percentile25,percentile50,percentile75,amplitude,variance,interquartile_range,semi_interquartile_range,coefficient_of_variation,skewness,kurtosis,label
LG28_7362869_7363079,27.434816802956906,2.1346120961075368,4968.700870625703,0.002536519112654926,2.563652377870183,35.28631881119017,341.02212965640507,341.83312278659406,0.3578445115642457,0.84360454262604,2.1346120961075368,5.030891051632394,4968.698334106591,116849.88383403468,4.187286509006354,2.093643254503177,12.430268155450191,0.22256800224965267,0.21688238497279458,fourier
