nameseq,average,median,maximum,minimum,peak,none_levated_peak,sample_standard_deviation,population_standard_deviation,percentile15,percentile25,percentile50,percentile75,amplitude,variance,interquartile_range,semi_interquartile_range,coefficient_of_variation,skewness,kurtosis,label
LG28_192701_193003,24.739456907805174,1.8243111618309518,6789.832734080937,0.01605254520481225,4.082547178638146,61.15096475687028,389.29331317387033,389.9373058608624,0.5489598274287982,0.7685098166637871,1.8243111618309518,3.0403427280835826,6789.816681535733,152051.10250202776,2.2718329114197955,1.1359164557098977,15.735725914462183,0.17659033667300325,0.2171634998455035,fourier
