nameseq,average,median,maximum,minimum,peak,none_levated_peak,sample_standard_deviation,population_standard_deviation,percentile15,percentile25,percentile50,percentile75,amplitude,variance,interquartile_range,semi_interquartile_range,coefficient_of_variation,skewness,kurtosis,label
LG28_9190841_9190957,21.37804870203148,2.3489304574691676,2141.4800641199954,0.19086782852896853,1.824301204641468,19.77197337778026,196.86947795863128,197.71623230915822,0.5810111695607753,0.9428196947470547,2.3489304574691676,4.182210686998031,2141.2891962914664,39091.70851852903,3.2393909922509767,1.6196954961254884,9.208954507617127,0.28997564947920906,0.27476352881610416,fourier
