nameseq,average,median,maximum,minimum,peak,none_levated_peak,sample_standard_deviation,population_standard_deviation,percentile15,percentile25,percentile50,percentile75,amplitude,variance,interquartile_range,semi_interquartile_range,coefficient_of_variation,skewness,kurtosis,label
LG28_10360264_10360386,28.581617751083748,3.559819022356576,2850.565163452486,0.07350766466945262,1.4344884308882542,16.45749339519695,255.54706205056135,256.5922486704876,0.6937643693220829,1.9960793398563925,3.559819022356576,6.92666683862752,2850.491655787817,65839.58207777735,4.930587498771128,2.465293749385564,8.940958635585686,0.29374392170209895,0.19052841450153823,fourier
