nameseq,average,median,maximum,minimum,peak,none_levated_peak,sample_standard_deviation,population_standard_deviation,percentile15,percentile25,percentile50,percentile75,amplitude,variance,interquartile_range,semi_interquartile_range,coefficient_of_variation,skewness,kurtosis,label
LG28_10891854_10891985,31.095936130529797,4.592197658382485,3325.3222728114565,0.00032528868224511177,1.4149758931618424,16.995190955111056,287.8673431176603,288.96398458644614,0.8375134617070876,1.7503443392093045,4.592197658382485,8.663603752720896,3325.3219475227743,83500.1843880759,6.913259413511591,3.4566297067557956,9.257394339546316,0.27620783432854773,0.2903231932144233,fourier
