nameseq,average,median,maximum,minimum,peak,none_levated_peak,sample_standard_deviation,population_standard_deviation,percentile15,percentile25,percentile50,percentile75,amplitude,variance,interquartile_range,semi_interquartile_range,coefficient_of_variation,skewness,kurtosis,label
LG28_4586440_4586647,31.159697815269592,2.5114044761397842,5452.871581622442,0.07259705074627733,2.2250964609598047,31.140521432123528,376.9147031298659,377.82402822254835,0.6158026980709458,0.9835413460588213,2.5114044761397842,6.885437739103033,5452.798984571696,142750.99630231303,5.901896393044211,2.9509481965221056,12.096224596413176,0.228022094398841,0.2642382114438863,fourier
