nameseq,average,median,maximum,minimum,peak,none_levated_peak,sample_standard_deviation,population_standard_deviation,percentile15,percentile25,percentile50,percentile75,amplitude,variance,interquartile_range,semi_interquartile_range,coefficient_of_variation,skewness,kurtosis,label
LG28_1548511_1549207,57.267440559399446,3.61777625931293,36432.11966796139,0.005927199868631918,4.056988247839547,102.9469269767489,1378.7961189688058,1379.7862778892163,0.8219687451371486,1.545602113833395,3.61777625931293,6.806784160859969,36432.113740761524,1903810.172651378,5.261182047026574,2.630591023513287,24.076440390917742,0.11673153897519849,0.251749205966977,fourier
