nameseq,average,median,maximum,minimum,peak,none_levated_peak,sample_standard_deviation,population_standard_deviation,percentile15,percentile25,percentile50,percentile75,amplitude,variance,interquartile_range,semi_interquartile_range,coefficient_of_variation,skewness,kurtosis,label
LG28_11320476_11320831,58.16299337503214,7.189382240869637,16602.409266373776,0.00047224226114376026,2.040243456892079,36.02672006856914,878.2036611287382,879.4396978574379,1.7345216607746288,3.1196730524410907,7.189382240869637,14.214867381239946,16602.408794131516,773414.1821675816,11.095194328798856,5.547597164399428,15.099010731207109,0.17412912308511821,0.23610922186633837,fourier
