nameseq,average,median,maximum,minimum,peak,none_levated_peak,sample_standard_deviation,population_standard_deviation,percentile15,percentile25,percentile50,percentile75,amplitude,variance,interquartile_range,semi_interquartile_range,coefficient_of_variation,skewness,kurtosis,label
LG28_6213192_6213483,39.415683882070844,3.6421235034994,10008.134870098222,0.03200875744099798,2.469406179137937,41.2531923910419,584.3992319030798,585.4024931256006,0.8316152685363027,1.4265984553510875,3.6421235034994,7.47230961905935,10008.10286134078,342696.07895766885,6.045711163708262,3.022855581854131,14.82656583231092,0.18364274844480466,0.28100701760463453,fourier
