nameseq,average,median,maximum,minimum,peak,none_levated_peak,sample_standard_deviation,population_standard_deviation,percentile15,percentile25,percentile50,percentile75,amplitude,variance,interquartile_range,semi_interquartile_range,coefficient_of_variation,skewness,kurtosis,label
LG28_15578616_15579060,41.99246787408912,3.12868982406697,16624.184576011892,0.008920377963317983,3.532379515728829,67.11248443943008,786.9687744348738,787.8545020921778,0.8463656885211934,1.4395923608236791,3.12868982406697,6.349025774148005,16624.175655633928,620714.7164669135,4.909433413324326,2.454716706662163,18.740712662912152,0.1481524273104626,0.23697774821236364,fourier
