nameseq,average,median,maximum,minimum,peak,none_levated_peak,sample_standard_deviation,population_standard_deviation,percentile15,percentile25,percentile50,percentile75,amplitude,variance,interquartile_range,semi_interquartile_range,coefficient_of_variation,skewness,kurtosis,label
LG28_3448228_3448477,33.82557369335754,5.2132828295422335,6512.176437288268,0.20358236468285823,2.4636192157089067,30.879753719814694,410.86133365343,411.6855297348297,1.2394738274411992,2.3977489218710266,5.2132828295422335,9.161524258278286,6511.972854923585,169484.97539304735,6.763775336407259,3.3818876682036296,12.146470518964543,0.20891932523358622,0.2478833417551849,fourier
