nameseq,average,median,maximum,minimum,peak,none_levated_peak,sample_standard_deviation,population_standard_deviation,percentile15,percentile25,percentile50,percentile75,amplitude,variance,interquartile_range,semi_interquartile_range,coefficient_of_variation,skewness,kurtosis,label
LG28_3791057_3791795,55.51506757125264,1.9999941450058472,38491.26429911323,5.5943815912745694e-05,4.437233783732115,130.77937061074695,1414.844153739776,1415.8023957417631,0.4877028509417462,0.9567656509918874,1.9999941450058472,4.819344320951741,38491.26424316941,2004496.4237881158,3.8625786699598534,1.9312893349799267,25.485768380338325,0.11347201729206743,0.22436135616103275,fourier
