nameseq,average,median,maximum,minimum,peak,none_levated_peak,sample_standard_deviation,population_standard_deviation,percentile15,percentile25,percentile50,percentile75,amplitude,variance,interquartile_range,semi_interquartile_range,coefficient_of_variation,skewness,kurtosis,label
LG28_14324377_14324686,45.422485706498456,4.715877068696892,12055.314809636262,0.06108831700824192,2.274937879908887,39.60438454183269,683.2497049439703,684.3543939514125,0.8505097125396187,1.7066744493883226,4.715877068696892,9.038201535907321,12055.253721319254,468340.9365206051,7.3315270865189985,3.6657635432594993,15.042102921422018,0.17873381434305793,0.22973288965148989,fourier
