nameseq,average,median,maximum,minimum,peak,none_levated_peak,sample_standard_deviation,population_standard_deviation,percentile15,percentile25,percentile50,percentile75,amplitude,variance,interquartile_range,semi_interquartile_range,coefficient_of_variation,skewness,kurtosis,label
LG28_2701180_2702416,126.83411108832784,9.208253768970689,139163.62908911362,0.027855266307018074,3.2509656100808915,113.51278502587812,3954.7947885357516,3956.3943011546526,2.612922739247449,4.128886522078623,9.208253768970689,18.43792245726273,139163.60123384732,15653055.866209013,14.309035935184106,7.154517967592053,31.180845236354553,0.08922778319143157,0.2191189194396074,fourier
