nameseq,average,median,maximum,minimum,peak,none_levated_peak,sample_standard_deviation,population_standard_deviation,percentile15,percentile25,percentile50,percentile75,amplitude,variance,interquartile_range,semi_interquartile_range,coefficient_of_variation,skewness,kurtosis,label
LG28_14059494_14059859,75.85348276659839,7.461922192675873,23338.911348378697,0.02118655896443187,1.6083638555581516,35.37956631887506,1217.7257517711134,1219.3927282555387,2.064627330811237,3.5678962794312894,7.461922192675873,15.438417136755582,23338.890161819734,1486918.625722486,11.870520857324292,5.935260428662146,16.0536564355003,0.1684900573247733,0.23499714599474347,fourier
