nameseq,average,median,maximum,minimum,peak,none_levated_peak,sample_standard_deviation,population_standard_deviation,percentile15,percentile25,percentile50,percentile75,amplitude,variance,interquartile_range,semi_interquartile_range,coefficient_of_variation,skewness,kurtosis,label
LG28_9905714_9905971,27.80954691822298,1.9417970466991576,6366.026391044473,0.011698189236930822,3.092463183700634,46.643797903443115,395.3859942178464,396.1544808403342,0.47699022222772675,0.8041526622673667,1.9417970466991576,4.470447382642509,6366.014692855236,156938.37268987473,3.6662947203751424,1.8331473601875712,14.217635238018161,0.19627212584524248,0.27865414182926046,fourier
