nameseq,average,median,maximum,minimum,peak,none_levated_peak,sample_standard_deviation,population_standard_deviation,percentile15,percentile25,percentile50,percentile75,amplitude,variance,interquartile_range,semi_interquartile_range,coefficient_of_variation,skewness,kurtosis,label
LG28_4356733_4356968,33.19759069396767,2.596490120949177,6931.668393837693,0.005474964880216755,2.369649875855635,38.685132222496,450.0239646215448,450.9804459654526,0.3377119825649382,0.7599092560653146,2.596490120949177,5.464122572726468,6931.662918872813,203383.3626431985,4.7042133166611535,2.3521066583305767,13.555922439375054,0.2039964733794988,0.2282927171376569,fourier
