nameseq,average,median,maximum,minimum,peak,none_levated_peak,sample_standard_deviation,population_standard_deviation,percentile15,percentile25,percentile50,percentile75,amplitude,variance,interquartile_range,semi_interquartile_range,coefficient_of_variation,skewness,kurtosis,label
LG28_15148118_15148400,32.49106223869526,1.7883026256503414,8453.962177918296,0.006329587860806408,2.9033625506089784,54.834812642315995,501.5032401167193,502.3916433642229,0.3780348199572104,0.6397766259971464,1.7883026256503414,3.2921812841692715,8453.955848330435,252397.3633222045,2.652404658172125,1.3262023290860625,15.435113707038289,0.18366437436714778,0.22109889673176092,fourier
