nameseq,average,median,maximum,minimum,peak,none_levated_peak,sample_standard_deviation,population_standard_deviation,percentile15,percentile25,percentile50,percentile75,amplitude,variance,interquartile_range,semi_interquartile_range,coefficient_of_variation,skewness,kurtosis,label
LG28_10753989_10754200,17.932219912640456,1.4456278662228452,3315.672964702664,0.008634467552097343,3.94076511502369,45.54604298075831,227.04228953667487,227.57966848847838,0.2206341695913088,0.4041836579746164,1.4456278662228452,3.1420560354868003,3315.664330235112,51792.505509325725,2.737872377512184,1.368936188756092,12.661136805300515,0.2178438926077841,0.23243689042719237,fourier
