nameseq,average,median,maximum,minimum,peak,none_levated_peak,sample_standard_deviation,population_standard_deviation,percentile15,percentile25,percentile50,percentile75,amplitude,variance,interquartile_range,semi_interquartile_range,coefficient_of_variation,skewness,kurtosis,label
LG28_2165727_2166048,39.075341562238854,4.094265628072408,10517.645821639528,0.029857763465585083,2.746830329361901,43.154859132675114,584.9069387599055,585.8173003049809,0.7404167634016152,1.413279205119998,4.094265628072408,8.571837250860298,10517.615963876062,343181.90933661617,7.1585580457403,3.57927902287015,14.968696763104962,0.17941867474678183,0.26316574411522387,fourier
