nameseq,average,median,maximum,minimum,peak,none_levated_peak,sample_standard_deviation,population_standard_deviation,percentile15,percentile25,percentile50,percentile75,amplitude,variance,interquartile_range,semi_interquartile_range,coefficient_of_variation,skewness,kurtosis,label
LG28_12878881_12879047,25.463038149451442,1.5715626202403694,3818.9200216514305,0.04811457095792041,2.186175362890304,32.01377352740034,294.4440793472682,295.32962745004914,0.22224179777910788,0.4211955996206329,1.5715626202403694,3.355830652434496,3818.8719070804727,87219.58884978482,2.9346350528138627,1.4673175264069314,11.563587880561357,0.24342288269651427,0.21061756773225998,fourier
