nameseq,average,median,maximum,minimum,peak,none_levated_peak,sample_standard_deviation,population_standard_deviation,percentile15,percentile25,percentile50,percentile75,amplitude,variance,interquartile_range,semi_interquartile_range,coefficient_of_variation,skewness,kurtosis,label
LG28_11222893_11222975,26.00646505524199,4.0113574161757715,1596.6219923220292,0.029629293125107717,1.063838034423292,10.231711157159271,173.64761441423227,174.7032327355126,1.054318942973217,1.5183822327516237,4.0113574161757715,9.19717076036319,1596.5923630289042,30521.219528238682,7.678788527611566,3.839394263805783,6.677094101231225,0.3799955625062158,0.2730430103949775,fourier
