nameseq,average,median,maximum,minimum,peak,none_levated_peak,sample_standard_deviation,population_standard_deviation,percentile15,percentile25,percentile50,percentile75,amplitude,variance,interquartile_range,semi_interquartile_range,coefficient_of_variation,skewness,kurtosis,label
LG28_11344227_11346289,197.9939044746397,14.113100055008351,366211.6360583578,0.02047481332512539,3.473170896302756,160.1738443107898,8060.368615580466,8062.322881245159,3.3372233184808273,5.956160880485061,14.113100055008351,27.679454721589476,366211.6155835445,65001050.241449244,21.723293841104415,10.861646920552207,40.71018568459459,0.06843885677791271,0.24995269125288028,fourier
