nameseq,average,median,maximum,minimum,peak,none_levated_peak,sample_standard_deviation,population_standard_deviation,percentile15,percentile25,percentile50,percentile75,amplitude,variance,interquartile_range,semi_interquartile_range,coefficient_of_variation,skewness,kurtosis,label
LG28_4211609_4212120,67.57893341926383,6.468930860125808,29727.28671079983,0.016248144218085188,2.525441850463076,55.917738341095585,1312.103720835253,1313.3869521647694,1.4464752605024722,2.671817214179336,6.468930860125808,14.143787357729655,29727.270462655615,1724985.2861166622,11.471970143550319,5.7359850717751595,19.415869035619153,0.13972219174922446,0.27211637499824465,fourier
