nameseq,average,median,maximum,minimum,peak,none_levated_peak,sample_standard_deviation,population_standard_deviation,percentile15,percentile25,percentile50,percentile75,amplitude,variance,interquartile_range,semi_interquartile_range,coefficient_of_variation,skewness,kurtosis,label
LG28_1269906_1270100,28.25156996531006,3.2986672454098156,4472.726851136401,0.036783568997475105,2.3007570934929675,27.44080572179629,319.153198573694,319.9747010872911,1.037794745378227,1.5331096930670813,3.2986672454098156,7.156311822665247,4472.690067567403,102383.8093359013,5.623202129598165,2.8116010647990826,11.296830546606095,0.23455415297182272,0.2668149495714992,fourier
