nameseq,average,median,maximum,minimum,peak,none_levated_peak,sample_standard_deviation,population_standard_deviation,percentile15,percentile25,percentile50,percentile75,amplitude,variance,interquartile_range,semi_interquartile_range,coefficient_of_variation,skewness,kurtosis,label
LG28_12581436_12589502,644.3024907500078,21.110048576970062,4921143.2970121475,0.0037450757010178953,4.173505517369393,507.5166166531553,54787.37316632207,54790.76925330294,5.026771669375947,8.949618748986207,21.110048576970062,43.20606963157442,4921143.293267072,3002028395.3686867,34.25645088258821,17.128225441294106,85.03362000439606,0.03412423736475738,0.2406526104410931,fourier
