nameseq,average,median,maximum,minimum,peak,none_levated_peak,sample_standard_deviation,population_standard_deviation,percentile15,percentile25,percentile50,percentile75,amplitude,variance,interquartile_range,semi_interquartile_range,coefficient_of_variation,skewness,kurtosis,label
LG28_757012_757617,91.06043624523328,10.707740338752902,44949.01915271687,0.01469997406299259,2.218306965453112,51.92781197780207,1823.8687339146193,1825.3754410975691,2.2439019666372118,3.9578192182402314,10.707740338752902,21.76753711378182,44949.00445274281,3331995.500962145,17.80971789554159,8.904858947770794,20.029211467895784,0.13216855096915422,0.24594239745528224,fourier
