nameseq,average,median,maximum,minimum,peak,none_levated_peak,sample_standard_deviation,population_standard_deviation,percentile15,percentile25,percentile50,percentile75,amplitude,variance,interquartile_range,semi_interquartile_range,coefficient_of_variation,skewness,kurtosis,label
LG28_4446640_4451547,374.31820764888226,14.770329947283262,1729644.4692627606,0.002815835160724364,4.3706129345826525,371.7556461184798,24686.24395501622,24688.759237915914,3.6218909558086527,6.302388200902793,14.770329947283262,29.928054883713084,1729644.4664469254,609534832.7077785,23.62566668281029,11.812833341405145,65.94988822497353,0.04369411705848503,0.2469172458826974,fourier
