nameseq,average,median,maximum,minimum,peak,none_levated_peak,sample_standard_deviation,population_standard_deviation,percentile15,percentile25,percentile50,percentile75,amplitude,variance,interquartile_range,semi_interquartile_range,coefficient_of_variation,skewness,kurtosis,label
LG28_7579650_7579795,14.42072580901931,1.0251283845766554,1843.2622066551926,0.02159440980981428,3.374772345801662,33.36048219067168,151.89020976536008,152.41306917657738,0.3175137063256777,0.6076866818216479,1.0251283845766554,2.1981766313059574,1843.2406122453829,23229.74365582416,1.5904899494843097,0.7952449747421548,10.532771496866111,0.2645778969915737,0.15956445659999713,fourier
