nameseq,average,median,maximum,minimum,peak,none_levated_peak,sample_standard_deviation,population_standard_deviation,percentile15,percentile25,percentile50,percentile75,amplitude,variance,interquartile_range,semi_interquartile_range,coefficient_of_variation,skewness,kurtosis,label
LG28_5933668_5934625,79.63822303797171,4.033524917957985,70626.07341636656,0.006249916867537285,4.009799831684772,131.93394870096677,2280.450276514925,2281.64142325403,0.8715436400753503,1.5624090521778882,4.033524917957985,8.411775417858237,70626.06716644969,5205887.5843086755,6.849366365680349,3.4246831828401745,28.63512255198864,0.09946022357771707,0.2642223146321766,fourier
