nameseq,average,median,maximum,minimum,peak,none_levated_peak,sample_standard_deviation,population_standard_deviation,percentile15,percentile25,percentile50,percentile75,amplitude,variance,interquartile_range,semi_interquartile_range,coefficient_of_variation,skewness,kurtosis,label
LG28_14801968_14802437,39.31133668177884,2.825394451200264,16358.723528315339,0.00531598462128833,3.985279562861648,74.23053104395987,753.5817140271724,754.3846782549922,0.7375437900493269,1.1966490786232193,2.825394451200264,5.864999896070393,16358.718212330718,569096.2427858881,4.668350817447173,2.3341754087235866,19.169577471438778,0.14525010978144423,0.24787954977380194,fourier
