nameseq,average,median,maximum,minimum,peak,none_levated_peak,sample_standard_deviation,population_standard_deviation,percentile15,percentile25,percentile50,percentile75,amplitude,variance,interquartile_range,semi_interquartile_range,coefficient_of_variation,skewness,kurtosis,label
LG28_7774506_7774977,61.834090070228925,5.310489783526705,24999.142983102465,0.03513629915715099,2.5444432537883204,53.87467387729539,1149.091634430455,1150.310830141493,1.2378586930320958,2.433785139008806,5.310489783526705,11.837700407049217,24999.10784680331,1323215.0059408105,9.40391526804041,4.701957634020205,18.583464770409954,0.14756943291485547,0.20612350419671016,fourier
