nameseq,average,median,maximum,minimum,peak,none_levated_peak,sample_standard_deviation,population_standard_deviation,percentile15,percentile25,percentile50,percentile75,amplitude,variance,interquartile_range,semi_interquartile_range,coefficient_of_variation,skewness,kurtosis,label
LG28_8816048_8834606,1512.3224406913669,72.10917388823371,26095058.929068316,0.0008961276567643761,4.090617957441149,662.4271552105118,191543.58636961196,191548.7469743674,16.754190792632713,29.79966075407327,72.10917388823371,143.34837393931812,26095058.92817219,36690922467.45021,113.54871318524485,56.774356592622425,126.65525632354348,0.022556953653734346,0.24625616633189934,fourier
