nameseq,average,median,maximum,minimum,peak,none_levated_peak,sample_standard_deviation,population_standard_deviation,percentile15,percentile25,percentile50,percentile75,amplitude,variance,interquartile_range,semi_interquartile_range,coefficient_of_variation,skewness,kurtosis,label
LG28_122274_124580,229.54059153500484,16.900770927552045,464952.462739357,0.04098875736474751,3.3501699845655746,162.30779841409435,9677.882139112191,9679.980324966462,4.093153091154986,6.870347292072221,16.900770927552045,33.3067635299858,464952.42175059963,93702019.0917378,26.43641623791358,13.21820811895679,42.16196392277885,0.06591519225515993,0.24772372861800637,fourier
