nameseq,average,median,maximum,minimum,peak,none_levated_peak,sample_standard_deviation,population_standard_deviation,percentile15,percentile25,percentile50,percentile75,amplitude,variance,interquartile_range,semi_interquartile_range,coefficient_of_variation,skewness,kurtosis,label
LG28_9388069_9388228,37.340996034244355,3.508414502792411,5166.373262003853,0.058386788542432455,1.4282782731457637,21.987731508746318,406.80201881214924,408.07926534210685,0.9371588888084947,1.549482375133613,3.508414502792411,6.364672064667229,5166.31487521531,166528.68680215368,4.815189689533615,2.4075948447668076,10.894246592648004,0.24950157546102267,0.23514807233448481,fourier
