nameseq,average,median,maximum,minimum,peak,none_levated_peak,sample_standard_deviation,population_standard_deviation,percentile15,percentile25,percentile50,percentile75,amplitude,variance,interquartile_range,semi_interquartile_range,coefficient_of_variation,skewness,kurtosis,label
LG28_9097841_9098143,32.18542748571847,2.9162919672960026,8563.56823982732,0.009630589877648449,3.13806613396129,48.57955932245365,490.9392021065904,491.75134360816594,0.7404884287677178,1.2208533270861723,2.9162919672960026,5.691930250331692,8563.558609237443,241819.3839404365,4.47107692324552,2.23553846162276,15.253462217471967,0.17885596867899553,0.26622186098188355,fourier
