nameseq,average,median,maximum,minimum,peak,none_levated_peak,sample_standard_deviation,population_standard_deviation,percentile15,percentile25,percentile50,percentile75,amplitude,variance,interquartile_range,semi_interquartile_range,coefficient_of_variation,skewness,kurtosis,label
LG28_14330363_14343265,1013.708819695661,36.44469455988395,12360933.833470952,0.012430750814085309,4.242835729979404,635.8123786573855,108814.65181627448,108818.86870293597,8.850475823945498,15.382114090868683,36.44469455988395,72.32308487253789,12360933.8210402,11841546185.78682,56.94097078166921,28.470485390834604,107.34310455042028,0.026942992753930292,0.2439641044336292,fourier
