nameseq,average,median,maximum,minimum,peak,none_levated_peak,sample_standard_deviation,population_standard_deviation,percentile15,percentile25,percentile50,percentile75,amplitude,variance,interquartile_range,semi_interquartile_range,coefficient_of_variation,skewness,kurtosis,label
LG28_2292205_2292747,55.620084948857226,5.24755234645801,26401.667506184916,0.019285084568732947,3.2542201286896604,68.82346675262484,1131.6819077756165,1132.7254136753072,1.0329117280135514,1.8397055212740006,5.24755234645801,9.17900289978173,26401.64822110035,1283066.862785896,7.33929737850773,3.669648689253865,20.346641124626117,0.1335336341147555,0.23841078262043489,fourier
