nameseq,average,median,maximum,minimum,peak,none_levated_peak,sample_standard_deviation,population_standard_deviation,percentile15,percentile25,percentile50,percentile75,amplitude,variance,interquartile_range,semi_interquartile_range,coefficient_of_variation,skewness,kurtosis,label
LG28_427029_427240,48.29736579919934,5.596046746774918,8109.055952780495,0.0761876057626112,1.4631577829828177,22.71357609066685,555.097934369069,556.4117774717274,1.3796932156143207,2.0015826661897154,5.596046746774918,15.14412272852913,8108.979765174733,309594.0661092471,13.142540062339414,6.571270031169707,11.493337683817764,0.230777218263076,0.3377923138077097,fourier
