nameseq,average,median,maximum,minimum,peak,none_levated_peak,sample_standard_deviation,population_standard_deviation,percentile15,percentile25,percentile50,percentile75,amplitude,variance,interquartile_range,semi_interquartile_range,coefficient_of_variation,skewness,kurtosis,label
LG28_12182849_12183145,24.15090768210927,1.1157905486159887,6658.273723359652,0.003263802516449437,4.099224811883079,69.21890795573606,385.604462079482,386.2552717612565,0.2293379606939112,0.5151487138422923,1.1157905486159887,2.524109731772484,6658.270459557135,149193.1349633621,2.0089610179301918,1.0044805089650959,15.96645836898021,0.17921304911206037,0.25694148711217024,fourier
