nameseq,average,median,maximum,minimum,peak,none_levated_peak,sample_standard_deviation,population_standard_deviation,percentile15,percentile25,percentile50,percentile75,amplitude,variance,interquartile_range,semi_interquartile_range,coefficient_of_variation,skewness,kurtosis,label
LG28_6797628_6798113,69.78513444822018,8.262880807066603,28137.084918017852,0.07223371886176982,2.321411304583819,47.304437832564396,1274.5291446198025,1275.842415596354,2.3543706841581598,3.8174722923620603,8.262880807066603,15.314716566413054,28137.01268429899,1627773.8694347397,11.497244274050994,5.748622137025497,18.263619532975028,0.14481172258992772,0.23520690469249989,fourier
