nameseq,average,median,maximum,minimum,peak,none_levated_peak,sample_standard_deviation,population_standard_deviation,percentile15,percentile25,percentile50,percentile75,amplitude,variance,interquartile_range,semi_interquartile_range,coefficient_of_variation,skewness,kurtosis,label
LG28_9056006_9056167,49.3923246080722,6.778594933516928,6543.161464746592,0.020416099683123135,1.0932872754722454,17.38654932179753,511.8569895638334,513.4441468290013,0.8457027718590109,1.8755382974285078,6.778594933516928,14.52850694696215,6543.141048646909,263624.8919129611,12.652968649533642,6.326484324766821,10.36308765836424,0.2497595844741763,0.2995952903214073,fourier
