nameseq,average,median,maximum,minimum,peak,none_levated_peak,sample_standard_deviation,population_standard_deviation,percentile15,percentile25,percentile50,percentile75,amplitude,variance,interquartile_range,semi_interquartile_range,coefficient_of_variation,skewness,kurtosis,label
LG28_13329055_13329211,20.949984226478318,2.5195113986011393,2567.461171315881,0.02434195007270181,2.498013018415076,24.371440355178855,203.94776653493724,204.60040105592873,0.43056146273430784,1.180951654756289,2.5195113986011393,6.464468145376131,2567.4368293658085,41861.32411224688,5.283516490619842,2.641758245309921,9.734984252502263,0.2711057807743133,0.22422080747610199,fourier
