nameseq,average,median,maximum,minimum,peak,none_levated_peak,sample_standard_deviation,population_standard_deviation,percentile15,percentile25,percentile50,percentile75,amplitude,variance,interquartile_range,semi_interquartile_range,coefficient_of_variation,skewness,kurtosis,label
LG28_913232_913575,32.08526604875408,2.145371251708899,9821.679154511121,0.00039739124663000687,3.5738106859525125,60.834778796389216,528.6130004554393,529.3830125175859,0.39191079886814467,0.9490076154757399,2.145371251708899,4.449845447092963,9821.678757119875,280246.3739421946,3.5008378316172237,1.7504189158086119,16.475256887451184,0.16991576883986814,0.2133892555355506,fourier
