nameseq,average,median,maximum,minimum,peak,none_levated_peak,sample_standard_deviation,population_standard_deviation,percentile15,percentile25,percentile50,percentile75,amplitude,variance,interquartile_range,semi_interquartile_range,coefficient_of_variation,skewness,kurtosis,label
LG28_9473443_9473636,31.07760521148596,4.001791302982607,4898.980438030951,0.06815146323260492,2.080812412237174,26.131379343618036,350.4655328321586,351.37230157368793,1.1478132155538838,1.7534590027282464,4.001791302982607,6.605501670824136,4898.912286567718,123462.4943131907,4.85204266809589,2.426021334047945,11.277108723378408,0.23177012891710147,0.18169277393945538,fourier
