nameseq,average,median,maximum,minimum,peak,none_levated_peak,sample_standard_deviation,population_standard_deviation,percentile15,percentile25,percentile50,percentile75,amplitude,variance,interquartile_range,semi_interquartile_range,coefficient_of_variation,skewness,kurtosis,label
LG28_11393383_11393514,23.810513702805473,2.4084833250081745,2713.134438988365,0.019165901469574174,1.8479231716372293,22.001129044846067,234.9850000186944,235.88018421281754,0.6666524157263425,1.1042565824570414,2.4084833250081745,5.187097162460059,2713.1152730868957,55639.461304272736,4.082840580003018,2.041420290001509,9.868959693675459,0.2732348495788409,0.29598846646671906,fourier
