nameseq,average,median,maximum,minimum,peak,none_levated_peak,sample_standard_deviation,population_standard_deviation,percentile15,percentile25,percentile50,percentile75,amplitude,variance,interquartile_range,semi_interquartile_range,coefficient_of_variation,skewness,kurtosis,label
LG28_6851822_6852046,20.81993464349891,1.4936831437333071,4076.3293150584927,6.658288930133017e-05,3.60231678361291,45.28575961057782,271.0010545226774,271.6052939674027,0.35011203223284315,0.6642957423349845,1.4936831437333071,3.6449497490972105,4076.3292484756034,73769.43571111925,2.980654006762226,1.490327003381113,13.016421961117842,0.21394291103928212,0.2617175040037837,fourier
