nameseq,average,median,maximum,minimum,peak,none_levated_peak,sample_standard_deviation,population_standard_deviation,percentile15,percentile25,percentile50,percentile75,amplitude,variance,interquartile_range,semi_interquartile_range,coefficient_of_variation,skewness,kurtosis,label
LG28_1697320_1697404,27.14976682603599,3.797124305896348,1791.247388189836,0.22806138055679773,1.0435939842460205,10.612587511538194,192.58109972596912,193.7240242984178,0.8955060983131311,2.1923225729935902,3.797124305896348,6.751086846509763,1791.0193268092794,37528.99759037396,4.558764273516172,2.279382136758086,7.093287428947212,0.3637840248088052,0.14492822232300562,fourier
