nameseq,average,median,maximum,minimum,peak,none_levated_peak,sample_standard_deviation,population_standard_deviation,percentile15,percentile25,percentile50,percentile75,amplitude,variance,interquartile_range,semi_interquartile_range,coefficient_of_variation,skewness,kurtosis,label
LG28_10203619_10203835,16.908694889447926,0.906937509468497,3383.8922024979506,0.002887125168243223,4.277877967889397,56.630797306728034,229.09784428083503,229.62755098630674,0.20387313376951527,0.3616625615821888,0.906937509468497,2.0199626796862975,3383.889315372782,52728.81217196891,1.6583001181041088,0.8291500590520544,13.549114569676593,0.20954047948653753,0.27355987940625287,fourier
