nameseq,average,median,maximum,minimum,peak,none_levated_peak,sample_standard_deviation,population_standard_deviation,percentile15,percentile25,percentile50,percentile75,amplitude,variance,interquartile_range,semi_interquartile_range,coefficient_of_variation,skewness,kurtosis,label
LG28_3715285_3715523,27.891178659321795,2.5269021209382743,5793.200082416241,0.04402245601158422,2.8563391902421613,39.79952757899405,373.7296334090351,374.5139566923098,0.5603546158789232,0.9273148001578637,2.5269021209382743,5.255733238383551,5793.156059960229,140260.70375732932,4.328418438225688,2.164209219112844,13.399563997419202,0.20360395005624132,0.28320237488108235,fourier
