nameseq,average,median,maximum,minimum,peak,none_levated_peak,sample_standard_deviation,population_standard_deviation,percentile15,percentile25,percentile50,percentile75,amplitude,variance,interquartile_range,semi_interquartile_range,coefficient_of_variation,skewness,kurtosis,label
LG28_1157040_1157173,22.630802418273277,2.7590394783320376,2293.0037320000124,0.05889720409517756,1.9737111323370706,19.569131098308617,197.07823012156194,197.81773827370958,0.5202558090300438,0.9295970153584967,2.7590394783320376,7.542390345426795,2292.9448347959174,39131.857575725866,6.612793330068298,3.306396665034149,8.708406643258519,0.3024955561202867,0.30085484911388605,fourier
