nameseq,average,median,maximum,minimum,peak,none_levated_peak,sample_standard_deviation,population_standard_deviation,percentile15,percentile25,percentile50,percentile75,amplitude,variance,interquartile_range,semi_interquartile_range,coefficient_of_variation,skewness,kurtosis,label
LG28_14808558_14808947,43.305914416627424,4.259516036058897,14199.997785633623,0.006971058789799612,3.00189943455128,51.114820242147694,717.8758824465525,718.7980098433152,0.8649059381425983,1.8033499411998006,4.259516036058897,8.129758514717865,14199.990814574832,516670.5789547107,6.326408573518065,3.1632042867590324,16.576855427648518,0.1631747186470314,0.2154722391672108,fourier
