nameseq,average,median,maximum,minimum,peak,none_levated_peak,sample_standard_deviation,population_standard_deviation,percentile15,percentile25,percentile50,percentile75,amplitude,variance,interquartile_range,semi_interquartile_range,coefficient_of_variation,skewness,kurtosis,label
LG28_8940515_8940568,7.556558210251809,0.769154765076432,336.72134274334707,0.010771251439937676,2.3820368346504384,13.474397091605901,45.23577705065418,45.66053544970105,0.2830778344951621,0.3375297316148843,0.769154765076432,2.233541131911423,336.7105714919071,2084.8844975534066,1.8960114002965387,0.9480057001482693,5.9862937321496235,0.4501350847300557,0.2794234980995692,fourier
