nameseq,average,median,maximum,minimum,peak,none_levated_peak,sample_standard_deviation,population_standard_deviation,percentile15,percentile25,percentile50,percentile75,amplitude,variance,interquartile_range,semi_interquartile_range,coefficient_of_variation,skewness,kurtosis,label
LG28_13025824_13025971,23.305819163771414,2.760405897638429,2843.2976491051377,0.06438985804989157,2.1167817782616862,22.661708499586265,232.62023790371967,233.41012213903056,1.136513567345445,1.517730250804335,2.760405897638429,5.359904174637678,2843.233259247088,54480.285116957166,3.842173923833343,1.9210869619166715,9.981208395597815,0.2649650793664388,0.21882261965280717,fourier
