nameseq,average,median,maximum,minimum,peak,none_levated_peak,sample_standard_deviation,population_standard_deviation,percentile15,percentile25,percentile50,percentile75,amplitude,variance,interquartile_range,semi_interquartile_range,coefficient_of_variation,skewness,kurtosis,label
LG28_8775738_8776102,37.61947541674445,2.114086611027224,12576.742347184263,0.004479143946321931,3.2341404370703364,65.40998799829141,657.2367606290949,658.1389391740754,0.4258331306973175,0.7898422741238041,2.114086611027224,4.700384654474419,12576.737868040316,433146.86325717723,3.910542380350615,1.9552711901753075,17.470651925586353,0.16206665968470232,0.2679995683760297,fourier
