nameseq,average,median,maximum,minimum,peak,none_levated_peak,sample_standard_deviation,population_standard_deviation,percentile15,percentile25,percentile50,percentile75,amplitude,variance,interquartile_range,semi_interquartile_range,coefficient_of_variation,skewness,kurtosis,label
LG28_7431728_7432075,50.932800526336194,6.320054781254928,14328.32413764818,0.049340113635493156,2.2775107357393205,37.99367930628007,766.6068819444072,767.7107081200795,1.586944262223198,2.9691929886793393,6.320054781254928,11.731465362145686,14328.274797534545,589379.731362234,8.762272373466347,4.3811361867331735,15.051339687241667,0.17458522795383605,0.24993055924600455,fourier
