nameseq,average,median,maximum,minimum,peak,none_levated_peak,sample_standard_deviation,population_standard_deviation,percentile15,percentile25,percentile50,percentile75,amplitude,variance,interquartile_range,semi_interquartile_range,coefficient_of_variation,skewness,kurtosis,label
LG28_1366551_1366689,14.837138459632213,1.1132801089618998,1815.368819695688,0.005572831239154121,3.122794429626281,31.908998186035685,153.28449533967344,153.8388714542512,0.17017768935917477,0.4297761774366716,1.1132801089618998,2.361160369605879,1815.363246864449,23666.39837031763,1.9313841921692076,0.9656920960846038,10.331136004204486,0.26859582217220385,0.21957169399098012,fourier
