nameseq,average,median,maximum,minimum,peak,none_levated_peak,sample_standard_deviation,population_standard_deviation,percentile15,percentile25,percentile50,percentile75,amplitude,variance,interquartile_range,semi_interquartile_range,coefficient_of_variation,skewness,kurtosis,label
LG29_7249083_7251813,216.93837619677566,9.147258440631772,556686.0612861741,0.010887409412380138,4.1962761466768255,262.44762873535603,10650.258123038933,10652.2085411714,2.212731342572118,3.680503792796515,9.147258440631772,17.563592758828207,556686.0503987647,113469546.8046049,13.883088966031693,6.941544483015846,49.093472117531356,0.058531290609749,0.24446599629915527,fourier
