nameseq,average,median,maximum,minimum,peak,none_levated_peak,sample_standard_deviation,population_standard_deviation,percentile15,percentile25,percentile50,percentile75,amplitude,variance,interquartile_range,semi_interquartile_range,coefficient_of_variation,skewness,kurtosis,label
LG29_16122746_16123258,55.225198202867325,5.200530790912756,24531.382776479895,0.005020392911727652,3.0964126080967436,63.34963343375404,1081.7327764777106,1082.7886408349636,1.1600625602535557,2.1632833892090146,5.200530790912756,10.182880587944883,24531.377756086982,1172431.2407212278,8.019597198735868,4.009798599367934,19.587666711561866,0.13873482018778047,0.2618839820915439,fourier
