nameseq,average,median,maximum,minimum,peak,none_levated_peak,sample_standard_deviation,population_standard_deviation,percentile15,percentile25,percentile50,percentile75,amplitude,variance,interquartile_range,semi_interquartile_range,coefficient_of_variation,skewness,kurtosis,label
LG29_6351585_6352157,47.562257141776215,3.057695526387965,24846.106448913506,0.0017350371747186955,4.015789230327244,90.75567511859931,1036.8863205925986,1037.7922939594866,0.6901363410050118,1.3490252564077532,3.057695526387965,6.093857672307444,24846.10471387633,1077012.8454016936,4.744832415899691,2.3724162079498456,21.800612142981155,0.1287640527168488,0.25425575613621065,fourier
