nameseq,average,median,maximum,minimum,peak,none_levated_peak,sample_standard_deviation,population_standard_deviation,percentile15,percentile25,percentile50,percentile75,amplitude,variance,interquartile_range,semi_interquartile_range,coefficient_of_variation,skewness,kurtosis,label
LG29_5319769_5319951,15.710138138538142,1.1771938029385256,2552.468951830848,0.012572243414830495,3.8828430063490305,41.3653479588199,188.04358099857706,188.55947656607327,0.39930983659166425,0.6663817047517042,1.1771938029385256,2.573859691197238,2552.456379587433,35554.67620287154,1.9074779864455336,0.9537389932227668,11.969568907691022,0.23185493902676085,0.24080301033850396,fourier
