nameseq,average,median,maximum,minimum,peak,none_levated_peak,sample_standard_deviation,population_standard_deviation,percentile15,percentile25,percentile50,percentile75,amplitude,variance,interquartile_range,semi_interquartile_range,coefficient_of_variation,skewness,kurtosis,label
LG29_8385065_8385560,76.1281124323643,7.8512308632539245,31879.341308374824,0.0018449172435353219,2.1717776528378137,48.930552396570754,1429.5083245126443,1430.9515437843195,1.8513854826317282,3.550824659799376,7.8512308632539245,15.30387406060921,31879.33946345758,2047622.320658727,11.753049400809834,5.876524700404917,18.7776667362229,0.14328747947456905,0.2391440667112631,fourier
