nameseq,average,median,maximum,minimum,peak,none_levated_peak,sample_standard_deviation,population_standard_deviation,percentile15,percentile25,percentile50,percentile75,amplitude,variance,interquartile_range,semi_interquartile_range,coefficient_of_variation,skewness,kurtosis,label
LG29_119368_120258,75.48802509526269,4.132032064483874,61989.146013928024,0.02126270272131744,3.9343988616101506,121.88032958064932,2075.3584560663376,2076.5240604581845,0.9897545708104761,1.6793333275541515,4.132032064483874,8.056669576898896,61989.1247512253,4311952.173661745,6.3773362493447445,3.1886681246723723,27.492552010035013,0.10314747241210744,0.2323039121004985,fourier
