nameseq,average,median,maximum,minimum,peak,none_levated_peak,sample_standard_deviation,population_standard_deviation,percentile15,percentile25,percentile50,percentile75,amplitude,variance,interquartile_range,semi_interquartile_range,coefficient_of_variation,skewness,kurtosis,label
LG29_14173913_14174705,78.4023364643276,5.062094561688457,55216.94715755407,0.004483749445430856,3.3714981626039005,92.43555930145358,1959.2940548854178,1960.530592752204,1.2934325554549495,2.5413921842436853,5.062094561688457,11.858122856445258,55216.942673804624,3843680.205117308,9.316730672201572,4.658365336100786,24.990250842548296,0.11229591860359346,0.23636758604663718,fourier
