nameseq,average,median,maximum,minimum,peak,none_levated_peak,sample_standard_deviation,population_standard_deviation,percentile15,percentile25,percentile50,percentile75,amplitude,variance,interquartile_range,semi_interquartile_range,coefficient_of_variation,skewness,kurtosis,label
LG29_11592320_11592690,56.47485453350263,7.0145357968971265,16978.971412894494,0.045882847424811864,2.1897651209230435,38.91872885598191,879.837195565553,881.0253624749815,1.12814405897055,2.709966625894605,7.0145357968971265,13.03370306631243,16978.92553004707,776205.6893241727,10.323736440417825,5.161868220208913,15.57927333913904,0.16864592331134431,0.19452040470681922,fourier
