nameseq,average,median,maximum,minimum,peak,none_levated_peak,sample_standard_deviation,population_standard_deviation,percentile15,percentile25,percentile50,percentile75,amplitude,variance,interquartile_range,semi_interquartile_range,coefficient_of_variation,skewness,kurtosis,label
LG29_4099029_4099217,37.49628952487367,5.9602023417106915,5508.995235969538,0.010372754852840732,1.6801662457350108,21.376649944983264,399.1465769875618,400.20672912569586,1.5040017356951783,2.8318198072730536,5.9602023417106915,11.603626634495877,5508.984863214685,160165.4260374881,8.771806827222823,4.385903413611412,10.644961996113844,0.2370263632561156,0.2629815793617938,fourier
