nameseq,average,median,maximum,minimum,peak,none_levated_peak,sample_standard_deviation,population_standard_deviation,percentile15,percentile25,percentile50,percentile75,amplitude,variance,interquartile_range,semi_interquartile_range,coefficient_of_variation,skewness,kurtosis,label
LG29_12111255_12113250,200.2461898150303,17.703453726704403,339671.69807679625,0.00274245588286249,3.322576743896647,136.15821915897882,7600.580898510408,7602.485567353366,3.7792513509100876,6.87850940389291,17.703453726704403,35.814302413511044,339671.6953343404,57797786.801816225,28.935793009618134,14.467896504809067,37.95618236497359,0.07205083605811026,0.24441698125768668,fourier
