nameseq,average,median,maximum,minimum,peak,none_levated_peak,sample_standard_deviation,population_standard_deviation,percentile15,percentile25,percentile50,percentile75,amplitude,variance,interquartile_range,semi_interquartile_range,coefficient_of_variation,skewness,kurtosis,label
LG29_13042921_13043339,41.40176838608104,2.860357737495573,14535.812583351888,0.021123526829952978,3.373446886718528,61.30343109065244,709.1517182993597,709.9994791738529,0.8414803827552275,1.4188772324209245,2.860357737495573,4.87110142334541,14535.791459825057,504099.2604271424,3.4522241909244853,1.7261120954622426,17.12853691867353,0.1630458320301877,0.17020133552544903,fourier
