nameseq,average,median,maximum,minimum,peak,none_levated_peak,sample_standard_deviation,population_standard_deviation,percentile15,percentile25,percentile50,percentile75,amplitude,variance,interquartile_range,semi_interquartile_range,coefficient_of_variation,skewness,kurtosis,label
LG29_15242917_15243714,76.78830173807256,5.638215692388197,54765.18258896478,0.009718689827989862,3.4640693175808837,94.1191369911902,1937.1786643080218,1938.3935773558314,1.3317944397932038,2.3241535941963734,5.638215692388197,11.611685064945533,54765.17287027495,3757369.6607343373,9.28753147074916,4.64376573537458,25.227523209405025,0.11018614961532187,0.2620057642542705,fourier
