nameseq,average,median,maximum,minimum,peak,none_levated_peak,sample_standard_deviation,population_standard_deviation,percentile15,percentile25,percentile50,percentile75,amplitude,variance,interquartile_range,semi_interquartile_range,coefficient_of_variation,skewness,kurtosis,label
LG29_3835583_3835650,13.7781143436119,1.0874163254628129,784.9135183674298,0.061529254369216954,1.645121103032206,13.46792092547775,94.24647761389564,94.94720456760719,0.26441831647895014,0.5084472629712773,1.0874163254628129,3.386262729853001,784.8519891130605,9014.971655203046,2.8778154668817235,1.4389077334408618,6.840303053341415,0.40396304475610384,0.24231092730694043,fourier
