nameseq,average,median,maximum,minimum,peak,none_levated_peak,sample_standard_deviation,population_standard_deviation,percentile15,percentile25,percentile50,percentile75,amplitude,variance,interquartile_range,semi_interquartile_range,coefficient_of_variation,skewness,kurtosis,label
LG29_7483982_7484187,35.816876736974386,5.47050126394636,5902.443181198789,0.024177185320250892,1.9171595326674833,24.955700347357386,409.83946048735737,410.8378528571086,1.2691615178348203,2.1936780690539592,5.47050126394636,9.668469625053783,5902.419004013468,168787.7413402392,7.474791555999824,3.737395777999912,11.442635367038381,0.22213362839885067,0.2890275965542625,fourier
