nameseq,average,median,maximum,minimum,peak,none_levated_peak,sample_standard_deviation,population_standard_deviation,percentile15,percentile25,percentile50,percentile75,amplitude,variance,interquartile_range,semi_interquartile_range,coefficient_of_variation,skewness,kurtosis,label
LG29_10750704_10755604,416.50580181721637,23.801180631385566,1870479.8587853874,0.009343401244648419,3.9223143100023408,297.7899494720118,26715.215250643883,26717.9411539468,5.507171983930603,9.632758451204635,23.801180631385566,47.00890683971593,1870479.849441986,713848379.5057639,37.37614838851129,18.688074194255645,64.14127998718217,0.044098984511423606,0.24138845492055006,fourier
