nameseq,average,median,maximum,minimum,peak,none_levated_peak,sample_standard_deviation,population_standard_deviation,percentile15,percentile25,percentile50,percentile75,amplitude,variance,interquartile_range,semi_interquartile_range,coefficient_of_variation,skewness,kurtosis,label
LG29_12178648_12179768,110.24204409025896,7.600869593223934,110959.54688461403,4.379964062016483e-05,3.3895114132747115,114.55745857730831,3312.2757514077657,3313.754116021169,1.9285326937259348,2.9719281183377313,7.600869593223934,15.811290392138517,110959.5468408144,10980966.341447238,12.839362273800786,6.419681136900393,30.045485628839497,0.09296433829829327,0.2594651694105683,fourier
