nameseq,average,median,maximum,minimum,peak,none_levated_peak,sample_standard_deviation,population_standard_deviation,percentile15,percentile25,percentile50,percentile75,amplitude,variance,interquartile_range,semi_interquartile_range,coefficient_of_variation,skewness,kurtosis,label
LG29_3229441_3229593,14.569830636577857,1.200466441976452,1964.6527308073098,0.008903195152603365,3.5003838597796366,35.43556802738743,158.18253676834942,158.70202104610402,0.20418349941626548,0.5118451967960429,1.200466441976452,2.580049090314691,1964.643827612157,25186.33148411804,2.068203893518648,1.034101946759324,10.85685487456724,0.2535557552888443,0.27219944734395785,fourier
