nameseq,average,median,maximum,minimum,peak,none_levated_peak,sample_standard_deviation,population_standard_deviation,percentile15,percentile25,percentile50,percentile75,amplitude,variance,interquartile_range,semi_interquartile_range,coefficient_of_variation,skewness,kurtosis,label
LG29_5616855_5617006,37.718547317133954,3.00841309715937,4649.321487702256,0.011266662228468354,1.3432825564745683,20.29088250333237,375.573718247956,376.8152876451392,0.7404654683669415,1.1004713276381546,3.00841309715937,5.7876019393105205,4649.3102210400275,141989.76100308902,4.687130611672366,2.343565305836183,9.957268902488952,0.27725689418761795,0.19222734787816903,fourier
