nameseq,average,median,maximum,minimum,peak,none_levated_peak,sample_standard_deviation,population_standard_deviation,percentile15,percentile25,percentile50,percentile75,amplitude,variance,interquartile_range,semi_interquartile_range,coefficient_of_variation,skewness,kurtosis,label
LG29_716775_716820,7.952788472916394,0.9471839097565817,306.2602955447678,0.06000921831303952,1.9280449097259085,10.963736830937957,44.49027715372636,44.98189735040525,0.2970812356804014,0.5822633183925848,0.9471839097565817,1.5215804268133282,306.2002863264548,2023.3710892423944,0.9393171084207433,0.46965855421037167,5.594299069469804,0.4723911612611551,0.183683393784175,fourier
