nameseq,average,median,maximum,minimum,peak,none_levated_peak,sample_standard_deviation,population_standard_deviation,percentile15,percentile25,percentile50,percentile75,amplitude,variance,interquartile_range,semi_interquartile_range,coefficient_of_variation,skewness,kurtosis,label
LG29_8132091_8132285,20.441039901577007,1.299505838898167,3583.2915434366623,0.020453367373415167,3.1798773601036467,41.325779968205154,255.8062752962362,256.46472239652826,0.28972522172559945,0.6391012010776549,1.299505838898167,2.9799985809484495,3583.271090069289,65774.1538339283,2.3408973798707944,1.1704486899353972,12.51434743672219,0.22448472822465365,0.2485009074298453,fourier
