nameseq,average,median,maximum,minimum,peak,none_levated_peak,sample_standard_deviation,population_standard_deviation,percentile15,percentile25,percentile50,percentile75,amplitude,variance,interquartile_range,semi_interquartile_range,coefficient_of_variation,skewness,kurtosis,label
LG29_5540001_5540293,75.11131116485446,9.683105800948809,15695.450734973272,0.1298278466495538,1.3002923947407559,23.34921225756503,915.4385565699259,917.0047485731478,2.685218027850449,4.250115279119031,9.683105800948809,22.218411586061126,15695.320907126623,840897.708905702,17.968296306942094,8.984148153471047,12.187758972290066,0.2144159372390644,0.19176494405447608,fourier
