nameseq,average,median,maximum,minimum,peak,none_levated_peak,sample_standard_deviation,population_standard_deviation,percentile15,percentile25,percentile50,percentile75,amplitude,variance,interquartile_range,semi_interquartile_range,coefficient_of_variation,skewness,kurtosis,label
LG29_1678552_1678839,29.73816979622309,2.593895260937485,7594.280921740642,0.0003834664787844194,3.228174452490769,49.10494560661,446.5325952216409,447.30985010964577,0.659703179126605,1.2974106870067377,2.593895260937485,4.33873284075651,7594.2805382741635,200086.10200511373,3.041322153749772,1.520661076874886,15.015469959363571,0.18236703093407283,0.22509226754863348,fourier
