nameseq,average,median,maximum,minimum,peak,none_levated_peak,sample_standard_deviation,population_standard_deviation,percentile15,percentile25,percentile50,percentile75,amplitude,variance,interquartile_range,semi_interquartile_range,coefficient_of_variation,skewness,kurtosis,label
LG29_9959960_9960187,33.9483205649033,3.8681707292111804,6711.827487897801,0.013510172832423471,2.2386968997391548,33.23946437648534,443.240901573917,444.2161302590973,0.836909878010502,1.4572548551244708,3.8681707292111804,6.738357206952661,6711.813977724968,197327.97038236735,5.28110235182819,2.640551175914095,13.05634252883047,0.20359233361957105,0.2842383119073306,fourier
