nameseq,average,median,maximum,minimum,peak,none_levated_peak,sample_standard_deviation,population_standard_deviation,percentile15,percentile25,percentile50,percentile75,amplitude,variance,interquartile_range,semi_interquartile_range,coefficient_of_variation,skewness,kurtosis,label
LG29_17051904_17052547,69.94325737213714,5.675302063196855,38767.11320831077,0.010506674574462017,3.069154550874293,71.31830227183181,1526.1055121393574,1527.2917583442295,1.3750811640195564,2.281484794832723,5.675302063196855,13.761322900361508,38767.1027016362,2332620.1151062082,11.479838105528785,5.739919052764392,21.81919415076174,0.1263371794369188,0.259365760045427,fourier
