nameseq,average,median,maximum,minimum,peak,none_levated_peak,sample_standard_deviation,population_standard_deviation,percentile15,percentile25,percentile50,percentile75,amplitude,variance,interquartile_range,semi_interquartile_range,coefficient_of_variation,skewness,kurtosis,label
LG29_15686660_15687016,54.80288391493023,7.5042872917313,15842.251685361305,0.05835323530805329,2.171418573240089,37.142724937185974,836.8045056804285,837.9789687225112,1.7653346646636272,3.149647773307808,7.5042872917313,13.662867044656933,15842.193332125997,702208.7520212436,10.513219271349126,5.256609635674563,15.26935164542415,0.16956862553484633,0.22653902092399422,fourier
