nameseq,average,median,maximum,minimum,peak,none_levated_peak,sample_standard_deviation,population_standard_deviation,percentile15,percentile25,percentile50,percentile75,amplitude,variance,interquartile_range,semi_interquartile_range,coefficient_of_variation,skewness,kurtosis,label
LG29_2400307_2400497,17.898085034034658,1.1763954914750436,3063.128959625297,0.0031906063694384246,3.5571775721033476,42.447414452747005,220.9329781261741,221.5136177033723,0.3904924628647782,0.6907478686458941,1.1763954914750436,2.3855874804976223,3063.1257690189273,49068.282828035764,1.6948396118517282,0.8474198059258641,12.343945048090461,0.22706012046345442,0.22999609867265114,fourier
