nameseq,average,median,maximum,minimum,peak,none_levated_peak,sample_standard_deviation,population_standard_deviation,percentile15,percentile25,percentile50,percentile75,amplitude,variance,interquartile_range,semi_interquartile_range,coefficient_of_variation,skewness,kurtosis,label
LG29_2517788_2518722,71.27204865342577,3.128474891179802,62010.065030154125,0.004746769934735505,4.372915786133869,139.618224944644,2026.7064573667612,2027.7911277453825,0.9740664827426974,1.496165259626011,3.128474891179802,6.88849284317869,62010.06028338419,4111936.8577628904,5.392327583552679,2.6961637917763395,28.436203191268103,0.10086844128002068,0.261561893671046,fourier
