nameseq,average,median,maximum,minimum,peak,none_levated_peak,sample_standard_deviation,population_standard_deviation,percentile15,percentile25,percentile50,percentile75,amplitude,variance,interquartile_range,semi_interquartile_range,coefficient_of_variation,skewness,kurtosis,label
LG29_4509185_4509697,50.71618694117444,3.249606149941035,23191.30119238328,0.02407369209660947,3.3717045841467224,74.21317140204603,1022.7064028087347,1023.7046523414671,0.7074547505757338,1.2750214794868728,3.249606149941035,7.058721379220641,23191.27711869118,1047971.215225564,5.783699899733768,2.891849949866884,20.165285769511197,0.1392381449677221,0.22764250046370238,fourier
