nameseq,average,median,maximum,minimum,peak,none_levated_peak,sample_standard_deviation,population_standard_deviation,percentile15,percentile25,percentile50,percentile75,amplitude,variance,interquartile_range,semi_interquartile_range,coefficient_of_variation,skewness,kurtosis,label
LG29_2056256_2056365,15.798798005263231,1.8144453849717215,1448.2121638450485,0.05750433475910081,2.320851665705928,20.358991385800845,137.22018514775954,137.84819842950617,0.46709680125779235,0.8266787602711386,1.8144453849717215,3.908734856088302,1448.1546595102893,19002.125810260506,3.082056095817163,1.5410280479085816,8.685482598236007,0.30573532469511844,0.283301493972313,fourier
