nameseq,average,median,maximum,minimum,peak,none_levated_peak,sample_standard_deviation,population_standard_deviation,percentile15,percentile25,percentile50,percentile75,amplitude,variance,interquartile_range,semi_interquartile_range,coefficient_of_variation,skewness,kurtosis,label
LG29_17333_17394,14.968018668137853,3.0815427497839925,765.2753349546037,0.01087493610611032,1.3807215988218549,11.129017183688381,96.09198400682078,96.87642138166221,0.3322427225851434,0.4950702462328336,3.0815427497839925,4.382317486273941,765.2644600184976,9385.04101971738,3.8872472400411073,1.9436236200205537,6.419819893154598,0.37109679983847993,0.3296809733315635,fourier
