nameseq,average,median,maximum,minimum,peak,none_levated_peak,sample_standard_deviation,population_standard_deviation,percentile15,percentile25,percentile50,percentile75,amplitude,variance,interquartile_range,semi_interquartile_range,coefficient_of_variation,skewness,kurtosis,label
LG29_8890909_8891111,30.400240445906128,3.5458957535418363,5131.5643097402535,0.07705206036943339,2.2258595877579337,27.954093027039487,358.94321949762025,359.8305959309001,1.2535797043527421,1.8142933864590884,3.5458957535418363,7.4429645673943865,5131.487257679884,129478.0577679867,5.628671180935298,2.814335590467649,11.807249358317415,0.2244450645699605,0.3023608770584522,fourier
