nameseq,average,median,maximum,minimum,peak,none_levated_peak,sample_standard_deviation,population_standard_deviation,percentile15,percentile25,percentile50,percentile75,amplitude,variance,interquartile_range,semi_interquartile_range,coefficient_of_variation,skewness,kurtosis,label
LG29_10288537_10288660,13.887289215068481,1.9353595917412139,1425.9858413426705,0.0018940801285991721,2.976342804791908,24.41793516360484,127.34446813948959,127.86108067916024,0.5045174933219008,0.9478599555988241,1.9353595917412139,3.1996726816106937,1425.983947262542,16348.455952442724,2.2518127260118694,1.1259063630059347,9.169857858315053,0.2815653431502526,0.23208457817752623,fourier
