nameseq,average,median,maximum,minimum,peak,none_levated_peak,sample_standard_deviation,population_standard_deviation,percentile15,percentile25,percentile50,percentile75,amplitude,variance,interquartile_range,semi_interquartile_range,coefficient_of_variation,skewness,kurtosis,label
LG29_16659878_16659972,12.855097655413362,2.3227599396715375,934.8209710312615,0.0038188066671176303,2.4633548118813113,17.775387041956364,95.20204447097028,95.70709864888394,0.5090407970819566,0.6671312471442339,2.3227599396715375,4.077874593216378,934.8171522245943,9159.848731787204,3.410743346072144,1.705371673036072,7.4057815057422065,0.33189427099814306,0.26159345920017485,fourier
