nameseq,average,median,maximum,minimum,peak,none_levated_peak,sample_standard_deviation,population_standard_deviation,percentile15,percentile25,percentile50,percentile75,amplitude,variance,interquartile_range,semi_interquartile_range,coefficient_of_variation,skewness,kurtosis,label
LG29_8276129_8276326,29.223833267364967,2.1180736690087056,5112.20382847581,0.01934311024416236,2.2584306239422722,33.854001953379694,362.17617657356635,363.09424186540025,0.5552536558748329,0.7989399350542202,2.1180736690087056,4.440531615671343,5112.184485365566,131837.42847580975,3.641591680617123,1.8207958403085616,12.393178309637365,0.22452409643391155,0.3074721637373677,fourier
