nameseq,average,median,maximum,minimum,peak,none_levated_peak,sample_standard_deviation,population_standard_deviation,percentile15,percentile25,percentile50,percentile75,amplitude,variance,interquartile_range,semi_interquartile_range,coefficient_of_variation,skewness,kurtosis,label
LG29_9006709_9007049,44.37154342913751,5.413991445141211,12203.603416338394,0.15099455365262468,2.561701890045706,39.95004013773367,659.5374110416816,660.506606878332,0.9505922765012409,2.3414785113094747,5.413991445141211,11.509005535389072,12203.452421784741,436268.97772992746,9.167527024079597,4.583763512039798,14.863972719249212,0.17720398266324083,0.2227108220974316,fourier
