nameseq,average,median,maximum,minimum,peak,none_levated_peak,sample_standard_deviation,population_standard_deviation,percentile15,percentile25,percentile50,percentile75,amplitude,variance,interquartile_range,semi_interquartile_range,coefficient_of_variation,skewness,kurtosis,label
LG29_11645605_11645796,20.476440635883463,1.1976103048661861,3511.209037877569,0.01686478383397235,3.1255432102708656,40.651159588224225,252.59489817830126,253.25527812401745,0.2869775150134421,0.5772400667485028,1.1976103048661861,2.8977493101520633,3511.1921730937347,64138.23589767344,2.3205092434035604,1.1602546217017802,12.335879202347657,0.22896935532017876,0.20591534338127923,fourier
