nameseq,average,median,maximum,minimum,peak,none_levated_peak,sample_standard_deviation,population_standard_deviation,percentile15,percentile25,percentile50,percentile75,amplitude,variance,interquartile_range,semi_interquartile_range,coefficient_of_variation,skewness,kurtosis,label
LG29_13992570_13992894,55.39105135951809,6.88959883686949,13742.482616265805,0.006652894986558325,1.9557912455965314,32.60694752569102,760.8693933459205,762.042669899971,1.6067917024425522,2.61051223591126,6.88959883686949,15.750462705864685,13742.475963370818,580709.0307482762,13.139950469953424,6.569975234976712,13.736323371215033,0.19123434171545645,0.28062745727411414,fourier
