nameseq,average,median,maximum,minimum,peak,none_levated_peak,sample_standard_deviation,population_standard_deviation,percentile15,percentile25,percentile50,percentile75,amplitude,variance,interquartile_range,semi_interquartile_range,coefficient_of_variation,skewness,kurtosis,label
LG29_14328099_14330556,202.01292932335838,12.763602322739743,451631.3160691283,0.004015992458978997,4.055846009845447,201.36493078663588,9107.267614976443,9109.120757251188,3.023874850714913,5.3239047765279235,12.763602322739743,25.76451363554948,451631.3120531358,82976080.97018445,20.44060885902156,10.22030442951078,45.08259766085866,0.062340100785906724,0.2578043472112553,fourier
