nameseq,average,median,maximum,minimum,peak,none_levated_peak,sample_standard_deviation,population_standard_deviation,percentile15,percentile25,percentile50,percentile75,amplitude,variance,interquartile_range,semi_interquartile_range,coefficient_of_variation,skewness,kurtosis,label
LG29_9958446_9959581,99.42812456136215,7.069991032630876,100593.78620804462,0.02017641850081725,3.808446235279961,119.8607225304853,2982.9600646269596,2984.2738546332375,1.6726972555415638,2.94241830608647,7.069991032630876,14.857925457818837,100593.76603162612,8905890.439447522,11.915507151732367,5.9577535758661835,30.00116996862415,0.09288572243116634,0.2423992591141787,fourier
