nameseq,average,median,maximum,minimum,peak,none_levated_peak,sample_standard_deviation,population_standard_deviation,percentile15,percentile25,percentile50,percentile75,amplitude,variance,interquartile_range,semi_interquartile_range,coefficient_of_variation,skewness,kurtosis,label
LG29_7517369_7522374,480.4020936255421,33.81111032701975,2075229.6805027795,0.0035716573820593397,3.473479172568591,251.6344199494267,29330.982745708054,29333.912767467096,7.420574717936737,13.299846569655402,33.81111032701975,66.66786709524858,2075229.676931122,860478438.249369,53.36802052559318,26.68401026279659,61.05506852468176,0.04567773816210142,0.23780474949093025,fourier
