nameseq,average,median,maximum,minimum,peak,none_levated_peak,sample_standard_deviation,population_standard_deviation,percentile15,percentile25,percentile50,percentile75,amplitude,variance,interquartile_range,semi_interquartile_range,coefficient_of_variation,skewness,kurtosis,label
LG29_10375076_10375285,36.04995929178832,2.651421763448701,6707.2496462984545,0.021419536198195508,1.941749765469084,32.596680883740625,461.47709079439727,462.57978553448754,0.6882078476041256,0.9763876785619107,2.651421763448701,5.817109395264097,6707.228226762257,213980.05798513247,4.840721716702187,2.4203608583510934,12.801043325991088,0.21711936428423742,0.2067126350132992,fourier
