nameseq,average,median,maximum,minimum,peak,none_levated_peak,sample_standard_deviation,population_standard_deviation,percentile15,percentile25,percentile50,percentile75,amplitude,variance,interquartile_range,semi_interquartile_range,coefficient_of_variation,skewness,kurtosis,label
LG29_3836067_3836231,28.0095526336764,3.9187258901033655,3447.542582653745,0.023189644049158815,1.9636157963434406,21.30003637007287,267.2438451838075,268.05737475266227,0.8589987867967683,1.7342585017316305,3.9187258901033655,8.750127616668337,3447.5193930096957,71854.7561592892,7.015869114936706,3.507934557468353,9.54116792506337,0.2704364629277462,0.23828261177046572,fourier
