nameseq,average,median,maximum,minimum,peak,none_levated_peak,sample_standard_deviation,population_standard_deviation,percentile15,percentile25,percentile50,percentile75,amplitude,variance,interquartile_range,semi_interquartile_range,coefficient_of_variation,skewness,kurtosis,label
LG29_5802907_5803411,55.079016998101125,4.575407769911077,24406.69415739136,0.007502498583093741,3.0562152795707433,64.71058906479801,1084.729972664897,1085.8055604082422,1.0846371859388868,2.0200787228964145,4.575407769911077,9.58704207635866,24406.68665489278,1178973.715013457,7.566963353462246,3.783481676731123,19.69406920792166,0.13967607745948768,0.25285801879716496,fourier
