nameseq,average,median,maximum,minimum,peak,none_levated_peak,sample_standard_deviation,population_standard_deviation,percentile15,percentile25,percentile50,percentile75,amplitude,variance,interquartile_range,semi_interquartile_range,coefficient_of_variation,skewness,kurtosis,label
LG29_9852663_9852806,16.890428048489262,2.0575439567683262,2054.212791877524,0.014879439966466266,2.841846273060752,27.13992066801646,170.38706895267188,170.98179002423893,0.5899074835054335,0.7561942803834553,2.0575439567683262,3.7022523562342964,2054.1979124375575,29234.77251989293,2.946058075850841,1.4730290379254205,10.087788685018666,0.2611621442207162,0.3111110905166854,fourier
