nameseq,average,median,maximum,minimum,peak,none_levated_peak,sample_standard_deviation,population_standard_deviation,percentile15,percentile25,percentile50,percentile75,amplitude,variance,interquartile_range,semi_interquartile_range,coefficient_of_variation,skewness,kurtosis,label
LG29_16168627_16168686,23.427806608666025,2.899699242406044,1104.6553735238429,0.02605902456881054,0.8536864049663929,8.179181089250138,140.86497812496125,142.05373319292454,0.5258419464518211,1.0225992345958548,2.899699242406044,8.541120357166369,1104.629314499274,20179.263114046593,7.5185211225705135,3.7592605612852568,6.012725838058388,0.4371868928567079,0.26400815536162825,fourier
