nameseq,average,median,maximum,minimum,peak,none_levated_peak,sample_standard_deviation,population_standard_deviation,percentile15,percentile25,percentile50,percentile75,amplitude,variance,interquartile_range,semi_interquartile_range,coefficient_of_variation,skewness,kurtosis,label
LG29_10174334_10174815,65.83161220766073,6.872948068600667,26901.376128905296,0.036738614236308656,2.440570134601232,51.39652414742891,1223.6426182148937,1224.9139355637308,1.594850356924044,2.616292210779765,6.872948068600667,12.847236792367903,26901.33939029106,1500414.1495382276,10.230944581588139,5.115472290794069,18.5874624239037,0.14454873488732767,0.23200858346248637,fourier
