nameseq,average,median,maximum,minimum,peak,none_levated_peak,sample_standard_deviation,population_standard_deviation,percentile15,percentile25,percentile50,percentile75,amplitude,variance,interquartile_range,semi_interquartile_range,coefficient_of_variation,skewness,kurtosis,label
LG29_5775065_5775117,8.621891594587689,1.4201618541419552,363.3173746414581,0.0798824431103921,2.049047644922461,11.254532208183942,49.2068820579308,49.67777204118421,0.5875795674031623,0.8214830821197024,1.4201618541419552,2.824826824842284,363.23749219834775,2467.881034975864,2.0033437427225818,1.0016718713612909,5.7072025921573815,0.43906844566785624,0.3048649165999979,fourier
