nameseq,average,median,maximum,minimum,peak,none_levated_peak,sample_standard_deviation,population_standard_deviation,percentile15,percentile25,percentile50,percentile75,amplitude,variance,interquartile_range,semi_interquartile_range,coefficient_of_variation,skewness,kurtosis,label
LG29_5682464_5682921,49.046000386271224,2.776965627279376,19652.304847503638,0.009222088227532212,3.112724084824673,65.93812146168807,917.0649580232715,918.0677630883497,0.449742260790351,1.0447253438366566,2.776965627279376,7.005761402459897,19652.29562541541,842848.4176220461,5.9610360586232405,2.9805180293116202,18.698057961928594,0.1513601659975903,0.20719853170472874,fourier
