nameseq,average,median,maximum,minimum,peak,none_levated_peak,sample_standard_deviation,population_standard_deviation,percentile15,percentile25,percentile50,percentile75,amplitude,variance,interquartile_range,semi_interquartile_range,coefficient_of_variation,skewness,kurtosis,label
LG29_1949449_1949602,27.66266552324478,2.94057426650204,3526.26933482672,0.012658183976563755,1.8556900559780918,22.6955545901752,282.9358620227996,283.85898311171337,0.9781081497480755,1.7186918362342563,2.94057426650204,5.680184438934625,3526.256676642743,80575.92229321599,3.961492602700369,1.9807463013501845,10.228076603285038,0.26213104708604146,0.22989436482958497,fourier
