nameseq,average,median,maximum,minimum,peak,none_levated_peak,sample_standard_deviation,population_standard_deviation,percentile15,percentile25,percentile50,percentile75,amplitude,variance,interquartile_range,semi_interquartile_range,coefficient_of_variation,skewness,kurtosis,label
LG29_13885357_13885654,37.1409805097698,3.8015971061420926,9253.721223423263,0.11587077335022421,2.6744941024700215,40.26470400252504,534.8473466272657,535.7470063827507,0.8796047367183331,1.885020048303096,3.8015971061420926,7.459803096079901,9253.605352649913,287024.85484807903,5.574783047776805,2.7873915238884024,14.400463834996927,0.18700317173039213,0.18714999426978843,fourier
