nameseq,average,median,maximum,minimum,peak,none_levated_peak,sample_standard_deviation,population_standard_deviation,percentile15,percentile25,percentile50,percentile75,amplitude,variance,interquartile_range,semi_interquartile_range,coefficient_of_variation,skewness,kurtosis,label
LG29_3297170_3297284,26.581060452106502,3.2128573391940103,2360.391670096103,0.021516468819391423,1.442129572008685,15.489557256112592,218.79926484906304,219.75681544081334,0.87488908117399,1.5903005282014329,3.2128573391940103,6.5265279037660004,2360.370153627284,48293.0579326877,4.936227375564568,2.468113687782284,8.23139713493724,0.3204060552355996,0.2128524166098688,fourier
