nameseq,average,median,maximum,minimum,peak,none_levated_peak,sample_standard_deviation,population_standard_deviation,percentile15,percentile25,percentile50,percentile75,amplitude,variance,interquartile_range,semi_interquartile_range,coefficient_of_variation,skewness,kurtosis,label
LG29_2784395_2784527,25.552433393563234,2.473299322030189,2881.795296140797,0.05648488733016654,1.734994575682999,20.807329985548723,248.63786921235683,249.57790231647476,0.5710792081903611,1.1278897363294889,2.473299322030189,5.54818150386042,2881.738811253467,62289.129324691814,4.420291767530931,2.2101458837654655,9.730496715627474,0.27846684189311804,0.2246364350317109,fourier
