nameseq,average,median,maximum,minimum,peak,none_levated_peak,sample_standard_deviation,population_standard_deviation,percentile15,percentile25,percentile50,percentile75,amplitude,variance,interquartile_range,semi_interquartile_range,coefficient_of_variation,skewness,kurtosis,label
LG29_2104688_2104961,42.92461767584256,4.962948288954747,9856.687468171787,0.0406348033791585,2.1277611375146757,33.59166715144027,593.9918366934025,595.0787394078583,1.3721192187380813,2.1436654603162966,4.962948288954747,10.289517349074398,9856.646833368408,354118.70609524567,8.145851888758102,4.072925944379051,13.838022767706414,0.1917282378738259,0.279627643223212,fourier
