nameseq,average,median,maximum,minimum,peak,none_levated_peak,sample_standard_deviation,population_standard_deviation,percentile15,percentile25,percentile50,percentile75,amplitude,variance,interquartile_range,semi_interquartile_range,coefficient_of_variation,skewness,kurtosis,label
LG29_10635537_10635758,30.94294759675593,3.349318123502512,5899.21762726518,0.025946262928648385,2.391498087524092,33.31628622862029,394.76252487809364,395.65464471613296,0.8341526870093158,1.447008370570971,3.349318123502512,6.3571751461563375,5899.191681002252,156542.5978854494,4.910166775585367,2.4550833877926834,12.75775436854247,0.20969794041449036,0.26879044385288775,fourier
