nameseq,average,median,maximum,minimum,peak,none_levated_peak,sample_standard_deviation,population_standard_deviation,percentile15,percentile25,percentile50,percentile75,amplitude,variance,interquartile_range,semi_interquartile_range,coefficient_of_variation,skewness,kurtosis,label
LG29_8907120_8912602,403.4487931146486,15.177908391530913,2087552.5803457364,0.0004057792970181582,4.530108152157234,410.99545149967963,28189.290913592657,28191.86187359742,3.4603129433815782,6.349862984651844,15.177908391530913,30.659214595386835,2087552.579939957,794781075.8999957,24.309351610734993,12.154675805367496,69.87080242815863,0.041321105157976476,0.23855513127850606,fourier
