nameseq,average,median,maximum,minimum,peak,none_levated_peak,sample_standard_deviation,population_standard_deviation,percentile15,percentile25,percentile50,percentile75,amplitude,variance,interquartile_range,semi_interquartile_range,coefficient_of_variation,skewness,kurtosis,label
LG29_5122078_5122126,5.463428955659715,0.6010061719060843,226.97091752987126,0.008266471335111497,2.9895754966142984,14.577212728000223,31.980960740037585,32.312378511356215,0.22680950310025033,0.2922730929625177,0.6010061719060843,1.2455706695549027,226.96265105853615,1044.089805061155,0.953297576592385,0.4766487882961925,5.853642648159199,0.4561235189222696,0.276168863946948,fourier
