nameseq,average,median,maximum,minimum,peak,none_levated_peak,sample_standard_deviation,population_standard_deviation,percentile15,percentile25,percentile50,percentile75,amplitude,variance,interquartile_range,semi_interquartile_range,coefficient_of_variation,skewness,kurtosis,label
LG29_14202267_14202379,28.415870939842545,3.497507603623893,2588.026076365473,0.04055168144216202,1.3255503146959104,15.00803963857853,241.93150694117543,243.00915818543982,0.8243787232821316,1.3541703187418084,3.497507603623893,9.03404389153869,2587.9855246840307,59053.45096199611,7.6798735727968825,3.8399367863984413,8.513957128161,0.30899278458523527,0.3441035851318834,fourier
