nameseq,average,median,maximum,minimum,peak,none_levated_peak,sample_standard_deviation,population_standard_deviation,percentile15,percentile25,percentile50,percentile75,amplitude,variance,interquartile_range,semi_interquartile_range,coefficient_of_variation,skewness,kurtosis,label
LG29_1976671_1976862,32.34035613670206,4.8911614664139,4947.934038289455,0.036820233402871626,1.978951614802052,24.40829783422461,355.7361643015213,356.66619507635073,1.0693198936862187,1.570380624747451,4.8911614664139,8.820544087414076,4947.897218056052,127210.77471024147,7.250163462666625,3.6250817313333124,10.999760262312245,0.23148499442712506,0.2144254642327305,fourier
