nameseq,average,median,maximum,minimum,peak,none_levated_peak,sample_standard_deviation,population_standard_deviation,percentile15,percentile25,percentile50,percentile75,amplitude,variance,interquartile_range,semi_interquartile_range,coefficient_of_variation,skewness,kurtosis,label
LG29_1275209_1275606,43.713389272521475,4.923860458509892,14774.983734094074,0.015414698794727507,3.034920624424375,52.01549332013088,739.3771238637653,740.3077436454037,0.8063066221475093,1.9004291102085578,4.923860458509892,9.025430888029772,14774.968319395279,548055.5553013487,7.125001777821215,3.5625008889106073,16.914202631470232,0.1573873233106362,0.25009792770592154,fourier
