nameseq,average,median,maximum,minimum,peak,none_levated_peak,sample_standard_deviation,population_standard_deviation,percentile15,percentile25,percentile50,percentile75,amplitude,variance,interquartile_range,semi_interquartile_range,coefficient_of_variation,skewness,kurtosis,label
LG29_13884387_13884543,24.080973581900082,3.1445578159142022,2690.178270703834,0.03247931393673962,2.173223319038417,21.245620966624813,213.77570224955096,214.4597862452115,0.8110888788863999,1.3289357433568338,3.1445578159142022,6.501923073263382,2690.1457913898976,45992.99991634181,5.172987329906547,2.5864936649532737,8.877369576545304,0.2938091028915779,0.13276426672038624,fourier
