nameseq,average,median,maximum,minimum,peak,none_levated_peak,sample_standard_deviation,population_standard_deviation,percentile15,percentile25,percentile50,percentile75,amplitude,variance,interquartile_range,semi_interquartile_range,coefficient_of_variation,skewness,kurtosis,label
LG29_3904054_3904552,65.00376136228226,5.1031711556011565,28883.701516080324,0.022860031327586055,2.5588262870869265,61.40096586298292,1291.4157379314559,1292.711689825981,1.234214014258805,2.164106026919401,5.1031711556011565,9.778549171903318,28883.678656048996,1671103.5130127436,7.614443144983918,3.807221572491959,19.86678479625313,0.13915098394873462,0.22538407966515941,fourier
