nameseq,average,median,maximum,minimum,peak,none_levated_peak,sample_standard_deviation,population_standard_deviation,percentile15,percentile25,percentile50,percentile75,amplitude,variance,interquartile_range,semi_interquartile_range,coefficient_of_variation,skewness,kurtosis,label
LG29_3975626_3976002,31.579389659521553,2.0891146544590424,10809.589821342355,0.037949815209766875,3.9793887095844083,70.47407748086651,555.8427160416182,556.5813777841848,0.5189964581976506,0.9531955027130659,2.0891146544590424,3.983807502523707,10809.551871527145,309782.8300961415,3.0306119998106413,1.5153059999053207,17.601439484249983,0.15916521429879338,0.28266723883823824,fourier
