nameseq,average,median,maximum,minimum,peak,none_levated_peak,sample_standard_deviation,population_standard_deviation,percentile15,percentile25,percentile50,percentile75,amplitude,variance,interquartile_range,semi_interquartile_range,coefficient_of_variation,skewness,kurtosis,label
LG29_9477524_9477921,60.58811498445594,5.930490619024209,20432.72211702581,0.039586574281768885,2.189648360915382,43.829462805977066,1022.4967235419816,1023.7836928663991,1.5276348187425828,2.5967686873148392,5.930490619024209,13.135054964894358,20432.682530451526,1048133.0497791613,10.53828627757952,5.26914313878976,16.87619302571645,0.16036518193259794,0.27705433635710536,fourier
