nameseq,average,median,maximum,minimum,peak,none_levated_peak,sample_standard_deviation,population_standard_deviation,percentile15,percentile25,percentile50,percentile75,amplitude,variance,interquartile_range,semi_interquartile_range,coefficient_of_variation,skewness,kurtosis,label
LG29_3519018_3519314,33.52406250759336,3.7258675692710814,8212.527738399474,0.05660169273394908,2.9531027147314273,41.04146596531123,475.43693137208345,476.2393571436667,0.9140158900062787,1.5160126899772115,3.7258675692710814,8.568477286821802,8212.471136706741,226803.92529261293,7.05246459684459,3.526232298422295,14.181960532509889,0.18802616901673844,0.2569287368547654,fourier
