nameseq,average,median,maximum,minimum,peak,none_levated_peak,sample_standard_deviation,population_standard_deviation,percentile15,percentile25,percentile50,percentile75,amplitude,variance,interquartile_range,semi_interquartile_range,coefficient_of_variation,skewness,kurtosis,label
LG29_7624483_7624611,32.850581061754895,4.86347909059185,2970.3356345616876,0.4200962881473103,1.308957059820814,14.145886550256662,260.2172548533074,261.23175092239484,1.5148392483450082,2.1394673722037396,4.86347909059185,12.395019060876129,2969.9155382735403,68242.02768998014,10.255551688672389,5.1277758443361945,7.92123750761462,0.3226584876580177,0.254529083242502,fourier
