nameseq,average,median,maximum,minimum,peak,none_levated_peak,sample_standard_deviation,population_standard_deviation,percentile15,percentile25,percentile50,percentile75,amplitude,variance,interquartile_range,semi_interquartile_range,coefficient_of_variation,skewness,kurtosis,label
LG29_1683053_1683377,32.04199730588723,1.5459383507615254,9416.782656993259,0.013269067038036006,3.380979415831507,62.42175370724788,521.3956338633448,522.1996368603716,0.2750773469279332,0.48550672906648046,1.5459383507615254,3.572883917032082,9416.76938792622,272692.4607371039,3.0873771879656013,1.5436885939828007,16.27225759012052,0.17546786149221133,0.20558352080284395,fourier
