nameseq,average,median,maximum,minimum,peak,none_levated_peak,sample_standard_deviation,population_standard_deviation,percentile15,percentile25,percentile50,percentile75,amplitude,variance,interquartile_range,semi_interquartile_range,coefficient_of_variation,skewness,kurtosis,label
LG29_15755016_15755353,43.18659749570393,3.277103300001051,12953.59811592707,0.017250484601767754,2.6088340642689993,48.964824557056055,703.2924075097008,704.335095120806,0.9792281588811576,1.6394360438276196,3.277103300001051,6.612254104758195,12953.580865442469,496087.92621883494,4.972818060930575,2.4864090304652877,16.28496914070765,0.17023997601660043,0.23177420416305525,fourier
