nameseq,average,median,maximum,minimum,peak,none_levated_peak,sample_standard_deviation,population_standard_deviation,percentile15,percentile25,percentile50,percentile75,amplitude,variance,interquartile_range,semi_interquartile_range,coefficient_of_variation,skewness,kurtosis,label
LG29_6824267_6824528,26.33399591650594,2.4668662133861745,5865.60662964368,0.012288762556412654,3.316372251679187,43.25950598232083,361.4789859871551,362.1708124305779,0.6607006074955768,0.9450179625405046,2.4668662133861745,5.462627808930795,5865.594340881124,131167.69737662483,4.51760984639029,2.258804923195145,13.726704717857988,0.19807898075686095,0.2969112793633045,fourier
