nameseq,average,median,maximum,minimum,peak,none_levated_peak,sample_standard_deviation,population_standard_deviation,percentile15,percentile25,percentile50,percentile75,amplitude,variance,interquartile_range,semi_interquartile_range,coefficient_of_variation,skewness,kurtosis,label
LG29_16561775_16563706,159.40473187726005,6.818706818105621,286561.51620225224,0.009850251029099987,4.040030634070971,203.15414149034018,6517.5741686042975,6519.261566475576,1.537706781997445,2.8751166411154405,6.818706818105621,14.918104500997993,286561.5063520012,42500771.37212558,12.042987859882553,6.021493929941276,40.88695543632143,0.07023442516120836,0.24837385768333262,fourier
