nameseq,average,median,maximum,minimum,peak,none_levated_peak,sample_standard_deviation,population_standard_deviation,percentile15,percentile25,percentile50,percentile75,amplitude,variance,interquartile_range,semi_interquartile_range,coefficient_of_variation,skewness,kurtosis,label
LG29_12469291_12469500,22.153980626943312,2.0708125263526904,4064.3239506148434,0.014920453005967378,3.1597030429315773,39.50760420444245,279.61849227669023,280.2866377747358,0.40737936324155566,0.7418722247687797,2.0708125263526904,3.727893628840583,4064.3090301618377,78560.59931506596,2.9860214040718036,1.4930107020359018,12.621591441522828,0.21547038542126645,0.259684046883596,fourier
