nameseq,average,median,maximum,minimum,peak,none_levated_peak,sample_standard_deviation,population_standard_deviation,percentile15,percentile25,percentile50,percentile75,amplitude,variance,interquartile_range,semi_interquartile_range,coefficient_of_variation,skewness,kurtosis,label
LG29_7805429_7811276,432.01602441110765,15.810753539284484,2388970.590569716,0.02262350025945182,4.512178306326763,429.9816383963406,31236.75063790978,31239.42170128958,3.6973166680315543,6.435558125404412,15.810753539284484,32.04209428376707,2388970.5679462156,975901468.2310023,25.60653615836266,12.80326807918133,72.30461110901942,0.039972653592852105,0.24546016988918273,fourier
