nameseq,average,median,maximum,minimum,peak,none_levated_peak,sample_standard_deviation,population_standard_deviation,percentile15,percentile25,percentile50,percentile75,amplitude,variance,interquartile_range,semi_interquartile_range,coefficient_of_variation,skewness,kurtosis,label
LG29_17952422_17952737,30.23637594835093,1.631329057417378,8796.756396039913,0.006639215879274497,3.48366264241658,63.11497751237684,493.94516668219967,494.72858536113733,0.4586321267481731,0.8592866094049807,1.631329057417378,3.1365274314674823,8796.749756824034,244756.37317343213,2.2772408220625016,1.1386204110312508,16.336123334553893,0.17373414391159214,0.24063619937643652,fourier
