nameseq,average,median,maximum,minimum,peak,none_levated_peak,sample_standard_deviation,population_standard_deviation,percentile15,percentile25,percentile50,percentile75,amplitude,variance,interquartile_range,semi_interquartile_range,coefficient_of_variation,skewness,kurtosis,label
LG29_9697341_9697480,14.057990666285816,1.251191597545918,1746.7212805713664,0.020587051697939555,3.3195829883842287,32.52734372958284,146.96851967134384,147.49623598206895,0.3178691646094848,0.5357565749184723,1.251191597545918,2.336400882036379,1746.7006935196684,21755.13962887817,1.8006443071179066,0.9003221535589533,10.454447094192984,0.2614192297244113,0.2636549536417513,fourier
