nameseq,average,median,maximum,minimum,peak,none_levated_peak,sample_standard_deviation,population_standard_deviation,percentile15,percentile25,percentile50,percentile75,amplitude,variance,interquartile_range,semi_interquartile_range,coefficient_of_variation,skewness,kurtosis,label
LG29_5110382_5110513,18.111004005175754,1.148309167078381,2117.625917142144,0.0020212782481828498,2.429462220174304,28.145773732868015,183.45436975192766,184.1532460722531,0.25781516494527007,0.4839724683069194,1.148309167078381,2.889634432123672,2117.6238958638955,33912.4180389478,2.4056619638167525,1.2028309819083762,10.12944228268627,0.2773882387380822,0.24407619291611213,fourier
