nameseq,average,median,maximum,minimum,peak,none_levated_peak,sample_standard_deviation,population_standard_deviation,percentile15,percentile25,percentile50,percentile75,amplitude,variance,interquartile_range,semi_interquartile_range,coefficient_of_variation,skewness,kurtosis,label
LG29_6363315_6363609,28.950353635768526,2.8294740898127064,7342.079117456004,0.03148878087872558,3.3966194185566443,47.9052687095007,426.5359889995197,427.2607745502992,0.6619932583287729,1.0912537496226515,2.8294740898127064,5.2266320656539325,7342.0476286751245,182551.7694693216,4.1353783160312805,2.0676891580156402,14.733360233379987,0.18371870289696868,0.23933390794662657,fourier
