nameseq,average,median,maximum,minimum,peak,none_levated_peak,sample_standard_deviation,population_standard_deviation,percentile15,percentile25,percentile50,percentile75,amplitude,variance,interquartile_range,semi_interquartile_range,coefficient_of_variation,skewness,kurtosis,label
LG29_1196623_1196796,25.324946726444153,2.778335394928747,3532.466321817539,0.0023040356574312417,2.290231866092605,25.63740872742986,266.71012291273644,267.47985069765076,0.5641009363880587,1.1056755185134008,2.778335394928747,7.899794019254673,3532.464017781882,71545.47052923753,6.7941185007412725,3.3970592503706363,10.53151762938318,0.2536080492778182,0.3259179827682108,fourier
