nameseq,average,median,maximum,minimum,peak,none_levated_peak,sample_standard_deviation,population_standard_deviation,percentile15,percentile25,percentile50,percentile75,amplitude,variance,interquartile_range,semi_interquartile_range,coefficient_of_variation,skewness,kurtosis,label
LG29_5319772_5319949,14.952609011934099,0.9307383457703279,2428.734412632539,0.009998538398810432,3.9680923433480895,45.80236378194583,181.43476294677677,181.94656865446095,0.253287094840161,0.37676608980261206,0.9307383457703279,2.0904968220358016,2428.72441409414,33104.553845132476,1.7137307322331896,0.8568653661165948,12.133986971903603,0.23184979171180722,0.29862147757660557,fourier
