nameseq,average,median,maximum,minimum,peak,none_levated_peak,sample_standard_deviation,population_standard_deviation,percentile15,percentile25,percentile50,percentile75,amplitude,variance,interquartile_range,semi_interquartile_range,coefficient_of_variation,skewness,kurtosis,label
LG29_2855725_2855885,31.381186067022675,4.145121682666242,4139.406944496798,0.1128529505404332,1.7101541844864485,21.959674532408222,324.8522636135552,325.865845682228,0.5684067586124751,1.5138281242456306,4.145121682666242,7.149468476233762,4139.294091546258,106188.54938219361,5.6356403519881315,2.8178201759940658,10.351815986806514,0.2515241613038889,0.21849493780225804,fourier
