nameseq,average,median,maximum,minimum,peak,none_levated_peak,sample_standard_deviation,population_standard_deviation,percentile15,percentile25,percentile50,percentile75,amplitude,variance,interquartile_range,semi_interquartile_range,coefficient_of_variation,skewness,kurtosis,label
LG29_3572211_3572694,57.484811577284134,5.828916814812603,22277.602852676526,0.021212897814631444,2.806538438704499,51.88681337630656,1011.23001543672,1012.2762961257354,1.4438360797816319,2.3071283552982167,5.828916814812603,13.913758151465773,22277.58163977871,1024703.2996980376,11.606629796167557,5.803314898083778,17.591255632406398,0.15324672124223757,0.2522923012553739,fourier
