nameseq,average,median,maximum,minimum,peak,none_levated_peak,sample_standard_deviation,population_standard_deviation,percentile15,percentile25,percentile50,percentile75,amplitude,variance,interquartile_range,semi_interquartile_range,coefficient_of_variation,skewness,kurtosis,label
LG29_5090451_5090538,24.969355399965014,1.21142560394437,1998.1875855781664,9.336134302316601e-06,1.1747733517131336,16.756731885667406,211.57060690599099,212.78305584003132,0.2983806698782993,0.42561028878831275,1.21142560394437,2.7816632684519003,1998.187576242032,45276.628852621885,2.3560529796635876,1.1780264898317938,8.47321060223635,0.33687944856977053,0.1769711641636942,fourier
