nameseq,average,median,maximum,minimum,peak,none_levated_peak,sample_standard_deviation,population_standard_deviation,percentile15,percentile25,percentile50,percentile75,amplitude,variance,interquartile_range,semi_interquartile_range,coefficient_of_variation,skewness,kurtosis,label
LG29_17647042_17647563,47.98503247755151,2.6103433170373718,22400.92460432444,0.0045328654320712395,3.626130712350797,80.20637799515704,979.3291139588008,980.2685186006499,0.5453635087028642,0.9197955303797136,2.6103433170373718,6.7791109483042975,22400.920071459008,960926.3685595128,5.859315417924584,2.929657708962292,20.409053894398284,0.13899726408753432,0.2513707004615345,fourier
