nameseq,average,median,maximum,minimum,peak,none_levated_peak,sample_standard_deviation,population_standard_deviation,percentile15,percentile25,percentile50,percentile75,amplitude,variance,interquartile_range,semi_interquartile_range,coefficient_of_variation,skewness,kurtosis,label
LG29_9135866_9136100,90.36344695925831,10.641505942055035,16721.853368217795,0.1222631526562569,0.8668696908900683,18.14239340955806,1087.602486481327,1089.9239458707284,3.450045022491631,5.289623666182224,10.641505942055035,19.727584735979697,16721.731105065137,1187934.2077824187,14.437961069797474,7.218980534898737,12.035867633200056,0.21990187225975605,0.16182271612493232,fourier
