nameseq,average,median,maximum,minimum,peak,none_levated_peak,sample_standard_deviation,population_standard_deviation,percentile15,percentile25,percentile50,percentile75,amplitude,variance,interquartile_range,semi_interquartile_range,coefficient_of_variation,skewness,kurtosis,label
LG29_10715754_10718691,223.94434091442864,8.965582547772367,621127.5487236084,0.023235973621570788,4.373110431522565,287.5204643609586,11457.04112179296,11458.991422449146,2.0825071428910973,3.368434061947156,8.965582547772367,17.19024940362207,621127.5254876347,131308484.41976312,13.821815341674913,6.910907670837457,51.16021719955321,0.056291695931265026,0.2549682441003642,fourier
