nameseq,average,median,maximum,minimum,peak,none_levated_peak,sample_standard_deviation,population_standard_deviation,percentile15,percentile25,percentile50,percentile75,amplitude,variance,interquartile_range,semi_interquartile_range,coefficient_of_variation,skewness,kurtosis,label
LG29_8668764_8673508,364.4740514089923,14.162624626480612,1632398.0338244278,0.020072434562887563,4.339586482363347,369.931823433925,23695.011035761894,23697.508270425074,3.3265577232247527,5.821142580488055,14.162624626480612,28.566339377259627,1632398.0137519932,561571898.2268648,22.745196796771573,11.372598398385787,65.01151712765605,0.04435255500668067,0.25518875608278974,fourier
