nameseq,average,median,maximum,minimum,peak,none_levated_peak,sample_standard_deviation,population_standard_deviation,percentile15,percentile25,percentile50,percentile75,amplitude,variance,interquartile_range,semi_interquartile_range,coefficient_of_variation,skewness,kurtosis,label
LG29_3810746_3831966,1687.2754224822168,81.83847724010441,33235583.72364074,0.0336565794290728,4.192360400923946,710.9246839500521,228143.79040308934,228149.16601813713,19.109718369628077,33.46851045378643,81.83847724010441,163.71295412112627,33235583.68998416,52052041954.7715,130.24444366733985,65.12222183366993,135.21431496196283,0.021110856566452132,0.24633090327776916,fourier
