nameseq,average,median,maximum,minimum,peak,none_levated_peak,sample_standard_deviation,population_standard_deviation,percentile15,percentile25,percentile50,percentile75,amplitude,variance,interquartile_range,semi_interquartile_range,coefficient_of_variation,skewness,kurtosis,label
LG29_12597416_12598002,72.10853648014282,7.5157616981677196,35824.52711183378,0.03237123220538469,2.7135021208002073,61.08988415243863,1476.984979340192,1478.2446682509094,1.3264857959840166,2.3239788998440707,7.5157616981677196,14.731357082980187,35824.49474060157,2185207.299212241,12.407378183136117,6.203689091568059,20.482803443763178,0.13119857483756617,0.2614619331497094,fourier
