nameseq,average,median,maximum,minimum,peak,none_levated_peak,sample_standard_deviation,population_standard_deviation,percentile15,percentile25,percentile50,percentile75,amplitude,variance,interquartile_range,semi_interquartile_range,coefficient_of_variation,skewness,kurtosis,label
LG29_12535888_12537312,121.43858551838194,6.4142010827862475,159940.56790052535,0.00798853694685093,3.911442133259203,160.79587732898878,4235.21198252972,4236.698804405445,1.4568386789601147,2.7000819368555296,6.4142010827862475,12.165969131740681,159940.5599119884,17949616.759250525,9.465887194885152,4.732943597442576,34.87534019315997,0.08147718573006883,0.24938978599735928,fourier
