nameseq,average,median,maximum,minimum,peak,none_levated_peak,sample_standard_deviation,population_standard_deviation,percentile15,percentile25,percentile50,percentile75,amplitude,variance,interquartile_range,semi_interquartile_range,coefficient_of_variation,skewness,kurtosis,label
LG29_4661620_4661756,29.18908707377567,4.093163424613312,3016.456603663965,0.08427175164479286,1.5645116461245865,16.87583858292026,256.2860676353693,257.22657012676115,1.1261745703068318,1.6181415034390878,4.093163424613312,9.267950910936854,3016.37233191232,66165.50837917757,7.6498094074977665,3.8249047037488833,8.780201552299461,0.29376458752569673,0.2364619752072254,fourier
