nameseq,average,median,maximum,minimum,peak,none_levated_peak,sample_standard_deviation,population_standard_deviation,percentile15,percentile25,percentile50,percentile75,amplitude,variance,interquartile_range,semi_interquartile_range,coefficient_of_variation,skewness,kurtosis,label
LG29_11593332_11593544,25.33664665161786,3.212070666681988,4335.396680047044,0.01070806776322341,2.8022650738378725,31.87484526706444,296.0913854977366,296.78889267275815,0.6723582561598824,1.63637583175978,3.212070666681988,5.756111373268979,4335.385971979281,88083.64681392197,4.119735541509199,2.0598677707545994,11.686289411895391,0.2241663594610556,0.19715811313476142,fourier
