nameseq,average,median,maximum,minimum,peak,none_levated_peak,sample_standard_deviation,population_standard_deviation,percentile15,percentile25,percentile50,percentile75,amplitude,variance,interquartile_range,semi_interquartile_range,coefficient_of_variation,skewness,kurtosis,label
LG29_8365235_8365669,51.94477010597586,4.812329704733986,19275.277982743424,0.0331762068613266,2.7914263496435963,53.58791842451682,922.7944127082372,923.8569282158714,1.0625657822318186,1.9049406706470169,4.812329704733986,10.061339244466932,19275.244806536564,853511.6238124659,8.156398573819915,4.078199286909958,17.764914751294214,0.15322732697172461,0.2681952095336643,fourier
