nameseq,average,median,maximum,minimum,peak,none_levated_peak,sample_standard_deviation,population_standard_deviation,percentile15,percentile25,percentile50,percentile75,amplitude,variance,interquartile_range,semi_interquartile_range,coefficient_of_variation,skewness,kurtosis,label
LG29_17501164_17501320,24.277861963226673,2.9297299086231496,3059.985382900629,0.10326002881510556,2.1555989325831852,22.99716673190478,243.10664415878244,243.88458740844897,0.786045211514039,1.403438627477173,2.9297299086231496,6.549780579731425,3059.882122871814,59479.69197538938,5.146341952254252,2.573170976127126,10.013511260876784,0.2634415706136796,0.24247385402950608,fourier
