nameseq,average,median,maximum,minimum,peak,none_levated_peak,sample_standard_deviation,population_standard_deviation,percentile15,percentile25,percentile50,percentile75,amplitude,variance,interquartile_range,semi_interquartile_range,coefficient_of_variation,skewness,kurtosis,label
LG29_17810600_17810681,14.547469538002874,1.3746800801376549,1009.6391491078765,0.013758519237081107,1.878906380379728,16.042202449878825,110.58399624127225,111.26451956434008,0.4433835822597694,0.6923890147264268,1.3746800801376549,3.947375282501058,1009.6253905886394,12379.793313883416,3.2549862677746315,1.6274931338873158,7.601596686790766,0.3573606463576741,0.3566841722212654,fourier
