nameseq,average,median,maximum,minimum,peak,none_levated_peak,sample_standard_deviation,population_standard_deviation,percentile15,percentile25,percentile50,percentile75,amplitude,variance,interquartile_range,semi_interquartile_range,coefficient_of_variation,skewness,kurtosis,label
LG29_1683544_1683740,31.40563426173788,3.5403742300279433,5217.631520330736,0.025599912723138673,2.0909199323724437,28.072359901290387,370.4730438803792,371.4169257767234,0.8142321592840863,1.347384691698687,3.5403742300279433,7.219676834426857,5217.605920418013,137950.53275343208,5.8722921427281705,2.9361460713640852,11.79638789628694,0.22564605300169094,0.2576778476144022,fourier
