nameseq,average,median,maximum,minimum,peak,none_levated_peak,sample_standard_deviation,population_standard_deviation,percentile15,percentile25,percentile50,percentile75,amplitude,variance,interquartile_range,semi_interquartile_range,coefficient_of_variation,skewness,kurtosis,label
LG29_15468487_15468619,25.80816486515143,1.8347219692152719,3090.7114564893814,0.0019015914873102228,1.7178026242848559,24.88924676036068,266.7855046622106,267.7941491091556,0.3246094674809326,0.5616131159003652,1.8347219692152719,3.0778544034469726,3090.709554897894,71713.70629709668,2.5162412875466074,1.2581206437733037,10.337252030749736,0.26958109579030576,0.18105043870561888,fourier
