nameseq,average,median,maximum,minimum,peak,none_levated_peak,sample_standard_deviation,population_standard_deviation,percentile15,percentile25,percentile50,percentile75,amplitude,variance,interquartile_range,semi_interquartile_range,coefficient_of_variation,skewness,kurtosis,label
LG29_5337880_5338093,35.35385163168542,2.409054970989559,6795.083410203651,0.0171810920907869,2.017696235094277,34.98758433834134,463.1837775413963,464.2697902339664,0.45472918504336624,0.8896228062358809,2.409054970989559,4.555423664115605,6795.06622911156,215546.43812389113,3.6658008578797245,1.8329004289398623,13.101366786476921,0.21338050850292234,0.23331893240555476,fourier
