nameseq,average,median,maximum,minimum,peak,none_levated_peak,sample_standard_deviation,population_standard_deviation,percentile15,percentile25,percentile50,percentile75,amplitude,variance,interquartile_range,semi_interquartile_range,coefficient_of_variation,skewness,kurtosis,label
LG29_11205574_11205747,36.96196922136704,4.678563967062413,5213.484529713983,0.09510938550570988,1.5691804636445412,21.17482518082986,393.64388498738833,394.77994473767967,1.5608632624115248,2.1098812830125704,4.678563967062413,8.16269435399339,5213.389420328477,155851.2047670854,6.052813070980819,3.0264065354904095,10.649970585437043,0.246035108016518,0.2221792895843845,fourier
