nameseq,average,median,maximum,minimum,peak,none_levated_peak,sample_standard_deviation,population_standard_deviation,percentile15,percentile25,percentile50,percentile75,amplitude,variance,interquartile_range,semi_interquartile_range,coefficient_of_variation,skewness,kurtosis,label
LG29_950620_950881,44.092279922221955,3.9109022080965468,9962.804121278796,0.002356697708995961,1.9806944319365627,33.81842389609126,613.9825446147787,615.1576318996026,1.3308360467134006,2.3590935275622638,3.9109022080965468,8.378253469407799,9962.801764581087,378418.912084327,6.019159941845535,3.0095799709227675,13.924944359825204,0.1963315312457414,0.2530849863253295,fourier
