nameseq,average,median,maximum,minimum,peak,none_levated_peak,sample_standard_deviation,population_standard_deviation,percentile15,percentile25,percentile50,percentile75,amplitude,variance,interquartile_range,semi_interquartile_range,coefficient_of_variation,skewness,kurtosis,label
LG29_11151874_11152089,37.21892863884255,6.164917404835319,5885.696633882399,0.020275734632665885,1.9344995311030826,23.43028926660642,399.0548507332857,399.981808662235,1.2197120148884846,2.507473558070981,6.164917404835319,12.031567813259608,5885.676358147766,159985.44726071274,9.524094255188627,4.762047127594314,10.72182530038822,0.23345671285747113,0.22060842337782097,fourier
