nameseq,average,median,maximum,minimum,peak,none_levated_peak,sample_standard_deviation,population_standard_deviation,percentile15,percentile25,percentile50,percentile75,amplitude,variance,interquartile_range,semi_interquartile_range,coefficient_of_variation,skewness,kurtosis,label
LG29_5750250_5752634,297.00178200849115,30.234040256561084,586886.5210679354,0.04263440080063093,2.676751616181452,124.54713704600016,12014.190750496906,12016.710241087778,6.488014262880197,12.37813709714335,30.234040256561084,63.184090122721486,586886.4784335346,144401325.01826388,50.805953025578134,25.402976512789067,40.451577998119305,0.0666131612087722,0.23460862919289296,fourier
