nameseq,average,median,maximum,minimum,peak,none_levated_peak,sample_standard_deviation,population_standard_deviation,percentile15,percentile25,percentile50,percentile75,amplitude,variance,interquartile_range,semi_interquartile_range,coefficient_of_variation,skewness,kurtosis,label
LG29_4729040_4730853,207.6033556030879,21.27061833568108,316067.92764479906,0.052049281352778434,2.9126054581830316,114.68816917304186,7418.494300207552,7420.53993496316,4.87851584374493,8.687081108917804,21.27061833568108,42.734696566385374,316067.8755955177,55064412.92638305,34.04761545746757,17.023807728733786,35.733980689554954,0.0753519769889937,0.2595096368097355,fourier
