nameseq,average,median,maximum,minimum,peak,none_levated_peak,sample_standard_deviation,population_standard_deviation,percentile15,percentile25,percentile50,percentile75,amplitude,variance,interquartile_range,semi_interquartile_range,coefficient_of_variation,skewness,kurtosis,label
LG29_4768663_4769043,35.064246116107434,2.076496319357837,11960.478520368251,0.011571347198180475,3.621923014670494,65.84935770233483,611.7759345712627,612.5803740174716,0.4190929729369725,0.7850186915879096,2.076496319357837,5.24731920249017,11960.466949021053,375254.71463138546,4.46230051090226,2.23115025545113,17.447286120041,0.16176388085550145,0.24592535278513078,fourier
