nameseq,average,median,maximum,minimum,peak,none_levated_peak,sample_standard_deviation,population_standard_deviation,percentile15,percentile25,percentile50,percentile75,amplitude,variance,interquartile_range,semi_interquartile_range,coefficient_of_variation,skewness,kurtosis,label
LG29_1240222_1244171,337.3144557219537,18.907868242865508,1222250.8816594456,0.028667585802822634,3.903380493577148,266.9821770659768,19444.528981567488,19446.99078179025,4.549522714927205,8.098492113916457,18.907868242865508,38.276897336383044,1222250.85299186,378185450.4670349,30.178405222466587,15.089202611233294,57.64511022793371,0.04912537420385799,0.2536037853381408,fourier
