nameseq,average,median,maximum,minimum,peak,none_levated_peak,sample_standard_deviation,population_standard_deviation,percentile15,percentile25,percentile50,percentile75,amplitude,variance,interquartile_range,semi_interquartile_range,coefficient_of_variation,skewness,kurtosis,label
LG29_2282786_2283148,39.37778913275433,3.851166927474095,12483.29176822706,0.01684251472772751,3.0727982109933274,52.952595272206004,654.0561910477489,654.9589605471937,0.7674016545067589,1.3546364686897412,3.851166927474095,6.943949925443388,12483.274925712332,428971.24000106036,5.589313456753646,2.794656728376823,16.609774328434984,0.1629521562132265,0.23958397636592874,fourier
