nameseq,average,median,maximum,minimum,peak,none_levated_peak,sample_standard_deviation,population_standard_deviation,percentile15,percentile25,percentile50,percentile75,amplitude,variance,interquartile_range,semi_interquartile_range,coefficient_of_variation,skewness,kurtosis,label
LG29_4581996_4585378,257.6549901534388,9.852667500140926,820202.1558065345,0.004826994553540417,4.37665370267084,304.74995401954294,14099.312560839215,14101.396870490758,2.2999442822861313,4.243608314942472,9.852667500140926,20.582280482520122,820202.15097954,198849393.69908655,16.33867216757765,8.169336083788824,54.72167471875001,0.052726469092167196,0.23845054053895345,fourier
