nameseq,average,median,maximum,minimum,peak,none_levated_peak,sample_standard_deviation,population_standard_deviation,percentile15,percentile25,percentile50,percentile75,amplitude,variance,interquartile_range,semi_interquartile_range,coefficient_of_variation,skewness,kurtosis,label
LG29_15219004_15219202,17.232008327415077,0.8569497476477861,3109.353780547848,0.005790124943830174,3.8494255616045074,49.535595171122274,219.7577377814391,220.3119826409667,0.16239378724821396,0.2793706571390058,0.8569497476477861,1.889423434622538,3109.3479904229043,48537.369695193614,1.6100527774835323,0.8050263887417661,12.75288019863697,0.22354241645934447,0.16487455423251998,fourier
