nameseq,average,median,maximum,minimum,peak,none_levated_peak,sample_standard_deviation,population_standard_deviation,percentile15,percentile25,percentile50,percentile75,amplitude,variance,interquartile_range,semi_interquartile_range,coefficient_of_variation,skewness,kurtosis,label
LG29_7703370_7704648,97.36814467868889,3.6400712160955986,117257.81675130465,0.00616259524809445,4.378570986848079,181.03511022950846,3277.301059519601,3278.5830079588177,0.8716442399900175,1.4933840522158905,3.6400712160955986,7.8990164769450235,117257.8105887094,10749106.540076287,6.4056324247291325,3.2028162123645663,33.65886317680765,0.08579749473153281,0.24279678258057288,fourier
