nameseq,average,median,maximum,minimum,peak,none_levated_peak,sample_standard_deviation,population_standard_deviation,percentile15,percentile25,percentile50,percentile75,amplitude,variance,interquartile_range,semi_interquartile_range,coefficient_of_variation,skewness,kurtosis,label
LG29_9950336_9950674,41.27120518307371,4.80640965147508,11590.988688915231,0.04860628928331275,2.7379864362755257,43.0085960881973,628.2994392007879,629.22818980266,1.2365869170720716,1.6513789257470464,4.80640965147508,8.186140338052724,11590.940082625948,395928.1148423323,6.534761412305677,3.2673807061528386,15.223675596913953,0.1741118641359098,0.22014288112652736,fourier
