nameseq,average,median,maximum,minimum,peak,none_levated_peak,sample_standard_deviation,population_standard_deviation,percentile15,percentile25,percentile50,percentile75,amplitude,variance,interquartile_range,semi_interquartile_range,coefficient_of_variation,skewness,kurtosis,label
LG29_14174086_14174295,27.82143273755815,3.2307784797740675,4861.388061778004,0.0321912302659497,2.5160458363275437,31.02966964105211,334.38135631352066,335.180357109327,0.8977524487810823,1.5038060620356815,3.2307784797740675,6.07364099817131,4861.355870547738,112345.871791936,4.569834936135629,2.2849174680678144,12.018840275688435,0.22062223679774368,0.2390677505336116,fourier
