nameseq,average,median,maximum,minimum,peak,none_levated_peak,sample_standard_deviation,population_standard_deviation,percentile15,percentile25,percentile50,percentile75,amplitude,variance,interquartile_range,semi_interquartile_range,coefficient_of_variation,skewness,kurtosis,label
LG29_6796085_6796429,31.54302585850313,2.287851430185817,9779.64641381841,0.0004739543648533395,3.645813832695419,62.1912105306039,525.5972365777765,526.360631659217,0.5328921900309936,0.9132173913284986,2.287851430185817,4.134738941713998,9779.645939864044,277055.51456069,3.2215215503854995,1.6107607751927497,16.662866743841253,0.1669824671385323,0.2529790707664163,fourier
