nameseq,average,median,maximum,minimum,peak,none_levated_peak,sample_standard_deviation,population_standard_deviation,percentile15,percentile25,percentile50,percentile75,amplitude,variance,interquartile_range,semi_interquartile_range,coefficient_of_variation,skewness,kurtosis,label
LG29_8054140_8054305,26.645194450149805,3.2168494637885483,3627.0291739034255,0.12446117281425981,2.0766721532791155,24.280909200319726,280.3379742772646,281.18620004105475,0.5650582261101097,1.241380178401247,3.2168494637885483,6.957595912431365,3626.904712730611,79065.67909352806,5.716215734030118,2.858107867015059,10.521145747378416,0.25071535577826953,0.28629610148972745,fourier
