nameseq,average,median,maximum,minimum,peak,none_levated_peak,sample_standard_deviation,population_standard_deviation,percentile15,percentile25,percentile50,percentile75,amplitude,variance,interquartile_range,semi_interquartile_range,coefficient_of_variation,skewness,kurtosis,label
LG29_13309416_13309740,27.082669228481468,1.6427285514017844,7891.859811610787,0.020124420478301878,4.000098085583258,63.18533168130347,436.9472691217669,437.6210509701372,0.4811854193156784,0.7015891846425455,1.6427285514017844,3.4268763629854178,7891.839687190309,191512.18425220743,2.7252871783428723,1.3626435891714361,16.133833243521345,0.17466597785274296,0.22466044468285398,fourier
