nameseq,average,median,maximum,minimum,peak,none_levated_peak,sample_standard_deviation,population_standard_deviation,percentile15,percentile25,percentile50,percentile75,amplitude,variance,interquartile_range,semi_interquartile_range,coefficient_of_variation,skewness,kurtosis,label
LG29_7188153_7190745,232.10987889586934,16.53841193523928,532220.6992946843,0.011337382474576439,3.7238110564052995,182.72740675102972,10449.441601698632,10451.457117505148,4.567187714400145,7.541773675955602,16.53841193523928,33.71864685947092,532220.6879573019,109232955.87904902,26.17687318351532,13.08843659175766,45.01937466602414,0.061889852638323,0.2553178991592543,fourier
