nameseq,average,median,maximum,minimum,peak,none_levated_peak,sample_standard_deviation,population_standard_deviation,percentile15,percentile25,percentile50,percentile75,amplitude,variance,interquartile_range,semi_interquartile_range,coefficient_of_variation,skewness,kurtosis,label
LG2_5434316_5434527,35.58096280726967,4.260802271305892,5730.594848662005,0.04267310746710899,1.9860807884667055,25.790988681169654,392.3076467491046,393.2361868568737,0.8745709559160552,1.85744695657483,4.260802271305892,9.075175062708103,5730.552175554538,154634.6986537341,7.217728106133274,3.608864053066637,11.02577377891952,0.23950713779479954,0.22898091343451948,fourier
