nameseq,average,median,maximum,minimum,peak,none_levated_peak,sample_standard_deviation,population_standard_deviation,percentile15,percentile25,percentile50,percentile75,amplitude,variance,interquartile_range,semi_interquartile_range,coefficient_of_variation,skewness,kurtosis,label
LG2_9877880_9877992,21.27244448939382,2.3389945328387483,2030.368463760752,0.02736862842919517,1.7706788087023475,18.801374226377167,189.87261456811106,190.71837650266892,0.5989712868231518,1.367653582582469,2.3389945328387483,3.995463884712354,2030.3410951323228,36373.49913581377,2.627810302129885,1.3139051510649424,8.925754379699015,0.29914977469955156,0.18521178398778979,fourier
