nameseq,average,median,maximum,minimum,peak,none_levated_peak,sample_standard_deviation,population_standard_deviation,percentile15,percentile25,percentile50,percentile75,amplitude,variance,interquartile_range,semi_interquartile_range,coefficient_of_variation,skewness,kurtosis,label
LG2_2401666_2401804,14.386933529381846,0.8815578979162398,1762.5903910759396,0.007534702063495919,3.220514867793659,32.24437232928665,148.82986028374359,149.36812554987125,0.3224584727713275,0.43046936560384363,0.8815578979162398,2.245737220068424,1762.582856373876,22310.8369302821,1.8152678544645804,0.9076339272322902,10.344793765801061,0.272231169317454,0.20437806574593081,fourier
