nameseq,average,median,maximum,minimum,peak,none_levated_peak,sample_standard_deviation,population_standard_deviation,percentile15,percentile25,percentile50,percentile75,amplitude,variance,interquartile_range,semi_interquartile_range,coefficient_of_variation,skewness,kurtosis,label
LG2_3859257_3859585,46.15128027423274,5.791006613740154,12380.986719023496,0.11339954507607637,2.3762432161149807,37.75602453109304,681.1390582192747,682.1765897547177,1.3191056065197273,2.3672934694789,5.791006613740154,11.434190633949799,12380.87331947842,465364.8996093765,9.066897164470898,4.533448582235449,14.75883343153038,0.17776226384377886,0.2573034010656958,fourier
