nameseq,average,median,maximum,minimum,peak,none_levated_peak,sample_standard_deviation,population_standard_deviation,percentile15,percentile25,percentile50,percentile75,amplitude,variance,interquartile_range,semi_interquartile_range,coefficient_of_variation,skewness,kurtosis,label
LG2_9745243_9745376,36.31592972307764,4.2783432503721475,3647.724649466534,0.022510819806718207,1.22994694084019,15.137431986450864,313.50645345270027,314.6828420265989,1.6213790661444645,1.9830463142553891,4.2783432503721475,10.26819181548291,3647.7021386467272,99025.2910659374,8.28514550122752,4.14257275061376,8.63275306024939,0.3065734639896888,0.20529474788759866,fourier
