nameseq,average,median,maximum,minimum,peak,none_levated_peak,sample_standard_deviation,population_standard_deviation,percentile15,percentile25,percentile50,percentile75,amplitude,variance,interquartile_range,semi_interquartile_range,coefficient_of_variation,skewness,kurtosis,label
LG2_4085071_4085252,24.16602740682635,1.8894651076762239,3827.4546519127157,0.20283686283947686,2.5104112333138264,32.83555181312417,282.7303321216184,283.5102793472084,0.3745541973351531,0.779972886404372,1.8894651076762239,3.187753052700253,3827.2518150498763,80378.07849553214,2.407780166295881,1.2038900831479404,11.699495633351535,0.23637254056173612,0.1807127387142362,fourier
