nameseq,average,median,maximum,minimum,peak,none_levated_peak,sample_standard_deviation,population_standard_deviation,percentile15,percentile25,percentile50,percentile75,amplitude,variance,interquartile_range,semi_interquartile_range,coefficient_of_variation,skewness,kurtosis,label
LG2_9237678_9240425,290.1170750312454,25.291797267600572,694795.3889568831,0.08789057145634184,3.157346046941041,161.45961272764941,13250.988022524483,13253.399704776235,6.034245443363625,9.932515346005115,25.291797267600572,49.98334791673679,694795.3010663117,175652603.73456278,40.05083257073167,20.025416285365836,45.674622981420036,0.059955969467367816,0.25026430553471507,fourier
