nameseq,average,median,maximum,minimum,peak,none_levated_peak,sample_standard_deviation,population_standard_deviation,percentile15,percentile25,percentile50,percentile75,amplitude,variance,interquartile_range,semi_interquartile_range,coefficient_of_variation,skewness,kurtosis,label
LG2_10022792_10022916,24.082771533046778,3.3376259479830668,2402.7928512412927,0.23023375044634248,1.7301441659026235,17.897625293784802,213.69169709746663,214.55162691832905,1.0235429135393592,1.3682673862615649,3.3376259479830668,5.481253542346813,2402.5626174908466,46032.40061330186,4.112986156085249,2.0564930780426245,8.8732186328403,0.29123937710506836,0.21377563223201584,fourier
