nameseq,average,median,maximum,minimum,peak,none_levated_peak,sample_standard_deviation,population_standard_deviation,percentile15,percentile25,percentile50,percentile75,amplitude,variance,interquartile_range,semi_interquartile_range,coefficient_of_variation,skewness,kurtosis,label
LG2_3989982_3990106,16.075492419994,1.4439871630850527,1716.7434341570647,0.04265373691292805,2.591937190977956,24.73337381393958,152.74614858087494,153.36082369446464,0.5249664648615174,0.8411084758765728,1.4439871630850527,2.783990155238752,1716.700780420152,23519.54224424467,1.942881679362179,0.9714408396810895,9.501802158849948,0.2873690510598104,0.19328821150230974,fourier
