nameseq,average,median,maximum,minimum,peak,none_levated_peak,sample_standard_deviation,population_standard_deviation,percentile15,percentile25,percentile50,percentile75,amplitude,variance,interquartile_range,semi_interquartile_range,coefficient_of_variation,skewness,kurtosis,label
LG2_9871529_9876692,394.16022840714834,14.094485536097004,1925463.812517859,0.006331249124301964,4.367090358886436,397.95997712783605,26791.40947229247,26794.003905017507,3.3926637711782845,5.861587091313179,14.094485536097004,28.36205542964151,1925463.80618661,717918645.2620934,22.500468338328332,11.250234169164166,67.97085941562386,0.04255831444002003,0.24395253833937885,fourier
