nameseq,average,median,maximum,minimum,peak,none_levated_peak,sample_standard_deviation,population_standard_deviation,percentile15,percentile25,percentile50,percentile75,amplitude,variance,interquartile_range,semi_interquartile_range,coefficient_of_variation,skewness,kurtosis,label
LG2_8457061_8457463,48.58045661867502,3.823587606661713,17306.49935750357,0.03161816847500175,2.765172307616674,56.01472119783547,860.7706624193656,861.8406077204232,0.8355304172357687,1.304932361989676,3.823587606661713,7.914738912121502,17306.467739335094,742769.2331159085,6.609806550131825,3.3049032750659126,17.71845557516792,0.1559888282654127,0.2487254891383709,fourier
