nameseq,average,median,maximum,minimum,peak,none_levated_peak,sample_standard_deviation,population_standard_deviation,percentile15,percentile25,percentile50,percentile75,amplitude,variance,interquartile_range,semi_interquartile_range,coefficient_of_variation,skewness,kurtosis,label
LG2_12351794_12352678,99.52307871753322,9.969290576847165,72805.00155448445,0.020872854943688374,2.9641365982785772,79.00654848037969,2446.034034243194,2447.4171466150965,2.3967376410389005,4.20498500393161,9.969290576847165,20.32623970353126,72804.9806816295,5989850.68954558,16.12125469959965,8.060627349799825,24.577555937407617,0.1098354972420416,0.25463294528468533,fourier
