nameseq,average,median,maximum,minimum,peak,none_levated_peak,sample_standard_deviation,population_standard_deviation,percentile15,percentile25,percentile50,percentile75,amplitude,variance,interquartile_range,semi_interquartile_range,coefficient_of_variation,skewness,kurtosis,label
LG2_823742_823980,21.76389633717322,1.4502426544396496,4538.817717047687,0.006835005427664465,3.6604965136961356,46.972456020870275,292.81703697545686,293.4315539933996,0.33565637915726515,0.6655197809840541,1.4502426544396496,3.3959287179673843,4538.810882042259,86102.07687898137,2.73040893698333,1.365204468491665,13.454256188278144,0.20811958784115633,0.20846902115335683,fourier
