nameseq,average,median,maximum,minimum,peak,none_levated_peak,sample_standard_deviation,population_standard_deviation,percentile15,percentile25,percentile50,percentile75,amplitude,variance,interquartile_range,semi_interquartile_range,coefficient_of_variation,skewness,kurtosis,label
LG2_7195894_7202873,530.803175773405,21.885445103425024,3466116.73596494,0.0028866096233496003,4.383294548448405,434.4700121553302,41483.97112998714,41486.94308049638,4.997523435306899,9.120223660632496,21.885445103425024,44.89305835891237,3466116.7330783303,1721166446.1643462,35.77283469827987,17.886417349139936,78.15320823870931,0.03680344842652515,0.24113770723989986,fourier
