nameseq,average,median,maximum,minimum,peak,none_levated_peak,sample_standard_deviation,population_standard_deviation,percentile15,percentile25,percentile50,percentile75,amplitude,variance,interquartile_range,semi_interquartile_range,coefficient_of_variation,skewness,kurtosis,label
LG2_6966143_6966331,20.462784937530042,2.1801503226049457,3263.4365482082435,0.0890883228013697,3.078759816531816,33.406559693608465,236.5389461167356,237.16720471629628,0.5227151762310958,1.0171602494422478,2.1801503226049457,4.646780551666558,3263.3474598854423,56248.28299294159,3.6296203022243105,1.8148101511121553,11.559469878555396,0.23187684203897235,0.23581087516362773,fourier
