nameseq,average,median,maximum,minimum,peak,none_levated_peak,sample_standard_deviation,population_standard_deviation,percentile15,percentile25,percentile50,percentile75,amplitude,variance,interquartile_range,semi_interquartile_range,coefficient_of_variation,skewness,kurtosis,label
LG2_5637883_5638109,31.54411019905772,3.4407706804908367,5590.657777616634,0.05502010921600231,2.3987573651364866,29.988804377278722,369.9366874626728,370.7542281005614,1.0407734067569814,1.5804898038035036,3.4407706804908367,7.63119386217,5590.602757507419,137458.6976544431,6.050704058366496,3.025352029183248,11.727599387911201,0.22790391278563757,0.1832497189138794,fourier
