nameseq,average,median,maximum,minimum,peak,none_levated_peak,sample_standard_deviation,population_standard_deviation,percentile15,percentile25,percentile50,percentile75,amplitude,variance,interquartile_range,semi_interquartile_range,coefficient_of_variation,skewness,kurtosis,label
LG2_6291540_6291825,50.19459129867152,6.049889246455807,10765.036394146717,0.09024644669941864,1.8992750188177443,29.22183608604782,635.353780866355,636.4674605656843,1.6816732178298082,2.750544235940011,6.049889246455807,14.16224558020254,10764.946147700017,405090.82835893094,11.411701344262529,5.705850672131264,12.657813609554594,0.20844151737959724,0.26955005970388696,fourier
