nameseq,average,median,maximum,minimum,peak,none_levated_peak,sample_standard_deviation,population_standard_deviation,percentile15,percentile25,percentile50,percentile75,amplitude,variance,interquartile_range,semi_interquartile_range,coefficient_of_variation,skewness,kurtosis,label
LG2_912781_913291,39.552502563433315,1.7360419455723053,18592.83189638121,0.0006482039439260575,4.306512162161092,95.42082422355008,821.5624821133415,822.3675410836878,0.45332022342056255,0.7207724563271625,1.7360419455723053,4.232821458426847,18592.831248177266,676288.3726280308,3.5120490020996846,1.7560245010498423,20.77144122033088,0.1380897793211688,0.23879323794133767,fourier
