nameseq,average,median,maximum,minimum,peak,none_levated_peak,sample_standard_deviation,population_standard_deviation,percentile15,percentile25,percentile50,percentile75,amplitude,variance,interquartile_range,semi_interquartile_range,coefficient_of_variation,skewness,kurtosis,label
LG2_12205243_12205365,17.857820340907967,2.042154987078731,1822.8131966692144,0.051605805708423186,2.295912895152096,21.958792131483694,163.44776160457175,164.1162623970097,0.43111988235302795,0.8474965827560932,2.042154987078731,3.775360680500864,1822.761590863506,26934.147583164136,2.927864097744771,1.4639320488723855,9.15272740369956,0.2902884419810897,0.2081509600715555,fourier
