nameseq,average,median,maximum,minimum,peak,none_levated_peak,sample_standard_deviation,population_standard_deviation,percentile15,percentile25,percentile50,percentile75,amplitude,variance,interquartile_range,semi_interquartile_range,coefficient_of_variation,skewness,kurtosis,label
LG2_9462093_9463789,153.33218603836832,10.766431203233134,233717.34699438038,0.02918625783470936,3.6891580383854947,149.8257502104531,5671.458371578388,5673.130135320396,2.443421007653105,4.642717556995392,10.766431203233134,20.953326147314723,233717.31780812255,32184405.53228041,16.31060859031933,8.155304295159665,36.98804874639444,0.0754122196591872,0.24188604396008728,fourier
