nameseq,average,median,maximum,minimum,peak,none_levated_peak,sample_standard_deviation,population_standard_deviation,percentile15,percentile25,percentile50,percentile75,amplitude,variance,interquartile_range,semi_interquartile_range,coefficient_of_variation,skewness,kurtosis,label
LG2_5394150_5394311,14.474676301052781,0.948798490783239,2153.8041183075075,0.01722479663745831,3.730653375376169,43.30551609068431,168.60949201958758,169.13231340464515,0.24942931574338104,0.40745072382773745,0.948798490783239,1.439894805393772,2153.78689351087,28605.73943760711,1.0324440815660345,0.5162220407830173,11.64858463932103,0.24066043343570878,0.20743201146083923,fourier
