nameseq,average,median,maximum,minimum,peak,none_levated_peak,sample_standard_deviation,population_standard_deviation,percentile15,percentile25,percentile50,percentile75,amplitude,variance,interquartile_range,semi_interquartile_range,coefficient_of_variation,skewness,kurtosis,label
LG2_1544169_1544606,44.52477967857158,4.075253953304834,16576.653407908478,0.06630533135274022,3.2790729354302757,56.97090092912147,790.8789214407074,791.7833001483515,1.3085434472722761,1.8863506985473697,4.075253953304834,8.684901620458238,16576.587102577127,626920.7943938144,6.798550921910868,3.399275460955434,17.762668948619936,0.15343508833785227,0.22600759728353573,fourier
