nameseq,average,median,maximum,minimum,peak,none_levated_peak,sample_standard_deviation,population_standard_deviation,percentile15,percentile25,percentile50,percentile75,amplitude,variance,interquartile_range,semi_interquartile_range,coefficient_of_variation,skewness,kurtosis,label
LG2_12616549_12616907,46.161424616081845,7.1774656351279695,13013.181944857042,0.0013878298722528526,2.5923521135215757,39.13982392522136,685.4697150349621,686.4264073568182,1.3750719008876,2.6222724039295997,7.1774656351279695,12.642184750387882,13013.18055702717,471181.2127167886,10.019912346458282,5.009956173229141,14.849405553141361,0.17061567327871888,0.24450160973034,fourier
