nameseq,average,median,maximum,minimum,peak,none_levated_peak,sample_standard_deviation,population_standard_deviation,percentile15,percentile25,percentile50,percentile75,amplitude,variance,interquartile_range,semi_interquartile_range,coefficient_of_variation,skewness,kurtosis,label
LG2_8446899_8447909,87.76388111392468,7.30073457038726,76480.26817947808,0.026653848648655765,3.839848417397887,104.71772373914571,2403.963185822671,2405.152972179019,1.7443076555731571,3.138705365020445,7.30073457038726,13.663889258335912,76480.24152562943,5784760.819581569,10.525183893315468,5.262591946657734,27.3912588562729,0.10041311824332505,0.21236432301921482,fourier
