nameseq,average,median,maximum,minimum,peak,none_levated_peak,sample_standard_deviation,population_standard_deviation,percentile15,percentile25,percentile50,percentile75,amplitude,variance,interquartile_range,semi_interquartile_range,coefficient_of_variation,skewness,kurtosis,label
LG2_9746954_9753030,571.7457100574352,38.09982816046876,3124148.046440899,0.030683633178701198,3.5429503554354205,291.55162017457997,40072.278519596344,40075.57597103328,9.10688796392089,15.786222395215828,38.09982816046876,77.1929737225526,3124148.0157572655,1606051789.4100602,61.406751327336764,30.703375663668382,70.08758931583561,0.039951250710837445,0.24397221770468766,fourier
