nameseq,average,median,maximum,minimum,peak,none_levated_peak,sample_standard_deviation,population_standard_deviation,percentile15,percentile25,percentile50,percentile75,amplitude,variance,interquartile_range,semi_interquartile_range,coefficient_of_variation,skewness,kurtosis,label
LG2_6867169_6871377,347.6605624485875,19.501664787366035,1341401.8559945035,0.00013610008033306157,4.035545447313937,280.5943652389741,20673.260872023362,20675.717149685686,4.615992532343793,7.923539866603419,19.501664787366035,38.64034784321956,1341401.8558584035,427485279.65380687,30.71680797661614,15.35840398830807,59.46392287471649,0.04762077444279405,0.2441085322925686,fourier
