nameseq,average,median,maximum,minimum,peak,none_levated_peak,sample_standard_deviation,population_standard_deviation,percentile15,percentile25,percentile50,percentile75,amplitude,variance,interquartile_range,semi_interquartile_range,coefficient_of_variation,skewness,kurtosis,label
LG2_12690529_12690660,24.461485947563645,2.3281706915389835,2490.178481970453,0.031190438781256446,1.798745999908578,19.29999014682817,215.57895941578587,216.40021556847296,0.4034972596977461,0.903800602364031,2.3281706915389835,7.456101588544105,2490.1472915316717,46829.05329808157,6.552300986180074,3.276150493090037,8.81299524803633,0.3080075437232666,0.19417396867190642,fourier
