nameseq,average,median,maximum,minimum,peak,none_levated_peak,sample_standard_deviation,population_standard_deviation,percentile15,percentile25,percentile50,percentile75,amplitude,variance,interquartile_range,semi_interquartile_range,coefficient_of_variation,skewness,kurtosis,label
LG2_13025410_13025645,24.951073228589646,2.7808319555135443,5062.357919596843,0.029112673019202777,3.15283699205885,40.04150204544612,328.62540907449886,329.32386981797987,0.606748335766017,1.0557378691503605,2.7808319555135443,4.450035273622102,5062.328806923824,108454.21123188977,3.3942974044717413,1.6971487022358707,13.170792537210406,0.20239069159789294,0.2581462368078536,fourier
