nameseq,average,median,maximum,minimum,peak,none_levated_peak,sample_standard_deviation,population_standard_deviation,percentile15,percentile25,percentile50,percentile75,amplitude,variance,interquartile_range,semi_interquartile_range,coefficient_of_variation,skewness,kurtosis,label
LG2_9273721_9273913,25.911097005671586,2.492137488240792,4391.590375081367,0.005292256098280105,2.4828486929461784,32.91634352011214,315.07704005185406,315.8964875737306,0.7434886405701352,1.2406283098635158,2.492137488240792,4.5331878269540065,4391.585082825269,99790.59086142015,3.2925595170904907,1.6462797585452453,12.159926690208755,0.22298317433961484,0.2395706281143519,fourier
