nameseq,average,median,maximum,minimum,peak,none_levated_peak,sample_standard_deviation,population_standard_deviation,percentile15,percentile25,percentile50,percentile75,amplitude,variance,interquartile_range,semi_interquartile_range,coefficient_of_variation,skewness,kurtosis,label
LG2_4070435_4070623,30.888799712672828,4.503011742008947,4799.45382958248,0.07328229202699747,2.0395742335741467,25.598554411116908,347.81798722733544,348.741808209651,0.7971917387515988,1.7025030881092764,4.503011742008947,7.5191791755830755,4799.380547290452,121620.848793337,5.816676087473799,2.9083380437368995,11.26032705908722,0.22758272090239548,0.22317424579665826,fourier
