nameseq,average,median,maximum,minimum,peak,none_levated_peak,sample_standard_deviation,population_standard_deviation,percentile15,percentile25,percentile50,percentile75,amplitude,variance,interquartile_range,semi_interquartile_range,coefficient_of_variation,skewness,kurtosis,label
LG2_2810643_2810974,55.996533344445375,4.569857193798245,15329.658220292653,0.0864070731980108,1.9763128189728256,38.05497658011269,839.7382807027739,841.0058109045182,1.1012743539507228,1.9647176442967789,4.569857193798245,10.852745947694595,15329.571813219454,707290.7739751661,8.888028303397817,4.444014151698909,14.996254777726744,0.18372394351585952,0.22853300234534585,fourier
