nameseq,average,median,maximum,minimum,peak,none_levated_peak,sample_standard_deviation,population_standard_deviation,percentile15,percentile25,percentile50,percentile75,amplitude,variance,interquartile_range,semi_interquartile_range,coefficient_of_variation,skewness,kurtosis,label
LG2_2859736_2859864,25.132760813180283,1.9250348744981856,2711.667169336121,0.00731197379000595,1.7109143050233329,20.335263283010157,237.51779757293863,238.44379639692852,0.8093997952576857,0.885617485923717,1.9250348744981856,5.115497518634975,2711.659857362331,56855.44404017991,4.229880032711258,2.114940016355629,9.450525524771557,0.2931282561874797,0.20488097610161,fourier
