nameseq,average,median,maximum,minimum,peak,none_levated_peak,sample_standard_deviation,population_standard_deviation,percentile15,percentile25,percentile50,percentile75,amplitude,variance,interquartile_range,semi_interquartile_range,coefficient_of_variation,skewness,kurtosis,label
LG2_89241_89441,28.443492632793692,2.0911171179609522,5038.654055708982,4.576952181654782e-05,2.355547571635169,35.02484742570849,354.3092824602876,355.19395120935195,0.5269483241480241,0.812453081538862,2.0911171179609522,4.163279077315783,5038.654009939461,126162.7429757115,3.3508259957769213,1.6754129978884607,12.456602535927308,0.22313027193511153,0.22344337536025552,fourier
