nameseq,average,median,maximum,minimum,peak,none_levated_peak,sample_standard_deviation,population_standard_deviation,percentile15,percentile25,percentile50,percentile75,amplitude,variance,interquartile_range,semi_interquartile_range,coefficient_of_variation,skewness,kurtosis,label
LG2_923631_923860,21.30517158640894,1.220662564048069,4417.502736932431,0.0012217497656845453,3.5985003150866013,50.27456878695028,290.5204139760061,291.15404703836697,0.2905725326705502,0.4704283619714965,1.220662564048069,2.746647899790332,4417.501515182665,84770.67910681959,2.2762195378188355,1.1381097689094177,13.63614523345758,0.2073985997832803,0.2558675818813149,fourier
