nameseq,average,median,maximum,minimum,peak,none_levated_peak,sample_standard_deviation,population_standard_deviation,percentile15,percentile25,percentile50,percentile75,amplitude,variance,interquartile_range,semi_interquartile_range,coefficient_of_variation,skewness,kurtosis,label
LG2_9912347_9912726,33.603955513477246,2.8064060689398125,11106.776508873403,0.010750698695516658,3.7693975227370355,61.05805962539999,568.8319374273121,569.581880979645,0.6371371984187796,1.0543375574282394,2.8064060689398125,5.1669858708996,11106.765758174708,324423.51914031047,4.112648313471361,2.0563241567356805,16.92752917730699,0.16242521253550157,0.2321654443756933,fourier
