nameseq,average,median,maximum,minimum,peak,none_levated_peak,sample_standard_deviation,population_standard_deviation,percentile15,percentile25,percentile50,percentile75,amplitude,variance,interquartile_range,semi_interquartile_range,coefficient_of_variation,skewness,kurtosis,label
LG2_9040374_9046117,471.0215543542323,22.37550089199891,2504723.608501538,0.0025652165910286517,4.064923672742881,352.6038156974727,33045.25501836743,33048.131896013445,5.211144358777953,9.186958604908499,22.37550089199891,46.54822758913184,2504723.6059363214,1092179021.8163013,37.361268984223344,18.680634492111672,70.15656653690142,0.040730148992301374,0.24623279303176274,fourier
