nameseq,average,median,maximum,minimum,peak,none_levated_peak,sample_standard_deviation,population_standard_deviation,percentile15,percentile25,percentile50,percentile75,amplitude,variance,interquartile_range,semi_interquartile_range,coefficient_of_variation,skewness,kurtosis,label
LG2_2823235_2823508,27.253191628991875,2.412404398873429,6626.970406493414,0.0011461234419054738,3.3512894407630833,48.58572565454928,399.44185364520723,400.1727634122691,0.6275396725440924,1.1275930309993214,2.412404398873429,4.41944862619876,6626.969260369972,160138.2405770119,3.291855595199439,1.6459277975997195,14.656699996204555,0.1865662323822172,0.2531356250629344,fourier
