nameseq,average,median,maximum,minimum,peak,none_levated_peak,sample_standard_deviation,population_standard_deviation,percentile15,percentile25,percentile50,percentile75,amplitude,variance,interquartile_range,semi_interquartile_range,coefficient_of_variation,skewness,kurtosis,label
LG2_2897564_2897898,37.481215190853625,2.2823702899071994,11368.761867302674,0.0688979707340327,2.9792701783563356,56.45832830557384,620.0318683228478,620.9593660265451,0.5728336305755087,1.0498850276062064,2.2823702899071994,4.88142418327684,11368.69296933194,385590.5342560888,3.8315391556706335,1.9157695778353168,16.542469745595426,0.17030823752410035,0.23482504798140572,fourier
