nameseq,average,median,maximum,minimum,peak,none_levated_peak,sample_standard_deviation,population_standard_deviation,percentile15,percentile25,percentile50,percentile75,amplitude,variance,interquartile_range,semi_interquartile_range,coefficient_of_variation,skewness,kurtosis,label
LG2_1321479_1321718,20.957598904511833,1.2677677168352948,4619.453898744881,0.007395149190596362,3.817231180179581,54.952683208647215,297.4561249305536,298.07776850292464,0.3637214747801146,0.5688007292589866,1.2677677168352948,2.5216234894894174,4619.446503595691,88850.35607568314,1.9528227602304309,0.9764113801152154,14.193234935253775,0.19858220628948367,0.24952413501801943,fourier
