nameseq,average,median,maximum,minimum,peak,none_levated_peak,sample_standard_deviation,population_standard_deviation,percentile15,percentile25,percentile50,percentile75,amplitude,variance,interquartile_range,semi_interquartile_range,coefficient_of_variation,skewness,kurtosis,label
LG2_4086190_4086398,18.584386903482322,1.8235346369357743,3326.3766907332015,0.04156879383481521,3.748666395532941,40.5558710520179,229.37313047563643,229.92384706781397,0.5251985808581361,0.7326893590207462,1.8235346369357743,3.4779047730017867,3326.3351219393667,52864.97545046351,2.7452154139810405,1.3726077069905203,12.342248989266185,0.21921729321726527,0.2386088344939933,fourier
