nameseq,average,median,maximum,minimum,peak,none_levated_peak,sample_standard_deviation,population_standard_deviation,percentile15,percentile25,percentile50,percentile75,amplitude,variance,interquartile_range,semi_interquartile_range,coefficient_of_variation,skewness,kurtosis,label
LG2_7115884_7119144,317.4686618027737,24.317445374202464,914433.932950601,0.0037484190845983173,3.423960002311331,195.26379692830025,16010.167007891005,16012.622366698155,5.466213819342056,10.094957692996749,24.317445374202464,47.86041317657957,914433.9292021819,256404075.05848205,37.76545548358282,18.88272774179141,50.43070052009501,0.054930947869079275,0.24792303677442545,fourier
