nameseq,average,median,maximum,minimum,peak,none_levated_peak,sample_standard_deviation,population_standard_deviation,percentile15,percentile25,percentile50,percentile75,amplitude,variance,interquartile_range,semi_interquartile_range,coefficient_of_variation,skewness,kurtosis,label
LG2_8964580_8964937,55.02631794719219,5.242370861877966,15512.555284955726,0.13421581950749817,2.1686592486136447,37.84317795191974,818.3571895869493,819.5025466059299,1.5414849704338802,2.3241306556505346,5.242370861877966,12.147864562649485,15512.421069136219,671584.4238936043,9.82373390699895,4.911866953499475,14.872105205591124,0.1825020213133647,0.17480119783426312,fourier
