nameseq,average,median,maximum,minimum,peak,none_levated_peak,sample_standard_deviation,population_standard_deviation,percentile15,percentile25,percentile50,percentile75,amplitude,variance,interquartile_range,semi_interquartile_range,coefficient_of_variation,skewness,kurtosis,label
LG2_9945512_9953295,706.5627826663533,47.14355991070889,4957701.287188439,0.004465941604682307,3.6722379529745153,339.85743717959184,56188.247098933716,56191.856660951955,11.832452109417092,19.761723250725943,47.14355991070889,92.90153669473095,4957701.282722497,3157524755.0049706,73.139813444005,36.5699067220025,79.52336080722557,0.03520767723512903,0.24704565033574913,fourier
