nameseq,average,median,maximum,minimum,peak,none_levated_peak,sample_standard_deviation,population_standard_deviation,percentile15,percentile25,percentile50,percentile75,amplitude,variance,interquartile_range,semi_interquartile_range,coefficient_of_variation,skewness,kurtosis,label
LG2_3326387_3326592,30.210753955757045,2.5843319477700044,5400.072335823005,0.05236966886405781,2.2729213169332825,32.330829488378015,375.06887286517684,375.98256209450216,0.6718354190593288,1.3797228039314466,2.5843319477700044,5.735191676202486,5400.019966154141,141362.8869991462,4.3554688722710395,2.1777344361355198,12.415078200777662,0.22097079235299033,0.2140846199220862,fourier
