nameseq,average,median,maximum,minimum,peak,none_levated_peak,sample_standard_deviation,population_standard_deviation,percentile15,percentile25,percentile50,percentile75,amplitude,variance,interquartile_range,semi_interquartile_range,coefficient_of_variation,skewness,kurtosis,label
LG2_2192798_2193176,47.052261672290044,5.591548217287255,13984.118138341637,0.11584366229985836,2.6849577223985683,42.728998821852535,717.2129178202775,718.1609855412568,1.3222686310770526,2.1712613528872793,5.591548217287255,11.967183985308182,13984.002294679338,515755.2011535892,9.795922632420902,4.897961316210451,15.242899965479399,0.17342428904240206,0.2333588772261863,fourier
