nameseq,average,median,maximum,minimum,peak,none_levated_peak,sample_standard_deviation,population_standard_deviation,percentile15,percentile25,percentile50,percentile75,amplitude,variance,interquartile_range,semi_interquartile_range,coefficient_of_variation,skewness,kurtosis,label
LG2_6532770_6532894,14.845474604845181,1.7635883645717736,1583.660576413415,0.019894755684466296,2.806691451485676,25.93975367487335,140.89963667990537,141.46663952079942,0.23527528276591012,0.5632397712346752,1.7635883645717736,3.09641814556394,1583.6406816577305,20012.810097307804,2.533178374329265,1.2665891871646324,9.491083338886272,0.2785362662785156,0.2527964793528433,fourier
