nameseq,average,median,maximum,minimum,peak,none_levated_peak,sample_standard_deviation,population_standard_deviation,percentile15,percentile25,percentile50,percentile75,amplitude,variance,interquartile_range,semi_interquartile_range,coefficient_of_variation,skewness,kurtosis,label
LG2_1034591_1034963,37.16019163761791,3.104021285671836,11823.597069800475,0.0011248635324310509,3.345874384766857,54.41264631980278,611.1453115331443,611.9661921066792,0.7564945702898623,1.319162563689573,3.104021285671836,6.628986545491025,11823.595944936942,374502.620281549,5.309823981801452,2.654911990900726,16.446236808813204,0.16717548040994393,0.23657804395153037,fourier
