nameseq,average,median,maximum,minimum,peak,none_levated_peak,sample_standard_deviation,population_standard_deviation,percentile15,percentile25,percentile50,percentile75,amplitude,variance,interquartile_range,semi_interquartile_range,coefficient_of_variation,skewness,kurtosis,label
LG2_12964022_12964264,40.89867498031502,3.9447093144716687,8293.31518836151,0.067334741449137,1.980504259343027,30.7498053224962,530.5317317067562,531.6267416059212,0.8797786399886569,1.3254228451802037,3.9447093144716687,10.923614542623277,8293.247853620062,282626.9923905289,9.598191697443074,4.799095848721537,12.971856226689665,0.20896374405519516,0.30083001475374094,fourier
