nameseq,average,median,maximum,minimum,peak,none_levated_peak,sample_standard_deviation,population_standard_deviation,percentile15,percentile25,percentile50,percentile75,amplitude,variance,interquartile_range,semi_interquartile_range,coefficient_of_variation,skewness,kurtosis,label
LG2_11054768_11054991,38.55193631671727,2.832066030204917,7690.9075596970615,0.045717604591903105,1.9367812307339018,34.28051831015656,512.4595229627687,513.6072500957342,0.5074229028078047,0.9173280292548937,2.832066030204917,6.432321345944841,7690.8618420924695,263792.40735090204,5.514993316689947,2.7574966583449734,13.292705164086687,0.2091084389260582,0.29302254735887356,fourier
