nameseq,average,median,maximum,minimum,peak,none_levated_peak,sample_standard_deviation,population_standard_deviation,percentile15,percentile25,percentile50,percentile75,amplitude,variance,interquartile_range,semi_interquartile_range,coefficient_of_variation,skewness,kurtosis,label
LG2_13356529_13356577,9.673547156509917,1.0956151713420503,414.2983016514087,0.07795155609649052,1.6884533738321252,11.606281657109289,58.41154293853558,59.01686006885358,0.2520654301231492,0.33603253828233415,1.0956151713420503,1.8749361270327694,414.2203500953122,3482.9897723866443,1.5389035887504352,0.7694517943752176,6.038275515019008,0.44056011296572617,0.27136487261746034,fourier
