nameseq,average,median,maximum,minimum,peak,none_levated_peak,sample_standard_deviation,population_standard_deviation,percentile15,percentile25,percentile50,percentile75,amplitude,variance,interquartile_range,semi_interquartile_range,coefficient_of_variation,skewness,kurtosis,label
LG2_6837436_6837626,29.80709128293987,2.9626364938546335,4897.588217786304,0.0011792506911191757,2.13595704667454,29.435104187436032,353.172945412792,354.1011282103155,0.9364641957897498,1.2523906766284547,2.9626364938546335,5.057832742426632,4897.587038535613,125387.60899981829,3.805442065798177,1.9027210328990884,11.848621593443807,0.22802812450180043,0.17437610189237027,fourier
