nameseq,average,median,maximum,minimum,peak,none_levated_peak,sample_standard_deviation,population_standard_deviation,percentile15,percentile25,percentile50,percentile75,amplitude,variance,interquartile_range,semi_interquartile_range,coefficient_of_variation,skewness,kurtosis,label
LG2_9776939_9777252,37.50886522672228,3.501004521923746,10105.289971890841,0.07038344228100465,2.7904514315218325,45.231816439509146,569.1055159730843,570.0139052439063,0.6886900222856669,1.267072975441142,3.501004521923746,7.101450244294924,10105.21958844856,324915.852171409,5.834377268853782,2.917188634426891,15.172560207650294,0.1792700637243881,0.252151051412471,fourier
