nameseq,average,median,maximum,minimum,peak,none_levated_peak,sample_standard_deviation,population_standard_deviation,percentile15,percentile25,percentile50,percentile75,amplitude,variance,interquartile_range,semi_interquartile_range,coefficient_of_variation,skewness,kurtosis,label
LG2_1490139_1490211,10.625362143169953,1.3232574400651156,626.6329488340733,0.03338642846853889,2.290118021904312,16.01353292145451,72.64255031573002,73.14527292534356,0.15650348286715257,0.31241698053490297,1.3232574400651156,2.540469752685627,626.5995624056047,5350.2309513229975,2.228052772150724,1.114026386075362,6.8367128891155104,0.3841593389552525,0.1849124199007874,fourier
