nameseq,average,median,maximum,minimum,peak,none_levated_peak,sample_standard_deviation,population_standard_deviation,percentile15,percentile25,percentile50,percentile75,amplitude,variance,interquartile_range,semi_interquartile_range,coefficient_of_variation,skewness,kurtosis,label
LG2_10108632_10109205,60.831969095755355,5.102408765898264,30409.765131716627,0.029353171812644997,3.1452760148558783,69.60155746860386,1267.881154933207,1268.9870261900485,1.2337776091847916,2.139496356966336,5.102408765898264,10.840213520799907,30409.735778544815,1610328.0726386625,8.70071716383357,4.350358581916785,20.84234940574487,0.13186463127009637,0.2705442542477426,fourier
