nameseq,average,median,maximum,minimum,peak,none_levated_peak,sample_standard_deviation,population_standard_deviation,percentile15,percentile25,percentile50,percentile75,amplitude,variance,interquartile_range,semi_interquartile_range,coefficient_of_variation,skewness,kurtosis,label
LG2_11648869_11649080,29.417707460141667,3.092328983778187,5198.751787717615,0.021837850468901805,2.402181297180061,30.825888441847017,355.90859903290607,356.75098742793347,0.9039990273120834,1.472385876005804,3.092328983778187,6.919183670695556,5198.729949867146,127271.26703080554,5.446797794689752,2.723398897344876,12.098447831637799,0.22190004861834928,0.22592874710346966,fourier
