nameseq,average,median,maximum,minimum,peak,none_levated_peak,sample_standard_deviation,population_standard_deviation,percentile15,percentile25,percentile50,percentile75,amplitude,variance,interquartile_range,semi_interquartile_range,coefficient_of_variation,skewness,kurtosis,label
LG2_12074072_12074264,26.24797276336403,2.2065179577278844,4291.7622375505325,0.09446309716785471,2.450982935456542,31.601835218447768,307.89608430348585,308.6968557060498,0.6409312542777141,1.0008526787455776,2.2065179577278844,5.15576318914518,4291.6677744533645,95293.74872280173,4.154910510399603,2.0774552551998013,11.730280546969938,0.23424904730460022,0.2854544003019954,fourier
