nameseq,average,median,maximum,minimum,peak,none_levated_peak,sample_standard_deviation,population_standard_deviation,percentile15,percentile25,percentile50,percentile75,amplitude,variance,interquartile_range,semi_interquartile_range,coefficient_of_variation,skewness,kurtosis,label
LG2_13477315_13481086,312.0248998983274,15.037722261720802,1089350.452559148,0.02030096896147439,4.0295929387142895,279.4811828154714,17734.363164047016,17736.714422017445,3.9025381506138674,6.16056917490888,15.037722261720802,30.348379152854598,1089350.432258179,314591038.4882016,24.18780997794572,12.09390498897286,56.83637161593744,0.05023927415200742,0.23721927004764537,fourier
