nameseq,average,median,maximum,minimum,peak,none_levated_peak,sample_standard_deviation,population_standard_deviation,percentile15,percentile25,percentile50,percentile75,amplitude,variance,interquartile_range,semi_interquartile_range,coefficient_of_variation,skewness,kurtosis,label
LG2_12713568_12713784,31.61192928882858,2.77806377745111,5997.857556896983,0.014681833015672701,2.2881657323868363,34.449095985848814,405.9740612658396,406.91273086866875,0.724877171671873,1.0685427834644516,2.77806377745111,4.7818081231695055,5997.842875063967,165577.97054299765,3.713265339705054,1.856632669852527,12.84243228423606,0.21307173237723065,0.16287650823775626,fourier
