nameseq,average,median,maximum,minimum,peak,none_levated_peak,sample_standard_deviation,population_standard_deviation,percentile15,percentile25,percentile50,percentile75,amplitude,variance,interquartile_range,semi_interquartile_range,coefficient_of_variation,skewness,kurtosis,label
LG2_13484622_13484803,29.052912210314435,3.436177994446316,4360.509062992793,0.02777959342116882,2.0881440809616545,26.102532050598057,322.00895814733184,322.8972604091992,0.8328465813449064,1.6716085134365644,3.436177994446316,5.903521667279743,4360.481283399372,104262.6407797662,4.231913153843179,2.1159565769215893,11.08353461492275,0.23865858605226242,0.1895671605815984,fourier
