nameseq,average,median,maximum,minimum,peak,none_levated_peak,sample_standard_deviation,population_standard_deviation,percentile15,percentile25,percentile50,percentile75,amplitude,variance,interquartile_range,semi_interquartile_range,coefficient_of_variation,skewness,kurtosis,label
LG2_6804720_6804828,29.39325171774764,2.816077472890499,2588.9192222526062,0.02092301846179058,1.2361113932622596,15.089138458931687,246.46659826176955,247.6050181685243,0.5401553481585972,0.8631362233029624,2.816077472890499,7.595564698925059,2588.8982992341444,61308.24502223525,6.732428475622096,3.366214237811048,8.385142298255932,0.323498288599291,0.2626637855912264,fourier
