nameseq,average,median,maximum,minimum,peak,none_levated_peak,sample_standard_deviation,population_standard_deviation,percentile15,percentile25,percentile50,percentile75,amplitude,variance,interquartile_range,semi_interquartile_range,coefficient_of_variation,skewness,kurtosis,label
LG2_5418713_5419413,63.72710881936885,4.339776254771987,40096.48364081495,0.0005509855841470282,3.6666760974357486,92.82202448450786,1513.1134401908143,1514.1938497823767,0.8852770445786522,1.6707903312577728,4.339776254771987,9.155970383961801,40096.483089829366,2292783.014718775,7.485180052704028,3.742590026352014,23.74363858997048,0.11774530115291493,0.25761253573557513,fourier
