nameseq,average,median,maximum,minimum,peak,none_levated_peak,sample_standard_deviation,population_standard_deviation,percentile15,percentile25,percentile50,percentile75,amplitude,variance,interquartile_range,semi_interquartile_range,coefficient_of_variation,skewness,kurtosis,label
LG2_9006981_9007220,18.779538389036954,1.022561649631854,4195.197818376424,0.007507721668307193,4.259955614601373,62.32214388733859,270.1527727528333,270.7173559658339,0.23100359808885645,0.3783868412464863,1.022561649631854,1.8194488813798024,4195.190310654756,73287.88682113205,1.441062040133316,0.720531020066658,14.385485263607013,0.19718816755197122,0.26140623326139634,fourier
