nameseq,average,median,maximum,minimum,peak,none_levated_peak,sample_standard_deviation,population_standard_deviation,percentile15,percentile25,percentile50,percentile75,amplitude,variance,interquartile_range,semi_interquartile_range,coefficient_of_variation,skewness,kurtosis,label
LG2_2522327_2522483,24.935751817971422,3.146565737615627,2856.1650206278628,0.026689741900834858,2.098726908872113,21.30340871322369,227.00299573656307,227.72940717956746,0.5707861607170874,1.3359728441567014,3.146565737615627,7.983472724779499,2856.1383308859618,51860.68289435723,6.647499880622798,3.323749940311399,9.103515201533243,0.2879590114173049,0.21649794659777166,fourier
