nameseq,average,median,maximum,minimum,peak,none_levated_peak,sample_standard_deviation,population_standard_deviation,percentile15,percentile25,percentile50,percentile75,amplitude,variance,interquartile_range,semi_interquartile_range,coefficient_of_variation,skewness,kurtosis,label
LG2_7441446_7441899,61.1400678017983,6.173052636690631,22548.381196998547,0.091670170335862,2.47519079998276,46.57932487087631,1056.7215180978724,1057.8872344127196,1.9327995819665704,3.376687800482349,6.173052636690631,15.017226751944488,22548.289526828212,1119125.4007333927,11.640538951462139,5.820269475731069,17.283617046737902,0.15604967124370608,0.25696842272041837,fourier
