nameseq,average,median,maximum,minimum,peak,none_levated_peak,sample_standard_deviation,population_standard_deviation,percentile15,percentile25,percentile50,percentile75,amplitude,variance,interquartile_range,semi_interquartile_range,coefficient_of_variation,skewness,kurtosis,label
LG2_12292421_12292741,35.00737617646914,3.6538628052458813,9519.158455279254,0.005345520304137434,3.056498706461813,45.584546074152136,530.2145451192156,531.0423591207452,0.9478331153595543,1.5101287838431734,3.6538628052458813,7.623263095214063,9519.15310975895,282005.9871805266,6.11313431137089,3.056567155685445,15.145795058917018,0.1774009049346634,0.26974505241571317,fourier
