nameseq,average,median,maximum,minimum,peak,none_levated_peak,sample_standard_deviation,population_standard_deviation,percentile15,percentile25,percentile50,percentile75,amplitude,variance,interquartile_range,semi_interquartile_range,coefficient_of_variation,skewness,kurtosis,label
LG2_13372713_13373146,58.508550282279984,5.861007485649425,21226.853225305036,0.016811235275444085,2.4725730849373084,47.97212599609572,1017.3484216417598,1018.5225113823155,1.1353844267464368,2.1204755835819173,5.861007485649425,14.080013168689916,21226.83641406976,1037388.106192539,11.959537585107999,5.979768792553999,17.38802989876637,0.15524929810674856,0.26472150691288887,fourier
