nameseq,average,median,maximum,minimum,peak,none_levated_peak,sample_standard_deviation,population_standard_deviation,percentile15,percentile25,percentile50,percentile75,amplitude,variance,interquartile_range,semi_interquartile_range,coefficient_of_variation,skewness,kurtosis,label
LG2_4145652_4145981,32.79835681105817,2.7468332514904525,9383.367659411953,0.005680758253460528,3.3538265539849488,53.32398469872654,515.5427088617425,516.3256139579715,0.37374076900278086,0.909163606499253,2.7468332514904525,5.592061795802233,9383.3619786537,266592.1396290763,4.68289818930298,2.34144909465149,15.718552969944033,0.17487313684981368,0.23531632579884423,fourier
