nameseq,average,median,maximum,minimum,peak,none_levated_peak,sample_standard_deviation,population_standard_deviation,percentile15,percentile25,percentile50,percentile75,amplitude,variance,interquartile_range,semi_interquartile_range,coefficient_of_variation,skewness,kurtosis,label
LG2_5558489_5558552,15.39564019585128,2.744310926907245,785.5748069953529,0.054792114725860125,1.3856736752708798,10.772257970296042,97.10316218930991,97.87078806509875,0.6070873142536066,0.954464760697958,2.744310926907245,3.8479752314094697,785.5200148806271,9578.691156483477,2.8935104707115116,1.4467552353557558,6.307185732716504,0.39086253167366425,0.2597278453877814,fourier
