nameseq,average,median,maximum,minimum,peak,none_levated_peak,sample_standard_deviation,population_standard_deviation,percentile15,percentile25,percentile50,percentile75,amplitude,variance,interquartile_range,semi_interquartile_range,coefficient_of_variation,skewness,kurtosis,label
LG2_9128963_9129690,61.83490263088638,3.8494069074079635,41295.9932672216,0.013540054930839377,3.924428701945675,106.68786251784672,1529.2984266207548,1530.3498522703098,0.7841232656440666,1.4564707206654557,3.8494069074079635,7.138013162503607,41295.97972716667,2341970.6703437595,5.681542441838151,2.8407712209190756,24.7319614255667,0.11374920953448028,0.26201730138649965,fourier
