nameseq,average,median,maximum,minimum,peak,none_levated_peak,sample_standard_deviation,population_standard_deviation,percentile15,percentile25,percentile50,percentile75,amplitude,variance,interquartile_range,semi_interquartile_range,coefficient_of_variation,skewness,kurtosis,label
LG2_5471648_5485250,1173.0812905336468,77.59979319864709,14392610.046793118,0.01624568641959464,3.8653189424499454,469.45036165507685,123396.71679848463,123401.25269206252,17.471388234188385,30.840126672079087,77.59979319864709,155.47126371014318,14392610.030547433,15227869165.970268,124.63113703806408,62.31556851903204,105.19025219671707,0.0266331599192545,0.2521018388464094,fourier
