nameseq,average,median,maximum,minimum,peak,none_levated_peak,sample_standard_deviation,population_standard_deviation,percentile15,percentile25,percentile50,percentile75,amplitude,variance,interquartile_range,semi_interquartile_range,coefficient_of_variation,skewness,kurtosis,label
LG2_3845844_3846181,35.46481710376173,2.5147603954074187,10620.325716787655,0.0017579541638411537,3.176857400308324,55.92411425728085,576.6228942634232,577.4777841238969,0.4889097589655037,1.028992764385197,2.5147603954074187,4.856553407875495,10620.32395883349,333480.591156646,3.827560643490298,1.913780321745149,16.259012208532187,0.17142949249584327,0.2619724300282299,fourier
