nameseq,average,median,maximum,minimum,peak,none_levated_peak,sample_standard_deviation,population_standard_deviation,percentile15,percentile25,percentile50,percentile75,amplitude,variance,interquartile_range,semi_interquartile_range,coefficient_of_variation,skewness,kurtosis,label
LG2_8068923_8069073,31.45042709626237,4.062528961857048,3945.349753284763,0.0018859648591437227,1.6004022196352001,20.41392962241715,319.6187974565157,320.6824236823707,1.2474378611314563,2.1818765200151473,4.062528961857048,6.104352278003472,3945.3478673199043,102837.21685879953,3.922475757988325,1.9612378789941625,10.16262184542797,0.25706777904511197,0.17015650354564063,fourier
