nameseq,average,median,maximum,minimum,peak,none_levated_peak,sample_standard_deviation,population_standard_deviation,percentile15,percentile25,percentile50,percentile75,amplitude,variance,interquartile_range,semi_interquartile_range,coefficient_of_variation,skewness,kurtosis,label
LG2_7053168_7053269,10.543806663980108,1.3697692164021509,907.0737504547936,0.004097999126323778,3.224641828472752,23.502223479427336,89.22225197628829,89.66285836936626,0.3777266395185188,0.5830699087301667,1.3697692164021509,1.9630193639164788,907.0696524556673,8039.428170965032,1.379949455186312,0.689974727593156,8.462053110390437,0.30846690969028834,0.23858188014703594,fourier
