nameseq,average,median,maximum,minimum,peak,none_levated_peak,sample_standard_deviation,population_standard_deviation,percentile15,percentile25,percentile50,percentile75,amplitude,variance,interquartile_range,semi_interquartile_range,coefficient_of_variation,skewness,kurtosis,label
LG2_10818570_10819603,107.57389870076238,9.421504671096656,97015.52361316071,0.0007705965980382423,3.2039990260595066,96.38813579191559,3015.1847719525967,3016.6438500791032,2.0716062692775568,4.017714252734119,9.421504671096656,19.137259139770336,97015.52284256411,9100140.118220076,15.119544887036216,7.559772443518108,28.028962493401085,0.0976580887606136,0.2583775084324744,fourier
