nameseq,average,median,maximum,minimum,peak,none_levated_peak,sample_standard_deviation,population_standard_deviation,percentile15,percentile25,percentile50,percentile75,amplitude,variance,interquartile_range,semi_interquartile_range,coefficient_of_variation,skewness,kurtosis,label
LG2_5483142_5483668,75.92448173064388,8.060911639906145,32943.4327062338,0.02254787318428358,2.3137025457727405,50.54785533931121,1433.2032967944483,1434.5650104477388,1.9557706134458763,2.9915785931013845,8.060911639906145,16.60514017106141,32943.41015836062,2057976.769200921,13.613561577960027,6.806780788980014,18.87669515979051,0.14205291791302127,0.2315728174722834,fourier
