nameseq,average,median,maximum,minimum,peak,none_levated_peak,sample_standard_deviation,population_standard_deviation,percentile15,percentile25,percentile50,percentile75,amplitude,variance,interquartile_range,semi_interquartile_range,coefficient_of_variation,skewness,kurtosis,label
LG2_12422502_12422665,18.299619781715638,2.2242689508398845,2430.609758563646,0.001039181856642911,2.987311611866808,28.509975373089965,188.98519650132653,189.56401928548402,0.507592220399273,0.7802897838792417,2.2242689508398845,4.583095240135862,2430.6087193817893,35934.517407667365,3.80280545625662,1.90140272812831,10.32727448742701,0.25518428631148765,0.25741160542580116,fourier
