nameseq,average,median,maximum,minimum,peak,none_levated_peak,sample_standard_deviation,population_standard_deviation,percentile15,percentile25,percentile50,percentile75,amplitude,variance,interquartile_range,semi_interquartile_range,coefficient_of_variation,skewness,kurtosis,label
LG2_8781921_8782137,33.8535820288866,5.032521936584542,5897.641807570297,0.0239573509084373,2.136652283105897,27.916641035858955,399.08216951148495,400.0049040832049,0.9239178418806989,1.4429886968107692,5.032521936584542,8.568132761664309,5897.617850219388,160003.92329061395,7.12514406485354,3.56257203242677,11.788476893551646,0.21665508229231448,0.2902699141279108,fourier
