nameseq,average,median,maximum,minimum,peak,none_levated_peak,sample_standard_deviation,population_standard_deviation,percentile15,percentile25,percentile50,percentile75,amplitude,variance,interquartile_range,semi_interquartile_range,coefficient_of_variation,skewness,kurtosis,label
LG2_6356024_6356150,14.387594718715691,1.2030127486132685,1547.0749404192618,0.015550406679260458,2.942349583858185,26.482435993432144,136.5621942564594,137.10303674631243,0.37278726613397584,0.5148170674283116,1.2030127486132685,3.036306814467261,1547.0593900125825,18797.242685060697,2.5214897470389492,1.2607448735194746,9.49166256947844,0.289639062448181,0.20108526265264903,fourier
