nameseq,average,median,maximum,minimum,peak,none_levated_peak,sample_standard_deviation,population_standard_deviation,percentile15,percentile25,percentile50,percentile75,amplitude,variance,interquartile_range,semi_interquartile_range,coefficient_of_variation,skewness,kurtosis,label
LG2_12351557_12351890,62.35255208680904,4.229147949121026,18552.710851280775,0.026127575349876545,1.7855457332096338,42.11595707213683,1013.2998213496393,1014.8201520190902,0.8682795629966814,1.41669316563411,4.229147949121026,8.787768922334646,18552.684723705424,1029859.9409440493,7.371075756700536,3.685537878350268,16.251136279697,0.17208155842839884,0.24300526459309504,fourier
