nameseq,average,median,maximum,minimum,peak,none_levated_peak,sample_standard_deviation,population_standard_deviation,percentile15,percentile25,percentile50,percentile75,amplitude,variance,interquartile_range,semi_interquartile_range,coefficient_of_variation,skewness,kurtosis,label
LG2_1997205_1997410,34.11017353235401,4.968686722388956,5300.807717763839,0.001634925173964472,2.013084647650218,24.532337191576417,368.14378629076174,369.04060561305675,1.4239619134122001,2.3170112537314056,4.968686722388956,10.916208310530747,5300.806082838665,136190.9685912517,8.59919705679934,4.29959852839967,10.79278549965663,0.23747368198372062,0.30334141854691826,fourier
