nameseq,average,median,maximum,minimum,peak,none_levated_peak,sample_standard_deviation,population_standard_deviation,percentile15,percentile25,percentile50,percentile75,amplitude,variance,interquartile_range,semi_interquartile_range,coefficient_of_variation,skewness,kurtosis,label
LG2_11114070_11114385,50.98920486282676,5.51411600687563,13335.70909705527,0.0329880506659277,2.065796742991097,35.791324782418236,748.5956109948368,749.7829164371863,1.552206726312456,2.2666642536121544,5.51411600687563,12.607654261385507,13335.676109004606,562174.4217810526,10.340990007773353,5.170495003886677,14.681452927315481,0.1822416062345767,0.2872685114658975,fourier
