nameseq,average,median,maximum,minimum,peak,none_levated_peak,sample_standard_deviation,population_standard_deviation,percentile15,percentile25,percentile50,percentile75,amplitude,variance,interquartile_range,semi_interquartile_range,coefficient_of_variation,skewness,kurtosis,label
LG2_13258214_13258456,34.81623797888037,3.61944535779957,6975.89147177226,0.042255564777688506,2.326500641715938,32.75040461467928,446.2542869627479,447.1753494224748,0.7759328958514543,1.743113741701818,3.61944535779957,7.820315403544818,6975.849216207483,199965.79313111244,6.077201661843,3.0386008309215,12.817418333176807,0.2097243222025452,0.22990441589077093,fourier
