nameseq,average,median,maximum,minimum,peak,none_levated_peak,sample_standard_deviation,population_standard_deviation,percentile15,percentile25,percentile50,percentile75,amplitude,variance,interquartile_range,semi_interquartile_range,coefficient_of_variation,skewness,kurtosis,label
LG2_3040622_3040995,58.31861584630422,6.376630470780935,18200.127600289918,0.05042373420952535,2.1376821938850434,40.0476239279927,939.4024917183034,940.6609015145165,1.5709207422847908,3.15291538345287,6.376630470780935,11.854641525107423,18200.077176555707,884842.9316381027,8.701726141654554,4.350863070827277,16.10810678693149,0.16587773345325238,0.21016239573147652,fourier
