nameseq,average,median,maximum,minimum,peak,none_levated_peak,sample_standard_deviation,population_standard_deviation,percentile15,percentile25,percentile50,percentile75,amplitude,variance,interquartile_range,semi_interquartile_range,coefficient_of_variation,skewness,kurtosis,label
LG3_11429931_11430149,33.456072959647116,3.939466676287861,5717.243475075991,0.06718062420720818,2.181965590762807,27.799260010513073,385.0954875435251,385.97772349371024,0.852727325445209,1.3097006751528824,3.939466676287861,10.120799111592326,5717.176294451784,148978.80303338706,8.811098436439444,4.405549218219722,11.510480862712315,0.2299424992355162,0.3099458404690006,fourier
