nameseq,average,median,maximum,minimum,peak,none_levated_peak,sample_standard_deviation,population_standard_deviation,percentile15,percentile25,percentile50,percentile75,amplitude,variance,interquartile_range,semi_interquartile_range,coefficient_of_variation,skewness,kurtosis,label
LG3_12856221_12856485,31.839752074397545,3.1267594918288455,6968.346679693104,0.065587573415282,2.774309709665185,37.882802009775844,426.95949584190885,427.76736694433816,0.6996241428978086,1.134686578412407,3.1267594918288455,7.780294644067117,6968.281092119689,182984.92022249204,6.645608065654709,3.3228040328273547,13.409636320165585,0.2017497645247383,0.2414859896830464,fourier
