nameseq,average,median,maximum,minimum,peak,none_levated_peak,sample_standard_deviation,population_standard_deviation,percentile15,percentile25,percentile50,percentile75,amplitude,variance,interquartile_range,semi_interquartile_range,coefficient_of_variation,skewness,kurtosis,label
LG3_11742941_11743033,14.941098345845816,1.8906311228365844,1174.8576170971733,0.0253080636063936,2.074813998438017,18.3707210120057,120.95239588934977,121.60796923247035,0.3699758808544852,0.4850531138968111,1.8906311228365844,3.3030807228586023,1174.8323090335668,14788.498180845456,2.818027608961791,1.4090138044808955,8.095281423736767,0.3236926509900999,0.2593315420766408,fourier
