nameseq,average,median,maximum,minimum,peak,none_levated_peak,sample_standard_deviation,population_standard_deviation,percentile15,percentile25,percentile50,percentile75,amplitude,variance,interquartile_range,semi_interquartile_range,coefficient_of_variation,skewness,kurtosis,label
LG3_20002719_20003017,33.057958510523164,4.128499705566788,7857.914993771086,0.12160041740153671,3.0149068834646977,39.070533720259604,453.34968449618435,454.10970126527303,0.769358109176624,1.7166943799516459,4.128499705566788,9.238781510269343,7857.793393353685,206215.62078323553,7.522087130317697,3.7610435651588485,13.713783455559483,0.19143804304467227,0.24311253792662446,fourier
