nameseq,average,median,maximum,minimum,peak,none_levated_peak,sample_standard_deviation,population_standard_deviation,percentile15,percentile25,percentile50,percentile75,amplitude,variance,interquartile_range,semi_interquartile_range,coefficient_of_variation,skewness,kurtosis,label
LG3_11030184_11030879,54.110614754726164,2.392458410383697,35396.78828136797,0.003028144950711947,4.287513661628405,124.66330531168094,1340.628272111464,1341.5924061966075,0.43478192535958576,0.8900426870806133,2.392458410383697,4.4540465978790404,35396.78525322302,1799870.1843644031,3.5640039107984274,1.7820019553992137,24.775698413117176,0.1157326548012165,0.2547170861691449,fourier
