nameseq,average,median,maximum,minimum,peak,none_levated_peak,sample_standard_deviation,population_standard_deviation,percentile15,percentile25,percentile50,percentile75,amplitude,variance,interquartile_range,semi_interquartile_range,coefficient_of_variation,skewness,kurtosis,label
LG3_5864102_5865387,113.89006672811855,9.754002394902912,127213.04186280613,0.006396303972890382,3.7638635131366756,117.76191327043965,3545.6929625825856,3547.072341340302,2.31450634229255,4.337462199222811,9.754002394902912,19.473843968005703,127213.03546650216,12581722.194701372,15.136381768782892,7.568190884391446,31.132591844440302,0.08810920637981506,0.24686619370164412,fourier
