nameseq,average,median,maximum,minimum,peak,none_levated_peak,sample_standard_deviation,population_standard_deviation,percentile15,percentile25,percentile50,percentile75,amplitude,variance,interquartile_range,semi_interquartile_range,coefficient_of_variation,skewness,kurtosis,label
LG3_15811197_15815373,426.8103908705031,32.928547083852344,1564071.8665722762,0.042713621370310116,3.2621823721151526,211.79542631419528,24196.919330924142,24199.816298229456,7.829334642575666,13.473995692763692,32.928547083852344,67.32662602600007,1564071.8238586548,585631108.868052,53.85263033323638,26.92631516661819,56.69243263167329,0.04883454439796334,0.2405319744372999,fourier
