nameseq,average,median,maximum,minimum,peak,none_levated_peak,sample_standard_deviation,population_standard_deviation,percentile15,percentile25,percentile50,percentile75,amplitude,variance,interquartile_range,semi_interquartile_range,coefficient_of_variation,skewness,kurtosis,label
LG3_9929875_9929934,7.5751869442857735,1.0065622383705424,372.31630005965235,0.043512762021820764,2.640198868634746,14.860460565117835,47.50215649328505,47.903025680376274,0.18023496064775896,0.3533198207268113,1.0065622383705424,2.2351887220336693,372.27278729763054,2294.6998693347887,1.881868901306858,0.940934450653429,6.270756991564093,0.4148416739886606,0.298564258474011,fourier
