nameseq,average,median,maximum,minimum,peak,none_levated_peak,sample_standard_deviation,population_standard_deviation,percentile15,percentile25,percentile50,percentile75,amplitude,variance,interquartile_range,semi_interquartile_range,coefficient_of_variation,skewness,kurtosis,label
LG3_18300585_18302904,235.38958280436708,19.384573388071193,479816.9320815049,0.004111105767913265,3.285333718340683,153.72214330394033,9958.95855516426,9961.105576544202,4.958062775347006,8.090835227698568,19.384573388071193,39.73016971526072,479816.92797039915,99223624.30705999,31.639334487562152,15.819667243781076,42.308408199360194,0.06506855357007753,0.25610363701291483,fourier
