nameseq,average,median,maximum,minimum,peak,none_levated_peak,sample_standard_deviation,population_standard_deviation,percentile15,percentile25,percentile50,percentile75,amplitude,variance,interquartile_range,semi_interquartile_range,coefficient_of_variation,skewness,kurtosis,label
LG3_3368475_3368779,49.52112616779126,8.16725810635525,10692.861422538603,0.08494696590524092,2.052995853167634,30.150949356031028,611.8472438287291,612.8527453186165,1.5343887412902135,3.004151400837249,8.16725810635525,15.101577214008168,10692.776475572697,375588.48744456493,12.097425813170918,6.048712906585459,12.355277255925513,0.20276565014491738,0.23992136608527206,fourier
