nameseq,average,median,maximum,minimum,peak,none_levated_peak,sample_standard_deviation,population_standard_deviation,percentile15,percentile25,percentile50,percentile75,amplitude,variance,interquartile_range,semi_interquartile_range,coefficient_of_variation,skewness,kurtosis,label
LG3_5845204_5845711,67.03826416784068,6.9032002371027765,29130.128694573308,0.012854767986456551,2.525920613179678,54.05037166277747,1290.768472462126,1292.0407926058833,2.074127395432663,3.0318140932327577,6.9032002371027765,13.935906914148774,29130.115839805323,1669369.4097576388,10.904092820916016,5.452046410458008,19.254204870676354,0.13976572533422116,0.27620170166843444,fourier
