nameseq,average,median,maximum,minimum,peak,none_levated_peak,sample_standard_deviation,population_standard_deviation,percentile15,percentile25,percentile50,percentile75,amplitude,variance,interquartile_range,semi_interquartile_range,coefficient_of_variation,skewness,kurtosis,label
LG3_17372261_17372525,40.08659341393684,4.2784293786967975,8689.049284532506,0.08476754809097367,2.203562982296785,33.17302159651582,532.3909657575489,533.398328939815,0.9289597090370537,1.998709330654536,4.2784293786967975,9.671818285406637,8688.964516984415,284513.77731578704,7.6731089547521005,3.8365544773760503,13.281022916066831,0.20177745118733154,0.23019095686600152,fourier
