nameseq,average,median,maximum,minimum,peak,none_levated_peak,sample_standard_deviation,population_standard_deviation,percentile15,percentile25,percentile50,percentile75,amplitude,variance,interquartile_range,semi_interquartile_range,coefficient_of_variation,skewness,kurtosis,label
LG3_16681350_16681727,43.042231548294225,4.0909831500839395,13615.322684456376,0.08107971058121004,2.927357515342241,49.447440770712824,699.0988216677737,700.0253944026709,0.9316193616670791,1.5437954382532981,4.0909831500839395,8.964589865550927,13615.241604745795,490035.5528086149,7.420794427297629,3.7103972136488146,16.242160234730655,0.1671491090713956,0.2658972992358931,fourier
