nameseq,average,median,maximum,minimum,peak,none_levated_peak,sample_standard_deviation,population_standard_deviation,percentile15,percentile25,percentile50,percentile75,amplitude,variance,interquartile_range,semi_interquartile_range,coefficient_of_variation,skewness,kurtosis,label
LG3_15694204_15694450,25.361743656348576,2.6616429742452943,5463.798922224572,0.00350611408811645,3.246359337471009,43.93542645085891,346.7586847590925,347.462764031778,0.43717593019446316,0.8999017511528911,2.6616429742452943,4.462918788787067,5463.795416110484,120730.37238860306,3.563017037634176,1.781508518817088,13.67250964514388,0.19639104956699766,0.2815406823658473,fourier
