nameseq,average,median,maximum,minimum,peak,none_levated_peak,sample_standard_deviation,population_standard_deviation,percentile15,percentile25,percentile50,percentile75,amplitude,variance,interquartile_range,semi_interquartile_range,coefficient_of_variation,skewness,kurtosis,label
LG3_11859423_11859575,32.13393523954497,3.982979303496183,3952.1714180050603,0.0018129537956247123,1.587107200528552,19.76539261703999,318.0282943082725,319.072725015666,0.7045306129275061,1.6118649027249887,3.982979303496183,9.557788557465535,3952.1696050512646,101807.40384892281,7.945923654740547,3.9729618273702734,9.896960703303389,0.2655514283464481,0.2474423397907147,fourier
