nameseq,average,median,maximum,minimum,peak,none_levated_peak,sample_standard_deviation,population_standard_deviation,percentile15,percentile25,percentile50,percentile75,amplitude,variance,interquartile_range,semi_interquartile_range,coefficient_of_variation,skewness,kurtosis,label
LG3_20021335_20021640,48.94978697939754,4.789318482869518,12641.829323622056,0.14483942717584872,2.083768005832809,37.312398393838976,721.1380837395612,722.3193098936262,1.0098585842144274,1.6017767433217835,4.789318482869518,8.277617907727144,12641.68448419488,521745.18544520426,6.675841164405361,3.3379205822026803,14.732200653765478,0.18371156436862052,0.18399691336226176,fourier
