nameseq,average,median,maximum,minimum,peak,none_levated_peak,sample_standard_deviation,population_standard_deviation,percentile15,percentile25,percentile50,percentile75,amplitude,variance,interquartile_range,semi_interquartile_range,coefficient_of_variation,skewness,kurtosis,label
LG3_18661472_18661677,29.713181485628862,3.690613913233718,4832.675109580025,0.048710381334736194,2.3109833155994464,28.266449101715857,335.62942885028366,336.4470413379383,0.612888374312057,1.3614394412509359,3.690613913233718,7.759967635680755,4832.62639919869,113196.61162505235,6.398528194429819,3.1992640972149093,11.295640926657917,0.2326008865927236,0.2721989481957656,fourier
