nameseq,average,median,maximum,minimum,peak,none_levated_peak,sample_standard_deviation,population_standard_deviation,percentile15,percentile25,percentile50,percentile75,amplitude,variance,interquartile_range,semi_interquartile_range,coefficient_of_variation,skewness,kurtosis,label
LG3_6824541_6824853,31.05513780626833,2.3343661158385958,8659.647374913284,0.025165308927965067,3.3596158543619197,54.53743601055617,488.51171325292904,489.29395829080113,0.5221017906441908,0.9293073315596171,2.3343661158385958,4.918845661710051,8659.622209604357,239408.57761988026,3.989538330150434,1.994769165075217,15.73046354842854,0.17637717322589214,0.2941847836828991,fourier
