nameseq,average,median,maximum,minimum,peak,none_levated_peak,sample_standard_deviation,population_standard_deviation,percentile15,percentile25,percentile50,percentile75,amplitude,variance,interquartile_range,semi_interquartile_range,coefficient_of_variation,skewness,kurtosis,label
LG3_20600868_20600970,11.823260078956428,1.003472446331081,1066.1966709773058,0.01890155342393962,2.903880410652672,25.19118540341257,104.41332205606798,104.92390369284206,0.17754912955902566,0.3187459829876303,1.003472446331081,2.130429995138209,1066.1777694238817,11009.025566144795,1.8116840121505788,0.9058420060752894,8.831178656207312,0.3108737683917956,0.31599353431630284,fourier
