nameseq,average,median,maximum,minimum,peak,none_levated_peak,sample_standard_deviation,population_standard_deviation,percentile15,percentile25,percentile50,percentile75,amplitude,variance,interquartile_range,semi_interquartile_range,coefficient_of_variation,skewness,kurtosis,label
LG3_6910812_6910897,15.37125190331311,1.6553924836992915,1117.8330836238813,0.031075670730480155,1.8649532807726528,16.180794018155204,119.59941606199061,120.30088492773862,0.5844119735866725,0.7482279131165677,1.6553924836992915,3.6169830321988825,1117.802007953151,14472.302914397009,2.868755119082315,1.4343775595411574,7.780720582440798,0.3440449762523414,0.2724818923780307,fourier
