nameseq,average,median,maximum,minimum,peak,none_levated_peak,sample_standard_deviation,population_standard_deviation,percentile15,percentile25,percentile50,percentile75,amplitude,variance,interquartile_range,semi_interquartile_range,coefficient_of_variation,skewness,kurtosis,label
LG3_2696288_2696448,27.235547668327804,2.115638764086418,3315.7447565047805,0.026000603379217873,1.970464017107891,22.71039507547175,260.22231497919125,261.0342430519633,0.5283585361555453,0.8639253506347955,2.115638764086418,6.831626894340624,3315.7187559014014,68138.87604571145,5.967701543705829,2.9838507718529144,9.554510089099606,0.28959748021129667,0.12718494724717644,fourier
