nameseq,average,median,maximum,minimum,peak,none_levated_peak,sample_standard_deviation,population_standard_deviation,percentile15,percentile25,percentile50,percentile75,amplitude,variance,interquartile_range,semi_interquartile_range,coefficient_of_variation,skewness,kurtosis,label
LG3_17407838_17407922,17.580109491653356,2.1801523961194147,1223.3052413048856,0.051197531217724454,1.6116699015319198,14.387518271957074,131.59580751260623,132.3767983899633,0.4848654130394919,0.9450352989187002,2.1801523961194147,4.61360456786649,1223.254043773668,17523.61675197699,3.66856926894779,1.834284634473895,7.4854941930301955,0.3510740361707656,0.27907995506362665,fourier
