nameseq,average,median,maximum,minimum,peak,none_levated_peak,sample_standard_deviation,population_standard_deviation,percentile15,percentile25,percentile50,percentile75,amplitude,variance,interquartile_range,semi_interquartile_range,coefficient_of_variation,skewness,kurtosis,label
LG3_51378_52983,136.51652947919072,8.457350914245303,198120.82787691447,0.0033814814545972674,3.921381061880382,155.95857328485164,4941.918696734856,4943.45799554083,1.9898933247694852,3.248183705692939,8.457350914245303,17.74917743941455,198120.82449543301,24437776.953676563,14.50099373372161,7.250496866860805,36.20014891667866,0.07773853826220649,0.25226713400863965,fourier
