nameseq,average,median,maximum,minimum,peak,none_levated_peak,sample_standard_deviation,population_standard_deviation,percentile15,percentile25,percentile50,percentile75,amplitude,variance,interquartile_range,semi_interquartile_range,coefficient_of_variation,skewness,kurtosis,label
LG3_19235593_19236032,32.62292006095889,1.1818621245758452,13551.326715348816,0.009499435914490692,4.495816634213205,100.86004850121654,645.2150901640422,645.9495412728097,0.3060755293826312,0.4976119047898409,1.1818621245758452,2.7749834346427287,13551.3172159129,417250.8098705533,2.277371529852888,1.138685764926444,19.777968647760506,0.14618872876201333,0.27444134835214073,fourier
