nameseq,average,median,maximum,minimum,peak,none_levated_peak,sample_standard_deviation,population_standard_deviation,percentile15,percentile25,percentile50,percentile75,amplitude,variance,interquartile_range,semi_interquartile_range,coefficient_of_variation,skewness,kurtosis,label
LG3_10376990_10377196,24.755743558019223,2.0735017649326615,4256.051967029872,0.012778974950197206,2.78723197460367,33.3658840813031,294.8533073165219,295.56810426198365,0.43049390714597524,1.122944104433063,2.0735017649326615,5.618684973117999,4256.039188054921,87360.50425702285,4.495740868684935,2.2478704343424676,11.91050095609061,0.230781624932605,0.24115469865248879,fourier
