nameseq,average,median,maximum,minimum,peak,none_levated_peak,sample_standard_deviation,population_standard_deviation,percentile15,percentile25,percentile50,percentile75,amplitude,variance,interquartile_range,semi_interquartile_range,coefficient_of_variation,skewness,kurtosis,label
LG3_3877660_3877934,41.15411468759547,3.812459791518756,9585.991766977513,0.013625254291661079,2.2273997961690215,36.19027035348799,576.6696063201904,577.7209647250789,0.9182661178336667,1.874058925185265,3.812459791518756,8.689481595093575,9585.97814172322,333761.51308287587,6.81542266990831,3.407711334954155,14.012441057175947,0.19426195426368514,0.22795936207903272,fourier
