nameseq,average,median,maximum,minimum,peak,none_levated_peak,sample_standard_deviation,population_standard_deviation,percentile15,percentile25,percentile50,percentile75,amplitude,variance,interquartile_range,semi_interquartile_range,coefficient_of_variation,skewness,kurtosis,label
LG3_11468340_11482293,1134.7704514877007,50.16971712593017,14789943.77445873,0.008692460885761715,4.098920030245207,592.3586395659667,125198.62226697539,125203.10862758341,11.382955370629182,20.32006949224993,50.16971712593017,101.27916066611951,14789943.76576627,15675818410.01045,80.95909117386958,40.47954558693479,110.32946980848696,0.025989121478883815,0.25404961664386644,fourier
