nameseq,average,median,maximum,minimum,peak,none_levated_peak,sample_standard_deviation,population_standard_deviation,percentile15,percentile25,percentile50,percentile75,amplitude,variance,interquartile_range,semi_interquartile_range,coefficient_of_variation,skewness,kurtosis,label
LG3_15843120_15843868,73.48795338238591,4.9500654165887275,49917.0563256036,0.002636074269484073,3.397382226275313,95.1455918539188,1822.474117722981,1823.6919421941473,1.2016102098118042,2.07898496849882,4.9500654165887275,9.316964172454457,49917.053689529326,3325852.300023861,7.2379792039556365,3.6189896019778183,24.799630876096813,0.112821170900516,0.24475632507527725,fourier
