nameseq,average,median,maximum,minimum,peak,none_levated_peak,sample_standard_deviation,population_standard_deviation,percentile15,percentile25,percentile50,percentile75,amplitude,variance,interquartile_range,semi_interquartile_range,coefficient_of_variation,skewness,kurtosis,label
LG3_15573314_15573698,38.26254319136421,4.120001382576323,12478.6252213054,0.009214711524618363,3.354019953443606,52.44514241116997,634.8714668171092,635.6975848852758,1.180280081515404,1.7949083537189205,4.120001382576323,8.144068653083727,12478.616006593875,404111.41942897235,6.349160299364806,3.174580149682403,16.59250572137606,0.16133600386843425,0.2526158796378024,fourier
