nameseq,average,median,maximum,minimum,peak,none_levated_peak,sample_standard_deviation,population_standard_deviation,percentile15,percentile25,percentile50,percentile75,amplitude,variance,interquartile_range,semi_interquartile_range,coefficient_of_variation,skewness,kurtosis,label
LG3_7481666_7488061,662.1062320904938,50.94375628580717,3377093.904571029,0.0031899817580158117,3.2200270842770253,251.8889683402345,42232.01236101686,42235.314187562,12.621331201319274,21.65140339173409,50.94375628580717,103.31858828300439,3377093.901381047,1783821764.5220757,81.6671848912703,40.83359244563515,63.78434504033602,0.04341463560250562,0.2458619256313305,fourier
