nameseq,average,median,maximum,minimum,peak,none_levated_peak,sample_standard_deviation,population_standard_deviation,percentile15,percentile25,percentile50,percentile75,amplitude,variance,interquartile_range,semi_interquartile_range,coefficient_of_variation,skewness,kurtosis,label
LG3_17160509_17160653,15.404951832512669,1.6233973026000847,1881.7345574204273,0.002413942684452508,3.137519276842152,29.251534317006012,155.54919384041543,156.08836077368818,0.296435695202096,0.7185762450993783,1.6233973026000847,3.407715933746341,1881.732143477743,24363.576369017035,2.689139688646963,1.3445698443234815,10.097350224239172,0.2657979933483616,0.2523880416127874,fourier
