nameseq,average,median,maximum,minimum,peak,none_levated_peak,sample_standard_deviation,population_standard_deviation,percentile15,percentile25,percentile50,percentile75,amplitude,variance,interquartile_range,semi_interquartile_range,coefficient_of_variation,skewness,kurtosis,label
LG3_19280042_19280206,26.77208472469285,3.013921649595353,3594.2261549688005,0.034713636314798305,2.054378677102853,24.450834412939653,278.6330564684303,279.4812564714708,0.4597810544702369,0.8489721633655569,3.013921649595353,6.953591335979077,3594.1914413324857,78109.77271887203,6.1046191726135195,3.0523095863067597,10.40759654444979,0.255800550475489,0.2354110960841894,fourier
