nameseq,average,median,maximum,minimum,peak,none_levated_peak,sample_standard_deviation,population_standard_deviation,percentile15,percentile25,percentile50,percentile75,amplitude,variance,interquartile_range,semi_interquartile_range,coefficient_of_variation,skewness,kurtosis,label
LG3_9918951_9919338,47.14324289178482,3.8361672304838663,15997.340006678121,0.0005636503359217463,2.743411895321078,52.520556727695066,810.8153740795236,811.862263313592,0.8904512648916405,1.6022555182302303,3.8361672304838663,8.772996804060188,15997.339443027786,659120.3345926683,7.170741285829958,3.585370642914979,17.198973264115782,0.1602352781376348,0.2686136370991966,fourier
