nameseq,average,median,maximum,minimum,peak,none_levated_peak,sample_standard_deviation,population_standard_deviation,percentile15,percentile25,percentile50,percentile75,amplitude,variance,interquartile_range,semi_interquartile_range,coefficient_of_variation,skewness,kurtosis,label
LG3_19663507_19663948,53.110115602547154,5.121469592627529,20029.853220823665,0.005439676252903094,2.774110575015718,53.19300443514824,951.3133938729173,952.3913697358926,1.4308767713568644,2.01949766228566,5.121469592627529,10.22349301719745,20029.84778114741,907049.3211474097,8.20399535491179,4.101997677455895,17.91209420427796,0.1513338705803934,0.24227184342211672,fourier
