nameseq,average,median,maximum,minimum,peak,none_levated_peak,sample_standard_deviation,population_standard_deviation,percentile15,percentile25,percentile50,percentile75,amplitude,variance,interquartile_range,semi_interquartile_range,coefficient_of_variation,skewness,kurtosis,label
LG3_12745960_12746581,53.33506969822982,3.139485375452611,30576.9058564274,0.003067820151301278,3.8873734393978805,98.64928689892523,1224.8748539250932,1225.86066885644,0.6375604215197462,1.253227931444511,3.139485375452611,5.752851167779918,30576.902788607247,1502734.3794491584,4.499623236335407,2.2498116181677035,22.965655821871863,0.12294052121796657,0.24348623642238762,fourier
