nameseq,average,median,maximum,minimum,peak,none_levated_peak,sample_standard_deviation,population_standard_deviation,percentile15,percentile25,percentile50,percentile75,amplitude,variance,interquartile_range,semi_interquartile_range,coefficient_of_variation,skewness,kurtosis,label
LG3_19554463_19554623,16.176869185154946,1.7164464273484634,2203.0850239840333,0.012382247443321632,3.3174940127422827,31.57885294379353,172.9099271096224,173.44942897322122,0.5844096877481837,0.8434958764763228,1.7164464273484634,3.1514459522674065,2203.07264173659,30084.704411136514,2.3079500757910836,1.1539750378955418,10.688713936581557,0.25088940235291607,0.21147003855730073,fourier
