nameseq,average,median,maximum,minimum,peak,none_levated_peak,sample_standard_deviation,population_standard_deviation,percentile15,percentile25,percentile50,percentile75,amplitude,variance,interquartile_range,semi_interquartile_range,coefficient_of_variation,skewness,kurtosis,label
LG3_16414537_16414654,14.224453332921195,1.7221786339697012,1409.7669731017158,0.04973107629924101,2.7651912107089514,23.36078963400557,129.04010469132356,129.5903848196748,0.6985627247064093,1.0189545978851409,1.7221786339697012,2.6420009387410195,1409.7172420254167,16793.667837711397,1.6230463408558786,0.8115231704279393,9.07170923698502,0.29066021130852643,0.24426340646056488,fourier
