nameseq,average,median,maximum,minimum,peak,none_levated_peak,sample_standard_deviation,population_standard_deviation,percentile15,percentile25,percentile50,percentile75,amplitude,variance,interquartile_range,semi_interquartile_range,coefficient_of_variation,skewness,kurtosis,label
LG3_15973504_15973791,34.52623910594144,3.0093999285368276,8594.157175046203,0.004717354832351143,2.7804939804022806,42.5466685148996,505.27849997284665,506.15801064711826,0.8727451515778366,1.4125808526843915,3.0093999285368276,6.514589961123163,8594.15245769137,256195.93174224827,5.1020091084387715,2.5510045542193858,14.634623204179103,0.18712555063652012,0.24206779947930454,fourier
