nameseq,average,median,maximum,minimum,peak,none_levated_peak,sample_standard_deviation,population_standard_deviation,percentile15,percentile25,percentile50,percentile75,amplitude,variance,interquartile_range,semi_interquartile_range,coefficient_of_variation,skewness,kurtosis,label
LG3_7829305_7829492,34.384081403309146,2.7111939443012836,5649.370130831194,0.05415812364134632,1.8225488106433922,28.58078300057687,410.63576336690795,411.7322560087326,0.5527340515912391,1.026574951973445,2.7111939443012836,5.477617698104643,5649.315972707553,169523.4506380405,4.451042746131198,2.225521373065599,11.942612587212759,0.23139402568821868,0.18940445728409855,fourier
