nameseq,average,median,maximum,minimum,peak,none_levated_peak,sample_standard_deviation,population_standard_deviation,percentile15,percentile25,percentile50,percentile75,amplitude,variance,interquartile_range,semi_interquartile_range,coefficient_of_variation,skewness,kurtosis,label
LG3_16530196_16530471,26.808859487508496,2.760024886915852,6189.511626856932,0.012835742290292234,3.431701376288205,43.745819847572356,371.66501054080567,372.3401518975115,0.7244746343238793,1.2165353332168631,2.760024886915852,5.597141154500216,6189.498791114642,138637.1887150619,4.3806058212833525,2.1903029106416763,13.86351443685927,0.19411701870132558,0.23536683419545273,fourier
