nameseq,average,median,maximum,minimum,peak,none_levated_peak,sample_standard_deviation,population_standard_deviation,percentile15,percentile25,percentile50,percentile75,amplitude,variance,interquartile_range,semi_interquartile_range,coefficient_of_variation,skewness,kurtosis,label
LG3_14933280_14933504,21.89382929385712,1.70918005503156,4338.2511871092365,0.049144037997370056,3.425622763078873,43.31105246320023,288.4086846978448,289.0517371900306,0.3979126503986612,0.8895415474276309,1.70918005503156,4.219884415739777,4338.202043071239,83550.90677257454,3.3303428683121465,1.6651714341560733,13.173058071607661,0.20995882207887337,0.2697464842200954,fourier
