nameseq,average,median,maximum,minimum,peak,none_levated_peak,sample_standard_deviation,population_standard_deviation,percentile15,percentile25,percentile50,percentile75,amplitude,variance,interquartile_range,semi_interquartile_range,coefficient_of_variation,skewness,kurtosis,label
LG3_15645331_15645427,11.7269342037666,0.9736831936478024,992.8507257348476,0.0345000376385513,2.757185533022614,23.55820434125651,100.15660544959343,100.67690300499437,0.23340953210161172,0.45739463378247897,0.9736831936478024,1.5983322563542888,992.8162256972091,10135.838798677043,1.1409376225718098,0.5704688112859049,8.540732275740398,0.3220931149328139,0.20233370918750346,fourier
