nameseq,average,median,maximum,minimum,peak,none_levated_peak,sample_standard_deviation,population_standard_deviation,percentile15,percentile25,percentile50,percentile75,amplitude,variance,interquartile_range,semi_interquartile_range,coefficient_of_variation,skewness,kurtosis,label
LG3_3173335_3173472,23.245648683442703,3.142741758208825,2648.6061448290266,0.03119682914916964,1.9788649749647407,21.155305989306132,224.33615848995558,225.15341496155068,0.8092300643795696,1.603146945482705,3.142741758208825,5.4699497700340345,2648.574947999877,50694.06026884823,3.8668028245513293,1.9334014122756646,9.650673188128522,0.2688319225115103,0.23186340526750185,fourier
