nameseq,average,median,maximum,minimum,peak,none_levated_peak,sample_standard_deviation,population_standard_deviation,percentile15,percentile25,percentile50,percentile75,amplitude,variance,interquartile_range,semi_interquartile_range,coefficient_of_variation,skewness,kurtosis,label
LG3_10351549_10351631,19.219738555016892,3.3168811729847256,1198.4596475124752,0.018768957508737753,1.4394923524828536,11.830173887115938,130.32383748550149,131.1160869558632,0.8344726997407341,1.4608332418875405,3.3168811729847256,7.110072821008769,1198.4408785549665,17191.428258617485,5.649239579121229,2.8246197895606144,6.780728942407143,0.36607709737985633,0.25746796011647005,fourier
