nameseq,average,median,maximum,minimum,peak,none_levated_peak,sample_standard_deviation,population_standard_deviation,percentile15,percentile25,percentile50,percentile75,amplitude,variance,interquartile_range,semi_interquartile_range,coefficient_of_variation,skewness,kurtosis,label
LG3_21617737_21617832,9.95958678474904,0.9195726587903388,838.1622546475871,0.02723181742293483,3.2129847042450694,24.768653513207582,84.97809667439338,85.4241789870221,0.2506106331934315,0.32770349065505416,0.9195726587903388,1.887586766609401,838.1350228301642,7297.290355606788,1.5598832759543468,0.7799416379771734,8.532291400333898,0.31914156046340636,0.3089075760164273,fourier
