nameseq,average,median,maximum,minimum,peak,none_levated_peak,sample_standard_deviation,population_standard_deviation,percentile15,percentile25,percentile50,percentile75,amplitude,variance,interquartile_range,semi_interquartile_range,coefficient_of_variation,skewness,kurtosis,label
LG3_1652890_1652978,12.81734259979644,1.4362126442926078,982.5603792365794,0.002753123477074777,2.314572341004431,19.218563225434185,103.38722229857959,103.97299028532802,0.38453717668144966,0.649464846958724,1.4362126442926078,2.6504172995534527,982.5576261131023,10810.382708872914,2.0009524525947286,1.0004762262973643,8.06619792625513,0.3302476757515187,0.26750364926041265,fourier
