nameseq,average,median,maximum,minimum,peak,none_levated_peak,sample_standard_deviation,population_standard_deviation,percentile15,percentile25,percentile50,percentile75,amplitude,variance,interquartile_range,semi_interquartile_range,coefficient_of_variation,skewness,kurtosis,label
LG3_12778599_12778894,30.21499096111203,3.4472243652057575,7578.674514777783,0.016116208348662196,3.265487214398139,44.577228703318376,439.51125159430586,440.25555568650566,0.7560055356245005,1.494208349982479,3.4472243652057575,6.588941554435408,7578.658398569434,193824.95431283387,5.094733204452929,2.5473666022264645,14.546132155391852,0.18271045279596934,0.26892720242096635,fourier
