nameseq,average,median,maximum,minimum,peak,none_levated_peak,sample_standard_deviation,population_standard_deviation,percentile15,percentile25,percentile50,percentile75,amplitude,variance,interquartile_range,semi_interquartile_range,coefficient_of_variation,skewness,kurtosis,label
LG3_15877154_15877431,23.133967283811423,1.5900458444860353,5718.7138897365085,0.002955977284472623,4.005653917022374,55.62287100541946,342.22756415745846,342.8447469206107,0.45155635746145506,0.6962602203682275,1.5900458444860353,3.5136999256396617,5718.710933759224,117542.52049105761,2.8174397052714344,1.4087198526357172,14.793293340435422,0.18885610361951782,0.2562461398000639,fourier
