nameseq,average,median,maximum,minimum,peak,none_levated_peak,sample_standard_deviation,population_standard_deviation,percentile15,percentile25,percentile50,percentile75,amplitude,variance,interquartile_range,semi_interquartile_range,coefficient_of_variation,skewness,kurtosis,label
LG3_11376277_11377106,73.84235670643122,5.949609998299109,52694.20817776164,0.025994415981067515,3.746720432645275,91.33604995949526,1827.6521893524964,1828.7541805224787,1.7153566841013237,2.639667868881348,5.949609998299109,12.586602415617703,52694.182183345656,3344341.852778442,9.946934546736355,4.973467273368177,24.75072940343085,0.1114425607404852,0.23138459330793082,fourier
