nameseq,average,median,maximum,minimum,peak,none_levated_peak,sample_standard_deviation,population_standard_deviation,percentile15,percentile25,percentile50,percentile75,amplitude,variance,interquartile_range,semi_interquartile_range,coefficient_of_variation,skewness,kurtosis,label
LG3_6555195_6555401,34.1141228725988,2.5999671993151705,6120.606437370724,0.0004119617205858577,2.02262272014686,31.201944435005764,424.09530355215725,425.12341488766396,0.45069036672414514,1.0156566754712602,2.5999671993151705,6.951492190997792,6120.606025409003,180729.91788574884,5.935835515526532,2.967917757763266,12.431663716988009,0.22292740859891086,0.2681154413788966,fourier
