nameseq,average,median,maximum,minimum,peak,none_levated_peak,sample_standard_deviation,population_standard_deviation,percentile15,percentile25,percentile50,percentile75,amplitude,variance,interquartile_range,semi_interquartile_range,coefficient_of_variation,skewness,kurtosis,label
LG3_2075664_2075869,19.331801804645114,1.4631264654263823,3528.703142565423,0.012674434160477421,3.552005517156047,42.519148725598356,245.1148837816616,245.71199765983496,0.596069207982636,0.8155727148334243,1.4631264654263823,2.98541978476673,3528.6904681312626,60374.385793986745,2.1698470699333057,1.0849235349666528,12.67936047858532,0.218697555981163,0.2316578054350908,fourier
