nameseq,average,median,maximum,minimum,peak,none_levated_peak,sample_standard_deviation,population_standard_deviation,percentile15,percentile25,percentile50,percentile75,amplitude,variance,interquartile_range,semi_interquartile_range,coefficient_of_variation,skewness,kurtosis,label
LG3_3115861_3116083,19.805869546887422,1.4348053777928815,3892.8067991333437,0.0025351948121651465,3.7530961797643028,46.87929943938435,259.9651036536909,260.54995277004866,0.3058360211636091,0.5932442923377648,1.4348053777928815,3.392371439314019,3892.8042639385317,67886.2778884746,2.7991271469762546,1.3995635734881273,13.125659695892804,0.21200227158450444,0.3070171115133074,fourier
