nameseq,average,median,maximum,minimum,peak,none_levated_peak,sample_standard_deviation,population_standard_deviation,percentile15,percentile25,percentile50,percentile75,amplitude,variance,interquartile_range,semi_interquartile_range,coefficient_of_variation,skewness,kurtosis,label
LG3_3069483_3070031,63.363390352588475,6.513872374319911,28470.099895451378,0.016660009116398856,2.8881030352335655,57.332853464952336,1213.598833079,1214.705626590456,1.4893069421730933,2.5018768011042183,6.513872374319911,15.302632487925472,28470.08323544226,1475509.7592705123,12.800755686821253,6.400377843410626,19.152997122247942,0.14053124416913781,0.2591793359133789,fourier
