nameseq,average,median,maximum,minimum,peak,none_levated_peak,sample_standard_deviation,population_standard_deviation,percentile15,percentile25,percentile50,percentile75,amplitude,variance,interquartile_range,semi_interquartile_range,coefficient_of_variation,skewness,kurtosis,label
LG3_6009392_6009693,30.483899001880665,2.618421443921782,8007.914647071618,0.004103684322318572,3.302289732046946,49.78642678695864,459.83039345138485,460.5935979490967,0.32131169409774957,0.9185139804092024,2.618421443921782,5.853207410755396,8007.910543387296,212146.4624716941,4.934693430346194,2.467346715173097,15.08436940507565,0.18179840624805244,0.2765562423400033,fourier
