nameseq,average,median,maximum,minimum,peak,none_levated_peak,sample_standard_deviation,population_standard_deviation,percentile15,percentile25,percentile50,percentile75,amplitude,variance,interquartile_range,semi_interquartile_range,coefficient_of_variation,skewness,kurtosis,label
LG3_21207787_21208474,76.31417277981397,7.102548743981545,44878.24464683748,0.048347446260517526,3.005121132545314,70.7538104612551,1709.3407059777217,1710.5843152407906,1.8534883450620085,3.257707013474093,7.102548743981545,14.561775530890245,44878.19629939122,2926098.6995478044,11.304068517416152,5.652034258708076,22.398732027268505,0.12147073510937817,0.22362918193554887,fourier
