nameseq,average,median,maximum,minimum,peak,none_levated_peak,sample_standard_deviation,population_standard_deviation,percentile15,percentile25,percentile50,percentile75,amplitude,variance,interquartile_range,semi_interquartile_range,coefficient_of_variation,skewness,kurtosis,label
LG3_5216509_5216699,21.77004258398036,2.752916523500284,3383.9653586295885,0.02392627696881048,2.924508136401912,30.60886263510254,243.95649766542158,244.59764593971096,0.9457851914253917,1.3745915042498014,2.752916523500284,5.2675891074845955,3383.94143235262,59828.0083992482,3.892997603234794,1.946498801617397,11.206064330114756,0.23385881797534386,0.2193341556503161,fourier
