nameseq,average,median,maximum,minimum,peak,none_levated_peak,sample_standard_deviation,population_standard_deviation,percentile15,percentile25,percentile50,percentile75,amplitude,variance,interquartile_range,semi_interquartile_range,coefficient_of_variation,skewness,kurtosis,label
LG3_561984_562455,65.85922152851782,6.878719599011945,26748.27858059239,0.04850639840576608,2.3889339971199957,51.76925763280815,1229.489957293142,1230.7944562885061,1.230457869317535,2.3545815394544887,6.878719599011945,12.997781273167279,26748.230074193983,1514854.9936305196,10.643199733712791,5.3215998668563955,18.66845566585931,0.14391455964233651,0.2560539362243433,fourier
