nameseq,average,median,maximum,minimum,peak,none_levated_peak,sample_standard_deviation,population_standard_deviation,percentile15,percentile25,percentile50,percentile75,amplitude,variance,interquartile_range,semi_interquartile_range,coefficient_of_variation,skewness,kurtosis,label
LG3_16472829_16472910,8.861850279877576,1.4038334981275873,596.8181903893831,0.012051523642795395,3.0843822080134418,19.329097553127063,65.34281326234215,65.74492667776684,0.2084070322619598,0.4692973665823875,1.4038334981275873,2.50877509611695,596.8061388657403,4322.395383864938,2.0394777295345623,1.0197388647672812,7.373495511509008,0.3424102702070894,0.2625384950200106,fourier
