nameseq,average,median,maximum,minimum,peak,none_levated_peak,sample_standard_deviation,population_standard_deviation,percentile15,percentile25,percentile50,percentile75,amplitude,variance,interquartile_range,semi_interquartile_range,coefficient_of_variation,skewness,kurtosis,label
LG3_18998156_18998638,59.404842072168044,6.647647057640319,24379.461920203914,0.0627775521895302,2.710216783413193,54.131699871532106,1107.790158181394,1108.9387226767144,1.5342287464897733,2.707848410259838,6.647647057640319,12.229836375824377,24379.399142651724,1229745.090651863,9.521987965564538,4.760993982782269,18.64814583356006,0.1428714489605234,0.2668775012610588,fourier
