nameseq,average,median,maximum,minimum,peak,none_levated_peak,sample_standard_deviation,population_standard_deviation,percentile15,percentile25,percentile50,percentile75,amplitude,variance,interquartile_range,semi_interquartile_range,coefficient_of_variation,skewness,kurtosis,label
LG3_9090266_9090883,64.9409939929395,6.478419143638239,33743.42532798341,0.05542696519728549,3.1721103625607685,67.49452533912033,1355.9310607882685,1357.0294255376643,1.4476571447067776,2.3426673082591942,6.478419143638239,13.650231740479796,33743.36990101821,1841528.8617750832,11.307564432220602,5.653782216110301,20.87943188759457,0.1293485558520522,0.25245046447606007,fourier
