nameseq,average,median,maximum,minimum,peak,none_levated_peak,sample_standard_deviation,population_standard_deviation,percentile15,percentile25,percentile50,percentile75,amplitude,variance,interquartile_range,semi_interquartile_range,coefficient_of_variation,skewness,kurtosis,label
LG3_13956901_13956955,5.903700972465023,0.7213702704540507,275.88592159128353,0.06241110119263572,3.105396668774445,15.790984823979947,36.745943137736724,37.084622584204965,0.16881793691156657,0.47257125586077886,0.7213702704540507,1.2989548431877882,275.8235104900909,1375.2692322129249,0.8263835873270093,0.41319179366350467,6.224221604231062,0.42309410994724833,0.2247794502532283,fourier
