nameseq,average,median,maximum,minimum,peak,none_levated_peak,sample_standard_deviation,population_standard_deviation,percentile15,percentile25,percentile50,percentile75,amplitude,variance,interquartile_range,semi_interquartile_range,coefficient_of_variation,skewness,kurtosis,label
LG3_907141_907286,20.214966737080314,2.7251402685798762,2408.567473076762,0.004090531063843396,2.407457172679755,24.521259739451224,198.40972913735217,199.09272506129486,0.4811538036371295,0.7068189599497028,2.7251402685798762,4.63772000765969,2408.563382545698,39637.913172332344,3.9309010477099866,1.9654505238549933,9.814991620708888,0.26445013373904924,0.23293875759464344,fourier
