nameseq,average,median,maximum,minimum,peak,none_levated_peak,sample_standard_deviation,population_standard_deviation,percentile15,percentile25,percentile50,percentile75,amplitude,variance,interquartile_range,semi_interquartile_range,coefficient_of_variation,skewness,kurtosis,label
LG3_14443544_14444196,53.18476084405536,2.5414337688714252,32148.727289708575,0.013085580421338849,4.092651037858262,106.55570991435526,1256.9647613565828,1257.9283220663924,0.6936631888461382,1.2122501900017284,2.5414337688714252,5.670889139465186,32148.714204128155,1582383.6634567692,4.458638949463458,2.229319474731729,23.63392711386194,0.12087051753271183,0.2567674783316241,fourier
