nameseq,average,median,maximum,minimum,peak,none_levated_peak,sample_standard_deviation,population_standard_deviation,percentile15,percentile25,percentile50,percentile75,amplitude,variance,interquartile_range,semi_interquartile_range,coefficient_of_variation,skewness,kurtosis,label
LG3_8739489_8739701,26.03891606326363,1.9331086359129996,4860.793384350513,0.012126504879976756,2.726688001432157,37.758075603955675,332.0710603654554,332.8533254314673,0.4649469943701902,0.8401824250558512,1.9331086359129996,4.8906468456572,4860.781257845633,110791.33625078625,4.050464420601348,2.025232210300674,12.752875717201983,0.21777694871231515,0.24665912437093424,fourier
