nameseq,average,median,maximum,minimum,peak,none_levated_peak,sample_standard_deviation,population_standard_deviation,percentile15,percentile25,percentile50,percentile75,amplitude,variance,interquartile_range,semi_interquartile_range,coefficient_of_variation,skewness,kurtosis,label
LG3_2294722_2294924,17.968614436775535,1.6351540935614464,3178.015752215022,0.01227370220853708,3.7658255122986235,41.794426497182315,222.35233312366037,222.90203070695745,0.286986277120315,0.6079956971453794,1.6351540935614464,3.3057049104269414,3178.0034785128137,49685.3152932854,2.697709213281562,1.348854606640781,12.37448407087984,0.2203726866332943,0.2608664065671746,fourier
