nameseq,average,median,maximum,minimum,peak,none_levated_peak,sample_standard_deviation,population_standard_deviation,percentile15,percentile25,percentile50,percentile75,amplitude,variance,interquartile_range,semi_interquartile_range,coefficient_of_variation,skewness,kurtosis,label
LG3_19607983_19608156,21.152778701598972,1.55365094019947,3220.3810185744937,0.006569329016186313,2.7419565447264707,33.786876110424814,243.25271395178308,243.95474344597577,0.26082418758648507,0.6285823099883776,1.55365094019947,3.3944403427235113,3220.3744492454775,59513.91684979186,2.7658580327351334,1.3829290163675667,11.499799500733925,0.24171316458920647,0.22191079299741404,fourier
