nameseq,average,median,maximum,minimum,peak,none_levated_peak,sample_standard_deviation,population_standard_deviation,percentile15,percentile25,percentile50,percentile75,amplitude,variance,interquartile_range,semi_interquartile_range,coefficient_of_variation,skewness,kurtosis,label
LG3_20462308_20462481,20.632865969181218,1.9938272062878553,3091.3188190539554,0.009174397560174477,2.811049133292152,31.52952852806292,233.4746759047832,234.1484858942772,0.7413786816866691,0.9699065959866046,1.9938272062878553,4.088686559863432,3091.309644656395,54825.513446582525,3.1187799638768277,1.5593899819384138,11.315668712893222,0.23949970621860714,0.26131282784347887,fourier
