nameseq,average,median,maximum,minimum,peak,none_levated_peak,sample_standard_deviation,population_standard_deviation,percentile15,percentile25,percentile50,percentile75,amplitude,variance,interquartile_range,semi_interquartile_range,coefficient_of_variation,skewness,kurtosis,label
LG3_7650906_7651089,29.77733893386869,1.1501864410079101,5122.296709607375,0.0026917340356287472,2.0597318474141058,38.83460177062439,376.45864048909385,377.48581467790797,0.34591292018713615,0.533909016208721,1.1501864410079101,2.491769257073423,5122.29401787334,142495.54028304387,1.9578602408647021,0.9789301204323511,12.642454093200064,0.22812986140258446,0.2325487088291806,fourier
