nameseq,average,median,maximum,minimum,peak,none_levated_peak,sample_standard_deviation,population_standard_deviation,percentile15,percentile25,percentile50,percentile75,amplitude,variance,interquartile_range,semi_interquartile_range,coefficient_of_variation,skewness,kurtosis,label
LG3_11771023_11771209,31.08609466528406,3.3327981993703855,4745.152584606444,0.07640174259474343,2.0051837969516697,25.115752878930632,345.7136599183304,346.6417519504513,1.1083509799285471,1.7267102768755251,3.3327981993703855,8.785512565367483,4745.07618286385,120160.50419527819,7.058802288491958,3.529401144245979,11.12116731422079,0.2408348267679383,0.34258819188591844,fourier
