nameseq,average,median,maximum,minimum,peak,none_levated_peak,sample_standard_deviation,population_standard_deviation,percentile15,percentile25,percentile50,percentile75,amplitude,variance,interquartile_range,semi_interquartile_range,coefficient_of_variation,skewness,kurtosis,label
LG3_11581062_11581476,34.183240723298276,2.150487711989534,13072.304467306538,0.0011704994908016426,4.046817399587555,79.07323291307259,640.79309985746,641.5665377972327,0.5432207943908312,0.7871327240926174,2.150487711989534,3.650419506821126,13072.303296807047,411607.62242112815,2.8632867827285082,1.4316433913642541,18.745826501485407,0.1499676870042805,0.2440238709781366,fourier
