nameseq,average,median,maximum,minimum,peak,none_levated_peak,sample_standard_deviation,population_standard_deviation,percentile15,percentile25,percentile50,percentile75,amplitude,variance,interquartile_range,semi_interquartile_range,coefficient_of_variation,skewness,kurtosis,label
LG3_2666264_2666330,19.740236206334895,1.9842299707554991,1074.6211124362578,0.018424110473153194,1.131360997907729,10.36734788159456,129.91668987032025,130.89720710031173,0.9222727155452497,1.2991702249753272,1.9842299707554991,4.5890707056500455,1074.6026883257846,17134.078826661902,3.289900480674718,1.644950240337359,6.58131384611438,0.4100167481168821,0.16395055926633986,fourier
