nameseq,average,median,maximum,minimum,peak,none_levated_peak,sample_standard_deviation,population_standard_deviation,percentile15,percentile25,percentile50,percentile75,amplitude,variance,interquartile_range,semi_interquartile_range,coefficient_of_variation,skewness,kurtosis,label
LG3_2468945_2469253,46.619257368818445,4.911687377219866,12083.53878686635,0.005675558118903446,2.2093874036889343,37.16297744405568,685.9132637146881,687.0258569255925,1.6126957633214203,2.13229077083334,4.911687377219866,10.031124531111725,12083.53311130823,472004.52808434475,7.898833760278386,3.949416880139193,14.713088591013573,0.18241768543324405,0.2540676685670303,fourier
