nameseq,average,median,maximum,minimum,peak,none_levated_peak,sample_standard_deviation,population_standard_deviation,percentile15,percentile25,percentile50,percentile75,amplitude,variance,interquartile_range,semi_interquartile_range,coefficient_of_variation,skewness,kurtosis,label
LG3_9768516_9769011,49.17055811011132,4.069745798904235,21445.48253804534,0.015913099833055326,3.362445733544248,68.114464874885,961.7161526847129,962.6870930154797,0.9880503381102452,1.5510086615705414,4.069745798904235,7.966604124111119,21445.466624945508,926766.4390585949,6.415595462540578,3.207797731270289,19.558780490778034,0.14068853533957285,0.24711896012773069,fourier
