nameseq,average,median,maximum,minimum,peak,none_levated_peak,sample_standard_deviation,population_standard_deviation,percentile15,percentile25,percentile50,percentile75,amplitude,variance,interquartile_range,semi_interquartile_range,coefficient_of_variation,skewness,kurtosis,label
LG3_1888129_1888505,45.03210554755764,3.82391563309389,14854.706831197369,0.011023407466060666,2.7906016194146694,52.34111080777348,763.7757408239743,764.7907256449768,0.8127813580611128,1.8841811361062166,3.82391563309389,7.738826713670904,14854.695807789903,584904.8540325701,5.854645577564687,2.9273227887823436,16.96069352158903,0.16185977523981446,0.23249821073864418,fourier
