nameseq,average,median,maximum,minimum,peak,none_levated_peak,sample_standard_deviation,population_standard_deviation,percentile15,percentile25,percentile50,percentile75,amplitude,variance,interquartile_range,semi_interquartile_range,coefficient_of_variation,skewness,kurtosis,label
LG3_21014764_21014897,31.547854470216766,3.920986558545786,3326.778132806496,0.046266363823567976,1.4158384909767767,16.595141226388606,285.8208897456198,286.89339216199835,1.3193674036669267,1.9638155217172422,3.920986558545786,9.447910243921049,3326.7318664426725,82307.81846621817,7.484094722203807,3.7420473611019034,9.059915311053986,0.28997391971166475,0.22197253658112673,fourier
