nameseq,average,median,maximum,minimum,peak,none_levated_peak,sample_standard_deviation,population_standard_deviation,percentile15,percentile25,percentile50,percentile75,amplitude,variance,interquartile_range,semi_interquartile_range,coefficient_of_variation,skewness,kurtosis,label
LG3_13514991_13515747,61.079593450765444,2.8940930973719223,42935.11949152092,0.010585567405865024,4.131221559893522,120.31495698309921,1559.322500555149,1560.3534576929376,0.6889638197912438,1.345338606842115,2.8940930973719223,5.328238249693413,42935.108905953515,2434702.9129343056,3.982899642851298,1.991449821425649,25.52935297141549,0.11194380956988376,0.21816692125832052,fourier
