nameseq,average,median,maximum,minimum,peak,none_levated_peak,sample_standard_deviation,population_standard_deviation,percentile15,percentile25,percentile50,percentile75,amplitude,variance,interquartile_range,semi_interquartile_range,coefficient_of_variation,skewness,kurtosis,label
LG3_3283445_3283562,32.602567301502205,4.356340178880005,3073.807514345802,0.07537519363021254,1.2064489575187842,14.895754267418425,281.3054062804712,282.5050083378641,0.7883912931300759,1.7244125820733447,4.356340178880005,7.0255371682932415,3073.7321391521714,79809.07973597667,5.301124586219897,2.6505622931099486,8.628320698766249,0.3012337462273271,0.1931974406514825,fourier
