nameseq,average,median,maximum,minimum,peak,none_levated_peak,sample_standard_deviation,population_standard_deviation,percentile15,percentile25,percentile50,percentile75,amplitude,variance,interquartile_range,semi_interquartile_range,coefficient_of_variation,skewness,kurtosis,label
LG3_3206861_3207131,36.75426401141915,2.5365212404883333,9098.792019699595,0.005682373219032063,2.4577647182723545,47.1033055038148,551.511298100068,552.5316714018668,0.4636503128229177,0.9576464547695518,2.5365212404883333,4.083144926163648,9098.786337326375,305291.2479021405,3.125498471394096,1.562749235697048,15.005369116593366,0.18613078039639133,0.28742886166844456,fourier
