nameseq,average,median,maximum,minimum,peak,none_levated_peak,sample_standard_deviation,population_standard_deviation,percentile15,percentile25,percentile50,percentile75,amplitude,variance,interquartile_range,semi_interquartile_range,coefficient_of_variation,skewness,kurtosis,label
LG3_6061711_6062024,42.16472228875333,4.750918009518768,11201.23075018716,0.015461898594329929,2.48232790316716,40.564502292288154,630.782458764383,631.7892949339193,1.200578021346306,1.8219265575888204,4.750918009518768,8.385887785353576,11201.215288288566,399157.71319309884,6.563961227764755,3.2819806138823777,14.959957626298246,0.17793997166244813,0.23009389017071585,fourier
