nameseq,average,median,maximum,minimum,peak,none_levated_peak,sample_standard_deviation,population_standard_deviation,percentile15,percentile25,percentile50,percentile75,amplitude,variance,interquartile_range,semi_interquartile_range,coefficient_of_variation,skewness,kurtosis,label
LG3_9240262_9240583,46.29838287947717,5.731314358137428,11106.602419463268,0.054122798008046445,2.318295513965161,33.93175782276435,617.8201986779951,618.7817871177558,1.6651898081615737,2.5694768419205642,5.731314358137428,12.647947567583726,11106.54829666526,382890.9000686436,10.078470725663163,5.039235362831581,13.344314860549012,0.1969848279878743,0.22858356299263682,fourier
