nameseq,average,median,maximum,minimum,peak,none_levated_peak,sample_standard_deviation,population_standard_deviation,percentile15,percentile25,percentile50,percentile75,amplitude,variance,interquartile_range,semi_interquartile_range,coefficient_of_variation,skewness,kurtosis,label
LG3_2437943_2438040,12.962189182282131,2.2131723741984652,944.7215201588315,0.05015628999204707,2.5201504319438848,17.37845187215335,94.71555925117308,95.20253191739009,0.7961278502802734,0.9175606961095093,2.2131723741984652,4.104753383128523,944.6713638688394,9063.52208348168,3.1871926870190137,1.5935963435095069,7.307065027305627,0.3404620178479452,0.20025819227713085,fourier
