nameseq,average,median,maximum,minimum,peak,none_levated_peak,sample_standard_deviation,population_standard_deviation,percentile15,percentile25,percentile50,percentile75,amplitude,variance,interquartile_range,semi_interquartile_range,coefficient_of_variation,skewness,kurtosis,label
LG3_5571036_5571258,29.293246911248037,3.7550778334304042,5343.818682937602,0.1266334473409444,2.5375586925732967,31.61353174808671,356.73762175771566,357.5401821011012,0.9429536938459553,1.4189047414850446,3.7550778334304042,7.626320040195958,5343.692049490261,127834.98181688863,6.207415298710914,3.103707649355457,12.178152283307842,0.21476430452150888,0.287891164669113,fourier
