nameseq,average,median,maximum,minimum,peak,none_levated_peak,sample_standard_deviation,population_standard_deviation,percentile15,percentile25,percentile50,percentile75,amplitude,variance,interquartile_range,semi_interquartile_range,coefficient_of_variation,skewness,kurtosis,label
LG3_10663889_10663987,27.637214098331473,3.8270757846729344,1948.6358926932144,0.0029360925946553527,1.194042202755606,11.7691264577313,194.3112441284142,195.30011180803106,0.917257451335431,1.8094906651674796,3.8270757846729344,9.857265817446319,1948.6329566006198,38142.133672229436,8.047775152278838,4.023887576139419,7.030782604826484,0.36760824244308526,0.17052179385477223,fourier
