nameseq,average,median,maximum,minimum,peak,none_levated_peak,sample_standard_deviation,population_standard_deviation,percentile15,percentile25,percentile50,percentile75,amplitude,variance,interquartile_range,semi_interquartile_range,coefficient_of_variation,skewness,kurtosis,label
LG3_16633401_16633645,24.176674268878017,2.0585591154776,5178.084382088142,0.05283735122789902,3.377911525730153,44.347033503235345,329.95811309523305,330.63356541543544,0.49887854812933324,0.9223741450990254,2.0585591154776,4.0239185940469895,5178.031544736914,109318.55457932303,3.101544448947964,1.550772224473982,13.647787508970135,0.20109929965883258,0.22202207822604766,fourier
