nameseq,average,median,maximum,minimum,peak,none_levated_peak,sample_standard_deviation,population_standard_deviation,percentile15,percentile25,percentile50,percentile75,amplitude,variance,interquartile_range,semi_interquartile_range,coefficient_of_variation,skewness,kurtosis,label
LG3_3344361_3345068,118.24329741587285,16.253210428630297,63833.18555572206,0.021535198202843008,1.9958847998797404,49.95758007110723,2397.8840332793816,2399.5792501989913,3.4137209819366126,7.790332577745172,16.253210428630297,29.582012960974776,63833.16402052386,5757980.577985553,21.791680383229604,10.895840191614802,20.279238533460354,0.1276001077263433,0.219164954823155,fourier
