nameseq,average,median,maximum,minimum,peak,none_levated_peak,sample_standard_deviation,population_standard_deviation,percentile15,percentile25,percentile50,percentile75,amplitude,variance,interquartile_range,semi_interquartile_range,coefficient_of_variation,skewness,kurtosis,label
LG3_8857445_8857623,23.217749503501917,2.287246531475296,3377.30122693314,0.02301272423670907,2.56987296110104,28.689760429314575,251.4625823579078,252.1679486308751,0.4324691414023821,0.9137026665134925,2.287246531475296,6.048645776799755,3377.278214208903,63588.67431670366,5.134943110286263,2.5674715551431313,10.830618287098837,0.24970517811158255,0.26263147613073085,fourier
