nameseq,average,median,maximum,minimum,peak,none_levated_peak,sample_standard_deviation,population_standard_deviation,percentile15,percentile25,percentile50,percentile75,amplitude,variance,interquartile_range,semi_interquartile_range,coefficient_of_variation,skewness,kurtosis,label
LG3_20966381_20966676,46.473067668310044,6.66290537386,11070.352530406393,0.17164398153685073,2.1230934736410227,32.82470886676134,641.9280379778057,643.0151311155388,1.6733935531859445,2.502017646655531,6.66290537386,11.221908706940276,11070.180886424856,413468.4588435336,8.719891060284745,4.359945530142372,13.812904337613505,0.18604965014392996,0.24986923920039877,fourier
