nameseq,average,median,maximum,minimum,peak,none_levated_peak,sample_standard_deviation,population_standard_deviation,percentile15,percentile25,percentile50,percentile75,amplitude,variance,interquartile_range,semi_interquartile_range,coefficient_of_variation,skewness,kurtosis,label
LG3_15638252_15638399,26.426442262303482,1.8903826933927335,3422.1056708637707,0.08845432562054494,1.8668170631392875,25.071480687569277,280.09459866983366,281.0456866313919,0.39803013790014596,0.8191034170985091,1.8903826933927335,5.092721461344726,3422.01721653815,78986.67797411053,4.273618044246217,2.1368090221231086,10.59902789371614,0.2627975657377783,0.2668998923816989,fourier
