nameseq,average,median,maximum,minimum,peak,none_levated_peak,sample_standard_deviation,population_standard_deviation,percentile15,percentile25,percentile50,percentile75,amplitude,variance,interquartile_range,semi_interquartile_range,coefficient_of_variation,skewness,kurtosis,label
LG3_7771970_7772766,62.40038708357576,2.9290428817569003,45992.95893528893,0.0029232947837819637,4.257452222385205,121.99872138636802,1627.9731243399272,1628.9953995579942,0.7643365401946641,1.3217397433382523,2.9290428817569003,6.0362990146296704,45992.956011994145,2653626.011781109,4.714559271291418,2.357279635645709,26.08915105221233,0.10959273831857376,0.2255092672586276,fourier
