nameseq,average,median,maximum,minimum,peak,none_levated_peak,sample_standard_deviation,population_standard_deviation,percentile15,percentile25,percentile50,percentile75,amplitude,variance,interquartile_range,semi_interquartile_range,coefficient_of_variation,skewness,kurtosis,label
LG3_7940179_7940389,33.74635137400868,1.4490170268703346,6600.837359152589,0.014428871342395698,2.084175932201779,40.71645993139798,453.188704338571,454.2664435640814,0.4344242235771232,0.6398084865794659,1.4490170268703346,2.934899872966178,6600.822930281246,206358.00174835874,2.295091386386712,1.147545693193356,13.429265265329255,0.21380056941805056,0.21245007940915633,fourier
