nameseq,average,median,maximum,minimum,peak,none_levated_peak,sample_standard_deviation,population_standard_deviation,percentile15,percentile25,percentile50,percentile75,amplitude,variance,interquartile_range,semi_interquartile_range,coefficient_of_variation,skewness,kurtosis,label
LG3_14328179_14328321,26.146253483866275,1.804345669181878,3115.9062559657177,0.04095222083411365,1.8230782737603193,22.554131493673157,259.3696211024046,260.2812921773302,0.5445628694812122,0.8730607744588901,1.804345669181878,5.397683773332755,3115.8653037448835,67746.35105750074,4.524622998873864,2.262311499436932,9.919953589620418,0.281550796634048,0.22026963183728837,fourier
