nameseq,average,median,maximum,minimum,peak,none_levated_peak,sample_standard_deviation,population_standard_deviation,percentile15,percentile25,percentile50,percentile75,amplitude,variance,interquartile_range,semi_interquartile_range,coefficient_of_variation,skewness,kurtosis,label
LG3_20055144_20055295,23.825457388297927,2.6420879639482915,2949.1257273464607,0.020205372849611675,2.1265768728348537,23.333665726298307,238.1116234128688,238.89877142237847,0.6976821509992646,1.1007737573932526,2.6420879639482915,6.556533642751196,2949.1055219736113,57072.62298712184,5.455759885357944,2.727879942678972,9.994000095453332,0.2668920876779606,0.25391901587830856,fourier
