nameseq,average,median,maximum,minimum,peak,none_levated_peak,sample_standard_deviation,population_standard_deviation,percentile15,percentile25,percentile50,percentile75,amplitude,variance,interquartile_range,semi_interquartile_range,coefficient_of_variation,skewness,kurtosis,label
LG3_21199326_21199676,36.25519942500575,2.1563315447016307,11609.215099326728,0.05329117331174641,3.227123332806807,61.927218610787186,618.6142100718049,619.4973143187948,0.585462345524214,1.0886630483291713,2.1563315447016307,4.155837140059748,11609.161808153416,383776.9224481997,3.0671740917305765,1.5335870458652883,17.06277223357755,0.1653641348281321,0.23283164845373872,fourier
