nameseq,average,median,maximum,minimum,peak,none_levated_peak,sample_standard_deviation,population_standard_deviation,percentile15,percentile25,percentile50,percentile75,amplitude,variance,interquartile_range,semi_interquartile_range,coefficient_of_variation,skewness,kurtosis,label
LG3_11613397_11614608,85.6763298155767,2.297800819969989,99716.32071438115,0.003944396222836924,4.715421410670061,214.4472556691187,2862.9989627817513,2864.1807993492316,0.5202805362729097,0.9478557439311356,2.297800819969989,4.92827035959716,99716.31676998493,8203531.651360804,3.980414615666025,1.9902073078330125,33.41645199957239,0.08736838197935741,0.26894238686741073,fourier
