nameseq,average,median,maximum,minimum,peak,none_levated_peak,sample_standard_deviation,population_standard_deviation,percentile15,percentile25,percentile50,percentile75,amplitude,variance,interquartile_range,semi_interquartile_range,coefficient_of_variation,skewness,kurtosis,label
LG3_11031864_11035005,254.7960314826397,16.526079311211443,721813.1833433408,0.02688734239077308,4.110477416932188,227.24520084327503,12874.768795894124,12876.818102520057,3.5219660860151567,6.784379707739394,16.526079311211443,33.489229668698066,721813.1564559984,165812444.44538823,26.704849960958672,13.352424980479336,50.52970692273649,0.05552020916618276,0.244742034965088,fourier
