nameseq,average,median,maximum,minimum,peak,none_levated_peak,sample_standard_deviation,population_standard_deviation,percentile15,percentile25,percentile50,percentile75,amplitude,variance,interquartile_range,semi_interquartile_range,coefficient_of_variation,skewness,kurtosis,label
LG3_18065969_18066513,64.67151821540436,6.110890455698803,30023.98516673341,0.030638769772923256,2.8090676031693156,60.18510818773706,1284.537625385633,1285.7177245094724,1.4418213786217269,2.5396756785583294,6.110890455698803,12.568872148403136,30023.954527963637,1653070.0671178154,10.029196469844806,5.014598234922403,19.862493734988025,0.13676663089286695,0.22036005623815713,fourier
