nameseq,average,median,maximum,minimum,peak,none_levated_peak,sample_standard_deviation,population_standard_deviation,percentile15,percentile25,percentile50,percentile75,amplitude,variance,interquartile_range,semi_interquartile_range,coefficient_of_variation,skewness,kurtosis,label
LG3_9446607_9446775,25.35731448427363,3.3828427453294605,3297.86159896156,0.025762722197369577,2.2215812075947845,23.489008290100777,252.60731391996546,253.35800595804687,0.927682460678609,1.5478200883862026,3.3828427453294605,7.3134681110517565,3297.835836239363,64190.279183037725,5.7656480226655535,2.8828240113327768,9.961911150986836,0.26097191800914865,0.22032178731722601,fourier
