nameseq,average,median,maximum,minimum,peak,none_levated_peak,sample_standard_deviation,population_standard_deviation,percentile15,percentile25,percentile50,percentile75,amplitude,variance,interquartile_range,semi_interquartile_range,coefficient_of_variation,skewness,kurtosis,label
LG3_11041208_11041601,48.166931475878094,6.069365372011495,14179.43613687876,0.0009616617692822926,2.72662860824142,41.99623399261625,713.271652292242,714.1785460498747,1.4032518759420796,2.127872489947803,6.069365372011495,12.441399555611788,14179.43517521699,510050.995637913,10.313527065663985,5.1567635328319925,14.80832659330701,0.17706114901066486,0.19654382808180101,fourier
