nameseq,average,median,maximum,minimum,peak,none_levated_peak,sample_standard_deviation,population_standard_deviation,percentile15,percentile25,percentile50,percentile75,amplitude,variance,interquartile_range,semi_interquartile_range,coefficient_of_variation,skewness,kurtosis,label
LG3_14680390_14680576,19.77404092944752,1.5136803058547308,3297.848961034129,0.021003568188987343,3.152280990806815,39.47613061735808,240.37232429703235,241.0176202884466,0.32388171446497743,0.47299126361657845,1.5136803058547308,2.93544344305287,3297.82795746594,58089.49328950584,2.462452179436292,1.231226089718146,12.155953613865018,0.22790095336884295,0.21881759169740747,fourier
