nameseq,average,median,maximum,minimum,peak,none_levated_peak,sample_standard_deviation,population_standard_deviation,percentile15,percentile25,percentile50,percentile75,amplitude,variance,interquartile_range,semi_interquartile_range,coefficient_of_variation,skewness,kurtosis,label
LG3_5611486_5611905,46.1776170576454,4.517206849712364,16482.480246782514,0.013368076900155334,3.0317718609263076,53.694498817445144,802.9977993539411,803.9554595623032,0.9036736682056469,1.8537781072574853,4.517206849712364,9.865368367387388,16482.466878705614,646344.3809600341,8.011590260129903,4.005795130064952,17.38932951762163,0.15564330403439938,0.24330026343979075,fourier
