nameseq,average,median,maximum,minimum,peak,none_levated_peak,sample_standard_deviation,population_standard_deviation,percentile15,percentile25,percentile50,percentile75,amplitude,variance,interquartile_range,semi_interquartile_range,coefficient_of_variation,skewness,kurtosis,label
LG3_20247540_20247843,32.49914664722973,2.702118473238322,8879.25825662994,0.07112345564197278,3.118030588103799,51.8474047538913,508.2412520737048,509.0792431655603,0.7126105388491976,1.083939925138516,2.702118473238322,4.7509482546434025,8879.187133174299,259161.67582201964,3.6670083295048865,1.8335041647524433,15.638602994427485,0.17588317390067107,0.265822450288514,fourier
