nameseq,average,median,maximum,minimum,peak,none_levated_peak,sample_standard_deviation,population_standard_deviation,percentile15,percentile25,percentile50,percentile75,amplitude,variance,interquartile_range,semi_interquartile_range,coefficient_of_variation,skewness,kurtosis,label
LG3_17425481_17425637,13.965110702450014,1.2606409964765184,1961.8275587297346,0.0006502089523068393,3.7474341914204854,38.03204516850177,155.95886858928006,156.4579382443464,0.4071613656138185,0.5773938443137843,1.2606409964765184,1.9899272828445047,1961.8269085207824,24479.086439671708,1.4125334385307204,0.7062667192653602,11.167750253631638,0.24438115935742458,0.22563037317586496,fourier
