nameseq,average,median,maximum,minimum,peak,none_levated_peak,sample_standard_deviation,population_standard_deviation,percentile15,percentile25,percentile50,percentile75,amplitude,variance,interquartile_range,semi_interquartile_range,coefficient_of_variation,skewness,kurtosis,label
LG3_1849953_1850272,56.2404627717675,6.991356998744732,14461.386613751074,0.015903529213049356,1.8966178692294287,33.052898925444715,806.6572998734264,807.920663685717,1.6483029686237451,2.8426907638782217,6.991356998744732,12.938754217566688,14461.370710221861,652735.7988103695,10.096063453688465,5.048031726844233,14.343006087040331,0.1831599581907354,0.19106204093429424,fourier
