nameseq,average,median,maximum,minimum,peak,none_levated_peak,sample_standard_deviation,population_standard_deviation,percentile15,percentile25,percentile50,percentile75,amplitude,variance,interquartile_range,semi_interquartile_range,coefficient_of_variation,skewness,kurtosis,label
LG3_2613201_2613470,44.60907123885945,4.154604378263341,10517.191893485098,0.029240226791536636,2.017526872910997,36.18284305331857,638.5497068583147,639.7355012071655,0.8373774059376827,1.6266795342551728,4.154604378263341,7.728631949202764,10517.162653258307,409261.51150478324,6.101952414947592,3.050976207473796,14.31434659195655,0.1900610074333918,0.27476364016326915,fourier
