nameseq,average,median,maximum,minimum,peak,none_levated_peak,sample_standard_deviation,population_standard_deviation,percentile15,percentile25,percentile50,percentile75,amplitude,variance,interquartile_range,semi_interquartile_range,coefficient_of_variation,skewness,kurtosis,label
LG3_7948534_7948830,44.17075547097694,6.499353649398996,10101.069814267785,0.009484055520651987,2.2413019416217463,33.0124455391985,585.0123225166881,585.9996857888817,1.1855914647071526,2.6851022689083024,6.499353649398996,12.347557998437036,10101.060330212264,343395.63174466806,9.662455729528734,4.831227864764367,13.244335902316164,0.19318260678433827,0.26479489224970265,fourier
