nameseq,average,median,maximum,minimum,peak,none_levated_peak,sample_standard_deviation,population_standard_deviation,percentile15,percentile25,percentile50,percentile75,amplitude,variance,interquartile_range,semi_interquartile_range,coefficient_of_variation,skewness,kurtosis,label
LG3_20443014_20444005,104.26298752819469,8.476636606998852,89749.56464647349,0.030423792858887813,3.171467406659992,93.99021662890455,2847.724563828194,2849.160994973173,2.0667770505710856,3.6255571230216486,8.476636606998852,17.67363530291448,89749.53422268062,8117718.375276522,14.048078179892832,7.024039089946416,27.312900112881525,0.10090830286525006,0.2268115825289106,fourier
