nameseq,average,median,maximum,minimum,peak,none_levated_peak,sample_standard_deviation,population_standard_deviation,percentile15,percentile25,percentile50,percentile75,amplitude,variance,interquartile_range,semi_interquartile_range,coefficient_of_variation,skewness,kurtosis,label
LG3_3651087_3651465,52.712499536066,5.52703918562217,16692.60125784483,0.07259692861448859,2.3966485073790857,43.6724684679342,855.9250284724683,857.0564566312628,1.2750587856437365,2.5119538444553697,5.52703918562217,11.036760747235544,16692.528660916218,734545.7698533356,8.524806902780174,4.262403451390087,16.237610358181605,0.16538408895924087,0.20474119768450236,fourier
