nameseq,average,median,maximum,minimum,peak,none_levated_peak,sample_standard_deviation,population_standard_deviation,percentile15,percentile25,percentile50,percentile75,amplitude,variance,interquartile_range,semi_interquartile_range,coefficient_of_variation,skewness,kurtosis,label
LG3_17165362_17166610,107.19637021266095,5.050282581717526,124769.95088428743,0.013135679543290212,3.883837974246634,156.54316279922625,3528.83503777199,3530.248550761893,1.2608397059888685,2.25199525098138,5.050282581717526,9.39014040515771,124769.93774860789,12462654.830156446,7.13814515417633,3.569072577088165,32.91935194047456,0.08683836439300008,0.22466830740346358,fourier
