nameseq,average,median,maximum,minimum,peak,none_levated_peak,sample_standard_deviation,population_standard_deviation,percentile15,percentile25,percentile50,percentile75,amplitude,variance,interquartile_range,semi_interquartile_range,coefficient_of_variation,skewness,kurtosis,label
LG3_1536454_1536604,27.148008446270136,3.8063955583919533,3114.936891082346,0.052185048348421643,1.8540340973058975,20.20370735845452,252.30115917517796,253.14076601885506,0.6525311841185154,1.0565217933868687,3.8063955583919533,9.1861380819055,3114.8847060339976,64080.24742061273,8.129616288518632,4.064808144259316,9.293542090740052,0.2775446569193717,0.31854986217764336,fourier
