nameseq,average,median,maximum,minimum,peak,none_levated_peak,sample_standard_deviation,population_standard_deviation,percentile15,percentile25,percentile50,percentile75,amplitude,variance,interquartile_range,semi_interquartile_range,coefficient_of_variation,skewness,kurtosis,label
LG3_20472461_20472629,26.2964721053323,4.689453542308204,3489.1631018694557,0.025893459399808017,2.1422391987672853,22.691953505953574,267.21480535058043,268.0089075629087,1.1193440520791638,1.8770222965727306,4.689453542308204,8.267122485351436,3489.137208410056,71828.77453306374,6.390100188778705,3.1950500943893525,10.161621843425744,0.2425803300982083,0.2687508077411262,fourier
