nameseq,average,median,maximum,minimum,peak,none_levated_peak,sample_standard_deviation,population_standard_deviation,percentile15,percentile25,percentile50,percentile75,amplitude,variance,interquartile_range,semi_interquartile_range,coefficient_of_variation,skewness,kurtosis,label
LG3_12271007_12271155,14.164511683791988,1.15204271252512,1818.527948888845,0.005158159189189415,3.506415736413892,32.98112069634916,148.33291378054875,148.833194842585,0.34473408794448007,0.5019173756834578,1.15204271252512,2.7551039957351002,1818.5227907296558,22151.319887050864,2.2531866200516424,1.1265933100258212,10.4721516062062,0.26317427413011335,0.26583873160446425,fourier
