nameseq,average,median,maximum,minimum,peak,none_levated_peak,sample_standard_deviation,population_standard_deviation,percentile15,percentile25,percentile50,percentile75,amplitude,variance,interquartile_range,semi_interquartile_range,coefficient_of_variation,skewness,kurtosis,label
LG3_20494566_20494657,11.790806153747225,1.541431280817735,870.9631155893742,0.04012820279288193,2.6008965177432355,18.246073287520513,90.09038167339051,90.58403129565436,0.5115272215739252,0.6907796045583375,1.541431280817735,3.9529076728557557,870.9229873865813,8205.466725772088,3.262128068297418,1.631064034148709,7.640731303580881,0.34130307861566506,0.33336314290372676,fourier
