nameseq,average,median,maximum,minimum,peak,none_levated_peak,sample_standard_deviation,population_standard_deviation,percentile15,percentile25,percentile50,percentile75,amplitude,variance,interquartile_range,semi_interquartile_range,coefficient_of_variation,skewness,kurtosis,label
LG3_15616080_15616911,78.46770100118565,4.467282818954658,59202.01097375803,0.012210669834486227,3.5343629263350382,104.28259767716862,2050.987748830682,2052.2214257836386,1.026163932282493,1.9591979147775218,4.467282818954658,9.988188530469387,59201.998763088195,4211612.7804454295,8.028990615691864,4.014495307845932,26.137987001807172,0.1082411412126968,0.23336730419716833,fourier
