nameseq,average,median,maximum,minimum,peak,none_levated_peak,sample_standard_deviation,population_standard_deviation,percentile15,percentile25,percentile50,percentile75,amplitude,variance,interquartile_range,semi_interquartile_range,coefficient_of_variation,skewness,kurtosis,label
LG4_8596228_8596553,47.23602817949573,4.822290005769365,12821.624162297563,0.04906451464949581,2.300503891938925,39.19097689158781,708.6737953603348,709.7632253583803,1.2735136654600867,2.0162496779355967,4.822290005769365,9.8179164504074,12821.575097782914,503763.8360711309,7.801666772471804,3.900833386235902,15.0028235368857,0.17954835546936174,0.20522385074549793,fourier
