nameseq,average,median,maximum,minimum,peak,none_levated_peak,sample_standard_deviation,population_standard_deviation,percentile15,percentile25,percentile50,percentile75,amplitude,variance,interquartile_range,semi_interquartile_range,coefficient_of_variation,skewness,kurtosis,label
LG4_2989990_2990704,111.1872208662163,14.358044984488043,61286.57719999572,0.05460485614060031,2.143531706940521,52.254867562822945,2290.1361305434193,2291.7393061899124,4.13919781242987,6.649751129532101,14.358044984488043,26.899430006344957,61286.522595139584,5252069.047535821,20.249678876812858,10.124839438406429,20.597116401524037,0.12684290849393998,0.21901574938588017,fourier
