nameseq,average,median,maximum,minimum,peak,none_levated_peak,sample_standard_deviation,population_standard_deviation,percentile15,percentile25,percentile50,percentile75,amplitude,variance,interquartile_range,semi_interquartile_range,coefficient_of_variation,skewness,kurtosis,label
LG4_397497_397851,52.20293209735014,4.068370844141492,16046.662999497454,0.021615328938131576,2.266794767632219,45.62810708785761,850.1545350353198,851.354471461776,0.622322485661232,1.6989253363717705,4.068370844141492,9.653106345465895,16046.641384168515,724804.4360779601,7.954181009094125,3.9770905045470624,16.285570577719987,0.1698558059842928,0.2877480644496244,fourier
