nameseq,average,median,maximum,minimum,peak,none_levated_peak,sample_standard_deviation,population_standard_deviation,percentile15,percentile25,percentile50,percentile75,amplitude,variance,interquartile_range,semi_interquartile_range,coefficient_of_variation,skewness,kurtosis,label
LG4_12643425_12643567,29.580560784887187,3.355638506693523,3510.592687172664,0.06673562294209054,1.6114186277029519,20.020360707293804,292.17880046717124,293.20579414499747,1.0360310747242916,1.594004617248411,3.355638506693523,5.7443589771834,3510.525951549722,85969.63772019865,4.150354359934989,2.0751771799674943,9.877392203343435,0.2692692512556905,0.16977231016818767,fourier
