nameseq,average,median,maximum,minimum,peak,none_levated_peak,sample_standard_deviation,population_standard_deviation,percentile15,percentile25,percentile50,percentile75,amplitude,variance,interquartile_range,semi_interquartile_range,coefficient_of_variation,skewness,kurtosis,label
LG4_10794181_10794757,119.48970022358604,15.694309398570983,52254.91570437814,0.12524954172280528,1.609622695290424,39.57832104549031,2173.163031684222,2175.0486398755734,3.7462937905242644,6.553948775539809,15.694309398570983,31.42186837566933,52254.79045483642,4730836.585824581,24.86791960012952,12.43395980006476,18.187032251464817,0.1432870741564741,0.2062175989478853,fourier
