nameseq,average,median,maximum,minimum,peak,none_levated_peak,sample_standard_deviation,population_standard_deviation,percentile15,percentile25,percentile50,percentile75,amplitude,variance,interquartile_range,semi_interquartile_range,coefficient_of_variation,skewness,kurtosis,label
LG4_10691525_10692163,99.58042407058373,11.806493289633156,47881.51058732183,0.024259498985132143,2.1389746226529742,48.73650342548746,1892.5465053029814,1894.0291114882966,2.4350732268970186,4.953557245547399,11.806493289633156,28.29742050746527,47881.486327822844,3587346.275165146,23.343863261917868,11.671931630958934,19.005206324101643,0.13913623343205297,0.24459927386162303,fourier
