nameseq,average,median,maximum,minimum,peak,none_levated_peak,sample_standard_deviation,population_standard_deviation,percentile15,percentile25,percentile50,percentile75,amplitude,variance,interquartile_range,semi_interquartile_range,coefficient_of_variation,skewness,kurtosis,label
LG4_12525059_12525388,43.021230685611926,5.139110789516833,11559.036819927138,0.02659984846611002,2.556877110370265,39.67159392810441,634.9783097028151,635.942590151585,1.2190506814497544,2.097527518007577,5.139110789516833,11.432561420171156,11559.010220078671,404422.97796870687,9.335033902163579,4.667516951081789,14.759650051461174,0.1789767586572752,0.2614608823326412,fourier
