nameseq,average,median,maximum,minimum,peak,none_levated_peak,sample_standard_deviation,population_standard_deviation,percentile15,percentile25,percentile50,percentile75,amplitude,variance,interquartile_range,semi_interquartile_range,coefficient_of_variation,skewness,kurtosis,label
LG4_10354202_10360152,487.87413772863437,21.707906611769147,2698209.5991017306,0.012998569661128797,4.065939375064851,370.5162670874028,34973.50987932535,34976.44870626044,5.041413258807406,8.572469260262146,21.707906611769147,44.60388783720271,2698209.586103161,1223351964.1016676,36.03141857694057,18.015709288470283,71.6855171748791,0.03998737038907612,0.24645395408522683,fourier
