nameseq,average,median,maximum,minimum,peak,none_levated_peak,sample_standard_deviation,population_standard_deviation,percentile15,percentile25,percentile50,percentile75,amplitude,variance,interquartile_range,semi_interquartile_range,coefficient_of_variation,skewness,kurtosis,label
LG4_10331393_10331517,21.321433935791042,2.925310757879039,2174.848500241862,0.005716712599979216,1.9542150303842027,19.772986983928504,193.4308551611764,194.2092520894957,0.6309972470961915,0.9209639603262959,2.925310757879039,6.306186972536386,2174.842783529262,37717.23359716129,5.38522301221009,2.692611506105045,9.072131627904977,0.28531316520185085,0.33592415250230306,fourier
