nameseq,average,median,maximum,minimum,peak,none_levated_peak,sample_standard_deviation,population_standard_deviation,percentile15,percentile25,percentile50,percentile75,amplitude,variance,interquartile_range,semi_interquartile_range,coefficient_of_variation,skewness,kurtosis,label
LG4_9464544_9465919,118.91557442010213,7.683268348128738,147769.31369935695,0.02618511535814304,3.8570781741868387,139.88826755395658,3981.851678474692,3983.2993613723597,1.793633193279205,3.204892837433535,7.683268348128738,16.606816009042774,147769.2875142416,15866673.802309448,13.401923171609239,6.700961585804619,33.48469448087347,0.08380445711221161,0.2557161832013884,fourier
