nameseq,average,median,maximum,minimum,peak,none_levated_peak,sample_standard_deviation,population_standard_deviation,percentile15,percentile25,percentile50,percentile75,amplitude,variance,interquartile_range,semi_interquartile_range,coefficient_of_variation,skewness,kurtosis,label
LG4_10028880_10034016,396.7149194552111,16.690275657868334,1907705.1865890687,0.0019801594650076144,4.316281665647452,365.4428571514891,26613.912790732174,26616.503582930156,4.034834280882121,7.248584746619368,16.690275657868334,34.10319870950043,1907705.1846089093,708438262.9801339,26.854613962881064,13.427306981440532,67.08573710129113,0.042837516616085064,0.24693662867797547,fourier
