nameseq,average,median,maximum,minimum,peak,none_levated_peak,sample_standard_deviation,population_standard_deviation,percentile15,percentile25,percentile50,percentile75,amplitude,variance,interquartile_range,semi_interquartile_range,coefficient_of_variation,skewness,kurtosis,label
LG4_2331128_2331528,43.979355369966505,4.644842861254837,14624.366364872705,0.06834432231273121,3.039304817958919,50.34481805210211,729.0900616795518,730.000855365932,1.0425989206754853,2.1365748548495374,4.644842861254837,9.032650655053748,14624.298020550392,532901.2488349924,6.896075800204211,3.4480379001021055,16.57800701138624,0.16185042661848775,0.22240141754212925,fourier
