nameseq,average,median,maximum,minimum,peak,none_levated_peak,sample_standard_deviation,population_standard_deviation,percentile15,percentile25,percentile50,percentile75,amplitude,variance,interquartile_range,semi_interquartile_range,coefficient_of_variation,skewness,kurtosis,label
LG4_10103714_10103886,28.906244364349302,3.1106722522063954,4274.894334474303,0.16702993372671743,1.9949553438975356,25.909020952516943,323.7784399607352,324.71829227137255,1.0078876470135079,1.637900263720094,3.1106722522063954,5.032203334617337,4274.727304540576,105441.96933563653,3.3943030708972435,1.6971515354486217,11.200986052690338,0.2390113323969732,0.18918875550019762,fourier
