nameseq,average,median,maximum,minimum,peak,none_levated_peak,sample_standard_deviation,population_standard_deviation,percentile15,percentile25,percentile50,percentile75,amplitude,variance,interquartile_range,semi_interquartile_range,coefficient_of_variation,skewness,kurtosis,label
LG4_5998409_5999119,95.05757451962754,9.929561802882933,56807.332361585126,0.03685501776417707,2.4932258286378235,64.24716830944664,2128.526705236516,2130.025140272672,2.2465275434346235,3.750813763405751,9.929561802882933,19.16085625551965,56807.29550656736,4537007.098193618,15.410042492113899,7.705021246056949,22.39197366430822,0.11998159925452109,0.25922422437550674,fourier
