nameseq,average,median,maximum,minimum,peak,none_levated_peak,sample_standard_deviation,population_standard_deviation,percentile15,percentile25,percentile50,percentile75,amplitude,variance,interquartile_range,semi_interquartile_range,coefficient_of_variation,skewness,kurtosis,label
LG4_9145431_9147084,136.24538882024453,8.387470795847499,206522.5852598893,0.04506304854833501,4.046620132302133,168.20497204856898,5076.284675408216,5077.819919561086,1.9775718841202898,3.4905210141588165,8.387470795847499,15.519266789669622,206522.54019684077,25784255.135491353,12.028745775510806,6.014372887755403,37.258396187672936,0.07556190769430117,0.2516746831501948,fourier
