nameseq,average,median,maximum,minimum,peak,none_levated_peak,sample_standard_deviation,population_standard_deviation,percentile15,percentile25,percentile50,percentile75,amplitude,variance,interquartile_range,semi_interquartile_range,coefficient_of_variation,skewness,kurtosis,label
LG4_9893467_9893877,33.24139702219759,1.834741576500296,12625.540055343055,0.0017743058780879768,4.121367098636546,81.76094219060641,621.8942749290666,622.6522207008261,0.45862237980097686,0.7222312555007184,1.834741576500296,3.477315528265871,12625.538281037178,387695.78794367024,2.7550842727651528,1.3775421363825764,18.708427762942232,0.1515047977372659,0.2577576757841473,fourier
