nameseq,average,median,maximum,minimum,peak,none_levated_peak,sample_standard_deviation,population_standard_deviation,percentile15,percentile25,percentile50,percentile75,amplitude,variance,interquartile_range,semi_interquartile_range,coefficient_of_variation,skewness,kurtosis,label
LG4_5285702_5286126,43.854374302081844,3.561577474764112,16527.941824577283,0.0057016960248147475,3.2303885056214674,62.49335209480679,800.5624730452848,801.5059765819652,0.7551694981318334,1.702348178613426,3.561577474764112,6.545659942698521,16527.93612288126,642411.8304966098,4.843311764085095,2.4216558820425473,18.255019842052125,0.150991827061466,0.2283658900391722,fourier
