nameseq,average,median,maximum,minimum,peak,none_levated_peak,sample_standard_deviation,population_standard_deviation,percentile15,percentile25,percentile50,percentile75,amplitude,variance,interquartile_range,semi_interquartile_range,coefficient_of_variation,skewness,kurtosis,label
LG4_11530240_11530455,42.920895433922276,3.387345890205117,8330.393039390396,0.03320215820310931,1.6775046110313725,31.074476331516717,565.2127758655779,566.525699297455,1.1027515974636817,1.8607839209319141,3.387345890205117,5.823994894655056,8330.359837232192,320951.36796447047,3.9632109737231414,1.9816054868615707,13.168708857338174,0.20983363026344215,0.18807202387289726,fourier
