nameseq,average,median,maximum,minimum,peak,none_levated_peak,sample_standard_deviation,population_standard_deviation,percentile15,percentile25,percentile50,percentile75,amplitude,variance,interquartile_range,semi_interquartile_range,coefficient_of_variation,skewness,kurtosis,label
LG4_4431026_4431188,18.780441812655962,1.9864249512477377,2545.1472250840775,0.005570325958266747,2.8930806780444653,29.08178663116498,198.51516635846275,199.1269248698435,0.42637796073727074,0.9105662898080868,1.9864249512477377,4.7805083741953265,2545.1416547581193,39651.5322081203,3.8699420843872394,1.9349710421936197,10.57031396485493,0.2537944657248445,0.22990357383505786,fourier
