nameseq,average,median,maximum,minimum,peak,none_levated_peak,sample_standard_deviation,population_standard_deviation,percentile15,percentile25,percentile50,percentile75,amplitude,variance,interquartile_range,semi_interquartile_range,coefficient_of_variation,skewness,kurtosis,label
LG4_10085683_10086029,26.80006417287399,1.3147943614578845,8710.264003702689,0.00713523386603223,4.315910063519179,80.76795662978421,466.8291747219468,467.5032966250685,0.35106794725700186,0.5166333545109696,1.3147943614578845,2.2351770994932916,8710.256868468823,218559.33235530677,1.718543744982322,0.859271872491161,17.418957346917608,0.16377684509496862,0.24349594734425023,fourier
