nameseq,average,median,maximum,minimum,peak,none_levated_peak,sample_standard_deviation,population_standard_deviation,percentile15,percentile25,percentile50,percentile75,amplitude,variance,interquartile_range,semi_interquartile_range,coefficient_of_variation,skewness,kurtosis,label
LG4_8592322_8592504,19.934338324833075,1.1924964082518528,3149.0719257250653,0.013124432086426057,3.060046388598193,36.0644585192761,231.97714602369393,232.61357286027365,0.37986832823559,0.46816270890950235,1.1924964082518528,3.5306463875562684,3149.058801292979,54109.074278821834,3.062483678646766,1.531241839323383,11.637062752903612,0.2423752801235034,0.22013022570564467,fourier
