nameseq,average,median,maximum,minimum,peak,none_levated_peak,sample_standard_deviation,population_standard_deviation,percentile15,percentile25,percentile50,percentile75,amplitude,variance,interquartile_range,semi_interquartile_range,coefficient_of_variation,skewness,kurtosis,label
LG4_9043925_9043962,7.078798896675,1.1184675681421679,212.36767250166898,0.03283339089466061,1.7893807765348946,8.760628831459865,33.777440728446294,34.23084948224679,0.19184075763903116,0.28894397296890695,1.1184675681421679,2.523667047140466,212.3348391107743,1171.7510562762352,2.234723074171559,1.1173615370857795,4.771634456844364,0.5293768148200668,0.2904297352965261,fourier
