nameseq,average,median,maximum,minimum,peak,none_levated_peak,sample_standard_deviation,population_standard_deviation,percentile15,percentile25,percentile50,percentile75,amplitude,variance,interquartile_range,semi_interquartile_range,coefficient_of_variation,skewness,kurtosis,label
LG4_6729221_6729923,79.23807848644826,8.130563072951622,43769.152968024,0.020918974502883644,2.9573323559759257,66.13228146271481,1649.993416404504,1651.1682071666555,1.9606481180188386,3.294593034336811,8.130563072951622,16.189137182012026,43769.1320490495,2726356.448357947,12.894544147675214,6.447272073837607,20.82323862367126,0.12928690752314667,0.2196206620771947,fourier
