nameseq,average,median,maximum,minimum,peak,none_levated_peak,sample_standard_deviation,population_standard_deviation,percentile15,percentile25,percentile50,percentile75,amplitude,variance,interquartile_range,semi_interquartile_range,coefficient_of_variation,skewness,kurtosis,label
LG4_2246527_2246647,23.29025439263257,3.6306042886679406,2183.6137950258662,0.00918060010941205,1.7317686897439823,16.91211520189641,197.29215189742058,198.112497023747,0.6210982629356395,1.7877357086497412,3.6306042886679406,6.4483217196082165,2183.6046144257566,39248.56147698417,4.660586010958475,2.3302930054792377,8.471017472433887,0.2989422019308665,0.17095987552533368,fourier
