nameseq,average,median,maximum,minimum,peak,none_levated_peak,sample_standard_deviation,population_standard_deviation,percentile15,percentile25,percentile50,percentile75,amplitude,variance,interquartile_range,semi_interquartile_range,coefficient_of_variation,skewness,kurtosis,label
LG4_9931563_9932008,60.95441753938746,3.7434270469079567,23975.325751828736,0.033393660592307466,2.4389810069237625,56.4281968722223,1133.6900506416262,1134.9631448671748,0.883776618982613,1.880858646665517,3.7434270469079567,9.207773033729366,23975.292358168143,1288141.3402067875,7.326914387063848,3.663457193531924,18.598980950134738,0.1513932060886489,0.20139352280309591,fourier
