nameseq,average,median,maximum,minimum,peak,none_levated_peak,sample_standard_deviation,population_standard_deviation,percentile15,percentile25,percentile50,percentile75,amplitude,variance,interquartile_range,semi_interquartile_range,coefficient_of_variation,skewness,kurtosis,label
LG4_2463817_2464056,41.75509477737204,3.2726381633854893,8817.424914366697,0.050476496428477305,1.9159338621200708,33.88983141657261,567.674466196288,568.8608300110942,0.9362386757127559,1.3352661426878727,3.2726381633854893,6.899358668364588,8817.374437870269,323602.643920911,5.564092525676715,2.7820462628383575,13.595334155580044,0.20336896710453903,0.26035842987144747,fourier
