nameseq,average,median,maximum,minimum,peak,none_levated_peak,sample_standard_deviation,population_standard_deviation,percentile15,percentile25,percentile50,percentile75,amplitude,variance,interquartile_range,semi_interquartile_range,coefficient_of_variation,skewness,kurtosis,label
LG4_8267186_8267330,22.17412617994316,1.9380767685128915,2813.2997527311895,0.032155403993285224,2.1797176105659393,26.598798935231173,232.609582618941,233.4158574199482,0.44686532861145895,0.7551936174642034,1.9380767685128915,4.001776963916236,2813.267597327196,54482.96249508958,3.2465833464520326,1.6232916732260163,10.490135247328933,0.2609873056422716,0.23550543897055531,fourier
