nameseq,average,median,maximum,minimum,peak,none_levated_peak,sample_standard_deviation,population_standard_deviation,percentile15,percentile25,percentile50,percentile75,amplitude,variance,interquartile_range,semi_interquartile_range,coefficient_of_variation,skewness,kurtosis,label
LG4_3768613_3768753,19.639230532221518,1.7765650152218926,2478.4449727702986,0.00372734543872088,2.393169117440139,28.872803136334852,207.8143989201865,208.55527256746825,0.23444711441582966,0.4929192906115533,1.7765650152218926,3.1010897010359897,2478.44124542486,43495.30171569098,2.6081704104244365,1.3040852052122183,10.581595779897356,0.2578646947922986,0.29857008985094885,fourier
