nameseq,average,median,maximum,minimum,peak,none_levated_peak,sample_standard_deviation,population_standard_deviation,percentile15,percentile25,percentile50,percentile75,amplitude,variance,interquartile_range,semi_interquartile_range,coefficient_of_variation,skewness,kurtosis,label
LG4_3484411_3484744,33.109263071927394,2.8377849395378205,9483.490128376448,0.013605858960077476,3.362603785275136,50.976954615140805,517.9142274078217,518.6912934523259,0.9925136293828069,1.5523934929259877,2.8377849395378205,5.859453657044348,9483.476522517489,269040.6579032469,4.307060164118361,2.1535300820591803,15.642577917928643,0.1753464755191184,0.2314850318592585,fourier
