nameseq,average,median,maximum,minimum,peak,none_levated_peak,sample_standard_deviation,population_standard_deviation,percentile15,percentile25,percentile50,percentile75,amplitude,variance,interquartile_range,semi_interquartile_range,coefficient_of_variation,skewness,kurtosis,label
LG4_10837156_10843057,438.18447652898516,15.14349064075334,2456804.5783152888,0.00217793600409717,4.489737630409181,446.0962523455828,31976.464560331187,31979.173856210677,3.455893900100721,6.1811030328532865,15.14349064075334,30.605941066785157,2456804.5761373527,1022667560.5257485,24.42483803393187,12.212419016965935,72.9748913371558,0.039689283199841996,0.2533813082018639,fourier
