nameseq,average,median,maximum,minimum,peak,none_levated_peak,sample_standard_deviation,population_standard_deviation,percentile15,percentile25,percentile50,percentile75,amplitude,variance,interquartile_range,semi_interquartile_range,coefficient_of_variation,skewness,kurtosis,label
LG4_11547234_11547435,41.85627332021257,5.807080503314314,6702.413023015578,0.013763583581869613,1.6086796074321736,22.24010168524205,469.89018653394015,471.057617368096,1.9630717532642994,2.7301748507043424,5.807080503314314,13.593315532608893,6702.399259431996,221895.27888050748,10.86314068190455,5.431570340952275,11.226278625885888,0.2301550054671833,0.32876796617153464,fourier
