nameseq,average,median,maximum,minimum,peak,none_levated_peak,sample_standard_deviation,population_standard_deviation,percentile15,percentile25,percentile50,percentile75,amplitude,variance,interquartile_range,semi_interquartile_range,coefficient_of_variation,skewness,kurtosis,label
LG4_6282646_6283093,37.18498046224149,2.44142760038082,14975.952396593757,0.02164445951284527,4.015958364828776,76.29995612979698,706.596237964436,707.3861725185072,0.6841355407473687,1.12240020129917,2.44142760038082,4.690630532140393,14975.930752134243,500395.1970703833,3.5682303308412227,1.7841151654206113,19.002194681315768,0.14751091639809732,0.24933332107809053,fourier
