nameseq,average,median,maximum,minimum,peak,none_levated_peak,sample_standard_deviation,population_standard_deviation,percentile15,percentile25,percentile50,percentile75,amplitude,variance,interquartile_range,semi_interquartile_range,coefficient_of_variation,skewness,kurtosis,label
LG4_11601323_11607945,543.9018196775705,30.23609512185463,3311509.4380502254,0.014551402856166977,4.058943336456181,359.8126428811198,40687.4389465587,40690.51097185256,7.051174849879434,12.624201563468793,30.23609512185463,61.49353642976764,3311509.4234988224,1655717683.1504533,48.86933486629884,24.43466743314942,74.8065872820182,0.03787402730585194,0.2559772784775419,fourier
