nameseq,average,median,maximum,minimum,peak,none_levated_peak,sample_standard_deviation,population_standard_deviation,percentile15,percentile25,percentile50,percentile75,amplitude,variance,interquartile_range,semi_interquartile_range,coefficient_of_variation,skewness,kurtosis,label
LG4_12087298_12087987,55.12984701390325,2.599939718227697,35039.10612522346,0.0035093922663692644,4.171968769330995,111.46538058171681,1332.796521058885,1333.7633666855365,0.5284864648179333,1.092358868136652,2.599939718227697,5.673309899740449,35039.102615831194,1778924.7183123368,4.580951031603797,2.2904755158018983,24.175588964046383,0.11823989588585075,0.2571300636544635,fourier
