nameseq,average,median,maximum,minimum,peak,none_levated_peak,sample_standard_deviation,population_standard_deviation,percentile15,percentile25,percentile50,percentile75,amplitude,variance,interquartile_range,semi_interquartile_range,coefficient_of_variation,skewness,kurtosis,label
LG4_12813547_12813690,16.47965461149188,1.8182133709873465,1992.2358706955292,0.00156999377556832,2.912682403339194,27.642399777279913,165.24380762043776,165.8205765908879,0.46993236357747636,0.8639442188847627,1.8182133709873465,3.8064614780555113,1992.2343007017537,27496.463620934515,2.9425172591707485,1.4712586295853742,10.027140223267,0.2661783479508343,0.2643174358782758,fourier
