nameseq,average,median,maximum,minimum,peak,none_levated_peak,sample_standard_deviation,population_standard_deviation,percentile15,percentile25,percentile50,percentile75,amplitude,variance,interquartile_range,semi_interquartile_range,coefficient_of_variation,skewness,kurtosis,label
LG4_11159884_11165304,566.4260516517913,40.353566019752996,2744433.465490009,0.02794772492214218,3.1901781260422104,254.18447557926976,37270.42355235523,37273.86162473488,9.375663974219314,16.36120814722989,40.353566019752996,82.65909708981172,2744433.4375422844,1389340760.4198833,66.29788894258184,33.14894447129092,65.79927502216495,0.042345036800537854,0.25896037397733307,fourier
