nameseq,average,median,maximum,minimum,peak,none_levated_peak,sample_standard_deviation,population_standard_deviation,percentile15,percentile25,percentile50,percentile75,amplitude,variance,interquartile_range,semi_interquartile_range,coefficient_of_variation,skewness,kurtosis,label
LG4_3551148_3551705,50.3494571706254,3.8416533144124667,24482.416778238385,0.000175398242609857,3.694180840315297,75.8489161906764,1035.2551709208433,1036.1840676271634,0.7828618128368342,1.3700203536544209,3.8416533144124667,8.110899597783986,24482.41660284014,1073677.4220043737,6.740879244129565,3.3704396220647825,20.561396866952244,0.13477200161631156,0.22919230819868494,fourier
