nameseq,average,median,maximum,minimum,peak,none_levated_peak,sample_standard_deviation,population_standard_deviation,percentile15,percentile25,percentile50,percentile75,amplitude,variance,interquartile_range,semi_interquartile_range,coefficient_of_variation,skewness,kurtosis,label
LG4_9115477_9115604,19.330607711695233,2.0895276576225332,2101.512759664451,0.05448319368028363,2.207207724817304,22.83252615758924,184.7825750562277,185.5086390518521,0.26695545792583075,1.0621688522163686,2.0895276576225332,4.081737545160346,2101.4582764707707,34413.45516287035,3.0195686929439773,1.5097843464719887,9.559067040837634,0.2799140565417447,0.2278070797874511,fourier
