nameseq,average,median,maximum,minimum,peak,none_levated_peak,sample_standard_deviation,population_standard_deviation,percentile15,percentile25,percentile50,percentile75,amplitude,variance,interquartile_range,semi_interquartile_range,coefficient_of_variation,skewness,kurtosis,label
LG4_5043861_5044145,44.956313550451405,6.215460626513276,10377.964805543006,0.10956786269607466,2.1131625904643623,32.48110139638969,613.2173331430265,614.2959924342684,1.4051348416672764,2.1616363049709815,6.215460626513276,11.071394575094663,10377.85523768031,377359.56632080284,8.909758270123682,4.454879135061841,13.640293981285955,0.18952914813434782,0.2179473155568205,fourier
