nameseq,average,median,maximum,minimum,peak,none_levated_peak,sample_standard_deviation,population_standard_deviation,percentile15,percentile25,percentile50,percentile75,amplitude,variance,interquartile_range,semi_interquartile_range,coefficient_of_variation,skewness,kurtosis,label
LG4_9530834_9533473,227.47811537754302,14.784436783121784,539960.0304488325,0.014876585203244239,3.868504003294881,197.5789832214442,10506.557615501386,10508.548059322504,3.4703348509861227,6.083924424981324,14.784436783121784,30.74059589703444,539960.0155722473,110429582.31509076,24.656671472053116,12.328335736026558,46.18711385956299,0.06073169339897192,0.2510555838170858,fourier
