nameseq,average,median,maximum,minimum,peak,none_levated_peak,sample_standard_deviation,population_standard_deviation,percentile15,percentile25,percentile50,percentile75,amplitude,variance,interquartile_range,semi_interquartile_range,coefficient_of_variation,skewness,kurtosis,label
LG4_4628520_4628725,21.117026613983406,2.179831375072494,3769.2820373170225,0.01714440891619521,3.251720420771575,38.04301619767814,261.79498320817373,262.4327307627001,0.4452061133144838,0.9253422888746907,2.179831375072494,4.537978807171547,3769.2648929081065,68870.93817556782,3.6126365182968563,1.8063182591484281,12.39734115951801,0.2170079236069905,0.3433471425090807,fourier
