nameseq,average,median,maximum,minimum,peak,none_levated_peak,sample_standard_deviation,population_standard_deviation,percentile15,percentile25,percentile50,percentile75,amplitude,variance,interquartile_range,semi_interquartile_range,coefficient_of_variation,skewness,kurtosis,label
LG4_12097995_12098196,17.11613028143436,1.0472174454397494,3140.2063889568753,0.012354617718471314,3.9339110082825735,49.122762354795846,220.29344809575642,220.84076185382085,0.2854922918768099,0.42744784523061036,1.0472174454397494,2.0286049270516555,3140.194034339157,48770.64209617601,1.6011570818210452,0.8005785409105226,12.870517136382505,0.21882965165187068,0.23391530732358465,fourier
