nameseq,average,median,maximum,minimum,peak,none_levated_peak,sample_standard_deviation,population_standard_deviation,percentile15,percentile25,percentile50,percentile75,amplitude,variance,interquartile_range,semi_interquartile_range,coefficient_of_variation,skewness,kurtosis,label
LG4_3838782_3838928,28.05749709986404,1.8341082325891134,3611.252270942987,0.0029090247214029756,1.746413795414326,24.461294275187985,296.5767611326004,297.5907017352402,0.511505540078515,0.82118583066652,1.8341082325891134,4.279810364051844,3611.2493619182655,88560.2257592727,3.4586245333853243,1.7293122666926621,10.570321368189235,0.2652607247492702,0.21662157984099437,fourier
