nameseq,average,median,maximum,minimum,peak,none_levated_peak,sample_standard_deviation,population_standard_deviation,percentile15,percentile25,percentile50,percentile75,amplitude,variance,interquartile_range,semi_interquartile_range,coefficient_of_variation,skewness,kurtosis,label
LG4_4595476_4596765,121.15437789768335,10.013663220007219,136630.57332540123,0.07734812521004138,3.5491907718195814,114.78885329482713,3802.2420433978086,3803.7166380017798,2.760790077245138,4.6676108486927514,10.013663220007219,21.804089530005783,136630.49597727603,14468260.262211561,17.13647868131303,8.568239340656515,31.383447378260303,0.08769093083171302,0.2549236370010884,fourier
