nameseq,average,median,maximum,minimum,peak,none_levated_peak,sample_standard_deviation,population_standard_deviation,percentile15,percentile25,percentile50,percentile75,amplitude,variance,interquartile_range,semi_interquartile_range,coefficient_of_variation,skewness,kurtosis,label
LG4_3724360_3724510,25.473642620107167,2.166665064830238,3134.7309049438913,0.006409242834360806,1.9758985428178855,23.77554013005962,254.0567428583145,254.90219192673538,0.7423009274625325,0.9868630010436503,2.166665064830238,4.7250696911385095,3134.724495701057,64975.12744905424,3.7382066900948594,1.8691033450474297,9.973318172320566,0.27521777961557653,0.18402578270223607,fourier
