nameseq,average,median,maximum,minimum,peak,none_levated_peak,sample_standard_deviation,population_standard_deviation,percentile15,percentile25,percentile50,percentile75,amplitude,variance,interquartile_range,semi_interquartile_range,coefficient_of_variation,skewness,kurtosis,label
LG4_9078232_9078564,52.18361801305818,4.67321509031619,13459.782988043622,4.4226379993887145e-05,2.127104333245424,37.781659453823956,736.7342758439056,737.8429811752083,1.0186764635293446,1.7458627414873769,4.67321509031619,9.310900528615692,13459.782943817241,544412.2648695187,7.565037787128315,3.7825188935641574,14.11811414953154,0.1934635233374489,0.18939977108484135,fourier
