nameseq,average,median,maximum,minimum,peak,none_levated_peak,sample_standard_deviation,population_standard_deviation,percentile15,percentile25,percentile50,percentile75,amplitude,variance,interquartile_range,semi_interquartile_range,coefficient_of_variation,skewness,kurtosis,label
LG4_11899714_11900640,94.88036077624763,7.420286183104034,78215.72233567091,0.007253582187706257,3.256732979006074,97.15538991191987,2567.2295812445213,2568.615400282694,1.6443999283828652,2.9575876627772626,7.420286183104034,15.198835479291215,78215.71508208873,6597785.074569424,12.241247816513953,6.120623908256976,27.05754447222973,0.10220364617808593,0.2618607971657526,fourier
