nameseq,average,median,maximum,minimum,peak,none_levated_peak,sample_standard_deviation,population_standard_deviation,percentile15,percentile25,percentile50,percentile75,amplitude,variance,interquartile_range,semi_interquartile_range,coefficient_of_variation,skewness,kurtosis,label
LG4_9677764_9684396,496.82956529625204,18.30448836668179,3113844.719087351,0.006613133189268808,4.450218252775706,454.467851876261,38230.11200764749,38232.99414508667,4.36712396662853,7.824242682739545,18.30448836668179,37.466780356990185,3113844.712474218,1461761841.2982314,29.64253767425064,14.82126883712532,76.94814213572707,0.03755090308136007,0.25352421143057524,fourier
