nameseq,average,median,maximum,minimum,peak,none_levated_peak,sample_standard_deviation,population_standard_deviation,percentile15,percentile25,percentile50,percentile75,amplitude,variance,interquartile_range,semi_interquartile_range,coefficient_of_variation,skewness,kurtosis,label
LG4_2859767_2859979,23.634348785682395,1.7251939828013079,4525.8977035533335,0.019051869478632466,3.0041022345837405,42.866577615498954,309.23023472880254,309.9586932994373,0.3040593770017212,0.6208034899780004,1.7251939828013079,3.185989112689077,4525.8786516838545,96074.39155189465,2.5651856227110765,1.2825928113555383,13.083932945769723,0.2125518692125522,0.23835045418805378,fourier
