nameseq,average,median,maximum,minimum,peak,none_levated_peak,sample_standard_deviation,population_standard_deviation,percentile15,percentile25,percentile50,percentile75,amplitude,variance,interquartile_range,semi_interquartile_range,coefficient_of_variation,skewness,kurtosis,label
LG4_3973658_3974238,62.01425856884308,4.728009140933382,31830.445174009077,0.0017903281910388023,3.122937710392425,71.83720882994629,1319.1328994972432,1320.2695932880779,1.2110015349766676,2.1755986944175816,4.728009140933382,9.897812047974266,31830.443383680886,1743111.7989610664,7.722213353556684,3.861106676778342,21.27144514729385,0.1302816026718984,0.24980039739853066,fourier
