nameseq,average,median,maximum,minimum,peak,none_levated_peak,sample_standard_deviation,population_standard_deviation,percentile15,percentile25,percentile50,percentile75,amplitude,variance,interquartile_range,semi_interquartile_range,coefficient_of_variation,skewness,kurtosis,label
LG4_2481591_2481760,21.08884533971833,2.672509706006077,2833.108902619673,0.020847137826593025,2.687044537234182,27.75733762361344,216.47621335665224,217.1157308898229,0.669817983674897,1.1441245215417193,2.672509706006077,4.259701677108195,2833.0880554818464,47139.240599822,3.1155771555664757,1.5577885777832379,10.264962821314123,0.2552197585335256,0.19576847858069416,fourier
