nameseq,average,median,maximum,minimum,peak,none_levated_peak,sample_standard_deviation,population_standard_deviation,percentile15,percentile25,percentile50,percentile75,amplitude,variance,interquartile_range,semi_interquartile_range,coefficient_of_variation,skewness,kurtosis,label
LG4_7787581_7788051,36.799872222890905,1.7093496820357346,16022.621216492445,0.0019763730142460367,4.266319161356764,91.24308077187982,737.3778521203533,738.161879829462,0.43959338608615595,0.7119274524650612,1.7093496820357346,3.7137149553892432,16022.619240119431,544882.9608333651,3.001787502924182,1.500893751462091,20.03751120803285,0.1427647539451501,0.23079464689489126,fourier
