nameseq,average,median,maximum,minimum,peak,none_levated_peak,sample_standard_deviation,population_standard_deviation,percentile15,percentile25,percentile50,percentile75,amplitude,variance,interquartile_range,semi_interquartile_range,coefficient_of_variation,skewness,kurtosis,label
LG4_8687284_8688669,107.8175231845896,4.340550114577455,139913.96305369743,0.020840850112798157,4.28501774437009,181.44452551616965,3756.665227051369,3758.021179171704,0.9409026535072376,1.7211589561468608,4.340550114577455,8.71516951192112,139913.94221284732,14122723.18310308,6.99401055577426,3.49700527788713,34.84280770037491,0.08263470403874547,0.23590842963953537,fourier
