nameseq,average,median,maximum,minimum,peak,none_levated_peak,sample_standard_deviation,population_standard_deviation,percentile15,percentile25,percentile50,percentile75,amplitude,variance,interquartile_range,semi_interquartile_range,coefficient_of_variation,skewness,kurtosis,label
LG4_10374762_10375466,78.76360796719167,6.349685704744846,48436.248431592365,0.022429031913103824,2.983611417317085,76.73260904064132,1822.5738594787126,1823.8678417925726,1.2445967408529686,2.3175322915925105,6.349685704744846,14.721635914822722,48436.22600256045,3326493.9043250964,12.404103623230212,6.202051811615106,23.13979649380575,0.11919504148351792,0.261542366571032,fourier
