nameseq,average,median,maximum,minimum,peak,none_levated_peak,sample_standard_deviation,population_standard_deviation,percentile15,percentile25,percentile50,percentile75,amplitude,variance,interquartile_range,semi_interquartile_range,coefficient_of_variation,skewness,kurtosis,label
LG4_5656977_5657236,30.126647368231392,2.7651203869241625,6703.043755245892,0.03526159980354914,2.8767444849524426,41.303360641306305,414.67811664739844,415.4778823212487,0.6265924648732125,1.0260417647447688,2.7651203869241625,5.428792959005223,6703.008493646088,172621.8706981494,4.402751194260454,2.201375597130227,13.764495981875411,0.19794770364918568,0.23372763432100724,fourier
