nameseq,average,median,maximum,minimum,peak,none_levated_peak,sample_standard_deviation,population_standard_deviation,percentile15,percentile25,percentile50,percentile75,amplitude,variance,interquartile_range,semi_interquartile_range,coefficient_of_variation,skewness,kurtosis,label
LG4_13668558_13668748,19.484284356829185,1.1399459618248091,3367.4939568315194,0.013285169758584417,3.2675907157119517,42.77828968054769,242.89756351982294,243.53592878236006,0.20920588160936276,0.5160032598449957,1.1399459618248091,2.5600871864658927,3367.480671661761,59309.748607886744,2.044083926620897,1.0220419633104485,12.466332305127134,0.2265688234477571,0.20538936117947806,fourier
