nameseq,average,median,maximum,minimum,peak,none_levated_peak,sample_standard_deviation,population_standard_deviation,percentile15,percentile25,percentile50,percentile75,amplitude,variance,interquartile_range,semi_interquartile_range,coefficient_of_variation,skewness,kurtosis,label
LG4_1474060_1474422,35.78004181215439,1.9584828509130052,11857.223256105723,0.06177547083225874,3.381773577438823,65.6796180691394,621.3316741687894,622.1892752314443,0.5514264137741455,0.8196074685273691,1.9584828509130052,4.321089769634122,11857.16148063489,387119.4942130299,3.501482301106753,1.7507411505533765,17.365314368015206,0.163301954659663,0.25282427232919047,fourier
