nameseq,average,median,maximum,minimum,peak,none_levated_peak,sample_standard_deviation,population_standard_deviation,percentile15,percentile25,percentile50,percentile75,amplitude,variance,interquartile_range,semi_interquartile_range,coefficient_of_variation,skewness,kurtosis,label
LG4_3693191_3693328,23.0789027874073,1.9691608896744799,2787.2460047421578,0.04253765409203302,1.9931623450097156,24.41882704523833,236.17359558250504,237.03397582931362,0.3687143085599306,0.7981254454774426,1.9691608896744799,5.109124660341773,2787.2034670880657,56185.10569745164,4.310999214864331,2.1554996074321653,10.233311252186999,0.2681469346181631,0.30940533732182784,fourier
