nameseq,average,median,maximum,minimum,peak,none_levated_peak,sample_standard_deviation,population_standard_deviation,percentile15,percentile25,percentile50,percentile75,amplitude,variance,interquartile_range,semi_interquartile_range,coefficient_of_variation,skewness,kurtosis,label
LG4_8957781_8957911,17.643402708953943,1.417737137325949,2026.2025906364265,0.028218461993965254,2.4749572056475273,26.157405118674703,176.17424546358313,176.8505406392387,0.5474610031349936,0.6771425883690216,1.417737137325949,3.119839736845165,2026.1743721744326,31276.11372439101,2.4426971484761433,1.2213485742380716,9.985275990678122,0.2763002990976111,0.2607173835708349,fourier
