nameseq,average,median,maximum,minimum,peak,none_levated_peak,sample_standard_deviation,population_standard_deviation,percentile15,percentile25,percentile50,percentile75,amplitude,variance,interquartile_range,semi_interquartile_range,coefficient_of_variation,skewness,kurtosis,label
LG4_9902033_9902283,24.64096782196458,2.7211599479092023,5369.3079870511265,0.03333011868925513,3.3954294032269092,43.64603228741398,338.0390072637528,338.7144105490509,0.6384990257300566,1.1433168876464026,2.7211599479092023,4.9234749940538025,5369.274656932437,114727.451913591,3.7801581064074,1.8900790532037,13.718576709573478,0.19453205757067482,0.3055512308309994,fourier
