nameseq,average,median,maximum,minimum,peak,none_levated_peak,sample_standard_deviation,population_standard_deviation,percentile15,percentile25,percentile50,percentile75,amplitude,variance,interquartile_range,semi_interquartile_range,coefficient_of_variation,skewness,kurtosis,label
LG4_8685792_8686157,63.77079163420801,5.912929430645058,19692.92861936998,0.033008679714766294,1.9131015449799842,39.74818883712824,1027.536386566372,1028.943007877292,1.1732534930510716,2.4409531309994024,5.912929430645058,12.903012243376027,19692.895610690266,1058723.713459569,10.462059112376625,5.231029556188313,16.112962693961283,0.16892208283806326,0.23662594194124964,fourier
