nameseq,average,median,maximum,minimum,peak,none_levated_peak,sample_standard_deviation,population_standard_deviation,percentile15,percentile25,percentile50,percentile75,amplitude,variance,interquartile_range,semi_interquartile_range,coefficient_of_variation,skewness,kurtosis,label
LG4_7562801_7562988,26.492508294759315,1.764784659633244,4438.828591843609,7.916096094973886e-05,2.3654486003902937,34.75904463254406,322.6819726666736,323.5436083064372,0.37590320789400866,0.5644388025658754,1.764784659633244,3.826778378028277,4438.828512682648,104680.46647594924,3.2623395754624016,1.6311697877312008,12.180121605567479,0.22989561608391587,0.2850340042008703,fourier
