nameseq,average,median,maximum,minimum,peak,none_levated_peak,sample_standard_deviation,population_standard_deviation,percentile15,percentile25,percentile50,percentile75,amplitude,variance,interquartile_range,semi_interquartile_range,coefficient_of_variation,skewness,kurtosis,label
LG4_9103599_9104278,52.30426488611283,2.765487079917672,32860.98471114673,0.0010020395127022577,4.333617290295735,113.15163295688913,1259.090343672755,1260.017167753852,0.5816781112359802,1.0223382866653188,2.765487079917672,5.268738422225272,32860.98370910722,1587643.2630344387,4.246400135559953,2.1232000677799765,24.072422132579337,0.11803468604569949,0.24008208656827523,fourier
