nameseq,average,median,maximum,minimum,peak,none_levated_peak,sample_standard_deviation,population_standard_deviation,percentile15,percentile25,percentile50,percentile75,amplitude,variance,interquartile_range,semi_interquartile_range,coefficient_of_variation,skewness,kurtosis,label
LG4_7260325_7260903,45.23404909999981,2.548047717677734,24224.67970486981,0.005506025995207711,4.266697406931913,101.20041877230074,1005.7374824541996,1006.6071215984819,0.5222551430383816,1.1170107962259996,2.548047717677734,4.6504134256447855,24224.674198843815,1013257.8972527809,3.533402629418786,1.766701314709393,22.2340803546195,0.1273274650503024,0.22798559758359427,fourier
