nameseq,average,median,maximum,minimum,peak,none_levated_peak,sample_standard_deviation,population_standard_deviation,percentile15,percentile25,percentile50,percentile75,amplitude,variance,interquartile_range,semi_interquartile_range,coefficient_of_variation,skewness,kurtosis,label
LG4_915402_915568,22.541402834719854,2.7684099433252634,2962.5488394105296,0.18362471671525454,2.4695298280604323,25.23481995580081,228.28054668465276,228.9671062699789,0.6821587810323838,1.3173251284053955,2.7684099433252634,5.442359227784905,2962.3652146938143,52425.935753647806,4.12503409937951,2.062517049689755,10.127166812042372,0.2598512205077515,0.19119442159552547,fourier
