nameseq,average,median,maximum,minimum,peak,none_levated_peak,sample_standard_deviation,population_standard_deviation,percentile15,percentile25,percentile50,percentile75,amplitude,variance,interquartile_range,semi_interquartile_range,coefficient_of_variation,skewness,kurtosis,label
LG4_10690981_10691297,44.346604298416985,4.067132474539796,11931.715172959584,0.003771079136073385,2.3827453835160632,41.55044480569928,668.7704266061169,669.8277718143369,0.8114156456240044,1.4681783481698152,4.067132474539796,8.973514560238051,11931.711401880448,448669.2438937594,7.5053362120682365,3.7526681060341183,15.080532933386054,0.1806874387147524,0.2240882418060988,fourier
