nameseq,average,median,maximum,minimum,peak,none_levated_peak,sample_standard_deviation,population_standard_deviation,percentile15,percentile25,percentile50,percentile75,amplitude,variance,interquartile_range,semi_interquartile_range,coefficient_of_variation,skewness,kurtosis,label
LG5_12404700_12405012,38.74761371208353,3.737697672661926,10538.394347140395,0.010392374285628819,2.6926389353571145,44.20504315128072,594.4426027720365,595.3944730418849,0.973592272996531,1.8444325534960349,3.737697672661926,6.764536358916284,10538.383954766108,354494.57852882385,4.920103805420249,2.4600519027101244,15.34139901334513,0.17668610498050524,0.2262816435988458,fourier
