nameseq,average,median,maximum,minimum,peak,none_levated_peak,sample_standard_deviation,population_standard_deviation,percentile15,percentile25,percentile50,percentile75,amplitude,variance,interquartile_range,semi_interquartile_range,coefficient_of_variation,skewness,kurtosis,label
LG5_2910908_2911134,23.436033651887087,2.13886441764246,4607.081701930242,0.02679505376696136,3.228646442081463,41.57111465533542,304.9180993363919,305.5919523114646,0.3166973527494762,0.5271081032791701,2.13886441764246,4.724403339428694,4607.054906876475,93386.44131753246,4.1972952361495235,2.0986476180747617,13.01065290592974,0.2095366193144457,0.27613341364519994,fourier
