nameseq,average,median,maximum,minimum,peak,none_levated_peak,sample_standard_deviation,population_standard_deviation,percentile15,percentile25,percentile50,percentile75,amplitude,variance,interquartile_range,semi_interquartile_range,coefficient_of_variation,skewness,kurtosis,label
LG5_16813879_16814029,23.026627251513972,2.2697694162970636,2939.2721219523096,0.07166301318529833,2.1858751949886184,25.223114606751068,238.13976064559273,238.93224124078037,0.35383420984682057,0.8359319001281764,2.2697694162970636,5.87557626578916,2939.2004589391245,57088.61590434247,5.039644365660983,2.5198221828304916,10.341929716603865,0.2614875119418794,0.2983627359165602,fourier
