nameseq,average,median,maximum,minimum,peak,none_levated_peak,sample_standard_deviation,population_standard_deviation,percentile15,percentile25,percentile50,percentile75,amplitude,variance,interquartile_range,semi_interquartile_range,coefficient_of_variation,skewness,kurtosis,label
LG5_16401198_16401523,38.26182676645,3.3420187044366427,10568.124543759088,0.02215094888262633,2.840080462701571,46.98515459087845,584.2113764713474,585.109472891582,0.793448038318832,1.3284491979812674,3.3420187044366427,6.436557137380619,10568.102392810206,342353.09526746493,5.108107939399352,2.554053969699676,15.26877898531533,0.17931767234453708,0.24017253107540384,fourier
