nameseq,average,median,maximum,minimum,peak,none_levated_peak,sample_standard_deviation,population_standard_deviation,percentile15,percentile25,percentile50,percentile75,amplitude,variance,interquartile_range,semi_interquartile_range,coefficient_of_variation,skewness,kurtosis,label
LG5_4105812_4105868,11.92824557564117,1.9503533561695887,554.2652203577821,0.17149460070638292,1.5928578833755866,10.859898950677879,72.49848999016443,73.14293368597305,0.45286030940270794,0.7387050454922756,1.9503533561695887,3.533740509643953,554.0937257570757,5349.88874819065,2.7950354641516775,1.3975177320758387,6.077883753350498,0.41288689823023517,0.2997564051557826,fourier
