nameseq,average,median,maximum,minimum,peak,none_levated_peak,sample_standard_deviation,population_standard_deviation,percentile15,percentile25,percentile50,percentile75,amplitude,variance,interquartile_range,semi_interquartile_range,coefficient_of_variation,skewness,kurtosis,label
LG5_15817696_15817846,26.90031631532631,1.710655234261326,3586.908581640366,0.016723668449403446,1.8711056310016767,26.71317586862803,290.6989119382215,291.6662986783805,0.2122016375885109,0.6164700382174675,1.710655234261326,4.1504420311058094,3586.8918579719166,85069.22978474626,3.533971992888342,1.766985996444171,10.806523928218544,0.25995619570552314,0.23408399140071534,fourier
