nameseq,average,median,maximum,minimum,peak,none_levated_peak,sample_standard_deviation,population_standard_deviation,percentile15,percentile25,percentile50,percentile75,amplitude,variance,interquartile_range,semi_interquartile_range,coefficient_of_variation,skewness,kurtosis,label
LG5_8799376_8800863,121.14835502672048,6.773641392097179,164995.39826377475,0.012458420463663872,4.094153815712993,159.99528065716547,4275.616626599711,4277.0540502834865,1.7807043750750038,2.906315311218306,6.773641392097179,14.359201940109681,164995.38580535428,18293191.349046372,11.452886628891376,5.726443314445688,35.2924034804821,0.08025138146605718,0.26562778646928753,fourier
