nameseq,average,median,maximum,minimum,peak,none_levated_peak,sample_standard_deviation,population_standard_deviation,percentile15,percentile25,percentile50,percentile75,amplitude,variance,interquartile_range,semi_interquartile_range,coefficient_of_variation,skewness,kurtosis,label
LG5_12643163_12643377,20.4129379781554,1.3861815234554011,3880.8522384888324,0.04161688301152223,3.5108452660444898,44.503008057418555,263.91204332223487,264.5279415771655,0.3587823491277683,0.5499110065400781,1.3861815234554011,3.1218627422565675,3880.810621605821,69975.03187505229,2.5719517357164894,1.2859758678582447,12.92866532023251,0.21628520110545074,0.27781869283464966,fourier
