nameseq,average,median,maximum,minimum,peak,none_levated_peak,sample_standard_deviation,population_standard_deviation,percentile15,percentile25,percentile50,percentile75,amplitude,variance,interquartile_range,semi_interquartile_range,coefficient_of_variation,skewness,kurtosis,label
LG5_1827440_1827639,29.470287436226357,2.921748450098041,4857.234421330848,0.0019060475369185354,2.2621654712711305,29.41138476995785,342.30201897782837,343.1609965366368,0.5378113579554604,1.040572834230797,2.921748450098041,6.499230250816846,4857.232515283311,117759.46954401766,5.45865741658605,2.729328708293025,11.615157121170578,0.23267644519369243,0.21576085840847029,fourier
