nameseq,average,median,maximum,minimum,peak,none_levated_peak,sample_standard_deviation,population_standard_deviation,percentile15,percentile25,percentile50,percentile75,amplitude,variance,interquartile_range,semi_interquartile_range,coefficient_of_variation,skewness,kurtosis,label
LG5_4879042_4879098,7.647722125012039,1.1475013630984463,354.17859735636245,0.02783741983108176,2.484399889198392,13.891235032159251,46.325205762860655,46.73699346788682,0.12152031378600224,0.33156913129477145,1.1475013630984463,2.4890747853409496,354.15075993653136,2184.3465584172955,2.157505654046178,1.078752827023089,6.05738610864967,0.4209514445670231,0.3465034402857585,fourier
