nameseq,average,median,maximum,minimum,peak,none_levated_peak,sample_standard_deviation,population_standard_deviation,percentile15,percentile25,percentile50,percentile75,amplitude,variance,interquartile_range,semi_interquartile_range,coefficient_of_variation,skewness,kurtosis,label
LG5_6328631_6329325,128.2614664501767,19.28523688457414,65446.79786446717,0.019821038375607797,1.8062062837606634,44.552603042326005,2480.9712422615185,2482.7580420914496,3.5059050458116485,7.291083531402541,19.28523688457414,38.9391442602967,65446.77804342879,6164087.495569769,31.64806072889416,15.82403036444708,19.34307560116081,0.13177447732074363,0.22757845915983524,fourier
