nameseq,average,median,maximum,minimum,peak,none_levated_peak,sample_standard_deviation,population_standard_deviation,percentile15,percentile25,percentile50,percentile75,amplitude,variance,interquartile_range,semi_interquartile_range,coefficient_of_variation,skewness,kurtosis,label
LG5_13979566_13979893,25.583097296434516,1.3046099772217614,7776.919455635304,0.033108214326318657,4.273655064766961,74.43191242737521,428.65408476016006,429.3090188086477,0.2797440845107093,0.5029648208577295,1.3046099772217614,2.670259851346402,7776.8863474209775,184306.2336304438,2.1672950304886722,1.0836475152443361,16.755363113124737,0.16991664035673673,0.22263168734559768,fourier
