nameseq,average,median,maximum,minimum,peak,none_levated_peak,sample_standard_deviation,population_standard_deviation,percentile15,percentile25,percentile50,percentile75,amplitude,variance,interquartile_range,semi_interquartile_range,coefficient_of_variation,skewness,kurtosis,label
LG5_12616196_12616477,60.4101498134835,7.351863932222084,13348.248636018941,0.04266995764001145,1.5560299103747508,26.72311379498615,792.856932489617,794.2664570378643,1.9344482607893418,3.0247524516567763,7.351863932222084,16.550922072943806,13348.205966061301,630859.2047754815,13.526169621287028,6.763084810643514,13.124564910657645,0.20076113498051396,0.2335518989430318,fourier
