nameseq,average,median,maximum,minimum,peak,none_levated_peak,sample_standard_deviation,population_standard_deviation,percentile15,percentile25,percentile50,percentile75,amplitude,variance,interquartile_range,semi_interquartile_range,coefficient_of_variation,skewness,kurtosis,label
LG5_2354115_2354366,32.962058567454775,4.543264421740135,6571.65192742753,0.028016572538681596,2.548384526048314,32.612319935089815,412.8023634777845,413.623861531073,0.9420277296656171,1.8996147645296937,4.543264421740135,7.840020437769424,6571.623910854991,171084.69882787624,5.940405673239731,2.9702028366198654,12.523561373844734,0.20653075171099913,0.19099868764985953,fourier
