nameseq,average,median,maximum,minimum,peak,none_levated_peak,sample_standard_deviation,population_standard_deviation,percentile15,percentile25,percentile50,percentile75,amplitude,variance,interquartile_range,semi_interquartile_range,coefficient_of_variation,skewness,kurtosis,label
LG5_128927_130146,113.22988520977133,6.313012199335493,126373.85641540513,0.008494533077476501,3.591513547092891,134.97216858546665,3616.328382178337,3617.8113957252667,1.6042729814329921,2.6714184465269133,6.313012199335493,13.207727313395875,126373.84792087205,13088559.295039602,10.53630886686896,5.26815443343448,31.937932070483644,0.08869510319140313,0.25165611251938924,fourier
