nameseq,average,median,maximum,minimum,peak,none_levated_peak,sample_standard_deviation,population_standard_deviation,percentile15,percentile25,percentile50,percentile75,amplitude,variance,interquartile_range,semi_interquartile_range,coefficient_of_variation,skewness,kurtosis,label
LG5_10266669_10267027,73.83680085414888,5.490120405182127,23357.303840101227,0.0034472834691940653,1.6206913799400158,40.12480508972188,1230.610334034488,1232.3278649945648,0.9490517683445084,2.0919424591182487,5.490120405182127,10.936168300666855,23357.300392817757,1518631.9668420623,8.844225841548607,4.422112920774303,16.66662585321558,0.16661654438955326,0.21303142837763128,fourier
