nameseq,average,median,maximum,minimum,peak,none_levated_peak,sample_standard_deviation,population_standard_deviation,percentile15,percentile25,percentile50,percentile75,amplitude,variance,interquartile_range,semi_interquartile_range,coefficient_of_variation,skewness,kurtosis,label
LG5_4511670_4512118,70.59930758257326,5.743383014722967,27876.475205864073,0.005716705145618122,2.119945248635985,52.00669387113195,1313.7640475822552,1315.229484789182,1.2438384638200781,2.0779149199065037,5.743383014722967,10.154141563310043,27876.469489158928,1729828.5976588167,8.07622664340354,4.03811332170177,18.608738422054223,0.14809948107623863,0.2575938519724835,fourier
