nameseq,average,median,maximum,minimum,peak,none_levated_peak,sample_standard_deviation,population_standard_deviation,percentile15,percentile25,percentile50,percentile75,amplitude,variance,interquartile_range,semi_interquartile_range,coefficient_of_variation,skewness,kurtosis,label
LG5_2214998_2215263,32.40207199191765,3.6837447712367806,7180.937848383557,0.008543939404853726,2.73645051738616,37.899536908211964,439.1723342081952,440.0001810017238,0.8115834686569017,1.404313100513947,3.6837447712367806,7.557550414283558,7180.929304444152,193600.15928154968,6.15323731376961,3.076618656884805,13.553834900365075,0.1961757946738051,0.2621997044349108,fourier
