nameseq,average,median,maximum,minimum,peak,none_levated_peak,sample_standard_deviation,population_standard_deviation,percentile15,percentile25,percentile50,percentile75,amplitude,variance,interquartile_range,semi_interquartile_range,coefficient_of_variation,skewness,kurtosis,label
LG5_16428392_16428632,29.79636192275211,3.864340240296995,5897.980560703631,0.03323390606469412,2.6960785864260783,33.76164462485218,378.824616092154,379.61301364857985,1.0140735872493993,1.7267381343834707,3.864340240296995,8.23813473918059,5897.947326797566,144106.0401313569,6.511396604797119,3.2556983023985593,12.713787578304602,0.2053616944165013,0.27972330281390484,fourier
