nameseq,average,median,maximum,minimum,peak,none_levated_peak,sample_standard_deviation,population_standard_deviation,percentile15,percentile25,percentile50,percentile75,amplitude,variance,interquartile_range,semi_interquartile_range,coefficient_of_variation,skewness,kurtosis,label
LG5_1344083_1347860,364.2841561569857,26.424745303786885,1223524.7527067312,0.005819678682866441,3.4570082504236948,215.34833033462533,19902.710528904452,19905.345079254057,6.668026829595511,11.516333857976457,26.424745303786885,53.43749624780633,1223524.7468870524,396222762.7241836,41.921162389829874,20.960581194914937,54.63512533421167,0.05092664293577449,0.24527006972519388,fourier
