nameseq,average,median,maximum,minimum,peak,none_levated_peak,sample_standard_deviation,population_standard_deviation,percentile15,percentile25,percentile50,percentile75,amplitude,variance,interquartile_range,semi_interquartile_range,coefficient_of_variation,skewness,kurtosis,label
LG5_9042000_9042898,67.27374758892172,2.564186202895557,56933.38404121571,0.015046825237442081,4.454436944672518,148.10629638019705,1897.6508574646732,1898.707161948068,0.7276106875803388,1.1450505240436477,2.564186202895557,5.588860151603381,56933.36899439047,3605088.8868328873,4.443809627559733,2.2219048137798665,28.207895731635563,0.1022994737912121,0.25545635233321606,fourier
