nameseq,average,median,maximum,minimum,peak,none_levated_peak,sample_standard_deviation,population_standard_deviation,percentile15,percentile25,percentile50,percentile75,amplitude,variance,interquartile_range,semi_interquartile_range,coefficient_of_variation,skewness,kurtosis,label
LG5_341344_341780,40.66987998159577,2.657354358596024,16113.18504667487,0.0004695045665304744,3.581684202967523,73.5994510674296,769.7458757370001,770.6281062566337,0.5167419921652815,0.870244212961976,2.657354358596024,5.310730143225005,16113.184577170303,593867.6781526856,4.440485930263029,2.2202429651315145,18.92668176265411,0.1481496432310377,0.27151162921670297,fourier
