nameseq,average,median,maximum,minimum,peak,none_levated_peak,sample_standard_deviation,population_standard_deviation,percentile15,percentile25,percentile50,percentile75,amplitude,variance,interquartile_range,semi_interquartile_range,coefficient_of_variation,skewness,kurtosis,label
LG5_17041884_17053314,954.4499197770192,57.19193773291739,9930511.422702294,0.010195664113335345,3.99217733102593,452.7453163913186,92876.74573887997,92880.80849979,13.154904741522609,23.36794925463197,57.19193773291739,116.77504090485739,9930511.41250663,8626844587.574661,93.40709165022542,46.70354582511271,97.3091870137912,0.02898221642799741,0.24688247122784393,fourier
