nameseq,average,median,maximum,minimum,peak,none_levated_peak,sample_standard_deviation,population_standard_deviation,percentile15,percentile25,percentile50,percentile75,amplitude,variance,interquartile_range,semi_interquartile_range,coefficient_of_variation,skewness,kurtosis,label
LG5_3538440_3539816,106.58238585349012,5.257416323676733,135763.0175956151,0.03973360972030308,4.306527728052071,167.3408168075523,3657.0629951626643,3658.391628447247,1.130255219302003,2.02101195255422,5.257416323676733,11.0674221562983,135762.97786200538,13383829.3070929,9.04641020374408,4.52320510187204,34.31207667080865,0.08311995417949301,0.24949800042318498,fourier
