nameseq,average,median,maximum,minimum,peak,none_levated_peak,sample_standard_deviation,population_standard_deviation,percentile15,percentile25,percentile50,percentile75,amplitude,variance,interquartile_range,semi_interquartile_range,coefficient_of_variation,skewness,kurtosis,label
LG5_8946718_8947006,30.36249519213415,2.664995263493338,7646.807016818718,0.01584103524005049,3.172773934544414,47.25483839012011,448.8206188055569,449.5991460494816,0.502517317218656,1.0181050834885064,2.664995263493338,5.733292889031589,7646.791175783478,202139.3921284231,4.715187805543083,2.3575939027715416,14.782072947740817,0.185135210603862,0.2641972926506127,fourier
