nameseq,average,median,maximum,minimum,peak,none_levated_peak,sample_standard_deviation,population_standard_deviation,percentile15,percentile25,percentile50,percentile75,amplitude,variance,interquartile_range,semi_interquartile_range,coefficient_of_variation,skewness,kurtosis,label
LG5_2452478_2453141,79.08916135429159,8.484133585952481,42473.56696853695,0.00801930528070203,2.7985292743444066,61.989118581058875,1646.799895912826,1648.0413585059644,2.486830843773077,3.7795682466635006,8.484133585952481,15.907624375505153,42473.55894923167,2716040.3193461844,12.128056128841653,6.064028064420826,20.82206800165376,0.1286222350576526,0.21592867420992498,fourier
