nameseq,average,median,maximum,minimum,peak,none_levated_peak,sample_standard_deviation,population_standard_deviation,percentile15,percentile25,percentile50,percentile75,amplitude,variance,interquartile_range,semi_interquartile_range,coefficient_of_variation,skewness,kurtosis,label
LG5_15165474_15165702,56.69314716130112,5.763423371258912,10720.898620048554,0.19862591425474266,1.3464296331292513,23.83466136315943,706.3472462746117,707.8945586354587,2.175741940436771,2.8011577770381884,5.763423371258912,11.634766277214803,10720.6999941343,501114.70614569075,8.833608500176615,4.416804250088307,12.459129218297587,0.21630886532928548,0.19174137406350475,fourier
