nameseq,average,median,maximum,minimum,peak,none_levated_peak,sample_standard_deviation,population_standard_deviation,percentile15,percentile25,percentile50,percentile75,amplitude,variance,interquartile_range,semi_interquartile_range,coefficient_of_variation,skewness,kurtosis,label
LG5_5573896_5573954,17.408060933662863,2.5052011605988436,824.3865006980802,0.28903913643965945,1.1297448200354252,9.475681594077697,106.04483323621717,106.95510601131622,0.4590743881530632,0.9964396165509813,2.5052011605988436,4.183015041359411,824.0974615616406,11439.39470189189,3.1865754248084297,1.5932877124042149,6.0917085274645855,0.42160073201871817,0.18466555356308273,fourier
