nameseq,average,median,maximum,minimum,peak,none_levated_peak,sample_standard_deviation,population_standard_deviation,percentile15,percentile25,percentile50,percentile75,amplitude,variance,interquartile_range,semi_interquartile_range,coefficient_of_variation,skewness,kurtosis,label
LG5_1429840_1429945,16.609008573604065,2.5343172215185152,1462.6245030308166,0.022908152152519488,2.127359569763061,18.92843874341425,141.14186611059324,141.81237756218422,0.4945987473836058,0.8682810097489148,2.5343172215185152,4.1585232113141855,1462.6015948786642,20110.75042983949,3.290242201565271,1.6451211007826354,8.497910365035485,0.29916051997761967,0.30503879330531064,fourier
