nameseq,average,median,maximum,minimum,peak,none_levated_peak,sample_standard_deviation,population_standard_deviation,percentile15,percentile25,percentile50,percentile75,amplitude,variance,interquartile_range,semi_interquartile_range,coefficient_of_variation,skewness,kurtosis,label
LG5_6669436_6669782,30.414770795603676,1.7957036380189226,9512.89838622464,0.008007104095989863,3.802976765597911,65.60766300214311,509.7945563280055,510.53072213580367,0.401948889365542,0.6944738313660003,1.7957036380189226,3.820751299703722,9512.890379120545,260641.61824450517,3.1262774683377215,1.5631387341688607,16.761413714210665,0.1684152967249676,0.25392398318549697,fourier
