nameseq,average,median,maximum,minimum,peak,none_levated_peak,sample_standard_deviation,population_standard_deviation,percentile15,percentile25,percentile50,percentile75,amplitude,variance,interquartile_range,semi_interquartile_range,coefficient_of_variation,skewness,kurtosis,label
LG5_10086434_10090570,308.2248056299972,13.523227471438782,1193741.0494158636,0.0013685807899358545,4.474007201274368,331.20140863589666,18557.012085791408,18559.255302733516,3.0771683809671435,5.603327596683767,13.523227471438782,26.840466177221053,1193741.0480472827,344445957.3920421,21.237138580537287,10.618569290268644,60.2060955083149,0.04764262319754643,0.2524288514980593,fourier
