nameseq,average,median,maximum,minimum,peak,none_levated_peak,sample_standard_deviation,population_standard_deviation,percentile15,percentile25,percentile50,percentile75,amplitude,variance,interquartile_range,semi_interquartile_range,coefficient_of_variation,skewness,kurtosis,label
LG5_3543054_3547342,421.12339454452217,28.104617416579043,1623243.1059392632,0.028854621856360174,3.394887781556194,236.6022761928265,24782.452139571255,24785.34171599798,6.648430369554463,11.858309419450324,28.104617416579043,57.66608270208953,1623243.0770846414,614313163.9787897,45.80777328263921,22.903886641319605,58.848433643482124,0.047576257778832835,0.2488490713204755,fourier
