nameseq,average,median,maximum,minimum,peak,none_levated_peak,sample_standard_deviation,population_standard_deviation,percentile15,percentile25,percentile50,percentile75,amplitude,variance,interquartile_range,semi_interquartile_range,coefficient_of_variation,skewness,kurtosis,label
LG5_7493801_7494477,69.58037048340745,4.248172966646485,42854.9220817488,0.021155278990393912,3.243251869727835,90.55994632336173,1645.6154843652002,1646.832205776797,1.0342179115432095,1.8159631811896935,4.248172966646485,8.379542915415126,42854.90092646981,2712056.3139836704,6.563579734225432,3.281789867112716,23.65057088561527,0.11910230209451939,0.24321556744422163,fourier
