nameseq,average,median,maximum,minimum,peak,none_levated_peak,sample_standard_deviation,population_standard_deviation,percentile15,percentile25,percentile50,percentile75,amplitude,variance,interquartile_range,semi_interquartile_range,coefficient_of_variation,skewness,kurtosis,label
LG5_9660841_9661585,61.73886986163067,2.438092069573195,43184.458824377376,0.007460928172138974,4.022317445879698,126.25632478628276,1580.9621226306474,1582.024240400858,0.5189590699422313,1.0327838630140338,2.438092069573195,4.89259180264871,43184.4513634492,2502800.6972159115,3.859807939634676,1.929903969817338,25.607241048854704,0.11252789097828049,0.2360031343787961,fourier
