nameseq,average,median,maximum,minimum,peak,none_levated_peak,sample_standard_deviation,population_standard_deviation,percentile15,percentile25,percentile50,percentile75,amplitude,variance,interquartile_range,semi_interquartile_range,coefficient_of_variation,skewness,kurtosis,label
LG5_16705501_16705637,29.536693367184895,2.070949270244891,3412.876794263973,0.0012511734177939634,1.5460994939061825,20.03236923250556,290.1611592246216,291.2259743964872,0.6016270564622102,1.3807235816900694,2.070949270244891,7.797351918037934,3412.8755430905553,84812.5681631834,6.4166283363478644,3.2083141681739322,9.823752294052964,0.2839705786639558,0.32314726572083224,fourier
