nameseq,average,median,maximum,minimum,peak,none_levated_peak,sample_standard_deviation,population_standard_deviation,percentile15,percentile25,percentile50,percentile75,amplitude,variance,interquartile_range,semi_interquartile_range,coefficient_of_variation,skewness,kurtosis,label
LG5_12889758_12890440,52.668069146072895,2.5119611635852843,32961.3976796646,0.011095663083882617,4.322669700217067,111.4874761221854,1260.1557652614083,1261.0792947113212,0.5448560586838713,0.9165837084071468,2.5119611635852843,5.780151356292285,32961.38658400152,1590320.9875496032,4.863567647885138,2.431783823942569,23.926371057317745,0.11940454354565405,0.24761080037223385,fourier
