nameseq,average,median,maximum,minimum,peak,none_levated_peak,sample_standard_deviation,population_standard_deviation,percentile15,percentile25,percentile50,percentile75,amplitude,variance,interquartile_range,semi_interquartile_range,coefficient_of_variation,skewness,kurtosis,label
LG5_9534252_9534420,16.389262199877315,1.249234797983623,2464.087680400615,0.08076945916984485,3.437209841804534,37.31105663741142,188.85179061860865,189.41301560214072,0.3848804135924817,0.5612412723299924,1.249234797983623,2.7320886342520003,2464.0069109414453,35877.290479496805,2.170847361922008,1.085423680961004,11.522897633550723,0.2405064948386334,0.3234553867623505,fourier
