nameseq,average,median,maximum,minimum,peak,none_levated_peak,sample_standard_deviation,population_standard_deviation,percentile15,percentile25,percentile50,percentile75,amplitude,variance,interquartile_range,semi_interquartile_range,coefficient_of_variation,skewness,kurtosis,label
LG5_5973724_5973874,29.605571343758978,3.5389491354795806,3711.29668356567,0.06648402558979082,1.7001304500730026,21.848683639781022,300.66426009352,301.66480948159614,0.5264006249698988,0.7521771519315785,3.5389491354795806,7.2906930093165325,3711.23019954008,91001.6572795677,6.538515857384954,3.269257928692477,10.155664844377398,0.26009032999304454,0.3128456001217783,fourier
