nameseq,average,median,maximum,minimum,peak,none_levated_peak,sample_standard_deviation,population_standard_deviation,percentile15,percentile25,percentile50,percentile75,amplitude,variance,interquartile_range,semi_interquartile_range,coefficient_of_variation,skewness,kurtosis,label
LG5_9534252_9534419,16.26738271386494,1.3337098172325155,2429.54997304681,0.009690325675198473,3.4424714156549805,37.48528536686116,186.7535645188445,187.31187238481593,0.3167706052584249,0.5403850329104468,1.3337098172325155,2.585546130634517,2429.5402827211346,35085.73753630557,2.04516109772407,1.022580548862035,11.480246564782151,0.239893780904924,0.305364611332884,fourier
