nameseq,average,median,maximum,minimum,peak,none_levated_peak,sample_standard_deviation,population_standard_deviation,percentile15,percentile25,percentile50,percentile75,amplitude,variance,interquartile_range,semi_interquartile_range,coefficient_of_variation,skewness,kurtosis,label
LG5_264885_265101,46.32464291789187,3.743887805623846,8974.957007306724,0.03866417654742436,1.5614439481280098,29.71019664173607,607.5355124449296,608.9402207073077,0.9568100171793551,1.418644511170212,3.743887805623846,6.122019799715834,8974.918343130177,370808.19239506463,4.703375288545622,2.351687644272811,13.114737085437575,0.2102630426042516,0.23802350193831917,fourier
