nameseq,average,median,maximum,minimum,peak,none_levated_peak,sample_standard_deviation,population_standard_deviation,percentile15,percentile25,percentile50,percentile75,amplitude,variance,interquartile_range,semi_interquartile_range,coefficient_of_variation,skewness,kurtosis,label
LG5_11127528_11128009,42.96309788187153,2.8946085461035054,18577.058723588503,0.003099810544908451,3.7396434286099436,75.98275659573234,845.0951879523761,845.973209163692,0.522856280814199,1.061541224869038,2.8946085461035054,6.4529791571640125,18577.055623777956,715670.6706227158,5.391437932294974,2.695718966147487,19.670257258356777,0.14223896872322275,0.2720088415242097,fourier
