nameseq,average,median,maximum,minimum,peak,none_levated_peak,sample_standard_deviation,population_standard_deviation,percentile15,percentile25,percentile50,percentile75,amplitude,variance,interquartile_range,semi_interquartile_range,coefficient_of_variation,skewness,kurtosis,label
LG5_14951698_14951759,7.229821511743376,1.0751226214075806,370.18227927350307,0.03726433569573909,2.8585306889109043,15.583485869279954,46.48127626731615,46.86072155311465,0.223959664327487,0.3735852805824822,1.0751226214075806,2.0670628667581954,370.14501493780733,2195.927224478544,1.6934775861757132,0.8467387930878566,6.429104258219481,0.3972372996993336,0.3613946408656583,fourier
