nameseq,average,median,maximum,minimum,peak,none_levated_peak,sample_standard_deviation,population_standard_deviation,percentile15,percentile25,percentile50,percentile75,amplitude,variance,interquartile_range,semi_interquartile_range,coefficient_of_variation,skewness,kurtosis,label
LG5_18517717_18522797,429.6249730928308,28.047857204124032,1974217.7345809469,0.0020074091324273186,3.942197899889561,286.5263373185991,27692.952815506007,27695.678365713433,6.142001156520155,11.204188450056044,28.047857204124032,56.21803002644203,1974217.7325735376,767050600.137047,45.013841576385985,22.506920788192993,64.45843363375033,0.04350317409964168,0.24144864006036085,fourier
