nameseq,average,median,maximum,minimum,peak,none_levated_peak,sample_standard_deviation,population_standard_deviation,percentile15,percentile25,percentile50,percentile75,amplitude,variance,interquartile_range,semi_interquartile_range,coefficient_of_variation,skewness,kurtosis,label
LG5_3642277_3645287,341.4553122043877,28.513906194053813,902021.2783599576,0.020948736705874965,2.93937927100075,167.39231078505958,16435.047881189825,16437.77772887599,6.001662641423936,11.17395683468455,28.513906194053813,55.52090191046565,902021.2574112209,270200536.6639315,44.34694507578111,22.173472537890554,48.1323537627441,0.057123302884045817,0.23773602840899735,fourier
