nameseq,average,median,maximum,minimum,peak,none_levated_peak,sample_standard_deviation,population_standard_deviation,percentile15,percentile25,percentile50,percentile75,amplitude,variance,interquartile_range,semi_interquartile_range,coefficient_of_variation,skewness,kurtosis,label
LG5_12804416_12804634,21.096819390046022,1.8592525025624371,4063.747795965119,0.015032458761436645,3.4602372353077606,43.03574459478353,273.81512037977103,274.44241815582194,0.3221096996155777,0.7260202380862201,1.8592525025624371,3.497143712542095,4063.7327635063575,75318.64088321503,2.771123474455875,1.3855617372279374,12.978976371621377,0.21077251169477224,0.2685484666143525,fourier
