nameseq,average,median,maximum,minimum,peak,none_levated_peak,sample_standard_deviation,population_standard_deviation,percentile15,percentile25,percentile50,percentile75,amplitude,variance,interquartile_range,semi_interquartile_range,coefficient_of_variation,skewness,kurtosis,label
LG5_16776958_16777212,30.12720729865444,2.524895426267985,6726.837938699876,0.006182657013758682,2.8213700379655275,42.1957290639168,420.20657499988306,421.03294074398804,0.48473838710182415,0.8853406927452827,2.524895426267985,5.657713823002159,6726.831756042862,177268.73719153053,4.772373130256876,2.386186565128438,13.947744005420994,0.19706244629128522,0.28206478746058117,fourier
