nameseq,average,median,maximum,minimum,peak,none_levated_peak,sample_standard_deviation,population_standard_deviation,percentile15,percentile25,percentile50,percentile75,amplitude,variance,interquartile_range,semi_interquartile_range,coefficient_of_variation,skewness,kurtosis,label
LG5_14447840_14448224,50.1718263352359,3.6344471490415446,16283.867681672937,0.014063476846461009,2.5578764559185334,49.752392864870885,828.5664682799116,829.6446293973971,0.6063225629732614,1.2365729994912344,3.6344471490415446,9.0441487876988,16283.85361819609,688310.2110879445,7.807575788207566,3.903787894103783,16.514576582156543,0.1684984161239535,0.23372678002276223,fourier
