nameseq,average,median,maximum,minimum,peak,none_levated_peak,sample_standard_deviation,population_standard_deviation,percentile15,percentile25,percentile50,percentile75,amplitude,variance,interquartile_range,semi_interquartile_range,coefficient_of_variation,skewness,kurtosis,label
LG5_5785687_5788192,189.8954783895137,7.9283413873964905,447227.9292899092,0.0025930168728813094,4.398911129520932,258.3577173037307,8931.843139938735,8933.625765071733,1.7287581449611844,3.052146579318227,7.9283413873964905,15.1968858198153,447227.9266968923,79809669.31035349,12.144739240497072,6.072369620248536,47.035575652927,0.06111856225568422,0.24576133202386174,fourier
