nameseq,average,median,maximum,minimum,peak,none_levated_peak,sample_standard_deviation,population_standard_deviation,percentile15,percentile25,percentile50,percentile75,amplitude,variance,interquartile_range,semi_interquartile_range,coefficient_of_variation,skewness,kurtosis,label
LG5_13107358_13107517,14.290187906863299,1.033389982463657,2009.758737117928,0.008761918251338383,3.732164593001494,37.446416028503215,158.26061675628517,158.7575115951337,0.30312437172284246,0.41623387402350015,1.033389982463657,2.3512450627702983,2009.7499751996766,25203.94748787901,1.9350111887467982,0.9675055943733991,11.074775068582246,0.2512968455976871,0.1969290581791282,fourier
