nameseq,average,median,maximum,minimum,peak,none_levated_peak,sample_standard_deviation,population_standard_deviation,percentile15,percentile25,percentile50,percentile75,amplitude,variance,interquartile_range,semi_interquartile_range,coefficient_of_variation,skewness,kurtosis,label
LG5_7669105_7669523,49.163453519137555,4.825807538881972,17685.865090881587,0.034001937494832685,2.8408636226561965,53.22138180438226,862.6760837042256,863.7073764618307,0.975879497337694,2.0691913999969556,4.825807538881972,10.00493162828155,17685.83108894409,745990.4321545786,7.935740228284595,3.9678701141422974,17.547100985662386,0.15418642112996278,0.25955667352328005,fourier
