nameseq,average,median,maximum,minimum,peak,none_levated_peak,sample_standard_deviation,population_standard_deviation,percentile15,percentile25,percentile50,percentile75,amplitude,variance,interquartile_range,semi_interquartile_range,coefficient_of_variation,skewness,kurtosis,label
LG5_3534286_3534374,11.769199457527245,1.121547488431613,938.7717379422079,0.000592738502328153,2.5207038740169123,22.569848800179457,98.82544846228541,99.38537049808671,0.1914036704612545,0.3118513360100132,1.121547488431613,1.7236521442060242,938.7711452037056,9877.451869041966,1.411800808196011,0.7059004040980055,8.396955869337354,0.3232260152047499,0.24959661557548324,fourier
