nameseq,average,median,maximum,minimum,peak,none_levated_peak,sample_standard_deviation,population_standard_deviation,percentile15,percentile25,percentile50,percentile75,amplitude,variance,interquartile_range,semi_interquartile_range,coefficient_of_variation,skewness,kurtosis,label
LG5_9134606_9138153,269.65690243908085,11.429964227735415,895074.2172228675,0.00020098141832054,4.385820114261111,302.0455450820503,15024.43044619988,15026.54820369101,2.711065989159552,4.725169084054051,11.429964227735415,22.840656066664167,895074.2170218861,225797150.91784954,18.115486982610115,9.057743491305057,55.71683984463962,0.0515614097591284,0.23669977690048563,fourier
