nameseq,average,median,maximum,minimum,peak,none_levated_peak,sample_standard_deviation,population_standard_deviation,percentile15,percentile25,percentile50,percentile75,amplitude,variance,interquartile_range,semi_interquartile_range,coefficient_of_variation,skewness,kurtosis,label
LG5_3525811_3529013,251.49019987836635,10.082054126668064,755558.9383936775,1.9308808253251317e-05,4.2453609213521855,290.2900466920514,13347.936736077274,13350.02088578723,2.3351361247100435,3.983869438398658,10.082054126668064,20.2439557703541,755558.9383743687,178223057.65095526,16.260086331955442,8.130043165977721,53.07537527320359,0.05425740708656759,0.24746228942594267,fourier
