nameseq,average,median,maximum,minimum,peak,none_levated_peak,sample_standard_deviation,population_standard_deviation,percentile15,percentile25,percentile50,percentile75,amplitude,variance,interquartile_range,semi_interquartile_range,coefficient_of_variation,skewness,kurtosis,label
LG5_16669716_16669839,13.5618532141246,1.1892578077732099,1443.249222579066,0.001929473054556999,3.0477643933120353,27.88381982030398,128.9383698375598,129.46144853643045,0.28113582326298175,0.6039799001328058,1.1892578077732099,2.303196272298659,1443.2472931060115,16760.266657150827,1.699216372165853,0.8496081860829265,9.507429980385805,0.28787230880781417,0.22522118294998064,fourier
