nameseq,average,median,maximum,minimum,peak,none_levated_peak,sample_standard_deviation,population_standard_deviation,percentile15,percentile25,percentile50,percentile75,amplitude,variance,interquartile_range,semi_interquartile_range,coefficient_of_variation,skewness,kurtosis,label
LG5_140144_140354,40.019081028846344,2.706878115222475,7518.573221343494,0.051206951583724826,1.7574949630311607,31.398022293330143,516.0903493872443,517.3176765649015,0.8339691860259171,1.150176503577639,2.706878115222475,5.930537368939849,7518.5220143919105,267617.57848650805,4.780360865362209,2.3901804326811047,12.896106959958393,0.21689343517811233,0.20784800794245714,fourier
