nameseq,average,median,maximum,minimum,peak,none_levated_peak,sample_standard_deviation,population_standard_deviation,percentile15,percentile25,percentile50,percentile75,amplitude,variance,interquartile_range,semi_interquartile_range,coefficient_of_variation,skewness,kurtosis,label
LG5_17727555_17727695,19.237458637420684,2.2629403212553636,2226.1595040819648,0.001293339127632364,2.4431501523062744,24.406286935296258,186.55864373166548,187.22373904523178,0.2950394465990663,1.0746645845098037,2.2629403212553636,4.614920457134761,2226.158210742837,35052.728462077044,3.5402558726249573,1.7701279363124787,9.697676145682353,0.27296272062173266,0.2154358908575483,fourier
