nameseq,average,median,maximum,minimum,peak,none_levated_peak,sample_standard_deviation,population_standard_deviation,percentile15,percentile25,percentile50,percentile75,amplitude,variance,interquartile_range,semi_interquartile_range,coefficient_of_variation,skewness,kurtosis,label
LG5_16946765_16946936,20.69461818508069,1.670485165127078,3109.512099344991,0.004730940854944405,2.770446539316511,34.23935755549969,236.2370859971503,236.92683078175662,0.21648472025859264,0.5062192601707762,1.670485165127078,3.4772039026158628,3109.507368404136,56134.32314428714,2.9709846424450865,1.4854923212225433,11.415387512075966,0.24158949818975198,0.2500242578687582,fourier
