nameseq,average,median,maximum,minimum,peak,none_levated_peak,sample_standard_deviation,population_standard_deviation,percentile15,percentile25,percentile50,percentile75,amplitude,variance,interquartile_range,semi_interquartile_range,coefficient_of_variation,skewness,kurtosis,label
LG5_14465334_14465541,32.46539445016348,4.481525783193473,5343.786495532718,0.1039492854488851,2.135607298403984,26.46859112219169,369.27905696829237,370.1699606924373,1.244220634748719,2.1242763698955396,4.481525783193473,8.262025555176743,5343.682546247269,137025.79979904057,6.137749185281203,3.0688745926406016,11.374543978979219,0.22733920165994792,0.20842141761845498,fourier
