nameseq,average,median,maximum,minimum,peak,none_levated_peak,sample_standard_deviation,population_standard_deviation,percentile15,percentile25,percentile50,percentile75,amplitude,variance,interquartile_range,semi_interquartile_range,coefficient_of_variation,skewness,kurtosis,label
LG5_16758252_16758745,44.90762446652871,1.9544176873415449,20753.72322171201,0.006131509998003717,3.6667864003672412,94.01572012442321,932.6913751413376,933.6368304019746,0.40802828943071,0.7506791283259472,1.9544176873415449,3.649046975905652,20753.71709020201,871677.7310830456,2.898367847579705,1.4491839237898525,20.769109616040957,0.13815890633494327,0.22803171133293484,fourier
