nameseq,average,median,maximum,minimum,peak,none_levated_peak,sample_standard_deviation,population_standard_deviation,percentile15,percentile25,percentile50,percentile75,amplitude,variance,interquartile_range,semi_interquartile_range,coefficient_of_variation,skewness,kurtosis,label
LG5_10442199_10442371,23.472389915645447,2.3600565916537755,3519.396202311759,0.00798145032937044,2.456787181616693,30.366003404123326,266.58568339656307,267.359518648081,0.5912248990589881,0.8248421731743655,2.3600565916537755,4.033852274885838,3519.38822086143,71481.11221173358,3.2090101017114727,1.6045050508557364,11.35741542955842,0.23758590170709662,0.28034630153822526,fourier
