nameseq,average,median,maximum,minimum,peak,none_levated_peak,sample_standard_deviation,population_standard_deviation,percentile15,percentile25,percentile50,percentile75,amplitude,variance,interquartile_range,semi_interquartile_range,coefficient_of_variation,skewness,kurtosis,label
LG5_4869584_4869945,33.521806805626845,1.6084013507382118,11178.95878714642,0.06315772323043048,3.599646861708302,71.15554494040906,586.6245924472839,587.4365299880457,0.511694948866359,0.7641161355984253,1.6084013507382118,2.9923029812744377,11178.895629423188,345081.67676439614,2.2281868456760123,1.1140934228380062,17.49979038566666,0.16320525528133129,0.22218284785845,fourier
