nameseq,average,median,maximum,minimum,peak,none_levated_peak,sample_standard_deviation,population_standard_deviation,percentile15,percentile25,percentile50,percentile75,amplitude,variance,interquartile_range,semi_interquartile_range,coefficient_of_variation,skewness,kurtosis,label
LG5_4111578_4111727,22.113450823702934,1.8699231621279524,2918.95426102998,0.04667352137437361,2.2610672752353094,27.538583825981785,237.33263431932036,238.1277207484968,0.5847031969417287,0.8731114504758366,1.8699231621279524,3.620438878561622,2918.9075875086055,56704.81138887408,2.747327428085786,1.373663714042893,10.732501056096075,0.2558880415198808,0.2351809595679013,fourier
