nameseq,average,median,maximum,minimum,peak,none_levated_peak,sample_standard_deviation,population_standard_deviation,percentile15,percentile25,percentile50,percentile75,amplitude,variance,interquartile_range,semi_interquartile_range,coefficient_of_variation,skewness,kurtosis,label
LG5_11298603_11299160,39.06678243168694,1.209543732494688,20856.61476622209,0.004385317539989022,4.761078041818361,132.45749074444763,882.0698603397021,882.8613094539189,0.267601070203469,0.5285498954929573,1.209543732494688,2.1740146184100695,20856.61038090455,779444.0917306885,1.6454647229171122,0.8227323614585561,22.57851313662981,0.1287559196885359,0.2351614953794624,fourier
