nameseq,average,median,maximum,minimum,peak,none_levated_peak,sample_standard_deviation,population_standard_deviation,percentile15,percentile25,percentile50,percentile75,amplitude,variance,interquartile_range,semi_interquartile_range,coefficient_of_variation,skewness,kurtosis,label
LG5_1194496_1195083,71.41889287553472,7.182630526497492,35144.84948557827,0.07199359309335826,2.74437186168062,59.89930976930783,1447.7071956579978,1448.9398116289783,1.773575143337415,2.756542513119222,7.182630526497492,15.307220829605512,35144.77749198518,2099426.577723419,12.550678316486291,6.2753391582431455,20.27064740671617,0.13311309609090086,0.2386149555141219,fourier
