nameseq,average,median,maximum,minimum,peak,none_levated_peak,sample_standard_deviation,population_standard_deviation,percentile15,percentile25,percentile50,percentile75,amplitude,variance,interquartile_range,semi_interquartile_range,coefficient_of_variation,skewness,kurtosis,label
LG5_5527001_5528629,134.7594608752717,8.096546086695712,201080.41785630397,0.021647451979051137,4.02940169449461,166.5815827664314,4980.266208021601,4981.795538998235,1.936502676321889,3.326015169092997,8.096546086695712,15.912038158142021,201080.396208852,24818286.792382717,12.586022989049024,6.293011494524512,36.95670920375044,0.07629888212676036,0.26587551469114395,fourier
