nameseq,average,median,maximum,minimum,peak,none_levated_peak,sample_standard_deviation,population_standard_deviation,percentile15,percentile25,percentile50,percentile75,amplitude,variance,interquartile_range,semi_interquartile_range,coefficient_of_variation,skewness,kurtosis,label
LG5_4424532_4424807,21.276986999972927,0.7199888635778987,5506.495839533395,0.00015582819441872092,4.323920487431659,73.78088871166,330.7747830350274,331.3756459880866,0.16231289196067256,0.24900809062863888,0.7199888635778987,2.0794797718775815,5506.4956837052005,109809.8187540217,1.8304716812489426,0.9152358406244713,15.546128924901268,0.18644406276476777,0.2558108361105851,fourier
