nameseq,average,median,maximum,minimum,peak,none_levated_peak,sample_standard_deviation,population_standard_deviation,percentile15,percentile25,percentile50,percentile75,amplitude,variance,interquartile_range,semi_interquartile_range,coefficient_of_variation,skewness,kurtosis,label
LG5_11938730_11939037,40.08485303658149,3.7852359259116124,10411.640556537372,0.03672183566567516,2.5612334557637753,41.38583904692221,592.0190500928967,592.9824665969257,0.9765065566794862,1.834879076625755,3.7852359259116124,7.101142630376466,10411.603834701706,351628.2056913742,5.266263553750711,2.6331317768753557,14.76914608000731,0.18394484318523494,0.20260673058086576,fourier
