nameseq,average,median,maximum,minimum,peak,none_levated_peak,sample_standard_deviation,population_standard_deviation,percentile15,percentile25,percentile50,percentile75,amplitude,variance,interquartile_range,semi_interquartile_range,coefficient_of_variation,skewness,kurtosis,label
LG5_18362781_18362942,14.32336522519581,1.0537992404926002,2039.0658952606457,0.05116554625215049,3.7700637490559963,37.28361187673034,159.5812525662069,160.07607934313708,0.32462891159360935,0.5211250136497507,1.0537992404926002,2.5858687828668603,2039.0147297143935,25624.35117787032,2.0647437692171096,1.0323718846085548,11.141323987570479,0.24945723456828892,0.2688885125822013,fourier
