nameseq,average,median,maximum,minimum,peak,none_levated_peak,sample_standard_deviation,population_standard_deviation,percentile15,percentile25,percentile50,percentile75,amplitude,variance,interquartile_range,semi_interquartile_range,coefficient_of_variation,skewness,kurtosis,label
LG5_13584712_13585088,51.19686299352676,5.9861489943258865,15286.719153007367,0.015530386358845133,2.454577474454944,40.35121474516505,785.8469694804911,786.8912848508551,1.4375906997949204,2.5058375351076267,5.9861489943258865,14.204889593081626,15286.703622621008,619197.8941742295,11.699052057973999,5.8495260289869995,15.349514082139217,0.17259358025808322,0.26223280526136183,fourier
