nameseq,average,median,maximum,minimum,peak,none_levated_peak,sample_standard_deviation,population_standard_deviation,percentile15,percentile25,percentile50,percentile75,amplitude,variance,interquartile_range,semi_interquartile_range,coefficient_of_variation,skewness,kurtosis,label
LG5_1193319_1193544,31.913982705674886,2.5380491908917175,6344.7545940525515,0.007630198722982849,2.3605118179103886,36.72035019200384,420.8766289781924,421.81087347731057,0.5118501160024439,0.8854571598405757,2.5380491908917175,5.2329107993044905,6344.746963853829,177924.4129836917,4.3474536394639145,2.1737268197319572,13.18784411396428,0.20939105304636868,0.2661823630002537,fourier
