nameseq,average,median,maximum,minimum,peak,none_levated_peak,sample_standard_deviation,population_standard_deviation,percentile15,percentile25,percentile50,percentile75,amplitude,variance,interquartile_range,semi_interquartile_range,coefficient_of_variation,skewness,kurtosis,label
LG5_12449837_12450016,23.48489714558179,2.071873168041063,3667.487120877716,0.044222247820921046,2.554833416048739,31.731370276823707,272.3833101554256,273.14309771262623,0.5107502745870819,0.9746352345311514,2.071873168041063,4.1894555497204635,3667.442898629895,74607.15182804929,3.214820315189312,1.607410157594656,11.598233045984152,0.23584070512971775,0.2214354921363348,fourier
