nameseq,average,median,maximum,minimum,peak,none_levated_peak,sample_standard_deviation,population_standard_deviation,percentile15,percentile25,percentile50,percentile75,amplitude,variance,interquartile_range,semi_interquartile_range,coefficient_of_variation,skewness,kurtosis,label
LG5_16526965_16530076,301.3548618875206,20.833667637668764,832120.4931425465,0.03263605954184332,3.4422319481957238,196.7225584772131,14913.622467255866,14916.019192456919,4.541468108755925,8.654255201604755,20.833667637668764,43.00985815110975,832120.4605064869,222487628.54974318,34.355602949505,17.1778014747525,49.4885742803191,0.056429186443285685,0.25276243164804363,fourier
