nameseq,average,median,maximum,minimum,peak,none_levated_peak,sample_standard_deviation,population_standard_deviation,percentile15,percentile25,percentile50,percentile75,amplitude,variance,interquartile_range,semi_interquartile_range,coefficient_of_variation,skewness,kurtosis,label
LG5_11250045_11250362,37.9271384090793,3.3231824245457826,10517.88471088823,0.012504463412438629,2.794832524845188,46.84182841246013,588.6403069648985,589.5680306405654,1.0199675779531392,1.5095670507447307,3.3231824245457826,6.268788812835897,10517.872206424816,347590.4627533947,4.759221762091166,2.379610881045583,15.520293163588244,0.17635874867092816,0.24540844349073906,fourier
