nameseq,average,median,maximum,minimum,peak,none_levated_peak,sample_standard_deviation,population_standard_deviation,percentile15,percentile25,percentile50,percentile75,amplitude,variance,interquartile_range,semi_interquartile_range,coefficient_of_variation,skewness,kurtosis,label
LG5_4225703_4226114,42.20285290453274,3.7810445723084225,15175.247656283012,0.01717744719038933,3.2541243987461153,58.0632081809028,746.4757809365057,747.3833506102152,0.9706683043739547,1.6357565975632742,3.7810445723084225,7.821769145075029,15175.230478835821,558581.8727693518,6.186012547511755,3.0930062737558774,17.68780377537774,0.1544128127667645,0.25854437651732437,fourier
