nameseq,average,median,maximum,minimum,peak,none_levated_peak,sample_standard_deviation,population_standard_deviation,percentile15,percentile25,percentile50,percentile75,amplitude,variance,interquartile_range,semi_interquartile_range,coefficient_of_variation,skewness,kurtosis,label
LG5_9899384_9899798,33.04864017082904,1.6991946598495082,12683.839611256819,0.0030803649350210575,4.185749628979763,82.85068376893096,621.7574071785335,622.5078690173917,0.40303288825997546,0.8445921094760396,1.6991946598495082,3.1212679820388036,12683.836530891884,387516.0469885741,2.2766758725627643,1.1383379362813821,18.813403636720235,0.1512621087374247,0.19880080836666908,fourier
