nameseq,average,median,maximum,minimum,peak,none_levated_peak,sample_standard_deviation,population_standard_deviation,percentile15,percentile25,percentile50,percentile75,amplitude,variance,interquartile_range,semi_interquartile_range,coefficient_of_variation,skewness,kurtosis,label
LG5_4095851_4095936,21.48551418546817,3.196169184404902,1498.7327568431508,0.00012345623221924742,1.3342322840965801,12.765759053312333,160.29454194270528,161.23469394531932,1.1995850308884146,1.5873375755709829,3.196169184404902,4.320798908378607,1498.7326333869187,25996.626531640795,2.7334613328076243,1.3667306664038121,7.46058672643363,0.3422950921360847,0.16902550855882698,fourier
