nameseq,average,median,maximum,minimum,peak,none_levated_peak,sample_standard_deviation,population_standard_deviation,percentile15,percentile25,percentile50,percentile75,amplitude,variance,interquartile_range,semi_interquartile_range,coefficient_of_variation,skewness,kurtosis,label
LG5_5297796_5299541,205.6049387343842,17.892127797698,309109.60400061845,0.002503929959409977,2.830671303824423,116.98347435077594,7394.868875969092,7396.987446095919,4.279278330575264,7.9887333319128,17.892127797698,37.75142404533987,309109.6014966885,54715423.27770062,29.762690713427066,14.881345356713533,35.96639711812728,0.07615259205475225,0.2373276885710423,fourier
