nameseq,average,median,maximum,minimum,peak,none_levated_peak,sample_standard_deviation,population_standard_deviation,percentile15,percentile25,percentile50,percentile75,amplitude,variance,interquartile_range,semi_interquartile_range,coefficient_of_variation,skewness,kurtosis,label
LG5_6275455_6277998,271.9523019213592,19.629229492513552,620963.4554806988,0.023428133922305087,3.118193867118717,170.6680755097912,12308.4677085524,12310.887539050278,4.5107364705385935,7.964403912243334,19.629229492513552,37.56799055242409,620963.4320525649,151557951.99914342,29.603586640180758,14.801793320090379,45.259656276458564,0.06149987433127565,0.24377713341741816,fourier
