nameseq,average,median,maximum,minimum,peak,none_levated_peak,sample_standard_deviation,population_standard_deviation,percentile15,percentile25,percentile50,percentile75,amplitude,variance,interquartile_range,semi_interquartile_range,coefficient_of_variation,skewness,kurtosis,label
LG5_7177272_7177613,34.49218502462993,1.9073566652465175,10829.77575567047,0.035070886233024436,3.3050964999345704,63.600765869343654,584.6045692862821,585.4611332171486,0.48048119134887946,0.7942568441745991,1.9073566652465175,4.483672146387633,10829.740684784236,342764.73850790784,3.689415302213034,1.844707651106517,16.948899261349545,0.16721471266893173,0.3056375324998208,fourier
