nameseq,average,median,maximum,minimum,peak,none_levated_peak,sample_standard_deviation,population_standard_deviation,percentile15,percentile25,percentile50,percentile75,amplitude,variance,interquartile_range,semi_interquartile_range,coefficient_of_variation,skewness,kurtosis,label
LG5_8906363_8906548,19.169824416956885,1.5811714454488124,3068.1348397403162,0.02029600933277906,3.234249758967912,36.076479712370116,224.19154121534882,224.79664769030097,0.5721099253028056,0.9277958174915897,1.5811714454488124,3.0565404666649596,3068.1145437309833,50533.5328127973,2.12874464917337,1.064372324586685,11.69502319578043,0.2353610605845271,0.21240656760806656,fourier
