nameseq,average,median,maximum,minimum,peak,none_levated_peak,sample_standard_deviation,population_standard_deviation,percentile15,percentile25,percentile50,percentile75,amplitude,variance,interquartile_range,semi_interquartile_range,coefficient_of_variation,skewness,kurtosis,label
LG5_17623119_17623494,42.63369659919469,4.411851573166075,13547.75184889468,0.04761270863073853,2.939771667270831,49.57734151736031,697.4579299806021,698.3872547498802,0.8286078907424717,1.5372032736363241,4.411851573166075,8.238601747533279,13547.70423618605,487744.757597074,6.701398473896955,3.3506992369484774,16.359311662263327,0.16440494852682364,0.23254005136535486,fourier
