nameseq,average,median,maximum,minimum,peak,none_levated_peak,sample_standard_deviation,population_standard_deviation,percentile15,percentile25,percentile50,percentile75,amplitude,variance,interquartile_range,semi_interquartile_range,coefficient_of_variation,skewness,kurtosis,label
LG5_1050766_1050995,24.566284310285727,2.8197720464602973,4756.796706960449,0.010968409687471781,3.12080840953904,37.32054293604562,312.73702749672657,313.41911560796945,0.7008532849917397,1.1801290705251744,2.8197720464602973,5.714492098074244,4756.785738550761,98231.54202848172,4.53436302754907,2.267181513774535,12.730334939817732,0.2086082908495994,0.28881507304359805,fourier
