nameseq,average,median,maximum,minimum,peak,none_levated_peak,sample_standard_deviation,population_standard_deviation,percentile15,percentile25,percentile50,percentile75,amplitude,variance,interquartile_range,semi_interquartile_range,coefficient_of_variation,skewness,kurtosis,label
LG5_3502113_3502258,21.9492393497652,1.2881232534692226,2878.6852386988267,0.04979952085389287,2.217237048225422,29.366887165160158,237.25323640310262,238.06994531203597,0.3573999493749541,0.5344391918217314,1.2881232534692226,3.0489138165306904,2878.635439177973,56677.298860875795,2.514474624708959,1.2572373123544796,10.809178059541303,0.2612539631854622,0.2385917013015747,fourier
