nameseq,average,median,maximum,minimum,peak,none_levated_peak,sample_standard_deviation,population_standard_deviation,percentile15,percentile25,percentile50,percentile75,amplitude,variance,interquartile_range,semi_interquartile_range,coefficient_of_variation,skewness,kurtosis,label
LG5_7894345_7894725,32.47169887176664,2.3762711805140997,11025.554178648705,0.014124505921008838,3.9110981073559854,65.98065787589915,563.9459319426569,564.6874785245793,0.5852149319568957,0.9673605669886165,2.3762711805140997,4.810265601837205,11025.540054142784,318871.9484024472,3.842905034848589,1.9214525174242945,17.367306039937265,0.16009740998173938,0.2542394666528691,fourier
