nameseq,average,median,maximum,minimum,peak,none_levated_peak,sample_standard_deviation,population_standard_deviation,percentile15,percentile25,percentile50,percentile75,amplitude,variance,interquartile_range,semi_interquartile_range,coefficient_of_variation,skewness,kurtosis,label
LG5_13349773_13350105,31.77342881665938,2.841385511900082,9215.606885021425,0.04361068334477718,3.49348509537632,53.52390888912289,504.046979675064,504.8055158147768,0.7999744463811699,1.1704282912930437,2.841385511900082,5.077674360256831,9215.563274338081,254828.60879702287,3.907246068963787,1.9536230344818935,15.863789287065648,0.1721984922322744,0.214590681303939,fourier
