nameseq,average,median,maximum,minimum,peak,none_levated_peak,sample_standard_deviation,population_standard_deviation,percentile15,percentile25,percentile50,percentile75,amplitude,variance,interquartile_range,semi_interquartile_range,coefficient_of_variation,skewness,kurtosis,label
LG5_9826239_9826369,20.05794116544776,1.404393083933154,2330.817355896345,0.08998279031927257,2.177026361104688,25.745712242982503,202.68739904625073,203.4654725369613,0.6352004005457441,0.7949854072101253,1.404393083933154,2.582927764971603,2330.7273731060254,41398.19851468895,1.787942357761478,0.893971178880739,10.105094903529002,0.27609335611324465,0.2350650721655928,fourier
