nameseq,average,median,maximum,minimum,peak,none_levated_peak,sample_standard_deviation,population_standard_deviation,percentile15,percentile25,percentile50,percentile75,amplitude,variance,interquartile_range,semi_interquartile_range,coefficient_of_variation,skewness,kurtosis,label
LG5_11472912_11473296,38.48153507663557,3.2974982357793183,12520.483694833269,0.0302177095323391,3.3349327951122234,54.0515532967302,637.0148312464618,637.8437383391387,0.9215195717894429,1.494359396460237,3.2974982357793183,7.619218892274441,12520.453477123736,406844.63453844766,6.124859495814204,3.062429747907102,16.55377910413016,0.16569804240826308,0.2377133918101648,fourier
