nameseq,average,median,maximum,minimum,peak,none_levated_peak,sample_standard_deviation,population_standard_deviation,percentile15,percentile25,percentile50,percentile75,amplitude,variance,interquartile_range,semi_interquartile_range,coefficient_of_variation,skewness,kurtosis,label
LG5_9287477_9288399,92.70030946915129,6.575513287510293,75451.1785845527,0.08898537906943765,3.318938938052323,95.94644800558532,2481.827560437205,2483.1730891673537,1.9487210403905653,2.930558650196498,6.575513287510293,15.327050056830338,75451.08959917363,6166148.590764938,12.396491406633839,6.198245703316919,26.772591964896353,0.1041065030720374,0.26257853236250417,fourier
