nameseq,average,median,maximum,minimum,peak,none_levated_peak,sample_standard_deviation,population_standard_deviation,percentile15,percentile25,percentile50,percentile75,amplitude,variance,interquartile_range,semi_interquartile_range,coefficient_of_variation,skewness,kurtosis,label
LG5_6756729_6757053,36.667268262458634,4.786626683272436,9916.369828120989,0.06655073513924747,2.954496979646809,43.01613376647551,548.9020933558431,549.748511890004,1.136471961821257,1.5374355045567718,4.786626683272436,9.220494718553844,9916.30327738585,302223.4263252738,7.683059213997073,3.8415296069985363,14.969811479461379,0.1742422298899044,0.3003852501605965,fourier
