nameseq,average,median,maximum,minimum,peak,none_levated_peak,sample_standard_deviation,population_standard_deviation,percentile15,percentile25,percentile50,percentile75,amplitude,variance,interquartile_range,semi_interquartile_range,coefficient_of_variation,skewness,kurtosis,label
LG5_8919458_8920386,107.44418525575148,10.61021623076899,82720.44272579673,0.016038038648603203,2.8821165699154507,78.3903025158472,2712.033892448166,2713.4947241686687,2.239926970092576,4.4275127829749215,10.61021623076899,22.596082288132546,82720.42668775808,7363053.6180912,18.168569505157624,9.084284752578812,25.241327727439685,0.10711588372249656,0.2364297841737609,fourier
