nameseq,average,median,maximum,minimum,peak,none_levated_peak,sample_standard_deviation,population_standard_deviation,percentile15,percentile25,percentile50,percentile75,amplitude,variance,interquartile_range,semi_interquartile_range,coefficient_of_variation,skewness,kurtosis,label
LG5_12965428_12965650,36.652110562746884,2.7569369546975526,7205.305923202426,0.09903908916186775,2.028077843050205,33.6029356436061,481.1535845372502,482.2360461630376,0.8180652361240627,1.1256075779823886,2.7569369546975526,5.628093955768234,7205.206884113264,232551.6042189593,4.5024863777858455,2.2512431888929227,13.127581935930683,0.2113369287728452,0.2162013118946503,fourier
