nameseq,average,median,maximum,minimum,peak,none_levated_peak,sample_standard_deviation,population_standard_deviation,percentile15,percentile25,percentile50,percentile75,amplitude,variance,interquartile_range,semi_interquartile_range,coefficient_of_variation,skewness,kurtosis,label
LG5_870371_870528,28.889502188247334,2.466847485156159,4015.9558497395074,0.10446912731500507,1.8230382207171512,25.56512490070312,318.2195036407633,319.2313329147916,0.5880756723853121,0.9969336536093119,2.466847485156159,5.071233335339034,4015.8513806121923,101908.64391455453,4.074299681729722,2.037149840864861,11.015056665469977,0.24909838398453038,0.26438486633619296,fourier
