nameseq,average,median,maximum,minimum,peak,none_levated_peak,sample_standard_deviation,population_standard_deviation,percentile15,percentile25,percentile50,percentile75,amplitude,variance,interquartile_range,semi_interquartile_range,coefficient_of_variation,skewness,kurtosis,label
LG5_10407842_10407985,15.26597541778561,1.6560261607758167,1840.0233657308365,0.0386222117025577,3.144247169694617,28.19333567081733,152.61384259902957,153.1465277879019,0.571903775997208,0.8362297266537481,1.6560261607758167,3.276096763913178,1839.9847435191339,23453.85897349061,2.4398670372594298,1.2199335186297149,9.996992555171218,0.2675369879670994,0.23303379470671073,fourier
