nameseq,average,median,maximum,minimum,peak,none_levated_peak,sample_standard_deviation,population_standard_deviation,percentile15,percentile25,percentile50,percentile75,amplitude,variance,interquartile_range,semi_interquartile_range,coefficient_of_variation,skewness,kurtosis,label
LG5_4843707_4843883,18.284574736995854,1.7715837076292342,2723.9826815436045,0.04089059631944069,3.2267635889077106,33.72121096447304,203.9912470734678,204.5699468094062,0.4702469445605123,0.790368615973398,1.7715837076292342,3.1034552364403334,2723.941790947285,41848.86313760328,2.3130866204669354,1.1565433102334677,11.156466584958347,0.2428485231538308,0.1828372369679724,fourier
