nameseq,average,median,maximum,minimum,peak,none_levated_peak,sample_standard_deviation,population_standard_deviation,percentile15,percentile25,percentile50,percentile75,amplitude,variance,interquartile_range,semi_interquartile_range,coefficient_of_variation,skewness,kurtosis,label
LG5_14011286_14027373,1262.0461344360513,55.53638256781272,18957421.41157805,0.012367014686947711,4.249184336722357,646.4452054704727,149455.86123205302,149460.5063970523,13.228750995549465,22.98012871929401,55.53638256781272,113.44034581459928,18957421.399211038,22338442972.463306,90.46021709530527,45.230108547652634,118.42345311634568,0.024218048230205198,0.2480215333302731,fourier
