nameseq,average,median,maximum,minimum,peak,none_levated_peak,sample_standard_deviation,population_standard_deviation,percentile15,percentile25,percentile50,percentile75,amplitude,variance,interquartile_range,semi_interquartile_range,coefficient_of_variation,skewness,kurtosis,label
LG5_13718445_13718930,51.240873628703106,4.382316517376102,21980.81876198379,0.06375505454665222,3.1615386024420555,65.9048369703745,995.7946173730118,996.8206811355569,0.843848378591664,1.7592707045791884,4.382316517376102,7.731454619247981,21980.755006929245,993651.4703395556,5.9721839146687925,2.9860919573343963,19.43359952425181,0.1411693424341168,0.22721283387591065,fourier
