nameseq,average,median,maximum,minimum,peak,none_levated_peak,sample_standard_deviation,population_standard_deviation,percentile15,percentile25,percentile50,percentile75,amplitude,variance,interquartile_range,semi_interquartile_range,coefficient_of_variation,skewness,kurtosis,label
LG5_14283966_14284108,24.684604540025475,2.3432156947539493,2925.309874343182,0.1120926901327278,1.931028167349262,22.004080987084283,243.4578769692054,244.31361906981166,0.6814928265621153,0.984195374902151,2.3432156947539493,6.1720589818994895,2925.1977816530493,59689.14446298905,5.187863606997339,2.5939318034986694,9.862741636166156,0.2753008749201093,0.2517982539405789,fourier
