nameseq,average,median,maximum,minimum,peak,none_levated_peak,sample_standard_deviation,population_standard_deviation,percentile15,percentile25,percentile50,percentile75,amplitude,variance,interquartile_range,semi_interquartile_range,coefficient_of_variation,skewness,kurtosis,label
LG5_14629373_14629579,43.11762460035836,4.554487796009085,7556.479530556997,0.18828702060195276,1.6002736848222971,25.712610714393865,523.530969016807,524.8001368647568,1.2660493405217819,1.8538572299459117,4.554487796009085,8.460740084355239,7556.291243536395,275415.18365326745,6.606882854409327,3.3034414272046635,12.14192511459585,0.22097911539084866,0.19801599757593868,fourier
