nameseq,average,median,maximum,minimum,peak,none_levated_peak,sample_standard_deviation,population_standard_deviation,percentile15,percentile25,percentile50,percentile75,amplitude,variance,interquartile_range,semi_interquartile_range,coefficient_of_variation,skewness,kurtosis,label
LG5_2005851_2005953,11.870886524296157,1.5449915119090725,976.4661484396744,0.0012684263634344128,2.8922299327066487,20.883261376207656,95.55293368692104,96.02018798282627,0.4100941464816643,0.6776824979514764,1.5449915119090725,2.7186829671928443,976.4648800133109,9219.876500257296,2.041000469241368,1.020500234620684,8.049351115550868,0.32419397125638827,0.16681526440464703,fourier
