nameseq,average,median,maximum,minimum,peak,none_levated_peak,sample_standard_deviation,population_standard_deviation,percentile15,percentile25,percentile50,percentile75,amplitude,variance,interquartile_range,semi_interquartile_range,coefficient_of_variation,skewness,kurtosis,label
LG5_4826196_4826535,49.09373755541551,4.445614651983768,14090.722155028607,0.01665135509119478,2.3085089662486205,41.69187172659779,762.6937601407225,763.8178488275573,1.0396384628234343,1.7213799740722506,4.445614651983768,9.589466518315668,14090.705503673516,583417.7061875572,7.8680865442434165,3.9340432721217082,15.535459268706465,0.17562011872967406,0.20262116124284815,fourier
