nameseq,average,median,maximum,minimum,peak,none_levated_peak,sample_standard_deviation,population_standard_deviation,percentile15,percentile25,percentile50,percentile75,amplitude,variance,interquartile_range,semi_interquartile_range,coefficient_of_variation,skewness,kurtosis,label
LG6_2658662_2659176,61.626757480570596,5.775730680420304,25527.027561832136,0.06603976606765449,2.7855865485181326,55.06814530616031,1123.5852187180249,1124.6776693588936,1.0678752221908532,2.051664084230998,5.775730680420304,13.397476200298758,25526.961522066067,1264899.859954553,11.34581211606776,5.67290605803388,18.232100221600394,0.14912360683386672,0.2435340422629294,fourier
