nameseq,average,median,maximum,minimum,peak,none_levated_peak,sample_standard_deviation,population_standard_deviation,percentile15,percentile25,percentile50,percentile75,amplitude,variance,interquartile_range,semi_interquartile_range,coefficient_of_variation,skewness,kurtosis,label
LG6_2238692_2238878,36.022905971028386,5.0259568378234984,5067.764917069174,0.1772630731392281,1.7303804802273657,21.42218185257083,369.1646398161073,370.15568761223733,1.5661088140121806,2.1765822226362714,5.0259568378234984,10.094624023440858,5067.5876539960345,137015.2330716882,7.918041800804586,3.959020900402293,10.248052728256013,0.2518953262856821,0.1967285413079455,fourier
