nameseq,average,median,maximum,minimum,peak,none_levated_peak,sample_standard_deviation,population_standard_deviation,percentile15,percentile25,percentile50,percentile75,amplitude,variance,interquartile_range,semi_interquartile_range,coefficient_of_variation,skewness,kurtosis,label
LG6_12643182_12643219,4.957413180746364,0.862057494816918,154.212486448437,0.03155636191392056,2.5550960157732168,10.725299608221047,24.548447575459257,24.877971683351536,0.22235515357424818,0.35659992731453705,0.862057494816918,1.1949905297638916,154.1809300865231,618.9134750776409,0.8383906024493546,0.4191953012246773,4.951866362642655,0.5004824447665094,0.18513868521546928,fourier
