nameseq,average,median,maximum,minimum,peak,none_levated_peak,sample_standard_deviation,population_standard_deviation,percentile15,percentile25,percentile50,percentile75,amplitude,variance,interquartile_range,semi_interquartile_range,coefficient_of_variation,skewness,kurtosis,label
LG6_3306608_3307847,127.7945940403572,9.90383836393109,140161.1558455113,0.0037390514709740516,3.234356949424666,114.32953413746648,3978.351107166466,3979.956251918953,1.9691202102469745,3.686805062007596,9.90383836393109,19.729978420794076,140161.15210645983,15840051.767188761,16.04317335878648,8.02158667939324,31.130824719472198,0.08889920912012646,0.27505241067620806,fourier
