nameseq,average,median,maximum,minimum,peak,none_levated_peak,sample_standard_deviation,population_standard_deviation,percentile15,percentile25,percentile50,percentile75,amplitude,variance,interquartile_range,semi_interquartile_range,coefficient_of_variation,skewness,kurtosis,label
LG6_7724614_7731024,515.9923751300081,20.5708956568523,3109685.541792193,0.009952218625633896,4.141534067168274,413.21520122162497,38834.30918060187,38837.33825975165,4.966848155284119,8.572150757953073,20.5708956568523,42.15998897728044,3109685.531839974,1508338843.102369,33.58783821932737,16.793919109663683,75.26140123837543,0.03827194225362637,0.25369709111631905,fourier
