nameseq,average,median,maximum,minimum,peak,none_levated_peak,sample_standard_deviation,population_standard_deviation,percentile15,percentile25,percentile50,percentile75,amplitude,variance,interquartile_range,semi_interquartile_range,coefficient_of_variation,skewness,kurtosis,label
LG6_12636623_12636876,42.00909699061155,4.040942409554638,9086.798710816998,0.05613005246319212,2.0154364823787687,33.11103079416125,568.6815771974609,569.8043454715602,1.048987564731216,1.5632364133262469,4.040942409554638,7.922906136961093,9086.742580764536,324676.99211827316,6.3596697236348465,3.1798348618174233,13.537105482761348,0.20029568094065436,0.21580877220658812,fourier
