nameseq,average,median,maximum,minimum,peak,none_levated_peak,sample_standard_deviation,population_standard_deviation,percentile15,percentile25,percentile50,percentile75,amplitude,variance,interquartile_range,semi_interquartile_range,coefficient_of_variation,skewness,kurtosis,label
LG6_11850486_11850717,25.772700998260344,2.370090873679884,5247.124577548458,0.025168476884453117,3.000590948482789,40.96984342270994,343.5538268601471,344.29664681247425,0.5251388013164299,0.9748091899806225,2.370090873679884,4.31223653006872,5247.099409071573,118540.18100631365,3.3374273400880976,1.6687136700440488,13.330144437842856,0.20435758499736162,0.2560224192204668,fourier
