nameseq,average,median,maximum,minimum,peak,none_levated_peak,sample_standard_deviation,population_standard_deviation,percentile15,percentile25,percentile50,percentile75,amplitude,variance,interquartile_range,semi_interquartile_range,coefficient_of_variation,skewness,kurtosis,label
LG6_3829254_3831457,183.36607260337675,10.069340311227887,368524.52373550093,0.001359264355609185,4.006557244947708,196.29733613949315,7847.741311509383,7849.522258159227,2.3159704065887263,4.186769738337501,10.069340311227887,21.861952600573407,368524.52237623656,61614999.681337126,17.675182862235907,8.837591431117954,42.79821888580311,0.06624711190645177,0.2530710638459458,fourier
