nameseq,average,median,maximum,minimum,peak,none_levated_peak,sample_standard_deviation,population_standard_deviation,percentile15,percentile25,percentile50,percentile75,amplitude,variance,interquartile_range,semi_interquartile_range,coefficient_of_variation,skewness,kurtosis,label
LG6_1260034_1261156,89.93862496129948,4.729878796147348,92028.56014537031,0.006834685770451038,4.162097580371155,139.94677536086,2744.775723309386,2745.998612977236,1.196035391312342,2.0371037859323247,4.729878796147348,9.56691701970442,92028.55331068454,7540508.3824729035,7.529813233772095,3.7649066168860474,30.51831984856852,0.09313192197257082,0.23737307795770354,fourier
