nameseq,average,median,maximum,minimum,peak,none_levated_peak,sample_standard_deviation,population_standard_deviation,percentile15,percentile25,percentile50,percentile75,amplitude,variance,interquartile_range,semi_interquartile_range,coefficient_of_variation,skewness,kurtosis,label
LG6_14229350_14229473,14.55132737203634,1.0545857567760435,1613.541468120934,0.0019181823261925147,2.8405197874088564,29.8866610725152,144.19775030985866,144.78273344332916,0.2748156927504753,0.4766764856052329,1.0545857567760435,1.6739907632308828,1613.539549938608,20962.039903322107,1.19731427762565,0.598657138812825,9.909594267459557,0.2807965086748833,0.23932385078886134,fourier
