nameseq,average,median,maximum,minimum,peak,none_levated_peak,sample_standard_deviation,population_standard_deviation,percentile15,percentile25,percentile50,percentile75,amplitude,variance,interquartile_range,semi_interquartile_range,coefficient_of_variation,skewness,kurtosis,label
LG6_15464362_15464579,18.451440995161775,1.3603952904119958,3635.2531542649367,0.02689807071321675,3.938265129846546,50.01993596902865,245.53145686131708,246.09654726782188,0.32671547509465615,0.4952978696632896,1.3603952904119958,2.092038860426805,3635.2262561942234,60563.510577143286,1.5967409907635153,0.7983704953817576,13.306898736293759,0.20882512477091608,0.20355493581259565,fourier
