nameseq,average,median,maximum,minimum,peak,none_levated_peak,sample_standard_deviation,population_standard_deviation,percentile15,percentile25,percentile50,percentile75,amplitude,variance,interquartile_range,semi_interquartile_range,coefficient_of_variation,skewness,kurtosis,label
LG6_2504374_2504522,20.46582866581311,3.1040593588034064,2383.968175052642,0.006631108379959024,2.4268094626254606,22.77219062980812,194.3380525266119,194.99349469945227,0.953364084173281,1.4677675766668627,3.1040593588034064,5.174534000753906,2383.961543944262,38022.46297510532,3.706766424087043,1.8533832120435214,9.495733385633267,0.2680139439696029,0.17208298382761766,fourier
