nameseq,average,median,maximum,minimum,peak,none_levated_peak,sample_standard_deviation,population_standard_deviation,percentile15,percentile25,percentile50,percentile75,amplitude,variance,interquartile_range,semi_interquartile_range,coefficient_of_variation,skewness,kurtosis,label
LG6_10404714_10407785,241.39774123172705,8.897100606298766,700201.8202523318,0.006159395729056932,4.241961812795186,294.10186185890666,12630.89321828954,12632.949529775415,2.1558914434346654,3.776160460802828,8.897100606298766,18.251653416552507,700201.8140929361,159591413.82185286,14.47549295574968,7.23774647787484,52.32399091159952,0.05522189997349527,0.25304362381590123,fourier
