nameseq,average,median,maximum,minimum,peak,none_levated_peak,sample_standard_deviation,population_standard_deviation,percentile15,percentile25,percentile50,percentile75,amplitude,variance,interquartile_range,semi_interquartile_range,coefficient_of_variation,skewness,kurtosis,label
LG6_6893931_6894069,13.646598126907488,1.1195556828590132,1681.6246893012344,0.00047228651805625695,3.395229558491668,32.643303151859676,141.99462078646403,142.50816539505675,0.3591319221568826,0.6130115289422682,1.1195556828590132,2.0785012908795286,1681.6242170147164,20308.577204264846,1.4654897619372604,0.7327448809686302,10.405129503043556,0.2646658522977508,0.2442496952347558,fourier
