nameseq,average,median,maximum,minimum,peak,none_levated_peak,sample_standard_deviation,population_standard_deviation,percentile15,percentile25,percentile50,percentile75,amplitude,variance,interquartile_range,semi_interquartile_range,coefficient_of_variation,skewness,kurtosis,label
LG6_15799648_15800637,92.19783215734414,7.322885393785029,81026.89403970026,0.02806220155055355,3.579259861954503,104.77674043392497,2573.5942317767976,2574.895012366183,1.8921846502287363,3.03158430356058,7.322885393785029,14.697223789636961,81026.8659774987,6630084.324708247,11.665639486076381,5.832819743038191,27.913825862897955,0.09893744598381599,0.2698467076254936,fourier
