nameseq,average,median,maximum,minimum,peak,none_levated_peak,sample_standard_deviation,population_standard_deviation,percentile15,percentile25,percentile50,percentile75,amplitude,variance,interquartile_range,semi_interquartile_range,coefficient_of_variation,skewness,kurtosis,label
LG6_15270558_15271360,71.36954877872027,4.42475469174576,51965.08087405937,0.01492546390347903,3.7504323797332857,104.94684941132083,1832.4480426065238,1833.590110677885,1.0262685971997119,1.877841100659997,4.42475469174576,8.893220806232225,51965.06594859547,3362052.6939757382,7.0153797055722285,3.5076898527861142,25.675488691794715,0.10959895047024157,0.2647411293932452,fourier
