nameseq,average,median,maximum,minimum,peak,none_levated_peak,sample_standard_deviation,population_standard_deviation,percentile15,percentile25,percentile50,percentile75,amplitude,variance,interquartile_range,semi_interquartile_range,coefficient_of_variation,skewness,kurtosis,label
LG6_6067562_6067847,32.74649933948253,3.4351303237315736,8083.628730878101,0.1530905465450102,2.9112526607810474,43.55160344537798,476.918066776339,477.7540324779798,0.6901373093440767,1.3111735218135718,3.4351303237315736,6.024969527221713,8083.475640331556,228248.9155489706,4.713796005408141,2.3568980027040705,14.56394046374654,0.18437990332727627,0.2514326633227601,fourier
