nameseq,average,median,maximum,minimum,peak,none_levated_peak,sample_standard_deviation,population_standard_deviation,percentile15,percentile25,percentile50,percentile75,amplitude,variance,interquartile_range,semi_interquartile_range,coefficient_of_variation,skewness,kurtosis,label
LG6_10977169_10977303,19.742027690617814,2.5409858363547024,2145.723224516673,0.00034138864605585484,2.279401118527747,21.651095698679764,183.69436372753276,184.3785164260779,0.7831749037331448,1.3524201903337025,2.5409858363547024,5.120506280687551,2145.7228831280268,33995.43731948148,3.7680860903538487,1.8840430451769243,9.304736403284021,0.28091839355142323,0.2162948490642693,fourier
