nameseq,average,median,maximum,minimum,peak,none_levated_peak,sample_standard_deviation,population_standard_deviation,percentile15,percentile25,percentile50,percentile75,amplitude,variance,interquartile_range,semi_interquartile_range,coefficient_of_variation,skewness,kurtosis,label
LG6_11548454_11550669,232.813914080045,18.885942644877982,433935.2133691071,0.059781484432811866,3.1727771494477843,141.57824494568808,9216.305672235672,9218.38586765145,4.133021172071846,7.317722848569412,18.885942644877982,38.44922033892991,433935.1535876227,84978638.00491598,31.131497490360502,15.565748745180251,39.586575865336656,0.06963570188854408,0.21221623984265078,fourier
