nameseq,average,median,maximum,minimum,peak,none_levated_peak,sample_standard_deviation,population_standard_deviation,percentile15,percentile25,percentile50,percentile75,amplitude,variance,interquartile_range,semi_interquartile_range,coefficient_of_variation,skewness,kurtosis,label
LG6_9478828_9478936,16.26720080054535,1.5144407834185567,1502.465069046024,0.010105730844365161,2.2335332168589987,21.315778079086652,143.06435231070577,143.7251611495753,0.4813748143049642,0.7884658678265023,1.5144407834185567,2.9359170869215707,1502.4549633151796,20656.921947471394,2.1474512190950685,1.0737256095475343,8.794650909203114,0.3093592452385391,0.25191157011726156,fourier
