nameseq,average,median,maximum,minimum,peak,none_levated_peak,sample_standard_deviation,population_standard_deviation,percentile15,percentile25,percentile50,percentile75,amplitude,variance,interquartile_range,semi_interquartile_range,coefficient_of_variation,skewness,kurtosis,label
LG6_8944833_8945098,34.80318973557569,3.11743872181901,8009.371775699549,0.036894472776935826,2.547659204237591,40.05602176098606,489.9051576424681,490.82863661028307,0.6816340710042684,1.1794243233627753,3.11743872181901,6.144981159192027,8009.334881226772,240912.7505167093,4.965556835829252,2.482778417914626,14.076444181255285,0.1940319499772294,0.23580097396469082,fourier
