nameseq,average,median,maximum,minimum,peak,none_levated_peak,sample_standard_deviation,population_standard_deviation,percentile15,percentile25,percentile50,percentile75,amplitude,variance,interquartile_range,semi_interquartile_range,coefficient_of_variation,skewness,kurtosis,label
LG6_1147898_1153125,451.4792634763608,33.31205844117582,2111034.6952482094,0.05688080496593823,3.859904114417675,272.7486441344153,29192.878943323925,29195.67131780478,7.929909669729543,14.014329589516045,33.31205844117582,64.4772771967553,2111034.638367404,852387223.6972888,50.46294760723925,25.231473803619625,64.66050892025619,0.042972863948810544,0.25462427542813565,fourier
