nameseq,average,median,maximum,minimum,peak,none_levated_peak,sample_standard_deviation,population_standard_deviation,percentile15,percentile25,percentile50,percentile75,amplitude,variance,interquartile_range,semi_interquartile_range,coefficient_of_variation,skewness,kurtosis,label
LG6_6874090_6874286,30.88639787451406,3.9908858973958923,5023.232629070973,0.0671946783895202,2.126070736168674,27.089516207508055,356.6443962461846,357.5530458621554,1.078221708214022,1.9947912654178794,3.9908858973958923,7.046865085176002,5023.165434392584,127844.18060530459,5.052073819758123,2.5260369098790614,11.546972803211542,0.22623805891978233,0.2125645987888217,fourier
