nameseq,average,median,maximum,minimum,peak,none_levated_peak,sample_standard_deviation,population_standard_deviation,percentile15,percentile25,percentile50,percentile75,amplitude,variance,interquartile_range,semi_interquartile_range,coefficient_of_variation,skewness,kurtosis,label
LG6_5099449_5102622,278.56923097512697,18.53477308685491,791580.4461035521,0.0034515921459732216,3.797978679470409,214.43554711268516,14047.935027997626,14050.148521279776,4.327001796660314,7.848518910680884,18.53477308685491,37.85838773830156,791580.44265196,197406673.47002026,30.009868827620675,15.004934413810338,50.42888253962242,0.05553153343249845,0.23965508162675933,fourier
