nameseq,average,median,maximum,minimum,peak,none_levated_peak,sample_standard_deviation,population_standard_deviation,percentile15,percentile25,percentile50,percentile75,amplitude,variance,interquartile_range,semi_interquartile_range,coefficient_of_variation,skewness,kurtosis,label
LG6_3042516_3042859,30.493344214251923,1.8951964064013882,9549.573921122485,0.0056610957350379364,3.760383441743788,65.40501848383198,513.9886120143899,514.7373212415866,0.437503208641385,0.8631576289482623,1.8951964064013882,3.922733448952314,9549.56826002675,264954.5098789644,3.059575820004052,1.529787910002026,16.855763946486487,0.16691895777089638,0.24775432088172905,fourier
