nameseq,average,median,maximum,minimum,peak,none_levated_peak,sample_standard_deviation,population_standard_deviation,percentile15,percentile25,percentile50,percentile75,amplitude,variance,interquartile_range,semi_interquartile_range,coefficient_of_variation,skewness,kurtosis,label
LG6_10212108_10212587,64.2450428797366,6.08343913020372,26576.736928010167,0.013532467946140093,2.4904645219011172,54.43089503809138,1211.4424700070954,1212.7063644249251,1.6004742022661518,2.654846701803912,6.08343913020372,10.818968154356845,26576.72339554222,1470656.7263167193,8.164121452552934,4.082060726276467,18.85659057423081,0.14403062098984915,0.23283312349100227,fourier
