nameseq,average,median,maximum,minimum,peak,none_levated_peak,sample_standard_deviation,population_standard_deviation,percentile15,percentile25,percentile50,percentile75,amplitude,variance,interquartile_range,semi_interquartile_range,coefficient_of_variation,skewness,kurtosis,label
LG6_8323538_8324276,76.10001549678715,6.758979685597182,49084.220302942784,0.02508908478917934,3.2369682414024377,81.16718084804891,1804.041539400782,1805.2633760050564,1.4194781281940334,2.9208755634630026,6.758979685597182,13.174922234092747,49084.195213857995,3258975.8567451737,10.254046670629744,5.127023335314872,23.70619148529538,0.11530948866214324,0.23086494789200684,fourier
