nameseq,average,median,maximum,minimum,peak,none_levated_peak,sample_standard_deviation,population_standard_deviation,percentile15,percentile25,percentile50,percentile75,amplitude,variance,interquartile_range,semi_interquartile_range,coefficient_of_variation,skewness,kurtosis,label
LG6_9414450_9421116,504.3712203141533,12.059292340349684,3230356.7353001744,0.02185186443345662,4.406146195155878,546.627413551969,39559.4816795424,39562.44882611919,2.7376892826164054,4.897051277874729,12.059292340349684,25.154538546759696,3230356.71344831,1565187357.1192992,20.257487268884965,10.128743634442483,78.43326519483473,0.03733455852342945,0.24694086640417684,fourier
