nameseq,average,median,maximum,minimum,peak,none_levated_peak,sample_standard_deviation,population_standard_deviation,percentile15,percentile25,percentile50,percentile75,amplitude,variance,interquartile_range,semi_interquartile_range,coefficient_of_variation,skewness,kurtosis,label
LG6_6907245_6907553,48.90704821822752,5.7650431321046645,11240.382669354534,0.0332088451296827,2.106035914095756,32.78841323389795,638.7654114541538,639.8015279687924,1.4212715241549485,2.2579902606006317,5.7650431321046645,13.135559282779317,11240.349460509404,409345.99519120145,10.877569022178685,5.4387845110893425,13.060804827229129,0.20261900994878446,0.24125922324333876,fourier
