nameseq,average,median,maximum,minimum,peak,none_levated_peak,sample_standard_deviation,population_standard_deviation,percentile15,percentile25,percentile50,percentile75,amplitude,variance,interquartile_range,semi_interquartile_range,coefficient_of_variation,skewness,kurtosis,label
LG6_16039450_16039568,38.22845314386142,2.6985570836142427,3684.3182202889293,0.06596955688720321,1.037621546375234,14.865467869756664,335.87127120236516,337.29145204502936,0.87867177648727,1.2417193191927254,2.6985570836142427,7.516505154600305,3684.2522507320423,113765.52362264435,6.27478583540758,3.13739291770379,8.785897507765053,0.3173527994792993,0.17818673532652887,fourier
