nameseq,average,median,maximum,minimum,peak,none_levated_peak,sample_standard_deviation,population_standard_deviation,percentile15,percentile25,percentile50,percentile75,amplitude,variance,interquartile_range,semi_interquartile_range,coefficient_of_variation,skewness,kurtosis,label
LG6_3962416_3963274,75.03763706278077,6.313057695097337,56390.667736905154,0.016692681456886897,3.8158628728376733,95.94572997931076,1922.607944293118,1923.7280189260218,1.5272726429867287,2.7729125977059783,6.313057695097337,12.931650645385787,56390.6510442237,3700729.4908010364,10.158738047679808,5.079369023839904,25.62191480902516,0.10723649546702246,0.23757026225124803,fourier
