nameseq,average,median,maximum,minimum,peak,none_levated_peak,sample_standard_deviation,population_standard_deviation,percentile15,percentile25,percentile50,percentile75,amplitude,variance,interquartile_range,semi_interquartile_range,coefficient_of_variation,skewness,kurtosis,label
LG6_5153718_5153991,26.683306120847437,2.694708759595093,6396.457463829203,0.024131319375800566,3.4228642027973954,47.33270272920852,385.53155131645934,386.2370076270492,0.8848143636006267,1.1918771425522143,2.694708759595093,3.9720008407934833,6396.433332509828,149179.02606069724,2.780123698241269,1.3900618491206345,14.448417657482365,0.18666641378122825,0.23182740555015652,fourier
