nameseq,average,median,maximum,minimum,peak,none_levated_peak,sample_standard_deviation,population_standard_deviation,percentile15,percentile25,percentile50,percentile75,amplitude,variance,interquartile_range,semi_interquartile_range,coefficient_of_variation,skewness,kurtosis,label
LG6_8035167_8039904,379.97500320973285,16.762400213001783,1681475.5704059682,0.017235333010055885,4.1564137640433065,337.12018241150486,24425.360886982184,24427.938897532084,3.916338061110777,6.6206206229965305,16.762400213001783,34.276159771031764,1681475.5531706351,596724198.781561,27.655539148035235,13.827769574017617,64.28149399475166,0.04461091952876446,0.247856203287954,fourier
