nameseq,average,median,maximum,minimum,peak,none_levated_peak,sample_standard_deviation,population_standard_deviation,percentile15,percentile25,percentile50,percentile75,amplitude,variance,interquartile_range,semi_interquartile_range,coefficient_of_variation,skewness,kurtosis,label
LG6_13221117_13221189,12.295273862281805,1.3382835986541022,760.2174984694642,0.11246111358403346,1.979080222684642,15.147968886619655,88.15962036068694,88.76972881940205,0.35240873500900305,0.5573691735757327,1.3382835986541022,2.6603729738618,760.1050373558802,7880.0647546701775,2.103003800286067,1.0515019001430335,7.170203880625555,0.3728574448982232,0.24423893492591991,fourier
