nameseq,average,median,maximum,minimum,peak,none_levated_peak,sample_standard_deviation,population_standard_deviation,percentile15,percentile25,percentile50,percentile75,amplitude,variance,interquartile_range,semi_interquartile_range,coefficient_of_variation,skewness,kurtosis,label
LG6_14914343_14917733,277.2214263941331,12.256537442063205,880046.9801089516,0.0047032419343274534,4.077366414406613,284.1466809019044,15110.17803167652,15112.406507174468,2.6562307775205167,4.874256295556035,12.256537442063205,23.23618670221815,880046.9754057096,228384830.43808922,18.361930406662115,9.180965203331057,54.50580868952739,0.0526065718874931,0.24004016419678553,fourier
