nameseq,average,median,maximum,minimum,peak,none_levated_peak,sample_standard_deviation,population_standard_deviation,percentile15,percentile25,percentile50,percentile75,amplitude,variance,interquartile_range,semi_interquartile_range,coefficient_of_variation,skewness,kurtosis,label
LG6_1391332_1391514,28.165855880023564,3.306601476860269,4169.510598618441,0.030795481435255036,2.165742814982726,26.063061142210678,307.0900626768743,307.9325610026126,1.1124830509229078,1.5050624664433627,3.306601476860269,7.360795247913444,4169.479803137006,94822.46212562773,5.855732781470081,2.9278663907350406,10.902919619590747,0.24285306583808916,0.32044364353020516,fourier
