nameseq,average,median,maximum,minimum,peak,none_levated_peak,sample_standard_deviation,population_standard_deviation,percentile15,percentile25,percentile50,percentile75,amplitude,variance,interquartile_range,semi_interquartile_range,coefficient_of_variation,skewness,kurtosis,label
LG6_4787280_4787626,39.65095350972801,4.024802744279485,11807.402967779588,0.04676070412045758,2.9171219460911293,48.24844039712533,632.6668826742343,633.5804815366971,0.8274895405022827,1.4556478168949551,4.024802744279485,7.606111562271771,11807.356207075467,401424.226584273,6.150463745376816,3.075231872688408,15.955905890611561,0.16893321781690007,0.24865758425093484,fourier
