nameseq,average,median,maximum,minimum,peak,none_levated_peak,sample_standard_deviation,population_standard_deviation,percentile15,percentile25,percentile50,percentile75,amplitude,variance,interquartile_range,semi_interquartile_range,coefficient_of_variation,skewness,kurtosis,label
LG6_2853437_2853770,44.93355810652874,5.2243216331638305,11924.534959855313,0.0007471562402557265,2.477732412585347,38.1087941368192,651.1632846945397,652.1402744182948,1.3549948969792858,2.4248925831423858,5.2243216331638305,11.581180482329394,11924.534212699073,425286.9375183688,9.156287899187008,4.578143949593504,14.491692003352105,0.18294598639107465,0.21655877810918756,fourier
