nameseq,average,median,maximum,minimum,peak,none_levated_peak,sample_standard_deviation,population_standard_deviation,percentile15,percentile25,percentile50,percentile75,amplitude,variance,interquartile_range,semi_interquartile_range,coefficient_of_variation,skewness,kurtosis,label
LG6_16977894_16977992,28.075459688856693,3.623170925117566,2350.624778255048,0.026043046063781626,1.1754037285842869,14.038582656101559,234.64713750012646,235.841278227439,0.8379333642146398,1.2579369745135216,3.623170925117566,5.560532169502504,2350.598735208984,55621.10851595229,4.3025951949889825,2.1512975974944912,8.357730918766014,0.3126262995267856,0.22063007897271072,fourier
