nameseq,average,median,maximum,minimum,peak,none_levated_peak,sample_standard_deviation,population_standard_deviation,percentile15,percentile25,percentile50,percentile75,amplitude,variance,interquartile_range,semi_interquartile_range,coefficient_of_variation,skewness,kurtosis,label
LG6_8846939_8847097,15.116306800522377,0.8348192000317258,2181.322618312322,0.03995969846476316,3.506147414140104,39.81459678431415,172.34025959011748,172.88477993458395,0.2506311610436796,0.38304332268164976,0.8348192000317258,1.973052801273987,2181.282658613857,29889.147133029517,1.590009478592337,0.7950047392961685,11.400950104040088,0.2486039124193636,0.22163434797802048,fourier
