nameseq,average,median,maximum,minimum,peak,none_levated_peak,sample_standard_deviation,population_standard_deviation,percentile15,percentile25,percentile50,percentile75,amplitude,variance,interquartile_range,semi_interquartile_range,coefficient_of_variation,skewness,kurtosis,label
LG6_7539146_7546252,570.4937248222399,29.23510844692972,3732873.055309695,0.00019204016053654555,4.152543484572345,386.7589543951644,44275.656577044174,44278.77183872451,6.589796330837333,12.299488401204863,29.23510844692972,60.27770296141729,3732873.055117655,1960609635.545823,47.97821456021243,23.989107280106214,77.60936650239233,0.03667423533969268,0.23920158984316006,fourier
