nameseq,average,median,maximum,minimum,peak,none_levated_peak,sample_standard_deviation,population_standard_deviation,percentile15,percentile25,percentile50,percentile75,amplitude,variance,interquartile_range,semi_interquartile_range,coefficient_of_variation,skewness,kurtosis,label
LG6_1644370_1644561,28.969041662918798,3.1081533031033812,4439.928547944514,0.006938968965539411,2.2092549952013716,26.659299492083658,319.2591393314898,320.0938051724139,0.8468141416414992,1.2439573715817491,3.1081533031033812,6.658631187103855,4439.921608975549,102460.04410975527,5.4146738155221055,2.7073369077610527,11.020700755184132,0.243008438981261,0.21053685115905788,fourier
