nameseq,average,median,maximum,minimum,peak,none_levated_peak,sample_standard_deviation,population_standard_deviation,percentile15,percentile25,percentile50,percentile75,amplitude,variance,interquartile_range,semi_interquartile_range,coefficient_of_variation,skewness,kurtosis,label
LG6_15591565_15593030,112.96157310789911,5.325377802568411,153790.34813777878,0.0011755588942050671,4.3259548643139025,179.18496582305403,4015.0711987190693,4016.441296421025,1.1108078222404578,2.005000116384785,5.325377802568411,10.809841945514547,153790.3469622199,16131800.687596206,8.804841829129762,4.402420914564881,35.54369055115704,0.08042412448850467,0.2515215241110052,fourier
