nameseq,average,median,maximum,minimum,peak,none_levated_peak,sample_standard_deviation,population_standard_deviation,percentile15,percentile25,percentile50,percentile75,amplitude,variance,interquartile_range,semi_interquartile_range,coefficient_of_variation,skewness,kurtosis,label
LG6_16704028_16704599,62.26088931018674,5.7411380710207975,31162.64455874918,0.029733925027167967,3.062382641480692,68.54799256613744,1301.5341163925546,1302.6733149619733,1.3602876051383175,2.2669728363440824,5.7411380710207975,9.799587652364018,31162.61482482415,1696957.7655140168,7.532614816019935,3.7663074080099674,20.904521776234983,0.13027645728370382,0.2241692277300416,fourier
