nameseq,average,median,maximum,minimum,peak,none_levated_peak,sample_standard_deviation,population_standard_deviation,percentile15,percentile25,percentile50,percentile75,amplitude,variance,interquartile_range,semi_interquartile_range,coefficient_of_variation,skewness,kurtosis,label
LG6_3099729_3099915,31.739955036132713,3.3660661091143385,5120.494733435738,0.18904789235813452,1.9638759179832854,27.29669956711696,373.145667388695,374.14740252639746,1.2460282237368296,1.9929929388787293,3.3660661091143385,5.369477481810245,5120.305685543381,139986.27881725007,3.3764845429315153,1.6882422714657577,11.756338878360307,0.228119134751701,0.18278120003629034,fourier
