nameseq,average,median,maximum,minimum,peak,none_levated_peak,sample_standard_deviation,population_standard_deviation,percentile15,percentile25,percentile50,percentile75,amplitude,variance,interquartile_range,semi_interquartile_range,coefficient_of_variation,skewness,kurtosis,label
LG6_14289229_14289619,31.503010663130713,2.118610475066467,11067.429278463713,0.00043412262451356554,4.13717072082472,71.46010760696983,558.8441651616428,559.5601733542857,0.5735991142851332,0.7881033351733817,2.118610475066467,4.075925672232789,11067.428844341088,313107.5876042782,3.2878223370594073,1.6439111685297036,17.739389137676337,0.1577420076287186,0.25975584513486766,fourier
