nameseq,average,median,maximum,minimum,peak,none_levated_peak,sample_standard_deviation,population_standard_deviation,percentile15,percentile25,percentile50,percentile75,amplitude,variance,interquartile_range,semi_interquartile_range,coefficient_of_variation,skewness,kurtosis,label
LG6_15010409_15010617,25.4084182126335,2.8790659767707134,4258.90108144711,0.09198885300020383,2.7418734249276175,31.207666647527628,293.60799529849834,294.31293747839345,0.6816125705033659,1.2338132809010363,2.8790659767707134,6.60898373544631,4258.80909259411,86620.10516716073,5.375170454545274,2.687585227272637,11.555540090744863,0.23019828407218457,0.20896391211682935,fourier
