nameseq,average,median,maximum,minimum,peak,none_levated_peak,sample_standard_deviation,population_standard_deviation,percentile15,percentile25,percentile50,percentile75,amplitude,variance,interquartile_range,semi_interquartile_range,coefficient_of_variation,skewness,kurtosis,label
LG6_9735396_9735673,32.66012201331612,3.3375433834128265,7606.249526104737,0.03874320317153933,2.8373031377189837,39.4962135306233,455.0853412401855,455.9060548757696,1.0755234475107676,1.5734444452856602,3.3375433834128265,7.9090073560167875,7606.210782901566,207850.3308723882,6.335562910731127,3.1677814553655637,13.933975539180137,0.1932994274216408,0.2539657042076733,fourier
