nameseq,average,median,maximum,minimum,peak,none_levated_peak,sample_standard_deviation,population_standard_deviation,percentile15,percentile25,percentile50,percentile75,amplitude,variance,interquartile_range,semi_interquartile_range,coefficient_of_variation,skewness,kurtosis,label
LG6_6307019_6307236,17.59684049373199,0.9991368070333785,3536.2656597114346,0.02298380772303941,4.129529201139864,54.700821993310235,238.86616617188636,239.41591641842427,0.34106371889567666,0.5121579323465838,0.9991368070333785,1.8145961903724654,3536.2426759037116,57319.981034473916,1.3024382580258815,0.6512191290129408,13.574378096850438,0.2084561068571975,0.22467279759730208,fourier
