nameseq,average,median,maximum,minimum,peak,none_levated_peak,sample_standard_deviation,population_standard_deviation,percentile15,percentile25,percentile50,percentile75,amplitude,variance,interquartile_range,semi_interquartile_range,coefficient_of_variation,skewness,kurtosis,label
LG6_9887001_9893380,479.528401810615,15.682010022718856,2903618.9274253068,0.006619927820765849,4.434912840692537,465.23177102593166,36348.94534510307,36351.79434344934,3.431022056645663,6.503434601558427,15.682010022718856,33.436387208350894,2903618.920805379,1321452951.9884357,26.93295260679247,13.466476303396234,75.80144410186308,0.038282793686369124,0.25472789823324127,fourier
