nameseq,average,median,maximum,minimum,peak,none_levated_peak,sample_standard_deviation,population_standard_deviation,percentile15,percentile25,percentile50,percentile75,amplitude,variance,interquartile_range,semi_interquartile_range,coefficient_of_variation,skewness,kurtosis,label
LG6_14302208_14318242,1146.209403877649,23.6268831921141,17782452.07951228,0.013217061207953809,4.663196778806525,961.1450376438029,140424.4612400385,140428.84013089008,5.53652709382706,9.870510759815952,23.6268831921141,49.602890599081036,17782452.066295218,19720259140.507088,39.732379839265086,19.866189919632543,122.51204776804289,0.023982627615710416,0.24770390074084933,fourier
