nameseq,average,median,maximum,minimum,peak,none_levated_peak,sample_standard_deviation,population_standard_deviation,percentile15,percentile25,percentile50,percentile75,amplitude,variance,interquartile_range,semi_interquartile_range,coefficient_of_variation,skewness,kurtosis,label
LG6_15189824_15190047,27.28406285238177,2.090491351273722,5477.590334572504,0.05077894634389778,2.736640326282954,41.203520104462804,364.9902448833383,365.8076932642337,0.2661353600523511,0.7356753496265842,2.090491351273722,3.8541971910514894,5477.53955562616,133815.26845129966,3.118521841424905,1.5592609207124526,13.377415484566528,0.20707598507867514,0.2383247923016502,fourier
