nameseq,average,median,maximum,minimum,peak,none_levated_peak,sample_standard_deviation,population_standard_deviation,percentile15,percentile25,percentile50,percentile75,amplitude,variance,interquartile_range,semi_interquartile_range,coefficient_of_variation,skewness,kurtosis,label
LG6_12636623_12636872,41.30149797799233,4.017450608832593,8775.412262716609,0.0003509308634718477,2.0176830723606645,32.39472834298978,553.5334040717747,554.6438031898983,0.9127949026049329,1.776055082797997,4.017450608832593,9.185490284083247,8775.411911785746,307629.74841695465,7.40943520128525,3.704717600642625,13.402259752581548,0.20206936254379282,0.24357065979266457,fourier
