nameseq,average,median,maximum,minimum,peak,none_levated_peak,sample_standard_deviation,population_standard_deviation,percentile15,percentile25,percentile50,percentile75,amplitude,variance,interquartile_range,semi_interquartile_range,coefficient_of_variation,skewness,kurtosis,label
LG6_5996079_5996342,26.00080677237661,2.3255338853992584,5854.88149427503,0.005916533795331246,3.384510364251145,44.07192667743672,359.44918444843586,360.1318995639485,0.651589093427542,1.0546917809177885,2.3255338853992584,5.195583796263622,5854.875577741234,129694.98508353787,4.140892015345834,2.070446007672917,13.824539661219918,0.19759627155621196,0.23840909489669368,fourier
