nameseq,average,median,maximum,minimum,peak,none_levated_peak,sample_standard_deviation,population_standard_deviation,percentile15,percentile25,percentile50,percentile75,amplitude,variance,interquartile_range,semi_interquartile_range,coefficient_of_variation,skewness,kurtosis,label
LG6_4320397_4320552,28.70663310386054,3.1734987219023223,3690.311864727569,0.1307482243396995,1.8114280351814198,22.231911212726548,294.1581649279133,295.10553667181904,0.6792578095085179,1.3403137560650318,3.1734987219023223,7.944546029690948,3690.1811165032295,87087.27777436232,6.604232273625916,3.302116136812958,10.2470451293835,0.26040209750644244,0.2562667969752347,fourier
