nameseq,average,median,maximum,minimum,peak,none_levated_peak,sample_standard_deviation,population_standard_deviation,percentile15,percentile25,percentile50,percentile75,amplitude,variance,interquartile_range,semi_interquartile_range,coefficient_of_variation,skewness,kurtosis,label
LG6_14071296_14071474,27.01709753452486,2.8748113558520916,4082.239454505675,0.04547819577171671,2.2084780421146006,27.19848804663563,303.9795999241219,304.8322792987073,1.0369035204166293,1.4160336175921397,2.8748113558520916,5.752975371884337,4082.193976309903,92922.7185024451,4.336941754292197,2.1684708771460985,11.25137885502577,0.23826223389364679,0.24087099974329926,fourier
