nameseq,average,median,maximum,minimum,peak,none_levated_peak,sample_standard_deviation,population_standard_deviation,percentile15,percentile25,percentile50,percentile75,amplitude,variance,interquartile_range,semi_interquartile_range,coefficient_of_variation,skewness,kurtosis,label
LG6_16962089_16962366,21.706257575091634,1.0477367198917744,5627.802237110721,0.0016574379149995131,4.2691222264405235,68.64056370580383,336.84023191243955,337.4476990099084,0.22451866018322528,0.4722242040454187,1.0477367198917744,2.418330695799842,5627.800579672806,113870.94956708173,1.946106491754423,0.9730532458772115,15.518116411691828,0.18399097463425898,0.2917795506478549,fourier
