nameseq,average,median,maximum,minimum,peak,none_levated_peak,sample_standard_deviation,population_standard_deviation,percentile15,percentile25,percentile50,percentile75,amplitude,variance,interquartile_range,semi_interquartile_range,coefficient_of_variation,skewness,kurtosis,label
LG6_10307925_10311610,307.9297130228474,13.256826979606867,1062313.2599254008,0.0015168491179364182,3.9900880451101632,293.22152649778025,17494.77219511172,17497.145815934677,3.0928712812792796,5.3852995929051035,13.256826979606867,27.016338944540337,1062313.2584085518,306150111.7040804,21.631039351635234,10.815519675817617,56.81417367415162,0.05053044693984233,0.24762158839658865,fourier
