nameseq,average,median,maximum,minimum,peak,none_levated_peak,sample_standard_deviation,population_standard_deviation,percentile15,percentile25,percentile50,percentile75,amplitude,variance,interquartile_range,semi_interquartile_range,coefficient_of_variation,skewness,kurtosis,label
LG6_2030404_2030514,29.435378236300778,1.4305683114006496,2992.4568773117057,0.020907139197462968,1.2569908123134037,20.02945696732069,282.52594033266377,283.8072436876673,0.28179588056901306,0.49171523524868577,1.4305683114006496,3.9678911491659696,2992.4359701725084,80546.55156959097,3.4761759139172836,1.7380879569586418,9.598175979415224,0.29736890593400567,0.39131864762922297,fourier
