nameseq,average,median,maximum,minimum,peak,none_levated_peak,sample_standard_deviation,population_standard_deviation,percentile15,percentile25,percentile50,percentile75,amplitude,variance,interquartile_range,semi_interquartile_range,coefficient_of_variation,skewness,kurtosis,label
LG6_15930528_15933610,251.71216066404975,11.360573473781693,724947.825262903,0.010677213039726081,4.082705674432046,265.2552169774357,13053.892621917174,13056.01021340193,2.7527417749522907,4.759800987131341,11.360573473781693,22.633582215100077,724947.8145856899,170459402.69245556,17.873781227968735,8.936890613984367,51.86039715951462,0.055236762125664376,0.2539789125750481,fourier
