nameseq,average,median,maximum,minimum,peak,none_levated_peak,sample_standard_deviation,population_standard_deviation,percentile15,percentile25,percentile50,percentile75,amplitude,variance,interquartile_range,semi_interquartile_range,coefficient_of_variation,skewness,kurtosis,label
LG6_5993633_5993784,31.638811199236795,3.0898859014808777,4166.592533770145,0.02377428686169379,1.6014086732781183,22.246574851099123,336.521893708412,337.6343658128489,1.01642834675277,1.7539259783832046,3.0898859014808777,5.201403652550214,4166.5687594832825,113996.96497784468,3.4474776741670095,1.7237388370835047,10.636363407880816,0.25450580629229014,0.211435822642409,fourier
