nameseq,average,median,maximum,minimum,peak,none_levated_peak,sample_standard_deviation,population_standard_deviation,percentile15,percentile25,percentile50,percentile75,amplitude,variance,interquartile_range,semi_interquartile_range,coefficient_of_variation,skewness,kurtosis,label
LG6_8454131_8461324,562.0734739185682,27.257586535200815,3751913.3301845314,0.020839668916186303,4.26634614738538,408.7614237921534,44231.6294832141,44234.70400651974,6.550537127728074,11.112560183775326,27.257586535200815,54.90555021046596,3751913.3093448626,1956709038.544414,43.79299002669063,21.896495013345316,78.69367891504922,0.03627376338823307,0.25003171529022994,fourier
