nameseq,average,median,maximum,minimum,peak,none_levated_peak,sample_standard_deviation,population_standard_deviation,percentile15,percentile25,percentile50,percentile75,amplitude,variance,interquartile_range,semi_interquartile_range,coefficient_of_variation,skewness,kurtosis,label
LG6_6479054_6479260,33.257712722972975,4.554009109900273,5634.717088960462,0.05202011759086796,2.074706717649221,27.02304289116571,390.3115656733196,391.2577769180257,1.0632136659110376,2.178998648978584,4.554009109900273,8.330539520054337,5634.665068842872,153082.64799883554,6.151540871075753,3.0757704355378763,11.735971409835091,0.2206214686225589,0.22298834072480875,fourier
