nameseq,average,median,maximum,minimum,peak,none_levated_peak,sample_standard_deviation,population_standard_deviation,percentile15,percentile25,percentile50,percentile75,amplitude,variance,interquartile_range,semi_interquartile_range,coefficient_of_variation,skewness,kurtosis,label
LG6_217701_220644,226.69356203879227,7.2322407264428215,634554.226219944,0.0031098007622777243,4.328898114739604,305.4285196150102,11692.803473142352,11694.789849351899,1.825372847326115,3.276376320146361,7.2322407264428215,15.152442704347061,634554.2231101432,136768109.6205042,11.876066384200701,5.938033192100351,51.57977742279887,0.05630676727350422,0.23946433851899626,fourier
