nameseq,average,median,maximum,minimum,peak,none_levated_peak,sample_standard_deviation,population_standard_deviation,percentile15,percentile25,percentile50,percentile75,amplitude,variance,interquartile_range,semi_interquartile_range,coefficient_of_variation,skewness,kurtosis,label
LG6_6580238_6580662,47.708782457778675,6.131896992796205,16346.417999042684,0.0016876257075942101,2.969404360550153,48.92051506111046,791.6638214767586,792.5968375005849,1.4534034558189077,2.133569146494724,6.131896992796205,10.73910585900617,16346.416311416977,628209.7468159285,8.605536712511446,4.302768356255723,16.59367061352625,0.1575550795819829,0.2577789056887842,fourier
