nameseq,average,median,maximum,minimum,peak,none_levated_peak,sample_standard_deviation,population_standard_deviation,percentile15,percentile25,percentile50,percentile75,amplitude,variance,interquartile_range,semi_interquartile_range,coefficient_of_variation,skewness,kurtosis,label
LG6_1415709_1416038,57.221702493519004,5.574192563272225,14953.091239850397,0.01870984731037673,1.92234755707345,33.998668131794176,821.42239616557,822.6698113051124,1.2631891216963578,2.000607229324882,5.574192563272225,15.671176702796421,14953.072530003086,676785.6184327892,13.670569473471538,6.835284736735769,14.355084878130029,0.18862710648506514,0.26481845018098077,fourier
