nameseq,average,median,maximum,minimum,peak,none_levated_peak,sample_standard_deviation,population_standard_deviation,percentile15,percentile25,percentile50,percentile75,amplitude,variance,interquartile_range,semi_interquartile_range,coefficient_of_variation,skewness,kurtosis,label
LG6_9605748_9606153,39.900869358476406,2.0925985019768185,14616.013536279957,0.003398798641702172,3.391738964819913,67.33156146730093,724.3057210840523,725.1993743802435,0.6260472477315318,0.9649758383022234,2.0925985019768185,5.753502535652688,14616.010137481315,525914.1326014965,4.7885266973504645,2.3942633486752323,18.152630073715002,0.15659797964834293,0.2561366412473662,fourier
