nameseq,average,median,maximum,minimum,peak,none_levated_peak,sample_standard_deviation,population_standard_deviation,percentile15,percentile25,percentile50,percentile75,amplitude,variance,interquartile_range,semi_interquartile_range,coefficient_of_variation,skewness,kurtosis,label
LG6_11555999_11556250,49.40945652303557,6.078476379477612,9777.635741990398,0.02118846207919461,1.7000794161910624,27.152547975854805,614.374637546486,615.5972748504058,1.2566185230973972,2.257710196950214,6.078476379477612,11.808757067382096,9777.61455352832,378960.0048032461,9.551046870431882,4.775523435215941,12.434353275269352,0.21158578575086134,0.2175391537156856,fourier
