nameseq,average,median,maximum,minimum,peak,none_levated_peak,sample_standard_deviation,population_standard_deviation,percentile15,percentile25,percentile50,percentile75,amplitude,variance,interquartile_range,semi_interquartile_range,coefficient_of_variation,skewness,kurtosis,label
LG6_8991798_8992260,94.56442185076205,12.007534561602368,32066.205062809408,0.08990589366200573,1.6320443810981715,34.41253183462625,1488.4754839460131,1490.0855173901348,3.023765984560758,4.724018816130852,12.007534561602368,27.739661745996255,32066.115156915745,2220354.849135826,23.015642929865404,11.507821464932702,15.740332937212562,0.16639216738114715,0.2135443606335748,fourier
