nameseq,average,median,maximum,minimum,peak,none_levated_peak,sample_standard_deviation,population_standard_deviation,percentile15,percentile25,percentile50,percentile75,amplitude,variance,interquartile_range,semi_interquartile_range,coefficient_of_variation,skewness,kurtosis,label
LG6_7978576_7978861,28.182074740010737,2.748333562151869,6895.130363685094,0.0038692589982951223,3.3827649033229767,45.76098214533206,406.7835089382325,407.4965392995356,0.7595755735397969,1.4282810861503221,2.748333562151869,5.352530265373055,6895.126494426096,166053.42954109795,3.9242491792227328,1.9621245896113664,14.434122139372253,0.18757206685377814,0.20975282571534737,fourier
