nameseq,average,median,maximum,minimum,peak,none_levated_peak,sample_standard_deviation,population_standard_deviation,percentile15,percentile25,percentile50,percentile75,amplitude,variance,interquartile_range,semi_interquartile_range,coefficient_of_variation,skewness,kurtosis,label
LG6_4750165_4750924,157.72601177878798,21.7102270748939,92424.61590947483,0.03285544059627443,1.6061607751081377,45.86163218921885,3349.4461280205937,3351.651887975186,4.538599233255132,8.648490200333184,21.7102270748939,45.3927425324494,92424.58305403423,11233570.37816763,36.74425233211621,18.372126166058106,21.23585127301779,0.1218253223116695,0.21832208741890344,fourier
