nameseq,average,median,maximum,minimum,peak,none_levated_peak,sample_standard_deviation,population_standard_deviation,percentile15,percentile25,percentile50,percentile75,amplitude,variance,interquartile_range,semi_interquartile_range,coefficient_of_variation,skewness,kurtosis,label
LG6_800933_801312,40.8743564675243,4.3385956565518455,12957.897438714466,0.03673217853606036,3.098927484456092,50.337749036898465,663.5823801612562,664.457241952059,0.8531398145400264,1.4492548611345408,4.3385956565518455,8.423737738156541,12957.86070653593,441503.4263825371,6.974482877022,3.487241438511,16.23468691644085,0.16517509462243687,0.23660355640891098,fourier
