nameseq,average,median,maximum,minimum,peak,none_levated_peak,sample_standard_deviation,population_standard_deviation,percentile15,percentile25,percentile50,percentile75,amplitude,variance,interquartile_range,semi_interquartile_range,coefficient_of_variation,skewness,kurtosis,label
LG6_16811130_16811318,23.101176701612623,1.8253641761200605,3878.947295334254,0.026907229297572978,2.7271338085389463,35.962144082785656,281.2279603603519,281.97491508993835,0.4469915969168512,0.6895196770704971,1.8253641761200605,3.4976013786893136,3878.920388104956,79509.85273997794,2.8080817016188164,1.4040408508094082,12.173750454050259,0.2269597855586347,0.2755747695610646,fourier
