nameseq,average,median,maximum,minimum,peak,none_levated_peak,sample_standard_deviation,population_standard_deviation,percentile15,percentile25,percentile50,percentile75,amplitude,variance,interquartile_range,semi_interquartile_range,coefficient_of_variation,skewness,kurtosis,label
LG6_16392382_16392844,41.577823347182644,3.065230517894574,17191.124394475126,0.01486113745323473,3.711914691748555,72.85638861007575,797.8840548314273,798.7470989505042,0.5592256854688893,1.1009938986720305,3.065230517894574,6.421077190467922,17191.109533337672,637996.9280818466,5.320083291795891,2.6600416458979455,19.190135283632944,0.14480522299981846,0.25639353793809494,fourier
