nameseq,average,median,maximum,minimum,peak,none_levated_peak,sample_standard_deviation,population_standard_deviation,percentile15,percentile25,percentile50,percentile75,amplitude,variance,interquartile_range,semi_interquartile_range,coefficient_of_variation,skewness,kurtosis,label
LG6_4149904_4154433,326.7114510086547,10.44655623065057,1410875.9596854926,0.001196867514492551,4.621815352165295,408.59988460346125,20959.805576653096,20962.119404068286,2.4695102566958576,4.399734939557995,10.44655623065057,20.15094390008676,1410875.958488625,439410449.9104161,15.751208960528764,7.875604480264382,64.15387496197023,0.045267341858879866,0.2407699485905718,fourier
