nameseq,average,median,maximum,minimum,peak,none_levated_peak,sample_standard_deviation,population_standard_deviation,percentile15,percentile25,percentile50,percentile75,amplitude,variance,interquartile_range,semi_interquartile_range,coefficient_of_variation,skewness,kurtosis,label
LG6_9354483_9354714,17.430898488385175,0.7766816118502136,3795.8020936020944,0.024286736217469913,4.436566100414345,64.52567503255666,248.60088787963915,249.13840394042924,0.2518174539149747,0.41255408795731585,0.7766816118502136,1.3048736464681927,3795.7778068658768,62069.9443179845,0.8923195585108769,0.4461597792554384,14.262081099565275,0.20097535071473455,0.22776505959123958,fourier
