nameseq,average,median,maximum,minimum,peak,none_levated_peak,sample_standard_deviation,population_standard_deviation,percentile15,percentile25,percentile50,percentile75,amplitude,variance,interquartile_range,semi_interquartile_range,coefficient_of_variation,skewness,kurtosis,label
LG6_1812008_1812196,20.584060883476866,1.5218241604813698,3422.3645208073485,0.025060962468054938,3.060620562513544,36.83563470278776,248.1125748028607,248.77157350619518,0.5178656616596389,0.7953942865622655,1.5218241604813698,3.16505164897546,3422.3394598448804,61887.29578474827,2.3696573624131947,1.1848286812065973,12.053626162854211,0.2304869481702994,0.1903413928425661,fourier
