nameseq,average,median,maximum,minimum,peak,none_levated_peak,sample_standard_deviation,population_standard_deviation,percentile15,percentile25,percentile50,percentile75,amplitude,variance,interquartile_range,semi_interquartile_range,coefficient_of_variation,skewness,kurtosis,label
LG6_14105512_14105608,20.297661918970235,1.9105235945112062,1690.165726033414,0.070239028052127,1.592958512286311,16.924432424922585,170.46555620388494,171.35109751965547,0.587789252005987,0.9900006429613636,1.9105235945112062,3.5408008385161627,1690.095487005362,29361.198621190477,2.550800195554799,1.2754000977773996,8.398285323915436,0.32359273158620616,0.26961089339803923,fourier
