nameseq,average,median,maximum,minimum,peak,none_levated_peak,sample_standard_deviation,population_standard_deviation,percentile15,percentile25,percentile50,percentile75,amplitude,variance,interquartile_range,semi_interquartile_range,coefficient_of_variation,skewness,kurtosis,label
LG6_10478718_10484534,475.2799856798718,23.725336848630416,2541677.890320328,0.005619919073912943,4.079700510061089,345.43866726934795,33321.763784539326,33324.6283247367,5.505884303019966,9.923378761148678,23.725336848630416,49.36272890048282,2541677.884700409,1110530852.981844,39.439350139334145,19.719675069667073,70.10975590919041,0.040654028857928064,0.2420422779268691,fourier
