nameseq,average,median,maximum,minimum,peak,none_levated_peak,sample_standard_deviation,population_standard_deviation,percentile15,percentile25,percentile50,percentile75,amplitude,variance,interquartile_range,semi_interquartile_range,coefficient_of_variation,skewness,kurtosis,label
LG6_3990214_3990552,45.67715562304373,4.758826913870027,12528.126011490616,0.00795909925547685,2.4738843401841,41.73435899911616,679.3681532812516,680.3723935238585,0.8974740367425272,1.8188853477574694,4.758826913870027,9.811299210495399,12528.11805239136,462906.59386938415,7.99241386273793,3.996206931368965,14.87325872232106,0.18068993304238945,0.25621190024388446,fourier
