nameseq,average,median,maximum,minimum,peak,none_levated_peak,sample_standard_deviation,population_standard_deviation,percentile15,percentile25,percentile50,percentile75,amplitude,variance,interquartile_range,semi_interquartile_range,coefficient_of_variation,skewness,kurtosis,label
LG6_17258674_17258817,20.51911499121179,2.0998834333984373,2541.203576613567,0.08932712613817863,2.3392821776454835,25.548431849882675,210.80806033971294,211.54386732501314,0.7403348760233693,1.0793511214689255,2.0998834333984373,3.4742777834623535,2541.114249487429,44750.80780282276,2.394926661993428,1.197463330996714,10.273740384514669,0.26212325365734784,0.19855977407075684,fourier
