nameseq,average,median,maximum,minimum,peak,none_levated_peak,sample_standard_deviation,population_standard_deviation,percentile15,percentile25,percentile50,percentile75,amplitude,variance,interquartile_range,semi_interquartile_range,coefficient_of_variation,skewness,kurtosis,label
LG6_1091429_1091669,31.17990768817819,2.313759766492784,6626.848296416746,0.006162743911022732,2.576445515385268,39.94923231617155,425.7689268719129,426.65502341181207,0.53190113889981,0.9345111257389589,2.313759766492784,5.000077468495358,6626.842133672835,182034.5090025339,4.0655663427564,2.0327831713782,13.655233720699645,0.20339305735927563,0.23949125315851572,fourier
