nameseq,average,median,maximum,minimum,peak,none_levated_peak,sample_standard_deviation,population_standard_deviation,percentile15,percentile25,percentile50,percentile75,amplitude,variance,interquartile_range,semi_interquartile_range,coefficient_of_variation,skewness,kurtosis,label
LG6_14649763_14649839,9.059131660993337,1.2538277595736622,553.6742679738686,0.06409237075685142,2.8332369621231788,17.21568117755892,62.50376578033648,62.913630931167866,0.285647714507791,0.44965632767816843,1.2538277595736622,2.3610225111373717,553.6101756031118,3958.1249569432016,1.9113661834592033,0.9556830917296016,6.899531668080749,0.3746320147581509,0.182227121907055,fourier
