nameseq,average,median,maximum,minimum,peak,none_levated_peak,sample_standard_deviation,population_standard_deviation,percentile15,percentile25,percentile50,percentile75,amplitude,variance,interquartile_range,semi_interquartile_range,coefficient_of_variation,skewness,kurtosis,label
LG6_9932817_9933089,49.911755781937224,4.433187073990341,11933.578907842055,0.0347134643143651,1.8232177685268363,34.885363972854876,720.5772146723848,721.9005899188968,0.913205484952825,2.0553373203846634,4.433187073990341,9.249295616693699,11933.54419437774,521140.4617252511,7.193958296309035,3.5969791481545177,14.437023971277675,0.18934224305978373,0.24252419423706081,fourier
