nameseq,average,median,maximum,minimum,peak,none_levated_peak,sample_standard_deviation,population_standard_deviation,percentile15,percentile25,percentile50,percentile75,amplitude,variance,interquartile_range,semi_interquartile_range,coefficient_of_variation,skewness,kurtosis,label
LG6_11111242_11111406,37.65578499167103,5.102824836352302,4912.239796931461,0.08151690780057118,1.4605989494619562,19.36732754048014,380.7471484919003,381.90619880919473,1.0288901271061233,1.7083018468662012,5.102824836352302,10.62019362811626,4912.15828002366,145852.3446888882,8.911891781250059,4.4559458906250295,10.111252456325547,0.2564927428945241,0.21006495002610143,fourier
