nameseq,average,median,maximum,minimum,peak,none_levated_peak,sample_standard_deviation,population_standard_deviation,percentile15,percentile25,percentile50,percentile75,amplitude,variance,interquartile_range,semi_interquartile_range,coefficient_of_variation,skewness,kurtosis,label
LG6_6557961_6561994,318.3381232533735,11.283725438732699,1216263.3265830316,0.0009166743245568019,4.224020211353737,346.0516426908431,19146.96980230342,19149.343442652502,2.7668037554906793,4.852115063420584,11.283725438732699,22.864084836472475,1216263.3256663573,366697354.2846584,18.01196977305189,9.005984886525946,60.14664409849478,0.04811012932882489,0.24748282327469204,fourier
