nameseq,average,median,maximum,minimum,peak,none_levated_peak,sample_standard_deviation,population_standard_deviation,percentile15,percentile25,percentile50,percentile75,amplitude,variance,interquartile_range,semi_interquartile_range,coefficient_of_variation,skewness,kurtosis,label
LG6_1460366_1460962,44.41305521513385,1.5724401622047823,24866.216119480614,0.021427535176608,4.480664503625283,118.64230751371531,1016.7471866783532,1017.5998050140757,0.3549540262090818,0.6661868677895257,1.5724401622047823,3.3209296825098606,24866.19469194544,1035509.363164685,2.654742814720335,1.3273714073601675,22.892980042766663,0.12640491839339107,0.20807731838790314,fourier
