nameseq,average,median,maximum,minimum,peak,none_levated_peak,sample_standard_deviation,population_standard_deviation,percentile15,percentile25,percentile50,percentile75,amplitude,variance,interquartile_range,semi_interquartile_range,coefficient_of_variation,skewness,kurtosis,label
LG6_9464185_9464291,23.709189959849496,2.178057648677404,2129.484035236618,0.0018064780097465363,1.5043393185117941,16.870819447703372,204.5749167972165,205.53762760543154,0.49730535507659057,1.0397001329286764,2.178057648677404,5.525286458724599,2129.4822287586085,42245.71636166905,4.485586325795923,2.2427931628979616,8.628507222037337,0.31574446146564517,0.24916426246939594,fourier
