nameseq,average,median,maximum,minimum,peak,none_levated_peak,sample_standard_deviation,population_standard_deviation,percentile15,percentile25,percentile50,percentile75,amplitude,variance,interquartile_range,semi_interquartile_range,coefficient_of_variation,skewness,kurtosis,label
LG6_14620981_14621163,19.670718989885046,1.094002555782971,3243.450630045836,0.023924626432835067,3.101055941644382,40.67494932732962,238.98701945093208,239.6426778008164,0.2647528016347267,0.43671209945450906,1.094002555782971,2.3212162543650594,3243.4267054194033,57428.6130235459,1.8845041549105503,0.9422520774552752,12.149378961380236,0.23319320618477576,0.24091924078902782,fourier
