nameseq,average,median,maximum,minimum,peak,none_levated_peak,sample_standard_deviation,population_standard_deviation,percentile15,percentile25,percentile50,percentile75,amplitude,variance,interquartile_range,semi_interquartile_range,coefficient_of_variation,skewness,kurtosis,label
LG6_4391468_4391599,19.508100148174588,3.0403918893367097,2036.7362408525812,0.11190116207059912,2.2554733503414566,20.675486424081676,176.3019679943508,176.97359697121652,0.7275225759707631,1.2252401935723278,3.0403918893367097,5.763161656735509,2036.6243396905106,31319.654024930576,4.5379214631631815,2.2689607315815907,9.037372509636604,0.28021879357635215,0.2596765135177667,fourier
