nameseq,average,median,maximum,minimum,peak,none_levated_peak,sample_standard_deviation,population_standard_deviation,percentile15,percentile25,percentile50,percentile75,amplitude,variance,interquartile_range,semi_interquartile_range,coefficient_of_variation,skewness,kurtosis,label
LG6_15771783_15775556,306.886810864332,15.888032163621784,1070353.4247574948,0.00839404016870816,4.099231232704017,278.7609620143708,17420.463403515056,17422.771819798094,3.533841200530626,6.2784488963799285,15.888032163621784,31.832429165342973,1070353.4163634547,303552977.8847506,25.553980268963045,12.776990134481522,56.76510943709557,0.05011326713191681,0.2531343261867758,fourier
