nameseq,average,median,maximum,minimum,peak,none_levated_peak,sample_standard_deviation,population_standard_deviation,percentile15,percentile25,percentile50,percentile75,amplitude,variance,interquartile_range,semi_interquartile_range,coefficient_of_variation,skewness,kurtosis,label
LG6_6789737_6789844,13.922470486658952,1.1129123571144277,1305.6420652546867,0.01600405319609564,2.5857479844900078,23.80526919193984,124.89041424892292,125.47265709870919,0.26924372641901556,0.603104150519848,1.1129123571144277,2.5780314559731896,1305.6260612014905,15743.387679410256,1.9749273054533416,0.9874636527266708,8.970420470174293,0.307699150649306,0.21239311641979722,fourier
