nameseq,average,median,maximum,minimum,peak,none_levated_peak,sample_standard_deviation,population_standard_deviation,percentile15,percentile25,percentile50,percentile75,amplitude,variance,interquartile_range,semi_interquartile_range,coefficient_of_variation,skewness,kurtosis,label
LG6_5834208_5837376,290.50539668325433,19.400943121214965,830449.7412945158,0.009871003211434495,3.636191772661219,209.88193207414304,14749.240197232522,14751.567860814794,5.137603639035441,8.733827024800549,19.400943121214965,39.73208784547905,830449.7314235126,217608754.35222396,30.998260820678503,15.499130410339252,50.77096799449136,0.05514272937522058,0.2561482381163534,fourier
