nameseq,average,median,maximum,minimum,peak,none_levated_peak,sample_standard_deviation,population_standard_deviation,percentile15,percentile25,percentile50,percentile75,amplitude,variance,interquartile_range,semi_interquartile_range,coefficient_of_variation,skewness,kurtosis,label
LG6_16049267_16049388,23.899617189150238,1.785504643369521,2580.1112627510784,0.0910962219100562,1.701561424386672,21.906255492209805,232.4073446440068,233.36572951262886,0.5297142964080415,0.8924684638566206,1.785504643369521,3.121220335258007,2580.0201665291684,54459.563710961454,2.228751871401386,1.114375935700693,9.724312435829026,0.2854571474019591,0.16387644617569233,fourier
