nameseq,average,median,maximum,minimum,peak,none_levated_peak,sample_standard_deviation,population_standard_deviation,percentile15,percentile25,percentile50,percentile75,amplitude,variance,interquartile_range,semi_interquartile_range,coefficient_of_variation,skewness,kurtosis,label
LG6_9556423_9556576,17.778808725076647,2.5560929188366845,2201.457118544182,0.16179306270273297,2.8873325613165925,25.88973523104353,176.57054940422492,177.14663755604423,0.7180383777113954,1.1096727980442467,2.5560929188366845,4.937229070029882,2201.2953254814793,31380.9311974125,3.8275562719856353,1.9137781359928177,9.931517467487895,0.25863966314207526,0.27053015631940736,fourier
