nameseq,average,median,maximum,minimum,peak,none_levated_peak,sample_standard_deviation,population_standard_deviation,percentile15,percentile25,percentile50,percentile75,amplitude,variance,interquartile_range,semi_interquartile_range,coefficient_of_variation,skewness,kurtosis,label
LG6_8647523_8647617,16.29365148430843,2.0726423179484086,1305.0097150931615,0.02856441622315113,1.9434972386124245,17.936741998787706,132.94454241587212,133.64982345212582,0.3498661444337449,0.4033319265037152,2.0726423179484086,4.250043795954988,1304.9811506769383,17862.275308784403,3.8467118694512727,1.9233559347256364,8.159284770752837,0.320908453433336,0.32561943588149195,fourier
