nameseq,average,median,maximum,minimum,peak,none_levated_peak,sample_standard_deviation,population_standard_deviation,percentile15,percentile25,percentile50,percentile75,amplitude,variance,interquartile_range,semi_interquartile_range,coefficient_of_variation,skewness,kurtosis,label
LG6_8105599_8106073,35.074992856556065,1.6339660310979347,15579.126123590126,0.039333800190131184,4.514137293793871,99.06892062568275,713.9660296214897,714.718761543385,0.42772423876082305,0.6507046679740399,1.6339660310979347,3.136666206246579,15579.086789789935,510822.90810211,2.485961538272539,1.2429807691362695,20.35541482620825,0.14051520144391302,0.2700519285615833,fourier
