nameseq,average,median,maximum,minimum,peak,none_levated_peak,sample_standard_deviation,population_standard_deviation,percentile15,percentile25,percentile50,percentile75,amplitude,variance,interquartile_range,semi_interquartile_range,coefficient_of_variation,skewness,kurtosis,label
LG6_6754143_6754712,50.8073409402233,3.455886367916519,26141.95049423837,0.030457919220504025,3.7396170806014424,84.94273985365287,1093.811262124083,1094.7720100142888,0.8122403168116085,1.3006052843608253,3.455886367916519,6.604000616371427,26141.92003631915,1198525.7539107262,5.303395332010601,2.6516976660053007,21.528606730491802,0.12987100118265701,0.26245430492356797,fourier
