nameseq,average,median,maximum,minimum,peak,none_levated_peak,sample_standard_deviation,population_standard_deviation,percentile15,percentile25,percentile50,percentile75,amplitude,variance,interquartile_range,semi_interquartile_range,coefficient_of_variation,skewness,kurtosis,label
LG6_10838906_10839256,26.987851012199354,1.229898124362099,8868.671926775654,0.017300430967008316,4.335284048630339,81.25046915569614,472.61096276553843,473.2856397153999,0.29614562587804116,0.6079088289032274,1.229898124362099,2.320727760209951,8868.654626344687,223999.29676081534,1.7128189313067237,0.8564094656533618,17.511989470814235,0.16350416040147422,0.2506654395209595,fourier
