nameseq,average,median,maximum,minimum,peak,none_levated_peak,sample_standard_deviation,population_standard_deviation,percentile15,percentile25,percentile50,percentile75,amplitude,variance,interquartile_range,semi_interquartile_range,coefficient_of_variation,skewness,kurtosis,label
LG6_2746075_2746129,5.7641784086021834,0.6024418673204894,268.2207796386568,0.010976988764306883,3.1805631321149854,15.958324719295124,35.72403372576133,36.05329445319734,0.22068850220614125,0.404744724198984,0.6024418673204894,1.1931357214334666,268.2098026498925,1299.84004092895,0.7883909972344826,0.3941954986172413,6.197593341741209,0.43346755695951494,0.21235143999363737,fourier
