nameseq,average,median,maximum,minimum,peak,none_levated_peak,sample_standard_deviation,population_standard_deviation,percentile15,percentile25,percentile50,percentile75,amplitude,variance,interquartile_range,semi_interquartile_range,coefficient_of_variation,skewness,kurtosis,label
LG6_3344238_3344374,28.94174803080322,3.963448119162399,2938.250599379871,0.021055090887400433,1.577882117488647,16.98059106991499,249.8119183728691,250.72866243850174,1.1277845248251213,1.8367935894497311,3.963448119162399,10.255771871140015,2938.2295442889836,62864.862168200154,8.418978281690283,4.209489140845141,8.631542162104024,0.29996527076452245,0.3249706721176708,fourier
