nameseq,average,median,maximum,minimum,peak,none_levated_peak,sample_standard_deviation,population_standard_deviation,percentile15,percentile25,percentile50,percentile75,amplitude,variance,interquartile_range,semi_interquartile_range,coefficient_of_variation,skewness,kurtosis,label
LG6_15754437_15754647,43.20358782352981,4.447173068455674,7573.691513230099,0.07818989849489154,1.6279512160105358,25.147085509476984,519.714433865479,520.9503795677407,1.3033886204494998,1.9506395240276853,4.447173068455674,10.784561982894328,7573.613323331604,271389.29797177314,8.833922458866642,4.416961229433321,12.029427648192424,0.22371755850698022,0.27764009918764904,fourier
