nameseq,average,median,maximum,minimum,peak,none_levated_peak,sample_standard_deviation,population_standard_deviation,percentile15,percentile25,percentile50,percentile75,amplitude,variance,interquartile_range,semi_interquartile_range,coefficient_of_variation,skewness,kurtosis,label
LG6_10320431_10321305,65.36402417096689,2.858008255705677,53102.1784449812,0.01156307024613844,4.462189566293838,135.94563175481252,1794.0106934338276,1795.0367219383136,0.7927717400187262,1.3654650347431097,2.858008255705677,5.998145244400554,53102.16688191095,3222156.8331070463,4.632680209657444,2.316340104828722,27.446454164777137,0.10452448719068924,0.23650803792855912,fourier
