nameseq,average,median,maximum,minimum,peak,none_levated_peak,sample_standard_deviation,population_standard_deviation,percentile15,percentile25,percentile50,percentile75,amplitude,variance,interquartile_range,semi_interquartile_range,coefficient_of_variation,skewness,kurtosis,label
LG6_9213695_9214032,33.48415317724853,2.4141017670450022,10153.33829533669,0.012332761006719001,3.3647757513909675,58.63964349698887,551.275967152047,552.0932781525806,0.5170558687463652,0.8640639456137585,2.4141017670450022,4.847541392967806,10153.325962575684,304806.9877812627,3.9834774473540477,1.9917387236770239,16.463787040808974,0.1690807504490802,0.24907579177903827,fourier
