nameseq,average,median,maximum,minimum,peak,none_levated_peak,sample_standard_deviation,population_standard_deviation,percentile15,percentile25,percentile50,percentile75,amplitude,variance,interquartile_range,semi_interquartile_range,coefficient_of_variation,skewness,kurtosis,label
LG6_16045059_16045338,30.941474773690093,3.3021465737045834,7377.674415262347,0.014959326586482137,3.016447471104247,42.46182819328874,439.85977460947424,440.6473486951221,0.6625030563285985,1.34401738944014,3.3021465737045834,6.438532931420944,7377.65945593576,194170.08591204052,5.094515541980805,2.5472577709904023,14.215863265298921,0.18851004203231486,0.22963886908300765,fourier
