nameseq,average,median,maximum,minimum,peak,none_levated_peak,sample_standard_deviation,population_standard_deviation,percentile15,percentile25,percentile50,percentile75,amplitude,variance,interquartile_range,semi_interquartile_range,coefficient_of_variation,skewness,kurtosis,label
LG7_6071564_6072057,64.6520623688672,7.623225476343728,25977.50657581377,0.06985830002859614,2.5469669587208847,49.627392371282895,1167.1877418087129,1168.370902519808,1.9768032425911521,2.9911217487432324,7.623225476343728,14.83989939417394,25977.43671751374,1365090.5658549503,11.848777645430708,5.924388822715354,18.053372143790494,0.14658011264961462,0.22280572895911485,fourier
