nameseq,average,median,maximum,minimum,peak,none_levated_peak,sample_standard_deviation,population_standard_deviation,percentile15,percentile25,percentile50,percentile75,amplitude,variance,interquartile_range,semi_interquartile_range,coefficient_of_variation,skewness,kurtosis,label
LG7_3975521_3975736,41.74613400051707,5.628181241777727,6727.237678418224,0.014116748025926272,1.7247106043186708,23.29997854318248,456.3658188016806,457.42590343280904,1.640986560919757,2.863571385909244,5.628181241777727,11.497747873148064,6727.223561670198,209238.45713132154,8.63417648723882,4.31708824361941,10.93193009910877,0.2374276376805173,0.2416290684594526,fourier
