nameseq,average,median,maximum,minimum,peak,none_levated_peak,sample_standard_deviation,population_standard_deviation,percentile15,percentile25,percentile50,percentile75,amplitude,variance,interquartile_range,semi_interquartile_range,coefficient_of_variation,skewness,kurtosis,label
LG7_4170344_4170664,32.89839191553733,2.791594463840687,9205.88631606263,0.0050719111274996195,3.25243860778088,51.844663579218334,512.8086232916173,513.6092617546202,0.560422742172982,0.9356482169960078,2.791594463840687,5.680046098735877,9205.881244151502,263794.473760126,4.74439788173987,2.372198940869935,15.587650138286147,0.17612884856604236,0.24395584276841228,fourier
