nameseq,average,median,maximum,minimum,peak,none_levated_peak,sample_standard_deviation,population_standard_deviation,percentile15,percentile25,percentile50,percentile75,amplitude,variance,interquartile_range,semi_interquartile_range,coefficient_of_variation,skewness,kurtosis,label
LG7_8955621_8955838,22.40666386368238,1.7629830105144628,4256.761659738626,0.061889868856602616,3.243082821644311,40.51043229995281,287.46557339895145,288.1271751334286,0.5288193759516013,0.8467319072110042,1.7629830105144628,3.806840569999481,4256.69976986977,83017.26905036943,2.960108662788477,1.4800543313942385,12.829467838132173,0.21543811951893937,0.24101048456538948,fourier
