nameseq,average,median,maximum,minimum,peak,none_levated_peak,sample_standard_deviation,population_standard_deviation,percentile15,percentile25,percentile50,percentile75,amplitude,variance,interquartile_range,semi_interquartile_range,coefficient_of_variation,skewness,kurtosis,label
LG7_14774736_14775072,44.62273354717192,5.275205750914523,12378.115504272704,0.051391995683082003,2.517401432043213,40.49855322495359,672.9159455278065,673.916564586883,1.4761979100298168,2.072783109563549,5.275205750914523,9.944061198014404,12378.064112277021,454163.53602458653,7.871278088450856,3.935639044225428,15.080114821214359,0.1754195069581605,0.2428945690866365,fourier
