nameseq,average,median,maximum,minimum,peak,none_levated_peak,sample_standard_deviation,population_standard_deviation,percentile15,percentile25,percentile50,percentile75,amplitude,variance,interquartile_range,semi_interquartile_range,coefficient_of_variation,skewness,kurtosis,label
LG7_18878208_18878330,27.003129958329563,2.4145051848060706,2809.7511276423725,0.060956813219525674,1.5183425056010171,18.844830149692534,251.98625307159602,253.0168759948354,0.5250842119204504,1.0349399458245367,2.4145051848060706,4.711095780832358,2809.690170829153,64017.53953818591,3.6761558350078216,1.8380779175039108,9.33174241135949,0.29273769271695793,0.1686209899730245,fourier
