nameseq,average,median,maximum,minimum,peak,none_levated_peak,sample_standard_deviation,population_standard_deviation,percentile15,percentile25,percentile50,percentile75,amplitude,variance,interquartile_range,semi_interquartile_range,coefficient_of_variation,skewness,kurtosis,label
LG7_6602364_6602470,12.317343399415783,1.2290700472067502,1051.0662059324186,0.014281215854400701,2.895646042340457,22.176470702421454,100.93569295232385,101.41068707213668,0.20867064089930804,0.2728480513502735,1.2290700472067502,3.5967625432660997,1051.0519247165641,10284.12745244283,3.323914491915826,1.661957245957913,8.194599247522097,0.3295644888705472,0.22397126526986905,fourier
