nameseq,average,median,maximum,minimum,peak,none_levated_peak,sample_standard_deviation,population_standard_deviation,percentile15,percentile25,percentile50,percentile75,amplitude,variance,interquartile_range,semi_interquartile_range,coefficient_of_variation,skewness,kurtosis,label
LG7_9522602_9523247,76.97087759155207,7.571519000675331,40833.98018081209,0.010282847020940749,2.797594883561094,63.04514986981806,1604.9780061641857,1606.2216932986314,1.4619190636026411,3.12780103877925,7.571519000675331,16.94033389356592,40833.96989796507,2579948.1280231224,13.81253285478667,6.906266427393335,20.851756617366927,0.1297202048707277,0.22421579592715404,fourier
