nameseq,average,median,maximum,minimum,peak,none_levated_peak,sample_standard_deviation,population_standard_deviation,percentile15,percentile25,percentile50,percentile75,amplitude,variance,interquartile_range,semi_interquartile_range,coefficient_of_variation,skewness,kurtosis,label
LG7_10620471_10620913,46.55893880107296,3.658192252359284,18511.67356559137,0.011034243954580997,3.1716072245027984,65.16746685745696,878.3065427671141,879.2995408714387,0.8099994560260524,1.4971705214982358,3.658192252359284,6.6862189030786805,18511.662531347414,773167.6825767228,5.189048381580445,2.5945241907902226,18.864402097301955,0.1465345336500207,0.25484971351873226,fourier
