nameseq,average,median,maximum,minimum,peak,none_levated_peak,sample_standard_deviation,population_standard_deviation,percentile15,percentile25,percentile50,percentile75,amplitude,variance,interquartile_range,semi_interquartile_range,coefficient_of_variation,skewness,kurtosis,label
LG7_410040_410258,32.30888085924838,3.2452560574270746,5914.177724355481,0.054492100669999835,2.259440688088824,30.61076384494239,398.40951315676335,399.32225092381634,1.0246552334136656,1.6768803672789352,3.2452560574270746,7.6520756761201785,5914.12323225481,159458.26008286333,5.9751953088412435,2.9875976544206218,12.331269377370559,0.21884737067299065,0.2499735784371148,fourier
