nameseq,average,median,maximum,minimum,peak,none_levated_peak,sample_standard_deviation,population_standard_deviation,percentile15,percentile25,percentile50,percentile75,amplitude,variance,interquartile_range,semi_interquartile_range,coefficient_of_variation,skewness,kurtosis,label
LG7_9127008_9132642,437.60906464912676,17.84212925627623,2318245.770741434,0.014678109712467888,4.292263312322778,393.8794896437051,30879.427357419157,30882.167689088696,3.857675695056487,6.952263441304817,17.84212925627623,36.20610862755322,2318245.756063324,953708281.1769938,29.253845186248405,14.626922593124203,70.56395731239745,0.040781222773420035,0.2455909088062934,fourier
