nameseq,average,median,maximum,minimum,peak,none_levated_peak,sample_standard_deviation,population_standard_deviation,percentile15,percentile25,percentile50,percentile75,amplitude,variance,interquartile_range,semi_interquartile_range,coefficient_of_variation,skewness,kurtosis,label
LG7_10217717_10217973,32.72162518715671,4.327828195886998,7008.806624250945,0.002877898637005891,2.6180443720836633,35.00989279283082,436.0308041162737,436.88159673819166,1.3395492609649555,2.258535711731285,4.327828195886998,7.3687298298812935,7008.803746352308,190865.52956851193,5.110194118150009,2.5550970590750044,13.325462950642699,0.19535636053615682,0.24150781975273977,fourier
