nameseq,average,median,maximum,minimum,peak,none_levated_peak,sample_standard_deviation,population_standard_deviation,percentile15,percentile25,percentile50,percentile75,amplitude,variance,interquartile_range,semi_interquartile_range,coefficient_of_variation,skewness,kurtosis,label
LG7_8266498_8268059,110.56242097794627,2.873492122926485,165465.5333907183,0.0009945960973686454,4.709255297245375,244.04540753527272,4185.199130231691,4186.5394662565195,0.618535627748148,1.1590970288085962,2.873492122926485,6.201619075779336,165465.5323961222,17527112.702523425,5.042522046970739,2.5212610234853696,37.85372184520549,0.07719269179604711,0.23803572216107266,fourier
