nameseq,average,median,maximum,minimum,peak,none_levated_peak,sample_standard_deviation,population_standard_deviation,percentile15,percentile25,percentile50,percentile75,amplitude,variance,interquartile_range,semi_interquartile_range,coefficient_of_variation,skewness,kurtosis,label
LG7_6439134_6439765,72.07398620789367,6.235730617979268,39213.52560714792,0.029371583876352907,2.922922371173,68.81620569081666,1558.250498321453,1559.4847563354192,1.3936380331815175,2.55471113640911,6.235730617979268,13.863235153661542,39213.496235564045,2431992.705242542,11.30852401725243,5.654262008626215,21.6201514625091,0.12675418168163977,0.26146623393570734,fourier
