nameseq,average,median,maximum,minimum,peak,none_levated_peak,sample_standard_deviation,population_standard_deviation,percentile15,percentile25,percentile50,percentile75,amplitude,variance,interquartile_range,semi_interquartile_range,coefficient_of_variation,skewness,kurtosis,label
LG7_17453156_17454248,83.17491101253442,3.1341827784160627,85552.83256155688,0.004533495512878398,4.380327299399556,166.5811703324649,2586.4390237990583,2587.623019752031,0.7022550609221396,1.2743356109333697,3.1341827784160627,6.303670681198624,85552.82802806137,6695792.892350619,5.029335070265255,2.5146675351326273,31.096384622633177,0.09283891191436426,0.24000666091054682,fourier
