nameseq,average,median,maximum,minimum,peak,none_levated_peak,sample_standard_deviation,population_standard_deviation,percentile15,percentile25,percentile50,percentile75,amplitude,variance,interquartile_range,semi_interquartile_range,coefficient_of_variation,skewness,kurtosis,label
LG7_9450324_9452464,195.4825886253449,10.325316832402235,382904.4967241067,0.02681464213151819,3.650794025622687,186.97488068544595,8273.012235801823,8274.944956827096,2.3936551398731654,4.28871163610974,10.325316832402235,21.647152087236456,382904.4699094646,68474714.03851818,17.358440451126718,8.679220225563359,42.32096727375342,0.06714263191525324,0.24037910354722009,fourier
