nameseq,average,median,maximum,minimum,peak,none_levated_peak,sample_standard_deviation,population_standard_deviation,percentile15,percentile25,percentile50,percentile75,amplitude,variance,interquartile_range,semi_interquartile_range,coefficient_of_variation,skewness,kurtosis,label
LG7_8836527_8840843,400.644328220129,27.23644801936068,1542551.198682244,0.011774045970921425,3.5917143926454376,240.30052934501822,23474.054568824136,23476.77383377028,6.483057871325024,11.417905788717487,27.23644801936068,57.6859298915613,1542551.186908198,551158909.6420008,46.26802410284381,23.134012051421905,58.590757226261324,0.04772177883960756,0.2509727747249805,fourier
