nameseq,average,median,maximum,minimum,peak,none_levated_peak,sample_standard_deviation,population_standard_deviation,percentile15,percentile25,percentile50,percentile75,amplitude,variance,interquartile_range,semi_interquartile_range,coefficient_of_variation,skewness,kurtosis,label
LG7_10488979_10489577,50.079304826048144,1.7258050648687555,26633.921200529276,0.00589322485199809,3.9870095513548836,100.64064648522799,1087.2014883545467,1088.1101399869171,0.3617739451238068,0.8428107176853643,1.7258050648687555,4.054616785049649,26633.915307304425,1183983.6767423486,3.211806067364284,1.605903033682142,21.709596252004122,0.13342558931103354,0.18055447175423853,fourier
