nameseq,average,median,maximum,minimum,peak,none_levated_peak,sample_standard_deviation,population_standard_deviation,percentile15,percentile25,percentile50,percentile75,amplitude,variance,interquartile_range,semi_interquartile_range,coefficient_of_variation,skewness,kurtosis,label
LG7_13098740_13098854,19.85200551557812,2.1073667395149824,1895.4030574306137,0.03697149532987652,1.9309552026495602,19.807216137659452,175.7055556472242,176.47451142456597,0.23931942732205336,0.5816559346468405,2.1073667395149824,4.171022295664258,1895.3660859352838,31143.25318253927,3.589366361017418,1.794683180508709,8.85077104725494,0.30297230006244485,0.2534750345541957,fourier
