nameseq,average,median,maximum,minimum,peak,none_levated_peak,sample_standard_deviation,population_standard_deviation,percentile15,percentile25,percentile50,percentile75,amplitude,variance,interquartile_range,semi_interquartile_range,coefficient_of_variation,skewness,kurtosis,label
LG7_7359978_7360108,27.047664571910243,3.4102106343775054,2783.4561551429747,0.10624366900432235,1.6144339024381322,17.685799238973534,241.84022648554057,242.7685992906645,0.6485067300366532,1.2915169460196172,3.4102106343775054,8.635871789118728,2783.34991147397,58936.592801551225,7.344354843099111,3.6721774215495553,8.941260930036023,0.2932198784425055,0.25852867395996365,fourier
