nameseq,average,median,maximum,minimum,peak,none_levated_peak,sample_standard_deviation,population_standard_deviation,percentile15,percentile25,percentile50,percentile75,amplitude,variance,interquartile_range,semi_interquartile_range,coefficient_of_variation,skewness,kurtosis,label
LG7_18417747_18422318,372.42148987238033,17.552220429132785,1567930.9957709282,0.01183004759612501,4.0921376489907635,313.12598523540237,23185.676484847867,23188.212517284748,3.922623050436668,6.85323846068466,17.552220429132785,35.715097474165546,1567930.9839408805,537693199.746761,28.861859013480885,14.430929506740442,62.256548333967054,0.04591661619299646,0.24565497509029452,fourier
