nameseq,average,median,maximum,minimum,peak,none_levated_peak,sample_standard_deviation,population_standard_deviation,percentile15,percentile25,percentile50,percentile75,amplitude,variance,interquartile_range,semi_interquartile_range,coefficient_of_variation,skewness,kurtosis,label
LG7_11526046_11527950,193.11156306424434,13.914745024402642,327819.9298875322,0.010738481302057994,3.2882546747796155,145.92442694198368,7508.407147479313,7510.378634226556,3.1523279148598107,5.869473530157925,13.914745024402642,29.84553835193414,327819.9191490509,56405787.22944675,23.976064821776216,11.988032410888108,38.88118882338193,0.07159846869785191,0.25650206787184465,fourier
