nameseq,average,median,maximum,minimum,peak,none_levated_peak,sample_standard_deviation,population_standard_deviation,percentile15,percentile25,percentile50,percentile75,amplitude,variance,interquartile_range,semi_interquartile_range,coefficient_of_variation,skewness,kurtosis,label
LG7_13634383_13640065,455.780189909725,22.699149324536,2389698.1722293505,0.016314655720491768,4.156243240208703,345.6117489212624,31696.400952576972,31699.190023896776,5.526892317848304,10.37433993181599,22.699149324536,46.356208177951956,2389698.155914695,1004838648.1711168,35.98186824613597,17.990934123067984,69.54317378044664,0.04099024124850794,0.23754351656395484,fourier
