nameseq,average,median,maximum,minimum,peak,none_levated_peak,sample_standard_deviation,population_standard_deviation,percentile15,percentile25,percentile50,percentile75,amplitude,variance,interquartile_range,semi_interquartile_range,coefficient_of_variation,skewness,kurtosis,label
LG7_10991807_10998191,571.6531266863873,40.43634969153829,3273533.168068014,0.009940226891222603,3.7231202524340454,302.6143530069976,40963.33781572137,40966.54597156414,9.652515263848262,16.233823799754887,40.43634969153829,80.11170080995008,3273533.158127787,1678257888.8402781,63.87787701019519,31.938938505097596,71.65768173641798,0.03890430848564586,0.25449109863540503,fourier
