nameseq,average,median,maximum,minimum,peak,none_levated_peak,sample_standard_deviation,population_standard_deviation,percentile15,percentile25,percentile50,percentile75,amplitude,variance,interquartile_range,semi_interquartile_range,coefficient_of_variation,skewness,kurtosis,label
LG7_18410959_18415966,403.6460030985052,21.24885815312835,1862580.0047635157,0.016378983127181113,4.135636970313197,319.9138335760809,26316.76198542623,26319.389851225922,5.127067012620899,8.612802463003463,21.24885815312835,42.503147241426674,1862579.9883845325,692710282.1408141,33.89034477842321,16.945172389211606,65.19762807859124,0.04359166357439511,0.24649597869613804,fourier
