nameseq,average,median,maximum,minimum,peak,none_levated_peak,sample_standard_deviation,population_standard_deviation,percentile15,percentile25,percentile50,percentile75,amplitude,variance,interquartile_range,semi_interquartile_range,coefficient_of_variation,skewness,kurtosis,label
LG7_3246502_3246711,27.095744110436957,2.7231856993327925,4819.22481168958,0.012112301216651867,2.5834315424110033,33.17399499788434,331.5132815964798,332.3054291573853,0.680638803070116,1.2287385655342578,2.7231856993327925,4.799097048551314,4819.212699388363,110426.898247474,3.5703584830170563,1.7851792415085281,12.234883834350386,0.2205573028060813,0.184476550807242,fourier
