nameseq,average,median,maximum,minimum,peak,none_levated_peak,sample_standard_deviation,population_standard_deviation,percentile15,percentile25,percentile50,percentile75,amplitude,variance,interquartile_range,semi_interquartile_range,coefficient_of_variation,skewness,kurtosis,label
LG7_8099108_8108248,703.8525730635832,24.88578284647558,6084094.529843263,0.0182504078831359,4.32903155661938,535.2113332146952,63631.58093134987,63635.061776019276,5.990553038615814,10.406346009905524,24.88578284647558,52.01332421136839,6084094.511592856,4049421087.2377896,41.606978201462866,20.803489100731433,90.40470031158307,0.03201084022804449,0.24480404511101106,fourier
