nameseq,average,median,maximum,minimum,peak,none_levated_peak,sample_standard_deviation,population_standard_deviation,percentile15,percentile25,percentile50,percentile75,amplitude,variance,interquartile_range,semi_interquartile_range,coefficient_of_variation,skewness,kurtosis,label
LG7_17175926_17176318,61.84759178368209,7.789684392592827,18766.549814147664,0.03829800386140049,2.11810995742866,37.1444118374554,945.0665258681171,946.271200067636,2.1849527218485005,3.6885801924338506,7.789684392592827,17.33442534318736,18766.5115161438,895429.184077444,13.645845150753509,6.822922575376754,15.280571136440983,0.1716003241404605,0.21229115032542992,fourier
