nameseq,average,median,maximum,minimum,peak,none_levated_peak,sample_standard_deviation,population_standard_deviation,percentile15,percentile25,percentile50,percentile75,amplitude,variance,interquartile_range,semi_interquartile_range,coefficient_of_variation,skewness,kurtosis,label
LG7_3319071_3320560,136.6267670787315,8.866200913773135,184276.47216418976,0.0020018258936005257,3.6352076338047388,143.96260650173363,4772.01820595487,4773.620360845052,1.825460204568822,3.146766838112215,8.866200913773135,17.590495312532028,184276.47016236387,22787451.349474445,14.443728474419812,7.221864237209906,34.92740337773625,0.08031857422852838,0.24436385184809356,fourier
