nameseq,average,median,maximum,minimum,peak,none_levated_peak,sample_standard_deviation,population_standard_deviation,percentile15,percentile25,percentile50,percentile75,amplitude,variance,interquartile_range,semi_interquartile_range,coefficient_of_variation,skewness,kurtosis,label
LG7_17712754_17713316,39.20647370755086,0.9915093317781603,21332.56993914206,0.009879516903940056,4.78662447601156,145.42733115588277,898.2072206367994,899.0059822180706,0.24208938878588807,0.4039066007722691,0.9915093317781603,1.7785023573593794,21332.560059625157,808211.7560638778,1.3745957565871103,0.6872978782935552,22.90966607547293,0.1276374654904674,0.2502614410173311,fourier
