nameseq,average,median,maximum,minimum,peak,none_levated_peak,sample_standard_deviation,population_standard_deviation,percentile15,percentile25,percentile50,percentile75,amplitude,variance,interquartile_range,semi_interquartile_range,coefficient_of_variation,skewness,kurtosis,label
LG7_7942499_7947290,364.8254175193769,14.568478165102668,1644638.7999173033,0.004239030334652,4.378349908277689,365.339212168903,23755.341693416318,23757.82072725489,3.2485602803256812,5.9547809785677215,14.568478165102668,30.316038265201954,1644638.7956782728,564434045.708382,24.36125728663423,12.180628643317116,65.11427261548903,0.04423303321096994,0.25788144315576844,fourier
