nameseq,average,median,maximum,minimum,peak,none_levated_peak,sample_standard_deviation,population_standard_deviation,percentile15,percentile25,percentile50,percentile75,amplitude,variance,interquartile_range,semi_interquartile_range,coefficient_of_variation,skewness,kurtosis,label
LG7_13503742_13503964,41.075910718952464,3.568450037520469,8113.4459665509185,0.04645676101025875,1.8096575835392459,31.890671801011266,541.798682081292,543.0175782946898,0.6949259443671684,1.3127381814758703,3.568450037520469,6.836459537939235,8113.399509789908,294868.09033702954,5.523721356463365,2.7618606782316824,13.190180633811378,0.20768301172687795,0.2495045308565321,fourier
