nameseq,average,median,maximum,minimum,peak,none_levated_peak,sample_standard_deviation,population_standard_deviation,percentile15,percentile25,percentile50,percentile75,amplitude,variance,interquartile_range,semi_interquartile_range,coefficient_of_variation,skewness,kurtosis,label
LG7_5643634_5643800,14.877080807058102,0.8362000574619537,2228.0093781919572,0.03061823470360134,3.7417734963338267,41.353216423111924,171.78129882590903,172.29793547761474,0.163792620745639,0.3375720241376511,0.8362000574619537,2.3985476661273184,2227.9787599572537,29686.57856984829,2.060975641989667,1.0304878209948336,11.546707385256065,0.2452108729919282,0.2713080059035692,fourier
