nameseq,average,median,maximum,minimum,peak,none_levated_peak,sample_standard_deviation,population_standard_deviation,percentile15,percentile25,percentile50,percentile75,amplitude,variance,interquartile_range,semi_interquartile_range,coefficient_of_variation,skewness,kurtosis,label
LG7_5585489_5585807,33.700725201417974,2.3154131476320554,9498.838261790843,0.0041903696230684495,3.155223892002754,53.61189279181329,530.8008344715911,531.6347718820589,0.398213259035397,0.8148684312798768,2.3154131476320554,4.774051367853617,9498.834071421219,282635.53067408886,3.95918293657374,1.97959146828687,15.750427662881789,0.1773846799903572,0.19448679920077844,fourier
