nameseq,average,median,maximum,minimum,peak,none_levated_peak,sample_standard_deviation,population_standard_deviation,percentile15,percentile25,percentile50,percentile75,amplitude,variance,interquartile_range,semi_interquartile_range,coefficient_of_variation,skewness,kurtosis,label
LG7_8383624_8383708,12.134199402122292,0.9170162779415287,875.0083085059715,0.03189393776740411,2.3349981646401643,19.00936908409595,94.17959693825479,94.73853120396001,0.2243573173606953,0.33305732986950465,0.9170162779415287,2.729770138462467,874.9764145682041,8975.389294683704,2.3967128085929623,1.1983564042964812,7.7615006822603085,0.35731252273891795,0.315531927148221,fourier
