nameseq,average,median,maximum,minimum,peak,none_levated_peak,sample_standard_deviation,population_standard_deviation,percentile15,percentile25,percentile50,percentile75,amplitude,variance,interquartile_range,semi_interquartile_range,coefficient_of_variation,skewness,kurtosis,label
LG7_13698520_13698635,14.177949535844581,1.2298576044493543,1433.5979215718135,0.003350216800507121,2.7272396878624727,25.489152075381124,132.37186983977466,132.94615396715994,0.27652349827202705,0.7704497328390634,1.2298576044493543,2.8747827615681745,1433.594571355013,17674.679854659793,2.104333028729111,1.0521665143645555,9.336460784058593,0.2934481158361177,0.25551891067346927,fourier
