nameseq,average,median,maximum,minimum,peak,none_levated_peak,sample_standard_deviation,population_standard_deviation,percentile15,percentile25,percentile50,percentile75,amplitude,variance,interquartile_range,semi_interquartile_range,coefficient_of_variation,skewness,kurtosis,label
LG7_17602463_17602617,17.351525623574904,2.318635968349939,2252.2355998453672,0.06767279828177133,2.977644028976276,28.643719787050216,180.11112346926691,180.69495360160073,0.41108859376040824,0.8025344469788004,2.318635968349939,4.1406390461338844,2252.1679270470854,32650.66625708464,3.338104599155084,1.669052299577542,10.38013183258977,0.25039357979114635,0.2547120419248172,fourier
