nameseq,average,median,maximum,minimum,peak,none_levated_peak,sample_standard_deviation,population_standard_deviation,percentile15,percentile25,percentile50,percentile75,amplitude,variance,interquartile_range,semi_interquartile_range,coefficient_of_variation,skewness,kurtosis,label
LG7_1549242_1549264,3.372168334514121,0.5520239922743947,64.33993797768156,0.15243817030571405,2.2735124424834856,7.242848466722503,13.002269605381446,13.29449192590266,0.20327574973744789,0.3132589623735761,0.5520239922743947,0.9348903013558293,64.18749980737584,176.74351556789102,0.6216313389822532,0.3108156694911266,3.8557593558729857,0.650688939969183,0.3306068103236632,fourier
