nameseq,average,median,maximum,minimum,peak,none_levated_peak,sample_standard_deviation,population_standard_deviation,percentile15,percentile25,percentile50,percentile75,amplitude,variance,interquartile_range,semi_interquartile_range,coefficient_of_variation,skewness,kurtosis,label
LG7_7674926_7675170,19.36844400904033,1.2389435953044017,4302.802289269076,0.00260331589099629,4.216480509665531,55.74649314716399,274.22429385366434,274.7856543057586,0.3806948159343939,0.5961691082417208,1.2389435953044017,2.381449120728329,4302.799685953185,75507.15581224387,1.7852800124866084,0.8926400062433042,14.15830273849921,0.19833582385020707,0.2386754884828118,fourier
