nameseq,average,median,maximum,minimum,peak,none_levated_peak,sample_standard_deviation,population_standard_deviation,percentile15,percentile25,percentile50,percentile75,amplitude,variance,interquartile_range,semi_interquartile_range,coefficient_of_variation,skewness,kurtosis,label
LG7_4732322_4732528,23.533102585143357,2.575893763808189,4146.633181486407,0.05977083094346067,2.932040080578252,34.68742789583532,287.2876834818773,287.9841394941586,0.6250325459820174,1.2244027164280196,2.575893763808189,5.030971772804928,4146.573410655464,82934.86460019102,3.806569056376908,1.903284528188454,12.207811632251346,0.21884553386352038,0.2501070538859061,fourier
