nameseq,average,median,maximum,minimum,peak,none_levated_peak,sample_standard_deviation,population_standard_deviation,percentile15,percentile25,percentile50,percentile75,amplitude,variance,interquartile_range,semi_interquartile_range,coefficient_of_variation,skewness,kurtosis,label
LG7_4137290_4137416,15.946467154884072,1.2676305921863107,1729.595067127253,0.013092749852865355,2.654715487898366,25.745834756119898,152.69342986178947,153.29815868326372,0.32458082840540653,0.7238445450531192,1.2676305921863107,3.036447277499619,1729.5819743774002,23500.325455679107,2.3126027324465,1.15630136622325,9.575376688686976,0.2883981958356227,0.24378383254596073,fourier
