nameseq,average,median,maximum,minimum,peak,none_levated_peak,sample_standard_deviation,population_standard_deviation,percentile15,percentile25,percentile50,percentile75,amplitude,variance,interquartile_range,semi_interquartile_range,coefficient_of_variation,skewness,kurtosis,label
LG7_16314026_16314876,92.82562000231846,8.456283416796392,67109.18874140656,0.09339548650043661,3.0559092054497636,82.32824174554179,2298.872626853645,2300.2245073743998,1.8338593286648028,3.5135106227057564,8.456283416796392,16.596297413223326,67109.09534592005,5291032.7843258,13.08278679051757,6.541393395258785,24.765497141804467,0.11010092808098845,0.24165460847238565,fourier
