nameseq,average,median,maximum,minimum,peak,none_levated_peak,sample_standard_deviation,population_standard_deviation,percentile15,percentile25,percentile50,percentile75,amplitude,variance,interquartile_range,semi_interquartile_range,coefficient_of_variation,skewness,kurtosis,label
LG7_3025558_3026008,60.13603128435496,7.181925308634886,22853.95517879657,0.04188385828941899,2.4998878396626782,48.92087492578064,1074.5496917730895,1075.7429733087613,1.5039403046939637,2.84556204236385,7.181925308634886,13.53210077583704,22853.91329493828,1157222.9446231744,10.68653873347319,5.343269366736595,17.868649939535423,0.1478408296456027,0.26151489321840127,fourier
