nameseq,average,median,maximum,minimum,peak,none_levated_peak,sample_standard_deviation,population_standard_deviation,percentile15,percentile25,percentile50,percentile75,amplitude,variance,interquartile_range,semi_interquartile_range,coefficient_of_variation,skewness,kurtosis,label
LG7_15152780_15154039,121.47729324947737,9.493566956269422,135827.02571121193,0.004943128493679865,3.45743627278102,117.52642156766802,3824.6138656205035,3826.132473528519,2.4299862846943494,4.325554510477079,9.493566956269422,18.243603313092496,135827.02076808343,14639289.704989463,13.918048802615417,6.959024401307708,31.484187400898957,0.08783924094913025,0.2335685865115919,fourier
