nameseq,average,median,maximum,minimum,peak,none_levated_peak,sample_standard_deviation,population_standard_deviation,percentile15,percentile25,percentile50,percentile75,amplitude,variance,interquartile_range,semi_interquartile_range,coefficient_of_variation,skewness,kurtosis,label
LG7_14211030_14211416,37.73023485790748,2.5964426200519415,13167.427643640058,0.008394743518707084,3.419008667341074,64.57022850144944,668.2947725808884,669.1598794447975,0.5606542200528224,1.023256335061659,2.5964426200519415,5.136286757671547,13167.419248896538,447774.94425857597,4.113030422609888,2.056515211304944,17.712446665060384,0.1577168953551992,0.26026222857512604,fourier
