nameseq,average,median,maximum,minimum,peak,none_levated_peak,sample_standard_deviation,population_standard_deviation,percentile15,percentile25,percentile50,percentile75,amplitude,variance,interquartile_range,semi_interquartile_range,coefficient_of_variation,skewness,kurtosis,label
LG7_7327665_7328529,62.28440672291106,1.9349013122948948,51376.73786805173,0.0009420244338240156,4.62930207581589,162.16648294503617,1745.7555990621472,1746.7655821371243,0.5627562112950278,0.9192449604403351,1.9349013122948948,3.9825808823462134,51376.7369260273,3051189.9989388464,3.0633359219058782,1.5316679609529391,28.02877463100212,0.10370782504098006,0.2566327734876823,fourier
