nameseq,average,median,maximum,minimum,peak,none_levated_peak,sample_standard_deviation,population_standard_deviation,percentile15,percentile25,percentile50,percentile75,amplitude,variance,interquartile_range,semi_interquartile_range,coefficient_of_variation,skewness,kurtosis,label
LG7_16246705_16246869,21.683378693416298,1.8590815855019776,3066.7085387895145,0.02561943071067109,2.536505070434415,29.333196554491355,237.79856430333123,238.52245810660636,0.5994528976364327,0.8144121360048172,1.8590815855019776,4.787008341969728,3066.6829193588037,56892.963021217794,3.972596205964911,1.9862981029824556,10.96685934722589,0.25009777286914353,0.31620759940770476,fourier
