nameseq,average,median,maximum,minimum,peak,none_levated_peak,sample_standard_deviation,population_standard_deviation,percentile15,percentile25,percentile50,percentile75,amplitude,variance,interquartile_range,semi_interquartile_range,coefficient_of_variation,skewness,kurtosis,label
LG7_17376790_17379027,187.59272713842049,11.380242386945877,377164.09822339605,0.037401923872079204,3.9767000106008545,188.00094794149226,7970.594696708759,7972.376034242835,2.710424821603954,4.570448045791557,11.380242386945877,23.472247689118166,377164.0608214722,63558779.631369516,18.90179964332661,9.450899821663304,42.48882575723437,0.06632346448034929,0.2442063919075993,fourier
