nameseq,average,median,maximum,minimum,peak,none_levated_peak,sample_standard_deviation,population_standard_deviation,percentile15,percentile25,percentile50,percentile75,amplitude,variance,interquartile_range,semi_interquartile_range,coefficient_of_variation,skewness,kurtosis,label
LG7_2565150_2565523,43.440934760793716,3.6833871182923734,14184.236416648684,0.03517797312316244,2.869797055545424,52.66070271769444,732.2058647214994,733.1867169559073,0.7555987443363269,1.4761792448431572,3.6833871182923734,7.642269559230003,14184.201238675561,537562.7619205817,6.166090314386846,3.083045157193423,16.855205090621794,0.16289495710727522,0.22696871511504138,fourier
