nameseq,average,median,maximum,minimum,peak,none_levated_peak,sample_standard_deviation,population_standard_deviation,percentile15,percentile25,percentile50,percentile75,amplitude,variance,interquartile_range,semi_interquartile_range,coefficient_of_variation,skewness,kurtosis,label
LG7_17375586_17377576,191.7768991162706,12.568446533841277,342723.595572243,0.02964300639621925,3.460618404640584,159.26237271466988,7678.5089547948555,7680.43798609141,3.17989866725504,5.292708546053571,12.568446533841277,26.707124212528267,342723.5659292366,58989127.65819587,21.414415666474696,10.707207833237348,40.038758527112925,0.0700168953259561,0.25322742859176833,fourier
