nameseq,average,median,maximum,minimum,peak,none_levated_peak,sample_standard_deviation,population_standard_deviation,percentile15,percentile25,percentile50,percentile75,amplitude,variance,interquartile_range,semi_interquartile_range,coefficient_of_variation,skewness,kurtosis,label
LG7_15903205_15905868,226.42863963534555,14.067866380755719,545856.3108742968,0.028912064673179815,3.9217653801660832,205.16543673703742,10573.384473252203,10575.369526207503,3.396285878941255,5.741903163003897,14.067866380755719,29.001143969034974,545856.2819622322,111838440.61583833,23.259240806031077,11.629620403015538,46.69632114683118,0.06025339581431235,0.24338779846446434,fourier
