nameseq,average,median,maximum,minimum,peak,none_levated_peak,sample_standard_deviation,population_standard_deviation,percentile15,percentile25,percentile50,percentile75,amplitude,variance,interquartile_range,semi_interquartile_range,coefficient_of_variation,skewness,kurtosis,label
LG7_10680277_10680760,43.92911934916043,2.6863527066716237,19385.251180017094,0.0018311400004697553,3.672582918200857,79.38679520638142,880.0691573273184,880.9797309359466,0.6803166113080744,1.2182312431939528,2.6863527066716237,5.42742282760813,19385.249348877092,776125.2863199728,4.209191584414178,2.104595792207089,20.033844756419825,0.140589292213372,0.23507729151376627,fourier
