nameseq,average,median,maximum,minimum,peak,none_levated_peak,sample_standard_deviation,population_standard_deviation,percentile15,percentile25,percentile50,percentile75,amplitude,variance,interquartile_range,semi_interquartile_range,coefficient_of_variation,skewness,kurtosis,label
LG7_5431373_5431544,27.539933227641107,3.162404998256667,3955.755383998827,9.12505111442227e-05,2.0818254299828647,25.88695123047727,300.4378006233469,301.3149931488297,0.579612962544419,1.0765908157428408,3.162404998256667,6.330246019148783,3955.7552927483157,90790.7250962793,5.253655203405942,2.626827601702971,10.90916953719428,0.2434200507939353,0.24557959619667374,fourier
