nameseq,average,median,maximum,minimum,peak,none_levated_peak,sample_standard_deviation,population_standard_deviation,percentile15,percentile25,percentile50,percentile75,amplitude,variance,interquartile_range,semi_interquartile_range,coefficient_of_variation,skewness,kurtosis,label
LG7_7702517_7702911,28.65257809369664,0.9503668691494369,10722.584658996582,0.0016039467371887941,4.595281661430403,100.21094269984806,538.7547988501079,539.4380645639286,0.1251046286267655,0.2584206525519057,0.9503668691494369,2.45556782698035,10722.583055049845,290993.42550047726,2.1971471744284443,1.0985735872142222,18.803013016431848,0.15425687873411129,0.32216796000511155,fourier
