nameseq,average,median,maximum,minimum,peak,none_levated_peak,sample_standard_deviation,population_standard_deviation,percentile15,percentile25,percentile50,percentile75,amplitude,variance,interquartile_range,semi_interquartile_range,coefficient_of_variation,skewness,kurtosis,label
LG7_18434479_18435346,74.29521943771006,4.187887832849109,59591.33852034164,0.013191144511965453,3.89437349432575,121.38865635006532,2021.3127140298186,2022.4780717017404,0.8300152152149913,1.4440762175824173,4.187887832849109,8.091455278186789,59591.32532919713,4090417.5505143907,6.647379060604372,3.323689530302186,27.20649766334575,0.1040521802266169,0.27237588316978945,fourier
