nameseq,average,median,maximum,minimum,peak,none_levated_peak,sample_standard_deviation,population_standard_deviation,percentile15,percentile25,percentile50,percentile75,amplitude,variance,interquartile_range,semi_interquartile_range,coefficient_of_variation,skewness,kurtosis,label
LG7_16757653_16758030,35.50143840902715,1.8781142740671133,12301.372320701817,0.01215754468070571,3.549151968106207,70.6135853392226,631.7353382395958,632.5726286511108,0.4424589397819833,0.7176378035695244,1.8781142740671133,3.9869147121115303,12301.360163157136,400148.13051857613,3.2692769085420057,1.6346384542710028,17.794640627264297,0.15967125202456786,0.25843713860236533,fourier
