nameseq,average,median,maximum,minimum,peak,none_levated_peak,sample_standard_deviation,population_standard_deviation,percentile15,percentile25,percentile50,percentile75,amplitude,variance,interquartile_range,semi_interquartile_range,coefficient_of_variation,skewness,kurtosis,label
LG7_7762954_7764448,109.7968276019818,3.56057837658848,155746.12028719453,0.001237010277260978,4.538686082441407,215.5081885394443,4026.5798715665182,4027.927229767709,0.7470645114152552,1.356811685553395,3.56057837658848,7.1061213912053125,155746.11905018426,16224197.76830417,5.749309705651918,2.874654852825959,36.67300740384815,0.07915122954016758,0.2393864170899289,fourier
