nameseq,average,median,maximum,minimum,peak,none_levated_peak,sample_standard_deviation,population_standard_deviation,percentile15,percentile25,percentile50,percentile75,amplitude,variance,interquartile_range,semi_interquartile_range,coefficient_of_variation,skewness,kurtosis,label
LG7_8616762_8616991,52.04120907372955,6.6707367446151835,8531.356591148775,0.024755038963240036,1.473191496339928,21.304623274584735,560.8195763445899,562.0427393599797,2.0133952983065155,3.4166615356683927,6.6707367446151835,16.672486536516352,8531.331836109812,315892.04086727,13.25582500084796,6.62791250042398,10.77645170676275,0.24270090190951324,0.19294238257041924,fourier
