nameseq,average,median,maximum,minimum,peak,none_levated_peak,sample_standard_deviation,population_standard_deviation,percentile15,percentile25,percentile50,percentile75,amplitude,variance,interquartile_range,semi_interquartile_range,coefficient_of_variation,skewness,kurtosis,label
LG7_19804902_19807041,157.0769658235112,4.64528264168035,321223.9242081195,0.000515797172904434,4.541298143833652,275.05602887576634,6942.090982966866,6943.713535515136,1.142258866853789,1.9143263623635274,4.64528264168035,9.547073862542572,321223.92369232234,48215157.6632961,7.632747500179044,3.816373750089522,44.195474152250135,0.0658728113283898,0.23817122699580476,fourier
