nameseq,average,median,maximum,minimum,peak,none_levated_peak,sample_standard_deviation,population_standard_deviation,percentile15,percentile25,percentile50,percentile75,amplitude,variance,interquartile_range,semi_interquartile_range,coefficient_of_variation,skewness,kurtosis,label
LG7_7919358_7938552,1449.9986358758717,59.982661049902745,26157214.843056493,0.0008072143344542535,4.412647829470832,750.4245592655138,188792.4991946934,188797.41713884927,14.325464320941945,25.122294910465897,59.982661049902745,119.69268906773675,26157214.842249278,35644464718.30065,94.57039415727085,47.28519707863543,130.20184607322287,0.022087995774543564,0.24984353259708944,fourier
