nameseq,average,median,maximum,minimum,peak,none_levated_peak,sample_standard_deviation,population_standard_deviation,percentile15,percentile25,percentile50,percentile75,amplitude,variance,interquartile_range,semi_interquartile_range,coefficient_of_variation,skewness,kurtosis,label
LG7_15685205_15687372,250.280812335547,20.589791389566596,478038.60375118966,0.003348792240525144,2.8874233702653975,140.28257882590415,10263.799303010795,10266.167234592194,5.137656978365736,8.59893415092021,20.589791389566596,40.62517507315976,478038.6004023974,105394189.68861434,32.02624092223955,16.013120461119776,41.00913372955775,0.06713625651622082,0.24668142165144105,fourier
