nameseq,average,median,maximum,minimum,peak,none_levated_peak,sample_standard_deviation,population_standard_deviation,percentile15,percentile25,percentile50,percentile75,amplitude,variance,interquartile_range,semi_interquartile_range,coefficient_of_variation,skewness,kurtosis,label
LG7_11473054_11474657,130.96458241003793,7.75023900714238,191011.50222261637,0.05528304468961067,4.082528702246192,164.51228426426704,4767.577058978566,4769.063906686311,1.7426195166971015,3.2071662213492242,7.75023900714238,15.45324367882298,191011.44693957167,22743970.546058103,12.246077457473756,6.123038728736878,36.403560193485944,0.07753268078017833,0.24786343301202224,fourier
