nameseq,average,median,maximum,minimum,peak,none_levated_peak,sample_standard_deviation,population_standard_deviation,percentile15,percentile25,percentile50,percentile75,amplitude,variance,interquartile_range,semi_interquartile_range,coefficient_of_variation,skewness,kurtosis,label
LG7_19594484_19594540,24.875639279936056,2.834825432525213,1187.6233425118821,0.18027606878942135,0.7637994660633638,8.096266653327328,155.43382426585939,156.81548543117668,0.5140685404070684,0.7642898977045834,2.834825432525213,6.742341925609798,1187.4430664430927,24591.096471015586,5.978052027905215,2.9890260139526075,6.2484353674973745,0.4254057432771802,0.31400918068827427,fourier
