nameseq,average,median,maximum,minimum,peak,none_levated_peak,sample_standard_deviation,population_standard_deviation,percentile15,percentile25,percentile50,percentile75,amplitude,variance,interquartile_range,semi_interquartile_range,coefficient_of_variation,skewness,kurtosis,label
LG7_5110595_5111003,40.77338235172608,3.8918882126432983,14125.29652255794,0.032677632401963766,3.343684665580899,55.52460257725659,697.3393085055795,698.193367991,0.9797700858059741,1.7046454126889674,3.8918882126432983,7.788837057040876,14125.263844925537,487473.9791066158,6.084191644351908,3.042095822175954,17.102807475967438,0.15866663626687416,0.25999172250334457,fourier
