nameseq,average,median,maximum,minimum,peak,none_levated_peak,sample_standard_deviation,population_standard_deviation,percentile15,percentile25,percentile50,percentile75,amplitude,variance,interquartile_range,semi_interquartile_range,coefficient_of_variation,skewness,kurtosis,label
LG7_8624494_8624713,52.38642956816042,3.608066459595247,10283.163943223319,3.8504633603297885e-08,1.3998536250293354,28.968658373739913,691.3663506978238,692.9430148906893,1.0616238010221675,1.5708491274455199,3.608066459595247,8.004319819079523,10283.163943184814,480170.02188579796,6.433470691634003,3.2167353458170016,13.19743216701343,0.2116607051789455,0.3142969972503054,fourier
