nameseq,average,median,maximum,minimum,peak,none_levated_peak,sample_standard_deviation,population_standard_deviation,percentile15,percentile25,percentile50,percentile75,amplitude,variance,interquartile_range,semi_interquartile_range,coefficient_of_variation,skewness,kurtosis,label
LG7_8814183_8814361,22.80611093273134,2.0407495005678085,3473.8940430872594,0.02270698443939102,2.6162578460947956,30.895645667403503,258.69800664308934,259.42366867621917,0.4855133742712441,0.8309178330121907,2.0407495005678085,4.770747789550759,3473.87133610282,67300.63986942873,3.9398299565385684,1.9699149782692842,11.343363513671498,0.2408062014271215,0.23428461447644272,fourier
