nameseq,average,median,maximum,minimum,peak,none_levated_peak,sample_standard_deviation,population_standard_deviation,percentile15,percentile25,percentile50,percentile75,amplitude,variance,interquartile_range,semi_interquartile_range,coefficient_of_variation,skewness,kurtosis,label
LG7_5269583_5269809,18.846122810948106,0.9537995117141572,3889.101772760679,0.03680873227058019,4.0149725981149995,54.785049900918075,257.45798288717026,258.0269514990772,0.24505291655870115,0.35395807277611285,0.9537995117141572,2.0895653022076086,3889.0649640284087,66577.90769990714,1.7356072294314957,0.8678036147157479,13.661058323232805,0.20848827173956974,0.24848571598985664,fourier
