nameseq,average,median,maximum,minimum,peak,none_levated_peak,sample_standard_deviation,population_standard_deviation,percentile15,percentile25,percentile50,percentile75,amplitude,variance,interquartile_range,semi_interquartile_range,coefficient_of_variation,skewness,kurtosis,label
LG7_13250676_13250905,20.74878110953255,1.4859841487992305,4347.883164801858,0.02468280670280308,3.694996166856468,50.77890279624851,285.9495272698363,286.5731911018023,0.3005521450169124,0.5681342820162564,1.4859841487992305,2.4185777378293336,4347.858481995155,82124.19385827013,1.8504434558130773,0.9252217279065387,13.781509658823447,0.20209297575675983,0.23814507377973146,fourier
