nameseq,average,median,maximum,minimum,peak,none_levated_peak,sample_standard_deviation,population_standard_deviation,percentile15,percentile25,percentile50,percentile75,amplitude,variance,interquartile_range,semi_interquartile_range,coefficient_of_variation,skewness,kurtosis,label
LG7_9335321_9336529,89.6480114800919,3.1274550539983275,102416.11684491673,0.012106837090535581,4.4953590531062035,183.10210715326625,2944.1207114801664,2945.3390524019533,0.7055114313434939,1.4044337636037545,3.1274550539983275,6.567559891233837,102416.10473807964,8675022.133604037,5.163126127630083,2.5815630638150413,32.84089254042145,0.08816271298461306,0.24771775561192946,fourier
