nameseq,average,median,maximum,minimum,peak,none_levated_peak,sample_standard_deviation,population_standard_deviation,percentile15,percentile25,percentile50,percentile75,amplitude,variance,interquartile_range,semi_interquartile_range,coefficient_of_variation,skewness,kurtosis,label
LG7_7918292_7918395,17.177168003528642,1.36207524458462,1584.5928557616915,0.007846430992025375,2.0181828960131973,22.19624485671933,154.45544274406194,155.20341536439074,0.11443755427750407,0.25495082580214,1.36207524458462,2.9512559107541865,1584.5850093306994,24088.100140771603,2.6963050849520465,1.3481525424760232,8.991903829102256,0.3071777687721277,0.28902224833829954,fourier
