nameseq,average,median,maximum,minimum,peak,none_levated_peak,sample_standard_deviation,population_standard_deviation,percentile15,percentile25,percentile50,percentile75,amplitude,variance,interquartile_range,semi_interquartile_range,coefficient_of_variation,skewness,kurtosis,label
LG7_14180872_14182367,186.2686300254774,20.268208617611517,220064.8768150948,0.06748508179675727,2.677137135750986,93.29849546042014,5688.229305809334,5690.131405613644,4.609000174480123,7.583188026532159,20.268208617611517,40.28447102932318,220064.809330013,32377595.41315071,32.701283002791016,16.350641501395508,30.53777388619496,0.08754943541305442,0.23321058366604785,fourier
