nameseq,average,median,maximum,minimum,peak,none_levated_peak,sample_standard_deviation,population_standard_deviation,percentile15,percentile25,percentile50,percentile75,amplitude,variance,interquartile_range,semi_interquartile_range,coefficient_of_variation,skewness,kurtosis,label
LG7_16017215_16020178,301.90310929250927,19.418850306427753,804230.2293427764,0.006825773774931723,3.2725731189563274,192.37975203797527,14769.06351457277,14771.555552642405,4.98983701718557,8.82222448196083,19.418850306427753,40.61161848088799,804230.2225170026,218198853.44480065,31.78939399892716,15.89469699946358,48.91987879549545,0.05738026491131649,0.24336548891471063,fourier
