nameseq,average,median,maximum,minimum,peak,none_levated_peak,sample_standard_deviation,population_standard_deviation,percentile15,percentile25,percentile50,percentile75,amplitude,variance,interquartile_range,semi_interquartile_range,coefficient_of_variation,skewness,kurtosis,label
LG7_5506222_5506351,14.828788287668436,1.3806082982985293,1681.6360266864272,0.01728339374230967,2.9222437122100646,28.578830682747498,146.76637725180834,147.33414098599923,0.22776304553044555,0.3960219740925701,1.3806082982985293,2.6108493720611885,1681.618743292685,21707.349100082298,2.2148273979686186,1.1074136989843093,9.897395148183396,0.27488952663109106,0.2291309991107047,fourier
