nameseq,average,median,maximum,minimum,peak,none_levated_peak,sample_standard_deviation,population_standard_deviation,percentile15,percentile25,percentile50,percentile75,amplitude,variance,interquartile_range,semi_interquartile_range,coefficient_of_variation,skewness,kurtosis,label
LG7_11033712_11037603,364.46989317408685,26.292453402677324,1258435.6213719985,0.007211039164032816,3.5595075413092347,224.03906663180115,20168.814873614356,20171.406433518863,5.790624443626848,11.110154652794401,26.292453402677324,51.70668711250693,1258435.6141609594,406885637.5062062,40.59653245971253,20.298266229856264,55.33739617823753,0.05030202942868398,0.23869329683349355,fourier
