nameseq,average,median,maximum,minimum,peak,none_levated_peak,sample_standard_deviation,population_standard_deviation,percentile15,percentile25,percentile50,percentile75,amplitude,variance,interquartile_range,semi_interquartile_range,coefficient_of_variation,skewness,kurtosis,label
LG7_16355654_16356978,121.63293544979746,7.769526310302781,143030.41208175538,0.002478807575399941,3.6311436950311813,128.47271832398573,3927.5376121589493,3929.0205412705636,1.9070811997741326,3.088527853846491,7.769526310302781,16.83242072101822,143030.4096029478,15437202.413726032,13.743892867171729,6.871946433585864,32.29008325446518,0.0869731269691682,0.234808516282533,fourier
