nameseq,average,median,maximum,minimum,peak,none_levated_peak,sample_standard_deviation,population_standard_deviation,percentile15,percentile25,percentile50,percentile75,amplitude,variance,interquartile_range,semi_interquartile_range,coefficient_of_variation,skewness,kurtosis,label
LG7_2842994_2843340,45.59334052176183,3.9962452131791206,13745.829731630298,0.04999962056135916,2.5369202024462023,45.68272033068265,736.5512157663326,737.6148281843326,1.3194947234513308,2.0936895979792607,3.9962452131791206,8.505372396848639,13745.779732009736,544075.6347574026,6.4116827988693785,3.2058413994346893,16.15479820818952,0.16942648828012738,0.25698164546875446,fourier
