nameseq,average,median,maximum,minimum,peak,none_levated_peak,sample_standard_deviation,population_standard_deviation,percentile15,percentile25,percentile50,percentile75,amplitude,variance,interquartile_range,semi_interquartile_range,coefficient_of_variation,skewness,kurtosis,label
LG7_11355015_11355205,59.838692261049715,7.394665909625962,9348.351895280375,0.12021587395405724,1.0639715585514,18.492155234726376,673.9542439074581,675.7254801916579,2.144300595857707,3.6877148924539283,7.394665909625962,14.85179165712204,9348.23167940642,456604.9245802466,11.164076764668113,5.582038382334057,11.262850480877727,0.2334462324060605,0.2565528872956224,fourier
