nameseq,average,median,maximum,minimum,peak,none_levated_peak,sample_standard_deviation,population_standard_deviation,percentile15,percentile25,percentile50,percentile75,amplitude,variance,interquartile_range,semi_interquartile_range,coefficient_of_variation,skewness,kurtosis,label
LG7_5827515_5830121,213.01208386147272,11.137078304802511,509866.9987502289,0.014185991812387843,4.079580764841178,221.94863140539297,9983.643106789024,9985.558434021377,2.3568455292582575,4.676733607802182,11.137078304802511,24.07842631413447,509866.98456423706,99711377.23925546,19.40169270633229,9.700846353166146,46.86890492692258,0.06066172540344283,0.24991155299726386,fourier
