nameseq,average,median,maximum,minimum,peak,none_levated_peak,sample_standard_deviation,population_standard_deviation,percentile15,percentile25,percentile50,percentile75,amplitude,variance,interquartile_range,semi_interquartile_range,coefficient_of_variation,skewness,kurtosis,label
LG7_6282012_6282460,36.30676886755147,2.0370809847333256,15037.307226015999,0.0019160016575897735,4.122279986210191,86.0045612238736,708.7373714410489,709.5279320565265,0.38415661138765567,0.7407056534907988,2.0370809847333256,3.9028370564733565,15037.30531001434,503429.8863684109,3.162131402982558,1.581065701491279,19.520805446129092,0.14505946460734342,0.2624244659444601,fourier
