nameseq,average,median,maximum,minimum,peak,none_levated_peak,sample_standard_deviation,population_standard_deviation,percentile15,percentile25,percentile50,percentile75,amplitude,variance,interquartile_range,semi_interquartile_range,coefficient_of_variation,skewness,kurtosis,label
LG7_4303139_4303251,14.987677596338242,1.8615178630286209,1331.5885755296767,0.08788297339832554,2.5131756687820204,20.826794577602115,124.50201448234016,125.0565919018614,0.3990963390545825,0.6161867261028721,1.8615178630286209,3.6327118011112716,1331.5006925562784,15639.151178108705,3.0165250750083996,1.5082625375041998,8.306958411806125,0.31628788790011475,0.20018301622624676,fourier
