nameseq,average,median,maximum,minimum,peak,none_levated_peak,sample_standard_deviation,population_standard_deviation,percentile15,percentile25,percentile50,percentile75,amplitude,variance,interquartile_range,semi_interquartile_range,coefficient_of_variation,skewness,kurtosis,label
LG7_18373067_18383675,755.5726976834962,20.271177804222408,7689466.650383264,0.0035456397642875835,4.680334988513146,693.0453234895531,74651.21722475029,74654.73577009312,4.645887890944167,8.499851184191664,20.271177804222408,40.68746804772688,7689466.646837624,5573329572.902421,32.18761686353522,16.09380843176761,98.80084001661628,0.029549478784740617,0.24609754858577385,fourier
