nameseq,average,median,maximum,minimum,peak,none_levated_peak,sample_standard_deviation,population_standard_deviation,percentile15,percentile25,percentile50,percentile75,amplitude,variance,interquartile_range,semi_interquartile_range,coefficient_of_variation,skewness,kurtosis,label
LG7_19556940_19557765,67.08420998767198,4.154847822267708,49863.7709226373,0.0068585292982160685,4.104294190599116,109.11668556016605,1733.7171764112268,1734.7675958813688,1.0774593143284026,1.6676793416439277,4.154847822267708,8.854921566758199,49863.764064108,3009418.611720024,7.187242225114271,3.5936211125571353,25.843893469563564,0.10889208981997966,0.2579903010197844,fourier
