nameseq,average,median,maximum,minimum,peak,none_levated_peak,sample_standard_deviation,population_standard_deviation,percentile15,percentile25,percentile50,percentile75,amplitude,variance,interquartile_range,semi_interquartile_range,coefficient_of_variation,skewness,kurtosis,label
LG7_17204060_17204641,53.91256515795231,4.626603946701506,27024.878997379295,0.03137607947161471,3.5984190222005097,74.1733336073685,1118.9898277809675,1119.952399853825,1.014687190362915,1.691459313689489,4.626603946701506,10.048827041665167,27024.847621299825,1254293.3779383418,8.357367727975678,4.178683863987839,20.755640628535595,0.13213514543466814,0.26477620060039125,fourier
