nameseq,average,median,maximum,minimum,peak,none_levated_peak,sample_standard_deviation,population_standard_deviation,percentile15,percentile25,percentile50,percentile75,amplitude,variance,interquartile_range,semi_interquartile_range,coefficient_of_variation,skewness,kurtosis,label
LG7_8524248_8526995,247.3727844893601,19.826109501955248,600397.1075994384,0.021681517514456357,3.7029134061406768,183.9588431401882,11450.718499342802,11452.802532210972,4.322497441115985,7.618267466288111,19.826109501955248,38.51519820057107,600397.0859179209,131166685.84181803,30.89693073428296,15.44846536714148,46.28932209733571,0.059615475221174434,0.25767251733338165,fourier
