nameseq,average,median,maximum,minimum,peak,none_levated_peak,sample_standard_deviation,population_standard_deviation,percentile15,percentile25,percentile50,percentile75,amplitude,variance,interquartile_range,semi_interquartile_range,coefficient_of_variation,skewness,kurtosis,label
LG7_10114970_10116743,140.09522094955452,8.027570660857613,227839.71380599198,0.02131841602737819,4.22093865390498,181.45683695588122,5407.659794769652,5409.1845825610635,1.5459449849532634,3.0797938360719725,8.027570660857613,15.355625959682824,227839.69248757596,29259277.84821631,12.27583212361085,6.137916061805425,38.59988769150692,0.07326698903087481,0.2533453632734447,fourier
