nameseq,average,median,maximum,minimum,peak,none_levated_peak,sample_standard_deviation,population_standard_deviation,percentile15,percentile25,percentile50,percentile75,amplitude,variance,interquartile_range,semi_interquartile_range,coefficient_of_variation,skewness,kurtosis,label
LG7_17065862_17066365,75.32816020761445,6.37496515625969,33662.67959031857,0.000651905873877906,2.2302416458462493,56.94612110158136,1497.6080386545548,1499.0959754732858,1.2671055693871813,2.4749693379474866,6.37496515625969,12.372660711403318,33662.6789384127,2247288.743680202,9.897691373455832,4.948845686727916,19.881117958104213,0.13812665251176542,0.2510757264225625,fourier
