nameseq,average,median,maximum,minimum,peak,none_levated_peak,sample_standard_deviation,population_standard_deviation,percentile15,percentile25,percentile50,percentile75,amplitude,variance,interquartile_range,semi_interquartile_range,coefficient_of_variation,skewness,kurtosis,label
LG7_19641518_19647959,538.9865101739966,30.860818787059273,3166734.9217177867,0.0007591034495657262,3.9840205511639377,343.41439964659247,39451.36679754668,39454.42919745796,7.398916249781229,12.677236535027763,30.860818787059273,61.389794716845095,3166734.9209586834,1556651983.297223,48.71255818181733,24.356279090908664,73.19546232207355,0.03863939827442447,0.2468939159272621,fourier
