nameseq,average,median,maximum,minimum,peak,none_levated_peak,sample_standard_deviation,population_standard_deviation,percentile15,percentile25,percentile50,percentile75,amplitude,variance,interquartile_range,semi_interquartile_range,coefficient_of_variation,skewness,kurtosis,label
LG7_17418906_17419025,23.80468196312489,3.3161238134311097,2146.149822027381,0.13256834525183642,1.6803417101712506,15.942836478000356,194.67293141751648,195.48917370360115,0.9466503416752515,1.6685925078117232,3.3161238134311097,8.006900103782453,2146.017253682129,38216.01703531674,6.338307595970729,3.1691537979853646,8.177926162554005,0.31573816658287973,0.23968201571702635,fourier
