nameseq,average,median,maximum,minimum,peak,none_levated_peak,sample_standard_deviation,population_standard_deviation,percentile15,percentile25,percentile50,percentile75,amplitude,variance,interquartile_range,semi_interquartile_range,coefficient_of_variation,skewness,kurtosis,label
LG7_13503985_13504200,33.107583305821585,2.8809729638940214,6253.2478841245,0.057695910759343605,2.174728349542192,32.94694045154254,424.2277905279088,425.2132222633903,0.8432615900396683,1.2384524181887377,2.8809729638940214,6.100206248781355,6253.190188213741,180806.2843876154,4.861753830592617,2.4308769152963086,12.813613926731803,0.21375268912237166,0.2800497270594413,fourier
