nameseq,average,median,maximum,minimum,peak,none_levated_peak,sample_standard_deviation,population_standard_deviation,percentile15,percentile25,percentile50,percentile75,amplitude,variance,interquartile_range,semi_interquartile_range,coefficient_of_variation,skewness,kurtosis,label
LG7_5130596_5130726,29.18598532467509,2.346044596525191,3418.6310312477067,0.05236850779981404,1.496151874980523,21.805264585267967,297.2883029678687,298.42952905654545,0.4980813355280893,0.8305169135199306,2.346044596525191,4.566556812251328,3418.578662739907,89060.18381291152,3.736039898731397,1.8680199493656986,10.185995081568423,0.2708475960224792,0.2585086795378606,fourier
