nameseq,average,median,maximum,minimum,peak,none_levated_peak,sample_standard_deviation,population_standard_deviation,percentile15,percentile25,percentile50,percentile75,amplitude,variance,interquartile_range,semi_interquartile_range,coefficient_of_variation,skewness,kurtosis,label
LG7_2253534_2253837,25.512063759693554,1.6736616000275395,6856.450602825287,0.08793474470084643,3.971977111997878,57.300772203559866,392.443041523996,393.0901038620411,0.48529891980694,0.8767807884713186,1.6736616000275395,3.5521314941659625,6856.362668080586,154519.82975427023,2.675350705694644,1.337675352847322,15.382645842396167,0.1822307925279527,0.2046850268826186,fourier
