nameseq,average,median,maximum,minimum,peak,none_levated_peak,sample_standard_deviation,population_standard_deviation,percentile15,percentile25,percentile50,percentile75,amplitude,variance,interquartile_range,semi_interquartile_range,coefficient_of_variation,skewness,kurtosis,label
LG7_12158029_12158140,11.635184094535001,1.221870476307887,1131.1282444297262,0.09189241339455384,3.2086585850299225,26.443674622207432,106.26693752760076,106.74454414766244,0.281073618573995,0.5491198998411163,1.221870476307887,1.9041142717885529,1131.0363520163316,11394.397705292255,1.3549943719474364,0.6774971859737182,9.133240751860034,0.2939761094231908,0.177962460956187,fourier
