nameseq,average,median,maximum,minimum,peak,none_levated_peak,sample_standard_deviation,population_standard_deviation,percentile15,percentile25,percentile50,percentile75,amplitude,variance,interquartile_range,semi_interquartile_range,coefficient_of_variation,skewness,kurtosis,label
LG7_14703153_14703798,54.00146430192212,2.409211266825701,32425.55874615484,0.01141428664091794,3.987546191884815,108.4138591921134,1274.6354726982765,1275.6231795281612,0.5765738592810228,0.9804654938324258,2.409211266825701,5.10827451504576,32425.547331868198,1627214.4961495353,4.127809021213334,2.063904510606667,23.603720550461208,0.12142825334810607,0.2368909246248263,fourier
