nameseq,average,median,maximum,minimum,peak,none_levated_peak,sample_standard_deviation,population_standard_deviation,percentile15,percentile25,percentile50,percentile75,amplitude,variance,interquartile_range,semi_interquartile_range,coefficient_of_variation,skewness,kurtosis,label
LG7_909311_909531,24.11525334087238,1.5205164005835599,4830.775908743806,0.0012959726492600308,3.0547747363620172,45.55879991790498,324.0855834437367,324.82130648691674,0.4628253469667675,0.6588606591289466,1.5205164005835599,2.81548041332879,4830.774612771157,105508.88114786752,2.156619754199843,1.0783098770999215,13.439028769996442,0.20915527960420438,0.2644820312778382,fourier
