nameseq,average,median,maximum,minimum,peak,none_levated_peak,sample_standard_deviation,population_standard_deviation,percentile15,percentile25,percentile50,percentile75,amplitude,variance,interquartile_range,semi_interquartile_range,coefficient_of_variation,skewness,kurtosis,label
LG7_8297431_8297597,14.682036509580302,0.8939143145226932,2208.6135132255995,0.016183222845737547,3.79148128601527,40.95871095864638,170.28888334428984,170.8010315182471,0.3749786413966713,0.5230797489236061,0.8939143145226932,2.0145704445834034,2208.5973300027536,29172.99236769724,1.4914906956597973,0.7457453478298987,11.598451157179264,0.2429070281795342,0.2399514747865886,fourier
