nameseq,average,median,maximum,minimum,peak,none_levated_peak,sample_standard_deviation,population_standard_deviation,percentile15,percentile25,percentile50,percentile75,amplitude,variance,interquartile_range,semi_interquartile_range,coefficient_of_variation,skewness,kurtosis,label
LG7_18615162_18615362,37.677706163732545,2.4148718302722156,6803.80364624405,0.003972679077810449,1.7782398883001067,31.78325437886237,478.457349047939,479.6520009676507,0.590952872923485,1.0043456800984898,2.4148718302722156,5.076659467329454,6803.799673564972,230066.04203227116,4.072313787230964,2.036156893615482,12.698685715333912,0.22110330881296908,0.22194073092987088,fourier
