nameseq,average,median,maximum,minimum,peak,none_levated_peak,sample_standard_deviation,population_standard_deviation,percentile15,percentile25,percentile50,percentile75,amplitude,variance,interquartile_range,semi_interquartile_range,coefficient_of_variation,skewness,kurtosis,label
LG7_2045635_2045964,30.34489902524317,1.4401069697249873,9110.66830338834,0.002714177551039239,3.6249914658965823,65.45578101017738,500.62772144580384,501.3879765860595,0.2990754530914426,0.5112245834141849,1.4401069697249873,3.3777758885917892,9110.665589210788,251389.90306506297,2.8665513051776044,1.4332756525888022,16.49792016211173,0.1732112954434984,0.21700878126919487,fourier
