nameseq,average,median,maximum,minimum,peak,none_levated_peak,sample_standard_deviation,population_standard_deviation,percentile15,percentile25,percentile50,percentile75,amplitude,variance,interquartile_range,semi_interquartile_range,coefficient_of_variation,skewness,kurtosis,label
LG8_16408952_16409377,46.19048165366278,4.35560396767478,16711.10489503127,0.012998901965044085,3.0742264405190456,55.236389753954946,808.4095971294329,809.3601084479083,0.8974746967604389,1.4664120496871569,4.35560396767478,9.650829871487046,16711.091896129303,655063.7851468099,8.184417821799888,4.092208910899944,17.501649001863747,0.15524881632233972,0.2484322210979132,fourier
