nameseq,average,median,maximum,minimum,peak,none_levated_peak,sample_standard_deviation,population_standard_deviation,percentile15,percentile25,percentile50,percentile75,amplitude,variance,interquartile_range,semi_interquartile_range,coefficient_of_variation,skewness,kurtosis,label
LG8_19970056_19970487,49.05612367607809,5.338001137236649,17446.542665956433,0.005188126845538467,2.9354133431097145,51.115521462045244,838.0804758148952,839.0521636494465,0.9156054187483533,1.846641952788115,5.338001137236649,11.09890479907829,17446.537477829588,704008.5333248175,9.252262846290176,4.626131423145088,17.084115356297097,0.15649376330954173,0.23510746335356852,fourier
