nameseq,average,median,maximum,minimum,peak,none_levated_peak,sample_standard_deviation,population_standard_deviation,percentile15,percentile25,percentile50,percentile75,amplitude,variance,interquartile_range,semi_interquartile_range,coefficient_of_variation,skewness,kurtosis,label
LG8_12851683_12852653,88.8549597813933,5.448506127946557,78470.88059003433,0.013810450840080495,3.6426404048009506,116.0077198958049,2516.7082938171393,2518.0052319572387,1.1906100164945816,2.3699038433362136,5.448506127946557,10.557325434054025,78470.86677958349,6340350.348164028,8.187421590717811,4.093710795358906,28.32377956175893,0.09942326712041298,0.2212436541992199,fourier
