nameseq,average,median,maximum,minimum,peak,none_levated_peak,sample_standard_deviation,population_standard_deviation,percentile15,percentile25,percentile50,percentile75,amplitude,variance,interquartile_range,semi_interquartile_range,coefficient_of_variation,skewness,kurtosis,label
LG8_10270718_10272016,95.70058507510454,3.7246191239481514,117047.4833173453,0.0067750000512168725,4.524528242540915,185.3217068916289,3246.1628795851725,3247.4130867871504,0.9533880766213927,1.5613939217547936,3.7246191239481514,7.628040261578461,117047.47654234525,10545691.756236449,6.0666463398236665,3.0333231699118333,33.91998990432114,0.08500124857836155,0.2389237023636645,fourier
