nameseq,average,median,maximum,minimum,peak,none_levated_peak,sample_standard_deviation,population_standard_deviation,percentile15,percentile25,percentile50,percentile75,amplitude,variance,interquartile_range,semi_interquartile_range,coefficient_of_variation,skewness,kurtosis,label
LG8_14839478_14839701,25.88767414075618,2.691594517197305,4767.543241866307,0.025013995327291556,2.884255505561832,34.35372299622549,317.57122431048873,318.28247094453104,0.8146646235760013,1.3678345894253598,2.691594517197305,5.770548354015691,4767.51822787098,101303.73131055626,4.402713764590331,2.2013568822951655,12.267275251681319,0.21912639919365093,0.22306313343496514,fourier
