nameseq,average,median,maximum,minimum,peak,none_levated_peak,sample_standard_deviation,population_standard_deviation,percentile15,percentile25,percentile50,percentile75,amplitude,variance,interquartile_range,semi_interquartile_range,coefficient_of_variation,skewness,kurtosis,label
LG8_8259405_8259584,40.64673121959433,6.192185709315499,4965.982730574885,0.055363231619017655,1.4761334601754188,17.9619877111846,368.9963769210393,370.0256575171109,2.0141880644202406,2.6390480312076705,6.192185709315499,14.192753652457682,4965.927367343266,136918.98722097027,11.553705621250012,5.776852810625006,9.078131644277446,0.2801210065890567,0.21938780925540416,fourier
