nameseq,average,median,maximum,minimum,peak,none_levated_peak,sample_standard_deviation,population_standard_deviation,percentile15,percentile25,percentile50,percentile75,amplitude,variance,interquartile_range,semi_interquartile_range,coefficient_of_variation,skewness,kurtosis,label
LG8_17946887_17947087,25.184455975904715,2.5090311186186116,4361.417023463347,0.016727817053618085,2.660371145761592,33.72949344683918,306.63564840705726,307.4012816798045,0.5422293249803353,1.033911144893407,2.5090311186186116,4.8162783129005025,4361.400295646293,94495.54797838653,3.782367168007095,1.8911835840035476,12.175591511701965,0.22184724745882703,0.24205915575257614,fourier
