nameseq,average,median,maximum,minimum,peak,none_levated_peak,sample_standard_deviation,population_standard_deviation,percentile15,percentile25,percentile50,percentile75,amplitude,variance,interquartile_range,semi_interquartile_range,coefficient_of_variation,skewness,kurtosis,label
LG8_13452206_13452543,67.01133180142338,7.141548659588798,19576.990547684843,0.02215013645114097,1.6813076779392337,36.8979454261968,1062.828992023018,1064.4047215643475,1.116381096625177,2.5087874417942695,7.141548659588798,11.202576489444073,19576.968397548393,1132957.411288476,8.693789047649805,4.346894523824902,15.86043678660991,0.1689917670420623,0.2300286117280125,fourier
