nameseq,average,median,maximum,minimum,peak,none_levated_peak,sample_standard_deviation,population_standard_deviation,percentile15,percentile25,percentile50,percentile75,amplitude,variance,interquartile_range,semi_interquartile_range,coefficient_of_variation,skewness,kurtosis,label
LG8_14010854_14010986,14.165082555834733,1.8367457536512932,1598.983666079869,0.016144366136939002,3.129761733373874,27.290591984190225,137.9516126806846,138.47317073254976,0.45790157956468397,0.7457860188333783,1.8367457536512932,3.261820858718342,1598.967521713732,19174.81901272587,2.5160348398849637,1.2580174199424818,9.738849889290693,0.2681013268917646,0.27957503904741543,fourier
