nameseq,average,median,maximum,minimum,peak,none_levated_peak,sample_standard_deviation,population_standard_deviation,percentile15,percentile25,percentile50,percentile75,amplitude,variance,interquartile_range,semi_interquartile_range,coefficient_of_variation,skewness,kurtosis,label
LG8_25936569_25936710,32.92302881593049,5.5412561737454995,3594.93721657852,0.019463949660764784,1.4376968048100762,16.659723996052865,300.0876789438456,301.14993953619796,0.8977897209411482,2.5246682990839644,5.5412561737454995,10.27763558872259,3594.917752628859,90691.28608265569,7.752967289638626,3.876483644819313,9.114825996769834,0.2737377229737131,0.27229629792834054,fourier
