nameseq,average,median,maximum,minimum,peak,none_levated_peak,sample_standard_deviation,population_standard_deviation,percentile15,percentile25,percentile50,percentile75,amplitude,variance,interquartile_range,semi_interquartile_range,coefficient_of_variation,skewness,kurtosis,label
LG8_9363120_9364272,109.88135798788471,6.347379080004335,115164.19930914378,0.0009573741457453692,3.4977118991895706,127.32827118251731,3389.852937477516,3391.3239086630315,1.359934132460469,2.611535247635008,6.347379080004335,12.96486957426895,115164.19835176964,11501077.853469502,10.353334326633943,5.176667163316972,30.850118705770583,0.09162696507854075,0.2374461505688723,fourier
