nameseq,average,median,maximum,minimum,peak,none_levated_peak,sample_standard_deviation,population_standard_deviation,percentile15,percentile25,percentile50,percentile75,amplitude,variance,interquartile_range,semi_interquartile_range,coefficient_of_variation,skewness,kurtosis,label
LG8_11361042_11361383,48.14945710964504,5.001433197511989,13527.45581748251,0.015021639431500516,2.3676279410669436,40.35792954081351,730.0299766397558,731.0996182048302,1.0148918654872303,1.651320899491621,5.001433197511989,11.185882064701907,13527.440795843078,534506.6517392484,9.534561165210286,4.767280582605143,15.1617488641117,0.17731336503771444,0.2279522915581303,fourier
