nameseq,average,median,maximum,minimum,peak,none_levated_peak,sample_standard_deviation,population_standard_deviation,percentile15,percentile25,percentile50,percentile75,amplitude,variance,interquartile_range,semi_interquartile_range,coefficient_of_variation,skewness,kurtosis,label
LG8_19933510_19934032,68.7998195358524,8.166524146851865,28718.536512844817,0.00421099192731405,2.533921375222303,50.993624134682605,1254.2512575099634,1255.4520727754364,1.2828281950901326,2.8923102691758,8.166524146851865,17.72188805915727,28718.53230185289,1576159.9070361396,14.82957778998147,7.414788894990735,18.23044400365554,0.1450266723496242,0.2690126057069599,fourier
