nameseq,average,median,maximum,minimum,peak,none_levated_peak,sample_standard_deviation,population_standard_deviation,percentile15,percentile25,percentile50,percentile75,amplitude,variance,interquartile_range,semi_interquartile_range,coefficient_of_variation,skewness,kurtosis,label
LG8_3643107_3643421,46.82914523863846,5.141471114923808,11480.220879008619,0.07059014125723558,2.242193391848739,35.27335617533452,645.4773633483333,646.5043765090992,1.1864752485418923,2.073321008069998,5.141471114923808,9.858289565028288,11480.150288867362,417967.9088454191,7.78496855695829,3.892484278479145,13.783667416072193,0.1937527626412724,0.17108918679795668,fourier
