nameseq,average,median,maximum,minimum,peak,none_levated_peak,sample_standard_deviation,population_standard_deviation,percentile15,percentile25,percentile50,percentile75,amplitude,variance,interquartile_range,semi_interquartile_range,coefficient_of_variation,skewness,kurtosis,label
LG8_5513497_5513661,26.716300054510132,2.7772506612702736,3630.5774591848144,0.012034099493714001,2.05866829941952,24.651559579656293,281.4819097477759,282.33878207918553,0.8353021010359262,1.1701292796084022,2.7772506612702736,5.799304914339519,3630.565425085321,79715.18786595782,4.629175634731117,2.3145878173655583,10.535961535596591,0.25513948034554657,0.2426849472116249,fourier
