nameseq,average,median,maximum,minimum,peak,none_levated_peak,sample_standard_deviation,population_standard_deviation,percentile15,percentile25,percentile50,percentile75,amplitude,variance,interquartile_range,semi_interquartile_range,coefficient_of_variation,skewness,kurtosis,label
LG8_23334522_23334674,39.39710784352593,4.501181021551279,5166.156123699902,0.012748048931712962,1.2945112672371142,19.850846829917028,415.8683993534279,417.23414489963477,0.9615370981780903,1.744186426921811,4.501181021551279,7.9020735556105866,5166.1433756509705,174084.3316701294,6.157887128688776,3.078943564344388,10.555810365703454,0.25173295357061864,0.2688667538153198,fourier
