nameseq,average,median,maximum,minimum,peak,none_levated_peak,sample_standard_deviation,population_standard_deviation,percentile15,percentile25,percentile50,percentile75,amplitude,variance,interquartile_range,semi_interquartile_range,coefficient_of_variation,skewness,kurtosis,label
LG8_40299_40465,19.235979439996235,1.8508675393327592,2802.6923453326553,0.014516213492225576,2.89388262450116,33.07890357846535,216.05275150409423,216.70253568253378,0.3168317403113953,0.663824267248384,1.8508675393327592,3.62768119301655,2802.677829119163,46959.98897123983,2.963856925768166,1.481928462884083,11.231700063832909,0.24140093259123374,0.27297063159185425,fourier
