nameseq,average,median,maximum,minimum,peak,none_levated_peak,sample_standard_deviation,population_standard_deviation,percentile15,percentile25,percentile50,percentile75,amplitude,variance,interquartile_range,semi_interquartile_range,coefficient_of_variation,skewness,kurtosis,label
LG8_2438328_2438565,54.397925902969355,6.663795866735441,10544.22060232645,0.026730191359236218,1.4583889370128145,24.69411041299116,681.4687313105031,682.9049156881592,1.2527757730375368,2.918721595476008,6.663795866735441,12.3157479070072,10544.19387213509,466359.12387105194,9.397026311531192,4.698513155765596,12.527476369706672,0.21013787357978317,0.18873217036294163,fourier
