nameseq,average,median,maximum,minimum,peak,none_levated_peak,sample_standard_deviation,population_standard_deviation,percentile15,percentile25,percentile50,percentile75,amplitude,variance,interquartile_range,semi_interquartile_range,coefficient_of_variation,skewness,kurtosis,label
LG8_1439026_1439361,26.24854054928871,1.1903331392376368,8084.964931039458,0.00907808952438555,4.2669038985116075,73.46022024593418,440.30382627508567,440.96050647037276,0.3467431340450937,0.6067542470696539,1.1903331392376368,2.7889046020925377,8084.955852949934,194446.16826660765,2.182150355022884,1.091075177511442,16.774411721988756,0.1707335202287951,0.235999937863733,fourier
