nameseq,average,median,maximum,minimum,peak,none_levated_peak,sample_standard_deviation,population_standard_deviation,percentile15,percentile25,percentile50,percentile75,amplitude,variance,interquartile_range,semi_interquartile_range,coefficient_of_variation,skewness,kurtosis,label
LG8_7036950_7037159,23.017166233332027,2.1620965176257805,4166.698267398325,0.000519114360041065,3.041208430715957,37.39710119670461,286.6455829009768,287.3305195594595,0.42826917863884867,1.1414723887822675,2.1620965176257805,3.750895539873868,4166.697748283965,82558.82747030893,2.6094231510916006,1.3047115755458003,12.453556619227719,0.21826678267263658,0.180028450220454,fourier
