nameseq,average,median,maximum,minimum,peak,none_levated_peak,sample_standard_deviation,population_standard_deviation,percentile15,percentile25,percentile50,percentile75,amplitude,variance,interquartile_range,semi_interquartile_range,coefficient_of_variation,skewness,kurtosis,label
LG8_7485984_7486209,36.23164313121555,4.204816587837718,6550.018270066957,0.10144065734710653,2.0792138258954513,28.327029181230262,434.35326528550837,435.3174246634054,0.9936333789840128,1.6538881710827733,4.204816587837718,8.626611659067475,6549.91682940961,189501.26021557962,6.972723487984702,3.486361743992351,11.98822983855483,0.22120353939777113,0.22039236047178243,fourier
