nameseq,average,median,maximum,minimum,peak,none_levated_peak,sample_standard_deviation,population_standard_deviation,percentile15,percentile25,percentile50,percentile75,amplitude,variance,interquartile_range,semi_interquartile_range,coefficient_of_variation,skewness,kurtosis,label
LG8_15694136_15697593,275.9202819122972,15.062435390567739,881181.6736259204,0.016333509377110873,4.17753511513535,265.70500613077843,14982.359810884036,14984.526613962964,3.331083196339869,6.118657001247412,15.062435390567739,28.94543271544228,881181.6572924111,224536037.84456435,22.826775714194866,11.413387857097433,54.299595908814936,0.052232995966141636,0.25245476743388706,fourier
