nameseq,average,median,maximum,minimum,peak,none_levated_peak,sample_standard_deviation,population_standard_deviation,percentile15,percentile25,percentile50,percentile75,amplitude,variance,interquartile_range,semi_interquartile_range,coefficient_of_variation,skewness,kurtosis,label
LG8_10251586_10255786,354.5696183040664,20.849180033093347,1350706.3436441286,0.012921148906632476,3.9493889522493064,266.12007619230593,20836.429703564183,20838.910083276987,5.028372436643872,8.719148066904364,20.849180033093347,42.71149603593389,1350706.3307229797,434260173.45890325,33.992347969029524,16.996173984514762,58.7654120035056,0.04804860185052074,0.24744660016241382,fourier
