nameseq,average,median,maximum,minimum,peak,none_levated_peak,sample_standard_deviation,population_standard_deviation,percentile15,percentile25,percentile50,percentile75,amplitude,variance,interquartile_range,semi_interquartile_range,coefficient_of_variation,skewness,kurtosis,label
LG8_17933670_17933728,7.588868365460063,0.7220266757394541,370.1055820556545,0.027761377150502992,2.5915150612148494,15.145742581279329,47.61919148713329,48.02794740913479,0.07840747680933656,0.2575045094817355,0.7220266757394541,2.5270993110661406,370.077820678504,2306.683732334617,2.269594801584405,1.1347974007922026,6.274873827548128,0.4326097194390226,0.3105938345038366,fourier
