nameseq,average,median,maximum,minimum,peak,none_levated_peak,sample_standard_deviation,population_standard_deviation,percentile15,percentile25,percentile50,percentile75,amplitude,variance,interquartile_range,semi_interquartile_range,coefficient_of_variation,skewness,kurtosis,label
LG8_23877847_23878105,46.05872717683727,3.7297765837474555,10503.840600596493,0.04528022310500153,1.8744185657121235,34.99102727448378,651.0963552130014,652.3569495301074,1.1272120446176057,1.5742387477981505,3.7297765837474555,7.356014351232281,10503.795320373389,425569.5896002271,5.78177560343413,2.890887801717065,14.136221192417901,0.19503542104413504,0.24895179211810967,fourier
