nameseq,average,median,maximum,minimum,peak,none_levated_peak,sample_standard_deviation,population_standard_deviation,percentile15,percentile25,percentile50,percentile75,amplitude,variance,interquartile_range,semi_interquartile_range,coefficient_of_variation,skewness,kurtosis,label
LG8_18478432_18478540,19.10140420238393,2.705235999087403,1642.309680798617,0.456085903147192,1.9021289193387572,16.753843606845223,156.25006364009064,156.97177678148216,1.1059824457578353,1.2890123396914537,2.705235999087403,5.285116931204055,1641.8535948954698,24640.13870593546,3.996104591512601,1.9980522957563005,8.180030221055164,0.31480630128376336,0.2237254767130571,fourier
