nameseq,average,median,maximum,minimum,peak,none_levated_peak,sample_standard_deviation,population_standard_deviation,percentile15,percentile25,percentile50,percentile75,amplitude,variance,interquartile_range,semi_interquartile_range,coefficient_of_variation,skewness,kurtosis,label
LG8_25858827_25858988,16.73836375668692,1.4048886426170797,2372.347207616291,0.03268755559893046,3.2261217873477737,33.86040330368051,185.65800638117625,186.23369150352966,0.4251492235415147,0.6417307637292777,1.4048886426170797,3.29235976383574,2372.3145200606923,34682.98785103185,2.650629000106462,1.325314500053231,11.091765544108606,0.2477696827561834,0.2634436956462177,fourier
