nameseq,average,median,maximum,minimum,peak,none_levated_peak,sample_standard_deviation,population_standard_deviation,percentile15,percentile25,percentile50,percentile75,amplitude,variance,interquartile_range,semi_interquartile_range,coefficient_of_variation,skewness,kurtosis,label
LG8_11915399_11919140,268.58079821586995,4.659646347156783,977774.9413832844,0.006633157132136848,4.644164220298421,481.4254725244023,15981.809024668519,15983.944916295115,0.9971549002619955,1.8512105425066758,4.659646347156783,9.632556284576903,977774.9347501273,255486495.08715647,7.7813457420702274,3.8906728710351137,59.50465979263064,0.04954154153538082,0.2584372684992702,fourier
