nameseq,average,median,maximum,minimum,peak,none_levated_peak,sample_standard_deviation,population_standard_deviation,percentile15,percentile25,percentile50,percentile75,amplitude,variance,interquartile_range,semi_interquartile_range,coefficient_of_variation,skewness,kurtosis,label
LG8_13988431_13989378,109.92826298587475,12.235715220205453,86862.09212999996,0.01269563195257008,2.8746019578295754,78.42952949555973,2819.1818347256617,2820.6699223641117,2.673132524976203,5.283250696750401,12.235715220205453,21.88518611302157,86862.079434368,7956178.810929564,16.60193541627117,8.300967708135586,25.64565070120241,0.10395840370670084,0.2171468536986631,fourier
