nameseq,average,median,maximum,minimum,peak,none_levated_peak,sample_standard_deviation,population_standard_deviation,percentile15,percentile25,percentile50,percentile75,amplitude,variance,interquartile_range,semi_interquartile_range,coefficient_of_variation,skewness,kurtosis,label
LG8_15278559_15278692,27.639500473896614,2.824461906436053,3217.8463380945273,0.09097904110434923,1.6160446426609953,20.7110129094263,276.64291556102313,277.68097892888005,0.8088419183053863,1.4025669230434379,2.824461906436053,4.874461797238048,3217.755359053423,77106.72605890111,3.4718948741946103,1.7359474370973051,10.008969439309915,0.26910183313897384,0.22192401868772973,fourier
