nameseq,average,median,maximum,minimum,peak,none_levated_peak,sample_standard_deviation,population_standard_deviation,percentile15,percentile25,percentile50,percentile75,amplitude,variance,interquartile_range,semi_interquartile_range,coefficient_of_variation,skewness,kurtosis,label
LG8_17000636_17000911,53.96239396934953,4.6059784844640586,13202.758955479796,0.06245308035604908,1.7048910033949887,35.34823312279865,792.9252118242304,794.3655857849061,0.9211285529477803,1.8241098625374061,4.6059784844640586,7.641100789332625,13202.69650239944,631016.683879397,5.816990926795219,2.9084954633976094,14.694033260915175,0.1867379725686907,0.22049220304618028,fourier
