nameseq,average,median,maximum,minimum,peak,none_levated_peak,sample_standard_deviation,population_standard_deviation,percentile15,percentile25,percentile50,percentile75,amplitude,variance,interquartile_range,semi_interquartile_range,coefficient_of_variation,skewness,kurtosis,label
LG8_21499823_21499944,20.901021690522832,2.026319834170832,2243.312841399668,0.014896848411087004,1.9456784107882241,22.737727206959804,202.05174469894652,202.88495130476517,0.43226221834369744,0.6698031764884622,2.026319834170832,3.9354884123538776,2243.297944551257,41162.30346593693,3.2656852358654156,1.6328426179327078,9.667075021053302,0.28024556607231926,0.2736367418067886,fourier
