nameseq,average,median,maximum,minimum,peak,none_levated_peak,sample_standard_deviation,population_standard_deviation,percentile15,percentile25,percentile50,percentile75,amplitude,variance,interquartile_range,semi_interquartile_range,coefficient_of_variation,skewness,kurtosis,label
LG8_18570011_18570190,18.520613076528615,1.679188236571208,2802.2353717891074,0.0030554001144867584,3.239633577575177,33.933659326811565,208.09345274301992,208.6739098056749,0.4422849282741405,0.5991241232292714,1.679188236571208,4.170476878779995,2802.232316388993,43544.80063358694,3.571352755550724,1.785676377775362,11.235775612997344,0.2427960796165268,0.28053620742094976,fourier
