nameseq,average,median,maximum,minimum,peak,none_levated_peak,sample_standard_deviation,population_standard_deviation,percentile15,percentile25,percentile50,percentile75,amplitude,variance,interquartile_range,semi_interquartile_range,coefficient_of_variation,skewness,kurtosis,label
LG8_25636988_25637288,44.12401633373434,5.494938909475285,10748.615625000231,0.07524884716823417,2.27389393962818,34.93341489941939,618.1012427145013,619.1305544062266,1.2926983640276062,2.330707211287306,5.494938909475285,11.279385821764768,10748.540376153063,383322.6433993615,8.948678610477462,4.474339305238731,14.008272457327088,0.1874890782678867,0.22988421127983658,fourier
