nameseq,average,median,maximum,minimum,peak,none_levated_peak,sample_standard_deviation,population_standard_deviation,percentile15,percentile25,percentile50,percentile75,amplitude,variance,interquartile_range,semi_interquartile_range,coefficient_of_variation,skewness,kurtosis,label
LG8_4516987_4517269,29.650982225045638,2.544562764809078,7077.2021542628,0.012630364097373498,3.1814572825061997,43.75701654963952,419.71541703843303,420.45893474619004,0.7373056329174815,1.0552309743307104,2.544562764809078,6.178085981510044,7077.189523898703,176785.71580790088,5.122855007179334,2.561427503589667,14.15519438286625,0.19374856171476618,0.2508954095810351,fourier
