nameseq,average,median,maximum,minimum,peak,none_levated_peak,sample_standard_deviation,population_standard_deviation,percentile15,percentile25,percentile50,percentile75,amplitude,variance,interquartile_range,semi_interquartile_range,coefficient_of_variation,skewness,kurtosis,label
LG8_15398183_15398247,16.14727360875492,2.4674796030557413,809.5004921553011,0.11723587591895378,1.3418157883272122,10.131437656409497,99.23795921095486,100.01025069673203,0.598301787226881,1.3702120607762718,2.4674796030557413,6.000956141995679,809.3832562793822,10002.050244423188,4.630744081219407,2.3153720406097036,6.145802790952205,0.41354520330127065,0.26404611424671215,fourier
