nameseq,average,median,maximum,minimum,peak,none_levated_peak,sample_standard_deviation,population_standard_deviation,percentile15,percentile25,percentile50,percentile75,amplitude,variance,interquartile_range,semi_interquartile_range,coefficient_of_variation,skewness,kurtosis,label
LG8_13694345_13694448,21.999566714678046,3.254704203810584,1850.0447936695248,0.06779436049650353,1.5757886105791878,15.49292051146239,180.18065639584287,181.05320705059893,0.8556141269677353,1.523325914076583,3.254704203810584,4.961191800651169,1849.9769993090283,32780.26378330705,3.4378658865745857,1.7189329432872928,8.190191140247634,0.3121011359235998,0.22097045419858832,fourier
