nameseq,average,median,maximum,minimum,peak,none_levated_peak,sample_standard_deviation,population_standard_deviation,percentile15,percentile25,percentile50,percentile75,amplitude,variance,interquartile_range,semi_interquartile_range,coefficient_of_variation,skewness,kurtosis,label
LG8_18628962_18629222,35.26704545788125,3.5340632311539086,8003.8031817470655,0.006177744689514602,2.46689221822969,38.833992651390794,494.2104766951899,495.15996936052375,0.6979102991627419,1.1725907466515275,3.5340632311539086,6.341252595603028,8003.797004002376,245183.39525711484,5.1686618489515,2.58433092447575,14.013379070424708,0.19262834595652875,0.26923416769155567,fourier
