nameseq,average,median,maximum,minimum,peak,none_levated_peak,sample_standard_deviation,population_standard_deviation,percentile15,percentile25,percentile50,percentile75,amplitude,variance,interquartile_range,semi_interquartile_range,coefficient_of_variation,skewness,kurtosis,label
LG8_25323186_25323506,42.30993580162258,4.059556788978365,11227.42434982715,0.024004649905582362,2.5289568034725445,41.1203743820971,625.3460586227335,626.322399667872,0.7409749522835815,1.6158187993699584,4.059556788978365,9.52657104491723,11227.400345177244,392279.74832572154,7.910752245547271,3.9553761227736355,14.780123079240209,0.18350021632927752,0.21980078132508243,fourier
