nameseq,average,median,maximum,minimum,peak,none_levated_peak,sample_standard_deviation,population_standard_deviation,percentile15,percentile25,percentile50,percentile75,amplitude,variance,interquartile_range,semi_interquartile_range,coefficient_of_variation,skewness,kurtosis,label
LG8_10474181_10474393,19.56610515971252,1.389499809110161,3741.618476379647,3.4951795613743586e-05,3.6287242361444605,45.781617134823385,255.6385527863621,256.24076458148363,0.5327684601176454,0.6843089686908684,1.389499809110161,2.7937429763787724,3741.6184414278514,65659.32943330331,2.109434007687904,1.054717003843952,13.065377636461509,0.21330826456906835,0.2622076740515276,fourier
