nameseq,average,median,maximum,minimum,peak,none_levated_peak,sample_standard_deviation,population_standard_deviation,percentile15,percentile25,percentile50,percentile75,amplitude,variance,interquartile_range,semi_interquartile_range,coefficient_of_variation,skewness,kurtosis,label
LG8_20793707_20793996,79.05356023906413,11.585773556419547,15502.606462045274,0.20495289987249857,1.2227996610695222,21.684661305091982,910.0479496214343,911.6210673895606,2.4248425751324554,4.481227493897339,11.585773556419547,27.98650856521237,15502.401509145402,831052.9705084817,23.505281071315032,11.752640535657516,11.511789562283829,0.22240955559773565,0.23515191559810036,fourier
