nameseq,average,median,maximum,minimum,peak,none_levated_peak,sample_standard_deviation,population_standard_deviation,percentile15,percentile25,percentile50,percentile75,amplitude,variance,interquartile_range,semi_interquartile_range,coefficient_of_variation,skewness,kurtosis,label
LG8_8557634_8559811,193.26362216674,14.321341105939029,373810.85674131,0.00032957829556025863,3.7565269234871153,166.31725048662804,8007.558502340218,8009.39741808437,3.370654266835761,6.060608157721378,14.321341105939029,28.848483951433632,373810.8564117317,64150447.000816576,22.787875793712253,11.393937896856126,41.43334587526059,0.06704001513389063,0.2392026584393093,fourier
