nameseq,average,median,maximum,minimum,peak,none_levated_peak,sample_standard_deviation,population_standard_deviation,percentile15,percentile25,percentile50,percentile75,amplitude,variance,interquartile_range,semi_interquartile_range,coefficient_of_variation,skewness,kurtosis,label
LG8_12094230_12101615,537.4890942697054,18.4392451062604,3769065.410605818,0.009477089835262069,4.580558054568821,508.5914851874965,43852.72796356362,43855.69690354628,3.956509304671364,7.413532809242917,18.4392451062604,36.487814319011335,3769065.4011287284,1923322150.895719,29.07428150976842,14.53714075488421,81.58812603099787,0.03550861302822804,0.23844608946539878,fourier
