nameseq,average,median,maximum,minimum,peak,none_levated_peak,sample_standard_deviation,population_standard_deviation,percentile15,percentile25,percentile50,percentile75,amplitude,variance,interquartile_range,semi_interquartile_range,coefficient_of_variation,skewness,kurtosis,label
LG8_4840887_4841187,31.60757849781362,2.1439563406643942,8530.220994702411,0.02423557964931195,3.174344195341432,52.7539529900396,490.6794701278195,491.4965888789063,0.49569532834660607,0.9828829969157107,2.1439563406643942,4.471309599447698,8530.196759122762,241568.89687960068,3.4884266025319874,1.7442133012659937,15.524108250233757,0.18013972838199713,0.24217027234045016,fourier
