nameseq,average,median,maximum,minimum,peak,none_levated_peak,sample_standard_deviation,population_standard_deviation,percentile15,percentile25,percentile50,percentile75,amplitude,variance,interquartile_range,semi_interquartile_range,coefficient_of_variation,skewness,kurtosis,label
LG8_13256265_13256408,27.270056258584997,2.6851140253060555,3340.1549519635596,0.1267803280613024,1.7601723863290133,22.123827249509528,277.07714445798825,278.04425785028775,0.6779845613631645,1.1663435285465171,2.6851140253060555,5.846153767104694,3340.0281716354984,77308.6093235173,4.679810238558177,2.3399051192790883,10.16049038662179,0.2661887787392723,0.26722106334443224,fourier
