nameseq,average,median,maximum,minimum,peak,none_levated_peak,sample_standard_deviation,population_standard_deviation,percentile15,percentile25,percentile50,percentile75,amplitude,variance,interquartile_range,semi_interquartile_range,coefficient_of_variation,skewness,kurtosis,label
LG8_1251357_1251591,25.827966486802644,2.33625114493237,5077.087291005227,0.01075289767748113,3.032888143685622,37.75689011633655,330.2481714820393,330.95307766609915,0.6858273706456345,1.0681893628743069,2.33625114493237,5.4634866020317805,5077.076538107549,109529.93961666306,4.395297239157474,2.197648619578737,12.786456558660424,0.21340056391332252,0.21105629796268532,fourier
