nameseq,average,median,maximum,minimum,peak,none_levated_peak,sample_standard_deviation,population_standard_deviation,percentile15,percentile25,percentile50,percentile75,amplitude,variance,interquartile_range,semi_interquartile_range,coefficient_of_variation,skewness,kurtosis,label
LG8_20643056_20643986,92.43525827473326,7.139814359587857,75114.14064943854,0.01305698121520947,3.3573047679595382,96.08366991970426,2460.111244168561,2461.4335292649325,1.4001546234573077,2.470827547627751,7.139814359587857,15.990895429830092,75114.12759245733,6058655.018989623,13.52006788220234,6.76003394110117,26.61442495088501,0.10401413039836643,0.27129087393119294,fourier
