nameseq,average,median,maximum,minimum,peak,none_levated_peak,sample_standard_deviation,population_standard_deviation,percentile15,percentile25,percentile50,percentile75,amplitude,variance,interquartile_range,semi_interquartile_range,coefficient_of_variation,skewness,kurtosis,label
LG8_10304061_10304718,70.05472066457716,5.5186220418901035,40860.534807200325,0.004350589103214268,3.1308858454165276,78.82352216877607,1591.4069756672286,1592.6176315864602,1.1290159658218302,1.9192952844635665,5.5186220418901035,11.442505507771788,40860.530456611225,2536430.920440066,9.523210223308222,4.761605111654111,22.71662723896801,0.12165856932158231,0.24767924721786902,fourier
