nameseq,average,median,maximum,minimum,peak,none_levated_peak,sample_standard_deviation,population_standard_deviation,percentile15,percentile25,percentile50,percentile75,amplitude,variance,interquartile_range,semi_interquartile_range,coefficient_of_variation,skewness,kurtosis,label
LG8_8725331_8725831,60.147997049233716,6.067531291781958,26054.221081256608,0.059795875120697284,2.776484807354488,58.87328845953796,1162.522460175178,1163.6844019546586,1.2179920865528757,2.230801304584302,6.067531291781958,10.877211752606595,26054.161285381488,1354161.3873525714,8.646410448022293,4.323205224011146,19.327700292723023,0.13955979590098197,0.25725174286164015,fourier
