nameseq,average,median,maximum,minimum,peak,none_levated_peak,sample_standard_deviation,population_standard_deviation,percentile15,percentile25,percentile50,percentile75,amplitude,variance,interquartile_range,semi_interquartile_range,coefficient_of_variation,skewness,kurtosis,label
LG8_1889821_1890223,39.333902488457674,3.2540878678601928,13924.996326729142,0.0038275582080527296,3.415204819118895,59.8441913465223,692.5686012776412,693.4294699769924,0.877419548788936,1.5222646227598433,3.2540878678601928,6.828913488837225,13924.992499170934,480844.4298325727,5.306648866077381,2.6533244330386907,17.60742152347766,0.1562869637204369,0.2485562332865337,fourier
