nameseq,average,median,maximum,minimum,peak,none_levated_peak,sample_standard_deviation,population_standard_deviation,percentile15,percentile25,percentile50,percentile75,amplitude,variance,interquartile_range,semi_interquartile_range,coefficient_of_variation,skewness,kurtosis,label
LG8_15408940_15409224,41.113611175229806,4.908858748574388,8471.96255007821,0.07151144077453156,2.3106702934729255,32.51500686953316,501.85196665235895,502.7347324474532,1.0282511707661854,2.076282026656611,4.908858748574388,11.305129620023052,8471.891038637435,252742.21120901237,9.228847593366442,4.614423796683221,12.206467695416537,0.21642688381692668,0.2747506762396304,fourier
