nameseq,average,median,maximum,minimum,peak,none_levated_peak,sample_standard_deviation,population_standard_deviation,percentile15,percentile25,percentile50,percentile75,amplitude,variance,interquartile_range,semi_interquartile_range,coefficient_of_variation,skewness,kurtosis,label
LG8_23878356_23878449,30.456257298665328,4.097208308134097,2384.541831969311,0.021148263893911258,1.028797892862116,12.349066910588267,244.14512594472686,245.45422447603494,0.9671799217974433,1.763476726709884,4.097208308134097,7.070688288780385,2384.520683705417,60247.776313131755,5.307211562070501,2.6536057810352505,8.016255035888008,0.32389402272768014,0.23799767480967793,fourier
