nameseq,average,median,maximum,minimum,peak,none_levated_peak,sample_standard_deviation,population_standard_deviation,percentile15,percentile25,percentile50,percentile75,amplitude,variance,interquartile_range,semi_interquartile_range,coefficient_of_variation,skewness,kurtosis,label
LG8_8592390_8592539,16.534852202358774,1.296034393938686,2233.158878149112,0.012591803130028922,3.0239157500825598,34.965371836642724,181.60294649926007,182.2113332838004,0.2492845861029782,0.33493422865213,1.296034393938686,2.2020537395005277,2233.146286345982,33200.96997706019,1.8671195108483978,0.9335597554241989,10.98304020361026,0.2517385004292677,0.276942740751874,fourier
