nameseq,average,median,maximum,minimum,peak,none_levated_peak,sample_standard_deviation,population_standard_deviation,percentile15,percentile25,percentile50,percentile75,amplitude,variance,interquartile_range,semi_interquartile_range,coefficient_of_variation,skewness,kurtosis,label
LG8_18256326_18256427,19.800944448534484,3.2691325156219437,1571.5409639541244,0.17705850058192224,1.7170898129819472,15.25438633975612,154.46683624813215,155.22964007858855,0.6672599137903322,1.1450712269114462,3.2691325156219437,7.156173183013955,1571.3639054535424,24096.24115892814,6.011101956102509,3.0055509780512546,7.800983263682891,0.32107497637271853,0.25129564301306584,fourier
