nameseq,average,median,maximum,minimum,peak,none_levated_peak,sample_standard_deviation,population_standard_deviation,percentile15,percentile25,percentile50,percentile75,amplitude,variance,interquartile_range,semi_interquartile_range,coefficient_of_variation,skewness,kurtosis,label
LG8_17430785_17430967,35.320236138676705,6.311623330351495,4652.160860183197,0.21438028936420106,1.72705527110571,19.840547226479284,342.44631712916936,343.3858149635234,1.444307619926252,2.4969720025036444,6.311623330351495,10.767336013448404,4651.9464798938325,117913.81791816311,8.270364010944759,4.135182005472379,9.695470771617535,0.25412987108326773,0.15003160161502696,fourier
