nameseq,average,median,maximum,minimum,peak,none_levated_peak,sample_standard_deviation,population_standard_deviation,percentile15,percentile25,percentile50,percentile75,amplitude,variance,interquartile_range,semi_interquartile_range,coefficient_of_variation,skewness,kurtosis,label
LG8_19382202_19382551,50.553310302144105,4.512416897237759,15263.775211836228,0.08802529054977036,2.3077948005655826,44.04273996552893,814.40251371863,815.568444900761,1.1468383046053336,2.0487400114409913,4.512416897237759,9.033600355767302,15263.687186545678,665151.8883178456,6.984860344326311,3.4924301721631554,16.109776171949097,0.16960001705304095,0.25267907948351126,fourier
