nameseq,average,median,maximum,minimum,peak,none_levated_peak,sample_standard_deviation,population_standard_deviation,percentile15,percentile25,percentile50,percentile75,amplitude,variance,interquartile_range,semi_interquartile_range,coefficient_of_variation,skewness,kurtosis,label
LG8_16188335_16188673,33.22990072704175,2.2860854069142906,10102.88185203034,0.008914141745143375,3.400551838183589,59.17331084036625,547.7306465810626,548.5403006025958,0.4772233376928215,0.8840681268887173,2.2860854069142906,5.045084744732466,10102.872937888595,300896.46138518624,4.161016617843749,2.0805083089218743,16.48306599168777,0.1694837536293372,0.29150334367100345,fourier
