nameseq,average,median,maximum,minimum,peak,none_levated_peak,sample_standard_deviation,population_standard_deviation,percentile15,percentile25,percentile50,percentile75,amplitude,variance,interquartile_range,semi_interquartile_range,coefficient_of_variation,skewness,kurtosis,label
LG8_15738213_15738360,19.478895725370045,2.009573515669051,2473.788181444796,0.03132797599770068,2.5326555482855095,27.574395307087876,202.4487127998294,203.13614673997418,0.445100082080143,0.7154735284204381,2.009573515669051,3.9099063550808046,2473.7568534687985,41264.294112364325,3.1944328266603668,1.5972164133301834,10.393233561805692,0.258870337599633,0.26947071372174936,fourier
