nameseq,average,median,maximum,minimum,peak,none_levated_peak,sample_standard_deviation,population_standard_deviation,percentile15,percentile25,percentile50,percentile75,amplitude,variance,interquartile_range,semi_interquartile_range,coefficient_of_variation,skewness,kurtosis,label
LG8_19217179_19217488,48.931907217295056,4.194318102058789,13406.058832835019,0.020729757463394918,2.11177816704455,41.07609131609061,759.8761057398458,761.1046855327892,0.964991739687123,1.7798495193669166,4.194318102058789,8.611876019960047,13406.038103077555,579280.3423399659,6.83202650059313,3.416013250296565,15.52925583638944,0.17662453962153987,0.2540377836640532,fourier
