nameseq,average,median,maximum,minimum,peak,none_levated_peak,sample_standard_deviation,population_standard_deviation,percentile15,percentile25,percentile50,percentile75,amplitude,variance,interquartile_range,semi_interquartile_range,coefficient_of_variation,skewness,kurtosis,label
LG8_13415425_13415676,39.24636124285972,4.912790047158615,8273.23685207031,0.06332975932058126,2.1403258121230926,32.008979722282064,519.763917842116,520.7982749205968,1.297237630159595,2.1898531045251843,4.912790047158615,7.996102611275726,8273.173522310988,271230.8431602695,5.806249506750541,2.9031247533752707,13.243620590091755,0.19816826457428488,0.23292378324231863,fourier
