nameseq,average,median,maximum,minimum,peak,none_levated_peak,sample_standard_deviation,population_standard_deviation,percentile15,percentile25,percentile50,percentile75,amplitude,variance,interquartile_range,semi_interquartile_range,coefficient_of_variation,skewness,kurtosis,label
LG8_4226668_4227081,59.20975503646671,6.199344901102082,20194.767890120787,0.09082754391104507,2.330697026444496,44.436316734903265,990.9127144531735,992.1116413459574,1.5240778298826134,2.8097419834923527,6.199344901102082,11.617393116602036,20194.677062576877,984285.5088941696,8.807651133109683,4.403825566554842,16.73563273218881,0.16048964564336415,0.1779558426202437,fourier
