nameseq,average,median,maximum,minimum,peak,none_levated_peak,sample_standard_deviation,population_standard_deviation,percentile15,percentile25,percentile50,percentile75,amplitude,variance,interquartile_range,semi_interquartile_range,coefficient_of_variation,skewness,kurtosis,label
LG8_19162925_19163246,39.6849583164841,4.53334779422581,10325.677224200099,0.057584874998545046,2.704635153635776,40.49342608833922,574.203675207459,575.0973779664964,0.9340579661060117,1.5234915587054296,4.53334779422581,8.438498195419056,10325.619639325101,330736.9941439392,6.915006636713627,3.4575033183568133,14.469050732729377,0.18365405189835152,0.17948705127819795,fourier
