nameseq,average,median,maximum,minimum,peak,none_levated_peak,sample_standard_deviation,population_standard_deviation,percentile15,percentile25,percentile50,percentile75,amplitude,variance,interquartile_range,semi_interquartile_range,coefficient_of_variation,skewness,kurtosis,label
LG8_17362125_17362327,28.119748018883502,3.939438850728165,4622.396696394745,0.08080143145350886,2.406375285483564,28.688962890086874,323.3221255794366,324.1214398414491,0.8680707185164473,1.4737684234734594,3.939438850728165,7.235485132289489,4622.315894963292,105054.70776489412,5.76171670881603,2.880858354408015,11.498044910015311,0.22436116110044416,0.28359440184531454,fourier
