nameseq,average,median,maximum,minimum,peak,none_levated_peak,sample_standard_deviation,population_standard_deviation,percentile15,percentile25,percentile50,percentile75,amplitude,variance,interquartile_range,semi_interquartile_range,coefficient_of_variation,skewness,kurtosis,label
LG8_2272527_2273525,71.90572527608002,1.8691745147460983,68419.27429388817,0.02355780972950163,4.631063781381188,180.25734401158786,2163.502831374717,2164.586479242001,0.5076704207175828,0.8793834308571804,1.8691745147460983,4.320208146936111,68419.25073607844,4685434.6261172835,3.440824716078931,1.7204123580394655,30.088046856742054,0.09711549679391704,0.21992332047658933,fourier
