nameseq,average,median,maximum,minimum,peak,none_levated_peak,sample_standard_deviation,population_standard_deviation,percentile15,percentile25,percentile50,percentile75,amplitude,variance,interquartile_range,semi_interquartile_range,coefficient_of_variation,skewness,kurtosis,label
LG8_25709039_25709520,68.7312151991053,8.51566723248193,27227.991226512815,0.04020761042028821,2.337608409821308,47.17667791862693,1238.418659847563,1239.7053289321075,1.5572616199200668,3.1438013348104845,8.51566723248193,17.45148736135306,27227.951018902393,1536869.3025826649,14.307686026542575,7.153843013271287,18.018285523688572,0.1458688000729139,0.25019392532718354,fourier
