nameseq,average,median,maximum,minimum,peak,none_levated_peak,sample_standard_deviation,population_standard_deviation,percentile15,percentile25,percentile50,percentile75,amplitude,variance,interquartile_range,semi_interquartile_range,coefficient_of_variation,skewness,kurtosis,label
LG8_8560288_8565071,379.85472595572094,15.186215497497999,1703498.9769161383,0.008234201595760247,4.198096160721597,355.42306106241324,24626.08432577742,24628.658525787145,3.298642662869751,6.244324205001246,15.186215497497999,30.797479938288248,1703498.9686819366,606570820.7798277,24.553155733287003,12.276577866643501,64.83026968749112,0.04442466438846372,0.24576609249921297,fourier
