nameseq,average,median,maximum,minimum,peak,none_levated_peak,sample_standard_deviation,population_standard_deviation,percentile15,percentile25,percentile50,percentile75,amplitude,variance,interquartile_range,semi_interquartile_range,coefficient_of_variation,skewness,kurtosis,label
LG8_15129542_15129978,63.73284074275551,8.070299903078993,19960.371493068815,0.035434723325105784,2.2855825186675762,40.165460784815686,954.0833173670546,955.1768229607658,1.3137661170380621,2.9827730262668224,8.070299903078993,18.055231086102452,19960.33605834549,912362.7631214221,15.072458059835629,7.5362290299178145,14.970042230159102,0.175024150909439,0.21984321261079984,fourier
