nameseq,average,median,maximum,minimum,peak,none_levated_peak,sample_standard_deviation,population_standard_deviation,percentile15,percentile25,percentile50,percentile75,amplitude,variance,interquartile_range,semi_interquartile_range,coefficient_of_variation,skewness,kurtosis,label
LG8_7115210_7115797,57.829821613396305,4.482798189223771,29144.56686083397,0.0006250363846997953,3.389254791590028,73.39440343160368,1200.7202654514547,1201.7425902560249,1.1613565022417365,1.7326438687050554,4.482798189223771,9.26218905263209,29144.566235797585,1444185.2532352598,7.529545183927034,3.764772591963517,20.76299445428874,0.13328755654202631,0.2340677614007883,fourier
