nameseq,average,median,maximum,minimum,peak,none_levated_peak,sample_standard_deviation,population_standard_deviation,percentile15,percentile25,percentile50,percentile75,amplitude,variance,interquartile_range,semi_interquartile_range,coefficient_of_variation,skewness,kurtosis,label
LG8_24967141_24967229,20.481212109674033,3.0277101598480365,1440.79529973825,0.1265232466050341,1.4484819798655377,13.048576859471352,151.4583228832364,152.31645055993698,0.8834441183906069,1.2618924446832294,3.0277101598480365,6.356056068165844,1440.6687764916448,23200.301111177723,5.094163623482615,2.5470818117413074,7.394988249337892,0.3457090033265733,0.26814662219824265,fourier
