nameseq,average,median,maximum,minimum,peak,none_levated_peak,sample_standard_deviation,population_standard_deviation,percentile15,percentile25,percentile50,percentile75,amplitude,variance,interquartile_range,semi_interquartile_range,coefficient_of_variation,skewness,kurtosis,label
LG8_19383153_19383401,50.227003349874245,6.799615606596439,9494.779766597547,0.12995066112674059,1.6524975504079682,25.322719605651105,599.9885755116463,601.197012940404,1.1052797126598033,2.490795026505168,6.799615606596439,13.433375185909698,9494.64981593642,361437.84836846427,10.94258015940453,5.471290079702265,11.945537967539298,0.21714107325915996,0.1814671428655344,fourier
