nameseq,average,median,maximum,minimum,peak,none_levated_peak,sample_standard_deviation,population_standard_deviation,percentile15,percentile25,percentile50,percentile75,amplitude,variance,interquartile_range,semi_interquartile_range,coefficient_of_variation,skewness,kurtosis,label
LG8_4382989_4383366,52.287901774072715,5.992666175779274,16006.07926092303,0.03367254365983311,2.4097352489764257,41.78658385177438,821.776707224767,822.8658749754318,1.4711819337671006,2.3665202121801583,5.992666175779274,12.676222159741794,16006.045588379371,677108.2481990829,10.309701947561635,5.1548509737808175,15.716383318946836,0.16900662378702977,0.21926294683054326,fourier
