nameseq,average,median,maximum,minimum,peak,none_levated_peak,sample_standard_deviation,population_standard_deviation,percentile15,percentile25,percentile50,percentile75,amplitude,variance,interquartile_range,semi_interquartile_range,coefficient_of_variation,skewness,kurtosis,label
LG8_3845974_3846020,12.262972728078381,2.2604665800513217,469.60775984509144,0.18110594559326051,1.2775586323204395,8.27546667862826,67.44156933715186,68.1706885738195,1.4352457799841492,1.5318391664726159,2.2604665800513217,3.0509010945048685,469.42665389949815,4647.242780628685,1.5190619280322526,0.7595309640161263,5.499610154292499,0.4449409872725306,0.22142552836138563,fourier
