nameseq,average,median,maximum,minimum,peak,none_levated_peak,sample_standard_deviation,population_standard_deviation,percentile15,percentile25,percentile50,percentile75,amplitude,variance,interquartile_range,semi_interquartile_range,coefficient_of_variation,skewness,kurtosis,label
LG8_15211604_15212784,107.2989726633611,7.4199659550654555,114874.92621338832,0.0376819750211628,3.668876382458509,126.04548521212635,3341.027649040167,3342.4430389147324,1.597819291985116,3.1109826057677803,7.4199659550654555,13.862513079853233,114874.8885314133,11171925.468389552,10.751530474085452,5.375765237042726,31.13755487223796,0.08968408872969628,0.2342420755413733,fourier
