nameseq,average,median,maximum,minimum,peak,none_levated_peak,sample_standard_deviation,population_standard_deviation,percentile15,percentile25,percentile50,percentile75,amplitude,variance,interquartile_range,semi_interquartile_range,coefficient_of_variation,skewness,kurtosis,label
LG8_3135227_3137001,163.83919732428635,13.335874558884704,258097.75442656607,0.009817671821248576,3.6112644368952984,144.531005298321,6123.977483308071,6125.7032766305665,2.7861446460707233,5.2939357218462835,13.335874558884704,25.43752290282956,258097.74460889425,37524240.633322455,20.143587180983275,10.071793590491637,37.37797537659382,0.0737282214911585,0.24238482090929261,fourier
