nameseq,average,median,maximum,minimum,peak,none_levated_peak,sample_standard_deviation,population_standard_deviation,percentile15,percentile25,percentile50,percentile75,amplitude,variance,interquartile_range,semi_interquartile_range,coefficient_of_variation,skewness,kurtosis,label
LG8_5336042_5336160,26.35322248739618,3.725735778029764,2370.6245492363073,0.014795787616860531,1.5051922657898038,15.273316809149968,215.9251232819711,216.83812998968148,1.126862683493626,1.5164098635794492,3.725735778029764,8.695494260699279,2370.6097534486903,47018.774617422,7.17908439711983,3.589542198559915,8.193499803875618,0.3143796289024379,0.2241420449857964,fourier
