nameseq,average,median,maximum,minimum,peak,none_levated_peak,sample_standard_deviation,population_standard_deviation,percentile15,percentile25,percentile50,percentile75,amplitude,variance,interquartile_range,semi_interquartile_range,coefficient_of_variation,skewness,kurtosis,label
LG8_8735765_8736062,46.46423397479716,5.19743467239969,11283.598623137003,0.03132156280842518,2.137845065673806,34.86890649849703,652.1764608565987,653.2734783869413,0.9653713336337547,1.9792136956125705,5.19743467239969,12.909260236709216,11283.567301574194,426766.2375637734,10.930046541096646,5.465023270548323,14.036096262995494,0.18982653520580495,0.29895666122844283,fourier
