nameseq,average,median,maximum,minimum,peak,none_levated_peak,sample_standard_deviation,population_standard_deviation,percentile15,percentile25,percentile50,percentile75,amplitude,variance,interquartile_range,semi_interquartile_range,coefficient_of_variation,skewness,kurtosis,label
LG8_3549456_3549590,20.638065958119007,2.3118794225709034,2285.6455492555033,0.02725806007691992,2.1804368728794095,21.957907597526937,195.70941607562554,196.4383177273792,0.860517667168761,1.1354629931183655,2.3118794225709034,5.153295272582601,2285.6182911954265,38588.012671562785,4.017832279464235,2.0089161397321176,9.482933937355382,0.2809193380118187,0.2643222657635866,fourier
