nameseq,average,median,maximum,minimum,peak,none_levated_peak,sample_standard_deviation,population_standard_deviation,percentile15,percentile25,percentile50,percentile75,amplitude,variance,interquartile_range,semi_interquartile_range,coefficient_of_variation,skewness,kurtosis,label
LG8_23060238_23060667,70.40233161312912,7.783341635118102,24175.5614951679,0.05824155296390318,2.035917419908342,41.16107556715574,1164.1599477973482,1165.5159878002066,1.4956914984804692,3.0185007686284258,7.783341635118102,16.03926840764871,24175.503253614937,1358427.5178178912,13.020767639020283,6.510383819510142,16.535815236838655,0.1613669756372123,0.24213937974988908,fourier
