nameseq,average,median,maximum,minimum,peak,none_levated_peak,sample_standard_deviation,population_standard_deviation,percentile15,percentile25,percentile50,percentile75,amplitude,variance,interquartile_range,semi_interquartile_range,coefficient_of_variation,skewness,kurtosis,label
LG8_22093493_22093845,26.002840858777823,0.994145415642333,8678.639971633305,0.0008987981960580858,4.5251465909328035,89.56710233454776,461.18917823808283,461.8438118936937,0.2236208185708349,0.37046803121609095,0.994145415642333,2.0160588589367663,8678.639072835109,213299.70658449753,1.6455908277206754,0.8227954138603377,17.736107402372475,0.16267963315191936,0.248932316649333,fourier
