nameseq,average,median,maximum,minimum,peak,none_levated_peak,sample_standard_deviation,population_standard_deviation,percentile15,percentile25,percentile50,percentile75,amplitude,variance,interquartile_range,semi_interquartile_range,coefficient_of_variation,skewness,kurtosis,label
LG8_22887538_22887716,27.04678632865275,3.5341990071560114,3886.7102714504813,0.06028511581845598,2.2060538335919473,25.11685548250284,289.3388840764056,290.15049544367855,0.5097691643779209,1.3970871551256332,3.5341990071560114,8.371952964840268,3886.649986334663,84187.31000621211,6.974865809714635,3.4874329048573176,10.697717671910121,0.24378943117048638,0.317749886577228,fourier
