nameseq,average,median,maximum,minimum,peak,none_levated_peak,sample_standard_deviation,population_standard_deviation,percentile15,percentile25,percentile50,percentile75,amplitude,variance,interquartile_range,semi_interquartile_range,coefficient_of_variation,skewness,kurtosis,label
LG8_18640325_18641565,100.84306615311392,4.2190203544336535,117264.73157623495,0.03268182920777176,4.102083390032792,166.58387029945507,3327.2379290342246,3328.579286850874,0.9127471751525135,1.750736096618899,4.2190203544336535,8.312713791639819,117264.69889440574,11079440.068852672,6.56197769502092,3.28098884751046,32.99421622089863,0.08712095244723904,0.22828919142822673,fourier
