nameseq,average,median,maximum,minimum,peak,none_levated_peak,sample_standard_deviation,population_standard_deviation,percentile15,percentile25,percentile50,percentile75,amplitude,variance,interquartile_range,semi_interquartile_range,coefficient_of_variation,skewness,kurtosis,label
LG8_6857624_6858722,83.26349170152943,3.464426529672656,86061.99920110535,0.004462985075260419,4.399687376149327,165.53732558304927,2594.7214699468136,2595.9027681960138,0.6747943334873437,1.2097586595616432,3.464426529672656,6.748076220169187,86061.99473812028,6738711.181927727,5.538317560607544,2.769158780303772,31.162775148176404,0.09226315744806222,0.24657190311293217,fourier
