nameseq,average,median,maximum,minimum,peak,none_levated_peak,sample_standard_deviation,population_standard_deviation,percentile15,percentile25,percentile50,percentile75,amplitude,variance,interquartile_range,semi_interquartile_range,coefficient_of_variation,skewness,kurtosis,label
LG8_12360831_12360932,9.984673199214422,1.126765033883549,883.9174478422938,0.00832545056309868,3.405219111495313,25.598560711024536,86.96582020519466,87.39528365756149,0.279654102704695,0.44685997937455796,1.126765033883549,2.0853442231048707,883.9091223917306,7637.935605585635,1.6384842437303127,0.8192421218651563,8.70993155910571,0.30556515690063385,0.2757161695912304,fourier
