nameseq,average,median,maximum,minimum,peak,none_levated_peak,sample_standard_deviation,population_standard_deviation,percentile15,percentile25,percentile50,percentile75,amplitude,variance,interquartile_range,semi_interquartile_range,coefficient_of_variation,skewness,kurtosis,label
LG8_14150541_14150681,14.909453881193617,1.3510747246357513,1882.2745407314274,0.026596981078947285,3.152362277956038,32.591922144904075,157.82606689772345,158.38872845739508,0.28078477766257565,0.604767411678706,1.3510747246357513,2.1122446845452827,1882.2479437503484,25086.98930235043,1.5074772728665766,0.7537386364332883,10.585637016309564,0.25772128944981215,0.21475855522803425,fourier
