nameseq,average,median,maximum,minimum,peak,none_levated_peak,sample_standard_deviation,population_standard_deviation,percentile15,percentile25,percentile50,percentile75,amplitude,variance,interquartile_range,semi_interquartile_range,coefficient_of_variation,skewness,kurtosis,label
LG8_13727013_13729645,201.51890476623018,8.21278834948223,495881.1214992249,0.006382292648283514,4.355257228520542,259.4544220964397,9661.832309758867,9663.667589917837,1.9069393212773125,3.180046206135524,8.21278834948223,16.638013436953216,495881.11511693225,93386471.28842844,13.457967230817692,6.728983615408846,47.94504178636228,0.06002157051147548,0.24168888918015954,fourier
