nameseq,average,median,maximum,minimum,peak,none_levated_peak,sample_standard_deviation,population_standard_deviation,percentile15,percentile25,percentile50,percentile75,amplitude,variance,interquartile_range,semi_interquartile_range,coefficient_of_variation,skewness,kurtosis,label
LG8_5876353_5876722,59.597117357114435,5.914752698950246,18952.188350900185,0.04165462415804235,2.0694513225245843,42.10882736375472,983.5548042110057,984.8866325857683,1.5704236881149387,2.7071083530693265,5.914752698950246,11.045460400797934,18952.146696276028,970001.6790461341,8.338352047728607,4.169176023864304,16.503395597431414,0.16373982749612243,0.23247178899217572,fourier
