nameseq,average,median,maximum,minimum,peak,none_levated_peak,sample_standard_deviation,population_standard_deviation,percentile15,percentile25,percentile50,percentile75,amplitude,variance,interquartile_range,semi_interquartile_range,coefficient_of_variation,skewness,kurtosis,label
LG8_8849966_8850072,16.591153948398734,1.519557026814081,1514.078507093291,0.06612079977750156,2.149739962488201,20.545520993235588,145.47990567303916,146.16452077523357,0.6645105833391224,0.8365324306655374,1.519557026814081,3.176504957338218,1514.0123862935134,21364.06713345369,2.3399725266726805,1.1699862633363403,8.768522438252699,0.31079749849695787,0.2645997048186387,fourier
