nameseq,average,median,maximum,minimum,peak,none_levated_peak,sample_standard_deviation,population_standard_deviation,percentile15,percentile25,percentile50,percentile75,amplitude,variance,interquartile_range,semi_interquartile_range,coefficient_of_variation,skewness,kurtosis,label
LG8_6738380_6739006,83.92119168071977,8.555993016502406,43307.71267851765,0.030623875211394678,2.4904317469078086,57.4163800334317,1727.6772009601605,1729.0565841746727,2.128846654129553,3.483449236912831,8.555993016502406,20.221720856196168,43307.68205464244,2989636.6712777866,16.73827161928334,8.36913580964167,20.586900237703375,0.13086680536560819,0.2656910091938239,fourier
