nameseq,average,median,maximum,minimum,peak,none_levated_peak,sample_standard_deviation,population_standard_deviation,percentile15,percentile25,percentile50,percentile75,amplitude,variance,interquartile_range,semi_interquartile_range,coefficient_of_variation,skewness,kurtosis,label
LG8_13907462_13907601,23.860729148585524,2.5361752560349315,2547.5455863350653,0.026635029011622183,1.955793822395955,21.00599523986733,214.71873003229928,215.48971538555463,0.6856723149050674,1.3724030413492123,2.5361752560349315,5.454972935191357,2547.5189513060536,46435.817436947334,4.082569893842145,2.0412849469210723,8.998833551783052,0.29794169175659935,0.33133891595679504,fourier
