nameseq,average,median,maximum,minimum,peak,none_levated_peak,sample_standard_deviation,population_standard_deviation,percentile15,percentile25,percentile50,percentile75,amplitude,variance,interquartile_range,semi_interquartile_range,coefficient_of_variation,skewness,kurtosis,label
LG8_10543669_10547213,338.3686874695016,24.79057537533304,1073226.1431244025,0.0008569464393904774,3.492245915258263,213.41889308064987,18022.245815434944,18024.78827800179,5.78972856467008,10.454114611204918,24.79057537533304,46.78216276711716,1073226.142267456,324892992.4667908,36.32804815591224,18.16402407795612,53.262155993850214,0.0521985076619488,0.23835415410688604,fourier
