nameseq,average,median,maximum,minimum,peak,none_levated_peak,sample_standard_deviation,population_standard_deviation,percentile15,percentile25,percentile50,percentile75,amplitude,variance,interquartile_range,semi_interquartile_range,coefficient_of_variation,skewness,kurtosis,label
LG8_15129548_15129959,61.3870053132786,8.527844106104178,17886.733552311634,0.011147825120560463,2.237172714851865,37.014571359729366,880.3924804636077,881.4628668534089,2.0854341807532606,2.998547316619184,8.527844106104178,16.99632389063493,17886.722404486514,776976.7856414303,13.997776574015745,6.998888287007873,14.341675016897597,0.18012135171579113,0.19774339962353285,fourier
