nameseq,average,median,maximum,minimum,peak,none_levated_peak,sample_standard_deviation,population_standard_deviation,percentile15,percentile25,percentile50,percentile75,amplitude,variance,interquartile_range,semi_interquartile_range,coefficient_of_variation,skewness,kurtosis,label
LG8_12226826_12227253,63.08486531983845,6.4981994264198715,22644.005217820617,0.014687267723089486,2.2615038637770053,45.77678169201491,1092.8299947504343,1094.1089068261526,1.3475674189190816,2.5967826251309156,6.4981994264198715,14.484698829426849,22643.990530552896,1197074.2999963188,11.887916204295934,5.943958102147967,17.323172352192838,0.15533980444874523,0.25462704201426456,fourier
