nameseq,average,median,maximum,minimum,peak,none_levated_peak,sample_standard_deviation,population_standard_deviation,percentile15,percentile25,percentile50,percentile75,amplitude,variance,interquartile_range,semi_interquartile_range,coefficient_of_variation,skewness,kurtosis,label
LG8_5445483_5445694,23.352253404058224,2.2240324858861955,4148.536687263091,0.056619300706502916,3.0261176702709984,36.19999256410635,284.04333998973357,284.71563285914533,0.5474442250931454,0.9525181380837797,2.2240324858861955,5.09168452484391,4148.480067962385,81062.99159438365,4.139166386760131,2.0695831933800655,12.163423164137628,0.22315137808479177,0.26548927657523497,fourier
