nameseq,average,median,maximum,minimum,peak,none_levated_peak,sample_standard_deviation,population_standard_deviation,percentile15,percentile25,percentile50,percentile75,amplitude,variance,interquartile_range,semi_interquartile_range,coefficient_of_variation,skewness,kurtosis,label
LG8_6257127_6262157,449.9050197252187,28.174305402985308,2045684.677830269,0.07635684912726368,3.7274534101091703,280.4921497309421,28837.669614097253,28840.536039193954,6.147030710037017,10.797029295812052,28.174305402985308,54.8940852037254,2045684.60147342,831776519.0280452,44.09705590791335,22.048527953956675,64.09723908328468,0.0438728981882854,0.2426852552424764,fourier
