nameseq,average,median,maximum,minimum,peak,none_levated_peak,sample_standard_deviation,population_standard_deviation,percentile15,percentile25,percentile50,percentile75,amplitude,variance,interquartile_range,semi_interquartile_range,coefficient_of_variation,skewness,kurtosis,label
LG8_6337222_6337696,44.43698998433728,3.0976422347857766,18994.58281771376,0.017329582361836442,3.563097621804293,74.08827277824615,870.42218680915,871.339869917805,0.5991045794470301,1.1702282625722455,3.0976422347857766,6.128768830822256,18994.565488131397,759233.1689083773,4.958540568250011,2.4792702841250054,19.587784571276046,0.14248033325447262,0.2501201244196533,fourier
