nameseq,average,median,maximum,minimum,peak,none_levated_peak,sample_standard_deviation,population_standard_deviation,percentile15,percentile25,percentile50,percentile75,amplitude,variance,interquartile_range,semi_interquartile_range,coefficient_of_variation,skewness,kurtosis,label
LG8_325629_331527,442.45241309563653,16.928414929548047,2459182.1579889413,0.007368919214247954,4.444169079281998,415.9409990851791,32015.502360974242,32018.21634414031,4.021458932898637,7.2880714666627195,16.928414929548047,34.95903368962579,2459182.150620022,1025166177.8601737,27.67096222296307,13.835481111481535,72.35919934751053,0.039873558131462004,0.2444246157699859,fourier
