nameseq,average,median,maximum,minimum,peak,none_levated_peak,sample_standard_deviation,population_standard_deviation,percentile15,percentile25,percentile50,percentile75,amplitude,variance,interquartile_range,semi_interquartile_range,coefficient_of_variation,skewness,kurtosis,label
LG8_5609295_5609574,33.38078389901738,2.518038150812158,8384.836188176812,0.016766317681608175,2.7960198183386806,47.29932900686154,500.0010640942733,500.8963218641537,0.5432725744132438,1.1909998640918953,2.518038150812158,5.066406995262497,8384.81942185913,250897.1252570379,3.8754071311706015,1.9377035655853008,14.97870947569304,0.18517608039961791,0.27507587090438684,fourier
