nameseq,average,median,maximum,minimum,peak,none_levated_peak,sample_standard_deviation,population_standard_deviation,percentile15,percentile25,percentile50,percentile75,amplitude,variance,interquartile_range,semi_interquartile_range,coefficient_of_variation,skewness,kurtosis,label
LG8_24837728_24837874,23.816922393030456,2.575801677763183,2953.129142879889,0.0027698283818631056,2.057360694694075,24.517416475812183,242.47867455298362,243.30766389275738,0.38508848295575454,0.7192213684636308,2.575801677763183,4.852832675532679,2953.126373051507,59198.61930895098,4.133611307069048,2.066805653534524,10.180940700547445,0.262799861733316,0.25216716896404867,fourier
