nameseq,average,median,maximum,minimum,peak,none_levated_peak,sample_standard_deviation,population_standard_deviation,percentile15,percentile25,percentile50,percentile75,amplitude,variance,interquartile_range,semi_interquartile_range,coefficient_of_variation,skewness,kurtosis,label
LG8_14551190_14555284,292.96902274290767,7.072846072278266,1155315.5527411606,0.00023266818775932233,4.659195662463753,432.2081457345184,18051.639180799448,18053.843691912367,1.6822499017776393,3.0647501968421214,7.072846072278266,14.750227125609145,1155315.5525084925,325941272.0520039,11.685476928767024,5.842738464383512,61.6162043747557,0.04751305526448618,0.24562551996296716,fourier
