nameseq,average,median,maximum,minimum,peak,none_levated_peak,sample_standard_deviation,population_standard_deviation,percentile15,percentile25,percentile50,percentile75,amplitude,variance,interquartile_range,semi_interquartile_range,coefficient_of_variation,skewness,kurtosis,label
LG8_7035664_7035842,37.81810478230866,5.239557007877521,5369.347097330778,0.0010131170352903787,1.5777275728153035,21.532389491724146,399.74026077956813,400.8615540362314,0.5945903112804108,1.76348851602349,5.239557007877521,10.309224933656008,5369.346084213742,160689.98550434245,8.545736417632519,4.272868208816259,10.570076503848679,0.2444978725252509,0.22150488332413767,fourier
