nameseq,average,median,maximum,minimum,peak,none_levated_peak,sample_standard_deviation,population_standard_deviation,percentile15,percentile25,percentile50,percentile75,amplitude,variance,interquartile_range,semi_interquartile_range,coefficient_of_variation,skewness,kurtosis,label
LG8_8714151_8714683,40.1733523039962,1.1190588920567364,20424.294482200297,0.0001364129798817555,4.422500400819015,124.10936073513598,883.7681481037398,884.5983673080526,0.249907369109886,0.4593278752671249,1.1190588920567364,2.3031745513043917,20424.29434578732,782514.2714440725,1.843846676037267,0.9219233380186335,21.998864854896066,0.1325719652685032,0.21631757340939364,fourier
