nameseq,average,median,maximum,minimum,peak,none_levated_peak,sample_standard_deviation,population_standard_deviation,percentile15,percentile25,percentile50,percentile75,amplitude,variance,interquartile_range,semi_interquartile_range,coefficient_of_variation,skewness,kurtosis,label
LG8_1083287_1083423,14.931877641689427,1.1095404124636692,1807.6711123065445,0.015826519474931,3.0583338386839225,31.25330548030307,153.73842111460527,154.30260070273118,0.2952283331021629,0.5297660574967961,1.1095404124636692,2.1645697180770975,1807.6552857870695,23809.292583626495,1.6348036605803014,0.8174018302901507,10.29598720293364,0.2697244539591403,0.20645416458400853,fourier
