nameseq,average,median,maximum,minimum,peak,none_levated_peak,sample_standard_deviation,population_standard_deviation,percentile15,percentile25,percentile50,percentile75,amplitude,variance,interquartile_range,semi_interquartile_range,coefficient_of_variation,skewness,kurtosis,label
LG8_23663545_23667418,428.5822698412565,33.67793078853677,1473152.3481807054,0.02836158524922941,3.013034892487813,200.5132883786193,23664.567693165907,23667.622565403915,6.840812201215508,13.373124170772288,33.67793078853677,68.55090652100387,1473152.3198191202,560156357.8984166,55.17778235023158,27.58889117511579,55.21592785891744,0.050062736514738554,0.26151608864532844,fourier
