nameseq,average,median,maximum,minimum,peak,none_levated_peak,sample_standard_deviation,population_standard_deviation,percentile15,percentile25,percentile50,percentile75,amplitude,variance,interquartile_range,semi_interquartile_range,coefficient_of_variation,skewness,kurtosis,label
LG8_8060890_8064652,318.49282059121003,15.747429742440351,1105037.5963842259,0.013128235984676028,3.938340999351089,271.54025764688447,18011.219248014982,18013.61292458187,3.6962486278971873,6.819948100243545,15.747429742440351,33.00955363218655,1105037.58325599,324490250.596663,26.18960553194301,13.094802765971504,56.55141366948624,0.050426134957321435,0.24118324687544165,fourier
