nameseq,average,median,maximum,minimum,peak,none_levated_peak,sample_standard_deviation,population_standard_deviation,percentile15,percentile25,percentile50,percentile75,amplitude,variance,interquartile_range,semi_interquartile_range,coefficient_of_variation,skewness,kurtosis,label
LG8_15958772_15959420,58.36623291644392,5.255822477053801,32842.85041991799,0.01681310533561472,3.706480999776572,79.26381156472013,1287.9249316024534,1288.9183177367227,1.3039173127794392,2.255632831151286,5.255822477053801,10.242547620500021,32842.83360681265,1661310.429797263,7.986914789348735,3.9934573946743677,22.066267895792148,0.12371158241336963,0.2142273192328518,fourier
