nameseq,average,median,maximum,minimum,peak,none_levated_peak,sample_standard_deviation,population_standard_deviation,percentile15,percentile25,percentile50,percentile75,amplitude,variance,interquartile_range,semi_interquartile_range,coefficient_of_variation,skewness,kurtosis,label
LG8_22337902_22338064,32.17446570968614,2.013471337385641,4717.215174938024,0.10915074172972405,1.6887097309894492,26.846779427445544,368.10432487204963,369.2387014436104,0.618917722741628,0.9862933360116672,2.013471337385641,4.934436187508037,4717.106024196294,136337.21864376366,3.94814285149637,1.974071425748185,11.440883842283405,0.24580798703832865,0.25425364670510475,fourier
