nameseq,average,median,maximum,minimum,peak,none_levated_peak,sample_standard_deviation,population_standard_deviation,percentile15,percentile25,percentile50,percentile75,amplitude,variance,interquartile_range,semi_interquartile_range,coefficient_of_variation,skewness,kurtosis,label
LG8_10411533_10414765,258.15135224186696,13.759742128492338,769632.1382560044,0.0035349336693183226,4.174553638041687,255.04653710241317,13533.259307761582,13535.352781253529,3.1050971234984455,5.638794056016664,13.759742128492338,27.35583328836885,769632.1347210708,183205774.91298762,21.717039232352185,10.858519616176093,52.42373975667581,0.05417577640883849,0.24622529370292118,fourier
