nameseq,average,median,maximum,minimum,peak,none_levated_peak,sample_standard_deviation,population_standard_deviation,percentile15,percentile25,percentile50,percentile75,amplitude,variance,interquartile_range,semi_interquartile_range,coefficient_of_variation,skewness,kurtosis,label
LG8_19350433_19351019,76.77251449951112,6.923917898376608,38234.630184184185,0.04175762108106241,2.5486551787738128,61.05620338608805,1576.3860576949735,1577.7305236602099,1.4867284034676151,2.9722211405213517,6.923917898376608,12.799584740627386,38234.5884265631,2489233.60528912,9.827363600106034,4.913681800053017,20.533208635559433,0.1329279644288443,0.20792313182723166,fourier
