nameseq,average,median,maximum,minimum,peak,none_levated_peak,sample_standard_deviation,population_standard_deviation,percentile15,percentile25,percentile50,percentile75,amplitude,variance,interquartile_range,semi_interquartile_range,coefficient_of_variation,skewness,kurtosis,label
LG8_11969107_11970820,125.45574689527704,3.3260904607831776,205988.99254677774,0.0027074600159770535,4.554062667294534,251.72795768459216,4973.946002497808,4975.39761379458,0.8271316001478641,1.4295207779435068,3.3260904607831776,6.831991835381289,205988.9898393177,24754581.415352803,5.402471057437782,2.701235528718891,39.64701598444717,0.07366162984469252,0.23343968505586943,fourier
