nameseq,average,median,maximum,minimum,peak,none_levated_peak,sample_standard_deviation,population_standard_deviation,percentile15,percentile25,percentile50,percentile75,amplitude,variance,interquartile_range,semi_interquartile_range,coefficient_of_variation,skewness,kurtosis,label
LG8_18384432_18384508,7.749591780007423,0.7651370962769617,521.3170754882931,0.04715076669597967,3.312002411905377,21.432704902659346,58.915509297614896,59.301844645623184,0.19163252827954544,0.4329717323052876,0.7651370962769617,1.353547777756195,521.2699247215971,3516.708778373627,0.9205760454509074,0.4602880227254537,7.602401645155878,0.3556510722048472,0.21588543005798572,fourier
