nameseq,average,median,maximum,minimum,peak,none_levated_peak,sample_standard_deviation,population_standard_deviation,percentile15,percentile25,percentile50,percentile75,amplitude,variance,interquartile_range,semi_interquartile_range,coefficient_of_variation,skewness,kurtosis,label
LG8_1181081_1181144,12.340659291041586,0.7278849612145617,694.7666120942291,0.012924126715401767,1.7287028861431875,15.67592739383708,86.02955562704106,86.70964174878019,0.14247001541461557,0.34055625986436333,0.7278849612145617,1.2983957991031394,694.7536879675138,7518.561972201805,0.9578395392387761,0.47891976961938804,6.971228489347584,0.40495760713345574,0.13450066199299027,fourier
