nameseq,average,median,maximum,minimum,peak,none_levated_peak,sample_standard_deviation,population_standard_deviation,percentile15,percentile25,percentile50,percentile75,amplitude,variance,interquartile_range,semi_interquartile_range,coefficient_of_variation,skewness,kurtosis,label
LG8_19638185_19638461,65.27770174421802,9.31849434438927,13696.79592359512,0.045808394101101595,1.4144697326374815,24.324772790392238,820.8875597578495,822.373330312501,1.8620977689864675,3.8716367773186344,9.31849434438927,19.842199102964305,13696.750115201019,676297.894409274,15.97056232564567,7.985281162822835,12.575313435120435,0.20450745075124274,0.2389914732411036,fourier
