nameseq,average,median,maximum,minimum,peak,none_levated_peak,sample_standard_deviation,population_standard_deviation,percentile15,percentile25,percentile50,percentile75,amplitude,variance,interquartile_range,semi_interquartile_range,coefficient_of_variation,skewness,kurtosis,label
LG8_6800209_6800584,31.252789985664098,1.5410433775003651,10799.563962997781,0.000620266474879055,4.010308628152069,76.05773592455884,556.0815191016497,556.8224674903981,0.35592709238201786,0.5744648077461822,1.5410433775003651,3.4382194953462477,10799.563342731306,310051.26030209544,2.8637546876000655,1.4318773438000327,17.79302005858449,0.1602916780411787,0.23801448436522313,fourier
