nameseq,average,median,maximum,minimum,peak,none_levated_peak,sample_standard_deviation,population_standard_deviation,percentile15,percentile25,percentile50,percentile75,amplitude,variance,interquartile_range,semi_interquartile_range,coefficient_of_variation,skewness,kurtosis,label
LG8_22366865_22366962,12.140527377240081,1.3187931420811903,1007.6834083902182,0.06027424664010787,2.690712326707245,21.814311742673585,101.10252454157852,101.62233529206696,0.19118693147479343,0.40832144037409074,1.3187931420811903,2.5196878268500833,1007.6231341435781,10327.099030213278,2.1113663864759924,1.0556831932379962,8.32768803199736,0.32111169184628346,0.18216540642505027,fourier
