nameseq,average,median,maximum,minimum,peak,none_levated_peak,sample_standard_deviation,population_standard_deviation,percentile15,percentile25,percentile50,percentile75,amplitude,variance,interquartile_range,semi_interquartile_range,coefficient_of_variation,skewness,kurtosis,label
LG8_798295_798464,16.308937886547152,1.0781146572602824,2467.7090373655055,0.002405958699951486,3.4745773796471213,38.839075306622036,188.58257894105512,189.13969264797612,0.4356739876106339,0.5199768669538659,1.0781146572602824,2.1287309611558682,2467.7066314068056,35773.82333497087,1.6087540942020024,0.8043770471010012,11.563142876190136,0.24229422433629255,0.2424895310287536,fourier
