nameseq,average,median,maximum,minimum,peak,none_levated_peak,sample_standard_deviation,population_standard_deviation,percentile15,percentile25,percentile50,percentile75,amplitude,variance,interquartile_range,semi_interquartile_range,coefficient_of_variation,skewness,kurtosis,label
LG8_22633695_22633851,50.5062858487492,5.3662015934958465,6366.588672756097,0.008885648793239161,1.036174655369741,16.53143873092296,505.90648015395124,507.5253850282303,1.4671338140472308,2.440579005372742,5.3662015934958465,10.17097341699742,6366.579787107304,257582.01644805341,7.730394411624678,3.865197205812339,10.016703300436417,0.26767843085257703,0.2016104203379899,fourier
