nameseq,average,median,maximum,minimum,peak,none_levated_peak,sample_standard_deviation,population_standard_deviation,percentile15,percentile25,percentile50,percentile75,amplitude,variance,interquartile_range,semi_interquartile_range,coefficient_of_variation,skewness,kurtosis,label
LG8_12368247_12368475,40.105030993826546,2.330158224554219,8292.227499428118,0.03813419652831164,1.9033356025852088,36.36852023158201,546.5301189220279,547.727338579984,0.514249773846163,0.9171961887100077,2.330158224554219,5.426483053933427,8292.18936523159,300005.2374279124,4.5092868652234195,2.2546434326117097,13.627470304315597,0.20735292417431203,0.27842512226608884,fourier
