nameseq,average,median,maximum,minimum,peak,none_levated_peak,sample_standard_deviation,population_standard_deviation,percentile15,percentile25,percentile50,percentile75,amplitude,variance,interquartile_range,semi_interquartile_range,coefficient_of_variation,skewness,kurtosis,label
LG8_9757586_9757841,44.68343832502187,4.97770007326459,9405.698286590434,0.02775306361046385,1.9097306861801702,30.713195841182284,586.2935182060594,587.4419884902525,1.0189708714807704,1.5173784200273563,4.97770007326459,10.02752356896342,9405.670533526823,345088.08984138194,8.510145148936065,4.255072574468032,13.121047533124734,0.2031699329028003,0.21060209587673576,fourier
