nameseq,average,median,maximum,minimum,peak,none_levated_peak,sample_standard_deviation,population_standard_deviation,percentile15,percentile25,percentile50,percentile75,amplitude,variance,interquartile_range,semi_interquartile_range,coefficient_of_variation,skewness,kurtosis,label
LG8_19599739_19599874,18.132489833278424,1.6519495892935483,2006.9971925935026,0.08514731620578853,2.500116296777589,24.196607879918133,171.24315942650958,171.8762231730369,0.38329318959107966,0.7940249044093577,1.6519495892935483,4.071931799085582,2006.9120452772968,29541.436092227577,3.2779068946762244,1.6389534473381122,9.443995888100721,0.2887217270315134,0.20074945414486456,fourier
