nameseq,average,median,maximum,minimum,peak,none_levated_peak,sample_standard_deviation,population_standard_deviation,percentile15,percentile25,percentile50,percentile75,amplitude,variance,interquartile_range,semi_interquartile_range,coefficient_of_variation,skewness,kurtosis,label
LG8_13566660_13568155,151.42177835200937,12.409993709567718,196768.50766993786,0.025068325808157647,3.2932294950823984,120.17005716280663,5085.179783917086,5086.880228634037,2.6380145366079457,5.000634371898563,12.409993709567718,24.90295677407844,196768.48260161205,25876350.460467875,19.902322402179877,9.951161201089938,33.58288245760525,0.08200995277419375,0.2357726052159859,fourier
