nameseq,average,median,maximum,minimum,peak,none_levated_peak,sample_standard_deviation,population_standard_deviation,percentile15,percentile25,percentile50,percentile75,amplitude,variance,interquartile_range,semi_interquartile_range,coefficient_of_variation,skewness,kurtosis,label
LG8_923426_923564,27.376412468818984,4.0732531144492015,3061.185589697022,0.035352801410492775,1.692454531290606,18.850416155012574,258.29937952373086,259.2335575441556,1.2239067833802766,1.7481425659188516,4.0732531144492015,8.629766031997038,3061.150236895611,67202.03735699903,6.881623466078186,3.440811733039093,9.435106949017776,0.2706529074596036,0.28941413721602055,fourier
