nameseq,average,median,maximum,minimum,peak,none_levated_peak,sample_standard_deviation,population_standard_deviation,percentile15,percentile25,percentile50,percentile75,amplitude,variance,interquartile_range,semi_interquartile_range,coefficient_of_variation,skewness,kurtosis,label
LG8_19286861_19287295,40.490547950032244,3.5903303204785457,15448.297689209297,0.08089144805863759,3.5810826808009284,63.739627766804766,739.6180261180122,740.4696303449707,1.0098955152121452,1.5556442933805867,3.5903303204785457,6.474526016039402,15448.216797761239,548295.2734632177,4.918881722658815,2.4594408613294076,18.26643657751298,0.14967273508690537,0.25013006184919834,fourier
