nameseq,average,median,maximum,minimum,peak,none_levated_peak,sample_standard_deviation,population_standard_deviation,percentile15,percentile25,percentile50,percentile75,amplitude,variance,interquartile_range,semi_interquartile_range,coefficient_of_variation,skewness,kurtosis,label
LG8_11072321_11074728,196.7645323195928,9.252687001918714,440429.8197569766,0.005924244710648735,4.079325970002274,225.65431860080326,8973.155221267789,8975.01899846543,2.2500380663012587,3.9219576255849944,9.252687001918714,18.81196182706099,440429.8138327319,80550966.02281539,14.890004201475996,7.445002100737998,45.60351967646909,0.06269094004077012,0.2423395660194151,fourier
