nameseq,average,median,maximum,minimum,peak,none_levated_peak,sample_standard_deviation,population_standard_deviation,percentile15,percentile25,percentile50,percentile75,amplitude,variance,interquartile_range,semi_interquartile_range,coefficient_of_variation,skewness,kurtosis,label
LG8_16549925_16563414,1159.7569842096864,67.08157871602221,14327802.009050045,0.015629578795637995,3.8772490512147333,500.9078482816875,123354.4323415399,123359.00466514516,15.792539559521654,27.74209601271563,67.08157871602221,131.21335153550746,14327801.993420467,15217444031.975304,103.47125552279182,51.73562776139591,106.36231039867329,0.026574044841817242,0.2500397584794614,fourier
