nameseq,average,median,maximum,minimum,peak,none_levated_peak,sample_standard_deviation,population_standard_deviation,percentile15,percentile25,percentile50,percentile75,amplitude,variance,interquartile_range,semi_interquartile_range,coefficient_of_variation,skewness,kurtosis,label
LG8_5513918_5514058,21.92063423406585,1.937054063427878,2726.2536084063563,0.015392412075976625,2.144098546517393,26.49273662393337,228.57148646367233,229.38636065776504,0.290545214604215,0.5650772887733525,1.937054063427878,3.5498725406107865,2726.2382159942804,52618.10245581426,2.984795251837434,1.492397625918717,10.427229614937868,0.26228442330860063,0.24429157445463742,fourier
