nameseq,average,median,maximum,minimum,peak,none_levated_peak,sample_standard_deviation,population_standard_deviation,percentile15,percentile25,percentile50,percentile75,amplitude,variance,interquartile_range,semi_interquartile_range,coefficient_of_variation,skewness,kurtosis,label
LG8_13297546_13297723,39.0079077646014,5.557692918890372,5535.90163057801,0.19757971744448485,1.5210591065634314,20.21307951476629,413.2414155712737,414.4071200465671,1.8378854156713513,2.6074450967930023,5.557692918890372,11.666923251638254,5535.704050860565,171733.2611452899,9.059478154845252,4.529739077422626,10.593785702761503,0.24283782011153504,0.25271670221680337,fourier
