nameseq,average,median,maximum,minimum,peak,none_levated_peak,sample_standard_deviation,population_standard_deviation,percentile15,percentile25,percentile50,percentile75,amplitude,variance,interquartile_range,semi_interquartile_range,coefficient_of_variation,skewness,kurtosis,label
LG8_21342066_21342456,49.390801079776935,5.307497762892773,16315.192544060415,0.020986179899540276,2.638817967799642,47.259514738560846,823.699844020985,824.7551933891349,1.2743960848688871,2.607466301776464,5.307497762892773,10.467395480038462,16315.171557880516,680221.1290223493,7.859929178261998,3.929964589130999,16.67719142053456,0.16055594876048468,0.2721119461200806,fourier
