nameseq,average,median,maximum,minimum,peak,none_levated_peak,sample_standard_deviation,population_standard_deviation,percentile15,percentile25,percentile50,percentile75,amplitude,variance,interquartile_range,semi_interquartile_range,coefficient_of_variation,skewness,kurtosis,label
LG8_3631333_3631497,17.82662009084694,2.142119190121088,2408.1383920217436,0.07073879563811035,3.085273580729961,29.32500583364946,186.68641207350532,187.25471296822099,0.5296593021249345,1.0699946560900397,2.142119190121088,3.9978503294329863,2408.0676532261054,35064.327528810834,2.927855673342947,1.4639278366714734,10.472339182757322,0.25204567477386014,0.21113671573682075,fourier
