nameseq,average,median,maximum,minimum,peak,none_levated_peak,sample_standard_deviation,population_standard_deviation,percentile15,percentile25,percentile50,percentile75,amplitude,variance,interquartile_range,semi_interquartile_range,coefficient_of_variation,skewness,kurtosis,label
LG8_16005307_16009999,383.6389259685891,22.939942408169443,1642352.4504972566,0.0007111279767941115,4.077618894860046,290.7068944229904,23971.01919095382,23973.573511296836,5.4900342345923026,9.550771057992009,22.939942408169443,46.14824154673885,1642352.4497861287,574732226.9015533,36.59747048874684,18.29873524437342,62.483281983008354,0.045141883290870696,0.2636708438275701,fourier
