nameseq,average,median,maximum,minimum,peak,none_levated_peak,sample_standard_deviation,population_standard_deviation,percentile15,percentile25,percentile50,percentile75,amplitude,variance,interquartile_range,semi_interquartile_range,coefficient_of_variation,skewness,kurtosis,label
LG8_15902360_15902571,31.129273098813808,2.897112885724056,4972.249075518098,0.01719039507057259,2.2701033346441823,27.836579095822145,340.42854701619416,341.2342961835976,0.8870111104301773,1.2131324219611699,2.897112885724056,8.464632141210679,4972.2318851230275,116440.84489191521,7.251499719249509,3.6257498596247544,10.935961978153815,0.24879370834679224,0.2234390769618388,fourier
