nameseq,average,median,maximum,minimum,peak,none_levated_peak,sample_standard_deviation,population_standard_deviation,percentile15,percentile25,percentile50,percentile75,amplitude,variance,interquartile_range,semi_interquartile_range,coefficient_of_variation,skewness,kurtosis,label
LG8_472864_473258,48.159998821809054,4.6848735863532855,16280.30142950019,0.09054876266044931,2.733942481058408,49.94572358976289,817.7979239133319,818.8350808601217,1.1931097909880934,1.8462738926726607,4.6848735863532855,9.193349025469562,16280.21088073753,670490.889647202,7.347075132796901,3.6735375663984504,16.98085431727618,0.1594836229006977,0.2444783029646371,fourier
