nameseq,average,median,maximum,minimum,peak,none_levated_peak,sample_standard_deviation,population_standard_deviation,percentile15,percentile25,percentile50,percentile75,amplitude,variance,interquartile_range,semi_interquartile_range,coefficient_of_variation,skewness,kurtosis,label
LG8_24391730_24391904,26.07188765339714,3.6896052667986656,3525.309328715528,0.08366664174781097,2.2374035247782516,23.84865266753964,265.42514050817596,266.1867637107144,0.948504140040564,1.8594333709083901,3.6896052667986656,6.912308137824173,3525.2256620737803,70855.39317478369,5.0528747669157825,2.5264373834578913,10.180511056075808,0.25297847457568584,0.2030458110427184,fourier
