nameseq,average,median,maximum,minimum,peak,none_levated_peak,sample_standard_deviation,population_standard_deviation,percentile15,percentile25,percentile50,percentile75,amplitude,variance,interquartile_range,semi_interquartile_range,coefficient_of_variation,skewness,kurtosis,label
LG8_17509468_17509555,9.783308001137112,1.1519188783778698,706.8418086241364,0.04093016730689187,2.9983041860609854,20.120443144101714,74.75432336222474,75.18271840726854,0.19547984392510875,0.427251075441753,1.1519188783778698,2.909185506903346,706.8008784568295,5652.441147106635,2.481934431461593,1.2409672157307965,7.64100684078801,0.34639023140918035,0.34169167273829953,fourier
