nameseq,average,median,maximum,minimum,peak,none_levated_peak,sample_standard_deviation,population_standard_deviation,percentile15,percentile25,percentile50,percentile75,amplitude,variance,interquartile_range,semi_interquartile_range,coefficient_of_variation,skewness,kurtosis,label
LG8_13760989_13761281,37.76656370574757,3.570567930360108,9440.166900107664,0.0023760024039151954,2.5860617721967407,40.38007282533024,550.2631826811341,551.2046088316906,1.1834765596200045,1.7485384842013165,3.570567930360108,7.3550623958419195,9440.164524105261,303826.52079729707,5.606523911640603,2.8032619558203016,14.570115167702996,0.18643440185532084,0.23080775527045336,fourier
