nameseq,average,median,maximum,minimum,peak,none_levated_peak,sample_standard_deviation,population_standard_deviation,percentile15,percentile25,percentile50,percentile75,amplitude,variance,interquartile_range,semi_interquartile_range,coefficient_of_variation,skewness,kurtosis,label
LG8_2303157_2303985,60.10748118143454,1.9776181186251858,47155.697303737514,0.012916075416537989,4.597320132234799,151.66576428727234,1636.6896265872688,1637.677667502245,0.4570179387639467,0.8824648240338355,1.9776181186251858,4.164105889183514,47155.6843876621,2681988.1426355937,3.281641065149678,1.640820532574839,27.229383005535006,0.10655018908628094,0.23835358157775033,fourier
