nameseq,average,median,maximum,minimum,peak,none_levated_peak,sample_standard_deviation,population_standard_deviation,percentile15,percentile25,percentile50,percentile75,amplitude,variance,interquartile_range,semi_interquartile_range,coefficient_of_variation,skewness,kurtosis,label
LG8_5400834_5400962,20.53031732814131,2.1709275009837006,2239.411864093332,0.04539875968396234,2.0944634860104694,22.441751152326248,196.15234874849654,196.91707815454532,0.5392132090885653,0.8908690748985014,2.1709275009837006,4.938024560473471,2239.366465333648,38776.33566892331,4.04715548557497,2.023577742787485,9.554277491835288,0.2807928114696867,0.2715923044389209,fourier
