nameseq,average,median,maximum,minimum,peak,none_levated_peak,sample_standard_deviation,population_standard_deviation,percentile15,percentile25,percentile50,percentile75,amplitude,variance,interquartile_range,semi_interquartile_range,coefficient_of_variation,skewness,kurtosis,label
LG8_20656619_20656820,38.232342116318456,4.223975527152785,6398.355554364409,0.001886479657690979,1.7611616136013255,25.58334772906972,448.6627996691973,449.77749157271654,0.9040834012088483,1.7268875541868278,4.223975527152785,9.508284797804418,6398.353667884751,202299.7919254451,7.78139724361759,3.890698621808795,11.735163864776611,0.22739817039148544,0.27545282601604765,fourier
