nameseq,average,median,maximum,minimum,peak,none_levated_peak,sample_standard_deviation,population_standard_deviation,percentile15,percentile25,percentile50,percentile75,amplitude,variance,interquartile_range,semi_interquartile_range,coefficient_of_variation,skewness,kurtosis,label
LG8_10613221_10613364,12.744348688193252,1.003447619931726,1639.039858355714,0.03788957192458476,3.766375291070672,36.06117411538435,136.00327163139755,136.4779790838963,0.28881005384787206,0.49147284847246175,1.003447619931726,1.7410479508708723,1639.0019687837894,18626.238774824436,1.2495751023984105,0.6247875511992053,10.671653370359763,0.2589842345869944,0.20009797729476253,fourier
