nameseq,average,median,maximum,minimum,peak,none_levated_peak,sample_standard_deviation,population_standard_deviation,percentile15,percentile25,percentile50,percentile75,amplitude,variance,interquartile_range,semi_interquartile_range,coefficient_of_variation,skewness,kurtosis,label
LG8_17943763_17943979,23.980169891515057,2.3900413742622058,4473.522938519825,0.041835324877312785,3.016381187479708,37.68359428059138,302.7733972086119,303.4734522407459,0.434905738710656,1.116170781651571,2.3900413742622058,4.574837217845601,4473.481103194948,92096.13621491632,3.45866643619403,1.729333218097015,12.625990498747164,0.21392363447020918,0.23811366765477232,fourier
