nameseq,average,median,maximum,minimum,peak,none_levated_peak,sample_standard_deviation,population_standard_deviation,percentile15,percentile25,percentile50,percentile75,amplitude,variance,interquartile_range,semi_interquartile_range,coefficient_of_variation,skewness,kurtosis,label
LG8_18073130_18073559,36.82374240157735,2.101024558917392,14453.707616106522,0.019704460985258035,3.8924162506414244,76.96450102889902,696.0622744805987,696.8730636599225,0.624658894505124,0.9163342304914998,2.101024558917392,4.588756206501522,14453.687911645537,485632.06685476645,3.672421976010022,1.836210988005011,18.90254029288405,0.14965349703187128,0.27072631791777785,fourier
