nameseq,average,median,maximum,minimum,peak,none_levated_peak,sample_standard_deviation,population_standard_deviation,percentile15,percentile25,percentile50,percentile75,amplitude,variance,interquartile_range,semi_interquartile_range,coefficient_of_variation,skewness,kurtosis,label
LG8_24323855_24324010,36.14682867982365,5.4686691453704,4629.38426327632,0.09160978285873408,1.4385771006524075,19.12602957613002,368.9790757305497,370.1674172152242,0.8292932358369353,1.7751397163116267,5.4686691453704,9.734572645894072,4629.292653493461,137023.91676778984,7.959432929582446,3.979716464791223,10.207785557035757,0.2494300751909541,0.28737376112276053,fourier
