nameseq,average,median,maximum,minimum,peak,none_levated_peak,sample_standard_deviation,population_standard_deviation,percentile15,percentile25,percentile50,percentile75,amplitude,variance,interquartile_range,semi_interquartile_range,coefficient_of_variation,skewness,kurtosis,label
LG8_22342490_22342662,15.613307090218584,1.0979183657636757,2422.455336567863,0.024724811029560072,3.6934306315408123,41.25886935725819,183.52652110483973,184.0592552329816,0.15247736387921296,0.3974244611165395,1.0979183657636757,2.1856679873082427,2422.4306117568335,33877.809436919866,1.7882435261917031,0.8941217630958516,11.754493781769996,0.23727451439287583,0.23200844603918366,fourier
