nameseq,average,median,maximum,minimum,peak,none_levated_peak,sample_standard_deviation,population_standard_deviation,percentile15,percentile25,percentile50,percentile75,amplitude,variance,interquartile_range,semi_interquartile_range,coefficient_of_variation,skewness,kurtosis,label
LG8_21980741_21981129,48.1469484160548,4.589204777267575,16045.219126089214,0.007039177576073283,2.6931440295275033,49.28311578201303,812.1573073332171,813.2032283169374,0.8382503119788715,1.9543964408165357,4.589204777267575,9.518153833797799,16045.212086911639,661299.4905450889,7.5637573929812625,3.7818786964906312,16.868302853071366,0.16089645409389663,0.237075760455922,fourier
