nameseq,average,median,maximum,minimum,peak,none_levated_peak,sample_standard_deviation,population_standard_deviation,percentile15,percentile25,percentile50,percentile75,amplitude,variance,interquartile_range,semi_interquartile_range,coefficient_of_variation,skewness,kurtosis,label
LG8_7925728_7926014,36.752869324713004,2.7194257103480073,9125.95847992858,0.06757219942326588,2.6029713713356095,43.105748545310355,537.5238830039702,538.4627900653669,0.7055320891188447,1.3405550672643072,2.7194257103480073,5.500500360866831,9125.890907729157,289942.1762849794,4.159945293602524,2.079972646801262,14.625358315698461,0.189945663944277,0.22867849007967567,fourier
