nameseq,average,median,maximum,minimum,peak,none_levated_peak,sample_standard_deviation,population_standard_deviation,percentile15,percentile25,percentile50,percentile75,amplitude,variance,interquartile_range,semi_interquartile_range,coefficient_of_variation,skewness,kurtosis,label
LG8_364053_364574,43.25748109277897,2.3530245137898644,20698.44074118275,0.0009311606582209922,4.022425615278049,90.11428067524778,904.9283005634512,905.7963375021812,0.45558832446880076,0.9748973002854368,2.3530245137898644,4.723212131359554,20698.43981002209,820467.0050323654,3.748314831074117,1.8741574155370584,20.919579173427927,0.13560562716467167,0.22790568598077662,fourier
