nameseq,average,median,maximum,minimum,peak,none_levated_peak,sample_standard_deviation,population_standard_deviation,percentile15,percentile25,percentile50,percentile75,amplitude,variance,interquartile_range,semi_interquartile_range,coefficient_of_variation,skewness,kurtosis,label
LG8_17731858_17731934,11.19450240893403,1.024157855317108,744.3814700943823,0.046574104924596633,2.2927920982162453,18.014116283642696,84.11643440985523,84.66802349647055,0.16236700194300807,0.3073011089656175,1.024157855317108,2.0888652486772945,744.3348959894577,7168.67420279889,1.781564139711677,0.8907820698558385,7.514084265391213,0.3627238110472742,0.2373099724982887,fourier
