nameseq,average,median,maximum,minimum,peak,none_levated_peak,sample_standard_deviation,population_standard_deviation,percentile15,percentile25,percentile50,percentile75,amplitude,variance,interquartile_range,semi_interquartile_range,coefficient_of_variation,skewness,kurtosis,label
LG8_4823208_4823632,38.876158329035306,3.0350657715759866,14586.910172223344,0.026691811555179804,3.644050049072378,65.67030289001785,706.534356708423,707.3670433341213,0.7046364289207225,1.4303868549976098,3.0350657715759866,5.924772694849228,14586.883480411789,500368.1339952565,4.494385839851618,2.247192919925809,18.173975698126945,0.15218407519954663,0.23331963382094062,fourier
