nameseq,average,median,maximum,minimum,peak,none_levated_peak,sample_standard_deviation,population_standard_deviation,percentile15,percentile25,percentile50,percentile75,amplitude,variance,interquartile_range,semi_interquartile_range,coefficient_of_variation,skewness,kurtosis,label
LG8_18252802_18252929,23.23884942371154,3.069090866050668,2476.9579284538663,0.0077005501574478755,1.836005986730657,19.94298083508544,217.76262818983597,218.61828031976805,0.7823236330319979,1.1509137707304564,3.069090866050668,5.783715123582638,2476.9502279037088,47793.95248997268,4.632801352852182,2.316400676426091,9.370628649439242,0.2778680445582851,0.2751705372609701,fourier
