nameseq,average,median,maximum,minimum,peak,none_levated_peak,sample_standard_deviation,population_standard_deviation,percentile15,percentile25,percentile50,percentile75,amplitude,variance,interquartile_range,semi_interquartile_range,coefficient_of_variation,skewness,kurtosis,label
LG8_16504985_16505068,13.859879519435177,2.453268642512505,886.3868896410071,0.09127055113196084,2.020219581327289,13.96194535844208,95.81399627562489,96.38946088677994,0.8794730995389983,1.3951221810583583,2.453268642512505,4.907942363006374,886.2956190898751,9290.928170044079,3.5128201819480154,1.7564100909740077,6.913046837187047,0.3571485791316853,0.2630095991581023,fourier
