nameseq,average,median,maximum,minimum,peak,none_levated_peak,sample_standard_deviation,population_standard_deviation,percentile15,percentile25,percentile50,percentile75,amplitude,variance,interquartile_range,semi_interquartile_range,coefficient_of_variation,skewness,kurtosis,label
LG8_8967282_8967414,13.990365091538493,1.1124347979195932,1625.5346134327865,0.0345221733439716,3.168847492060558,30.160609910482396,140.28179557669552,140.81216342518513,0.41702985180220564,0.5310474943263626,1.1124347979195932,2.13973572375841,1625.5000912594426,19828.065368481046,1.6086882294320475,0.8043441147160237,10.02702893447286,0.275401314347553,0.19064465467382435,fourier
