nameseq,average,median,maximum,minimum,peak,none_levated_peak,sample_standard_deviation,population_standard_deviation,percentile15,percentile25,percentile50,percentile75,amplitude,variance,interquartile_range,semi_interquartile_range,coefficient_of_variation,skewness,kurtosis,label
LG8_25449987_25450293,32.893509702887094,3.576096161759023,8357.351634325609,0.011175920799856243,3.1110493911311456,43.34954170624918,475.9322202645818,476.7092529783161,0.8835818842077914,1.4226212098754492,3.576096161759023,7.880944400286471,8357.34045840481,227251.7118751442,6.458323190411022,3.229161595205511,14.468879258050375,0.18479992923044697,0.26766405325733483,fourier
