nameseq,average,median,maximum,minimum,peak,none_levated_peak,sample_standard_deviation,population_standard_deviation,percentile15,percentile25,percentile50,percentile75,amplitude,variance,interquartile_range,semi_interquartile_range,coefficient_of_variation,skewness,kurtosis,label
LG8_18182025_18182330,37.25291465404192,2.5125119527716127,10201.670357581832,0.02796929793625257,2.7380407935123285,50.32207155895606,582.0364597491314,582.9898370625439,0.4582760213785583,1.013385911266616,2.5125119527716127,4.7012424686038985,10201.642388283895,339877.15011821146,3.6878565573372826,1.8439282786686413,15.623917353966844,0.1790630232146148,0.20511669369615762,fourier
