nameseq,average,median,maximum,minimum,peak,none_levated_peak,sample_standard_deviation,population_standard_deviation,percentile15,percentile25,percentile50,percentile75,amplitude,variance,interquartile_range,semi_interquartile_range,coefficient_of_variation,skewness,kurtosis,label
LG8_16977987_16978194,16.86245656760418,1.0608955353630067,3233.9338577792983,0.015138069305619551,4.111698260295903,53.54659618776918,223.60517556272876,224.14463394762168,0.19504195349966685,0.37606489776558855,1.0608955353630067,1.8793303439629514,3233.9187197099927,50240.81692751332,1.503265446197363,0.7516327230986815,13.260533817611998,0.21200172570882608,0.2919708724451679,fourier
