nameseq,average,median,maximum,minimum,peak,none_levated_peak,sample_standard_deviation,population_standard_deviation,percentile15,percentile25,percentile50,percentile75,amplitude,variance,interquartile_range,semi_interquartile_range,coefficient_of_variation,skewness,kurtosis,label
LG8_15736378_15736815,40.145775846704105,1.9437196250180118,16232.589539003144,0.013453371832152823,3.6367462558825188,79.99206570561765,774.5973731406159,775.4831337194782,0.4668380347722836,0.8242938809954095,1.9437196250180118,4.438969413492793,16232.576085631312,601374.0906833822,3.6146755324973836,1.8073377662486918,19.294617099901156,0.14795579308562068,0.2520584619377511,fourier
