nameseq,average,median,maximum,minimum,peak,none_levated_peak,sample_standard_deviation,population_standard_deviation,percentile15,percentile25,percentile50,percentile75,amplitude,variance,interquartile_range,semi_interquartile_range,coefficient_of_variation,skewness,kurtosis,label
LG8_3112459_3112934,58.837093044693965,7.718852320436789,22767.26604204371,0.013296692529645316,2.6967115208451906,49.81603868680004,1042.030577380677,1043.126874977286,1.3785407323705632,2.514222631482632,7.718852320436789,14.588959149634801,22767.25274535118,1088113.6772998783,12.07473651815217,6.037368259076085,17.710436111946038,0.14716911912340902,0.2485431726486007,fourier
