nameseq,average,median,maximum,minimum,peak,none_levated_peak,sample_standard_deviation,population_standard_deviation,percentile15,percentile25,percentile50,percentile75,amplitude,variance,interquartile_range,semi_interquartile_range,coefficient_of_variation,skewness,kurtosis,label
LG8_3458489_3458696,27.76951106022868,2.470958346299358,5011.67955983287,0.022658213262714336,2.4967430353007583,34.32423497583953,346.4508422289966,347.2866717724019,0.8378213968736694,1.1377944854104227,2.470958346299358,4.490168743114576,5011.656901619607,120608.03239075202,3.3523742577041533,1.6761871288520767,12.475943183788399,0.2190661672331065,0.24344429438076692,fourier
