nameseq,average,median,maximum,minimum,peak,none_levated_peak,sample_standard_deviation,population_standard_deviation,percentile15,percentile25,percentile50,percentile75,amplitude,variance,interquartile_range,semi_interquartile_range,coefficient_of_variation,skewness,kurtosis,label
LG8_23175370_23175536,39.712146288384034,1.8846515015619303,6171.501264348745,0.03996123134537015,1.4017541701831762,29.02602691298294,475.92716237467687,477.35852549339586,0.26001114677963344,0.6181958567063497,1.8846515015619303,3.913254428455613,6171.4613031174,227871.16186122905,3.295058571749263,1.6475292858746315,11.984423075966749,0.23844506750620476,0.23782309408006058,fourier
