nameseq,average,median,maximum,minimum,peak,none_levated_peak,sample_standard_deviation,population_standard_deviation,percentile15,percentile25,percentile50,percentile75,amplitude,variance,interquartile_range,semi_interquartile_range,coefficient_of_variation,skewness,kurtosis,label
LG8_7230182_7230319,23.469373074065533,2.06158231774968,2848.1227006847157,0.11181451574625474,1.9600012260588071,24.469838938606966,241.34343471130975,242.22264867852059,0.4951626163689615,0.8688242651744194,2.06158231774968,3.9616866084823084,2848.0108861689696,58671.81153283801,3.092862343307889,1.5464311716539445,10.283335389900234,0.2661078075140942,0.242479339699187,fourier
