nameseq,average,median,maximum,minimum,peak,none_levated_peak,sample_standard_deviation,population_standard_deviation,percentile15,percentile25,percentile50,percentile75,amplitude,variance,interquartile_range,semi_interquartile_range,coefficient_of_variation,skewness,kurtosis,label
LG9_5713574_5713741,24.771774530657424,3.7936647034543185,3392.412191854556,0.02388538730757482,2.260637401276791,24.812848765481625,260.62937731074106,261.4085401172487,0.6704621754767577,1.5043808387779498,3.7936647034543185,6.732989813652258,3392.3883064672486,68334.42484623122,5.228608974874309,2.6143044874371544,10.521223539645392,0.24147058988893064,0.28582495714681583,fourier
