nameseq,average,median,maximum,minimum,peak,none_levated_peak,sample_standard_deviation,population_standard_deviation,percentile15,percentile25,percentile50,percentile75,amplitude,variance,interquartile_range,semi_interquartile_range,coefficient_of_variation,skewness,kurtosis,label
LG9_10167328_10167775,65.18009552034749,8.273711855300904,24428.01532468157,0.003886715512926172,2.2910879792545784,46.082989462205056,1152.371210278214,1153.6594959910533,1.5743710335243095,2.7912860687227816,8.273711855300904,14.494678916174157,24428.01143796606,1330930.2326903313,11.703392847451376,5.851696423725688,17.67980241634464,0.14814597021555537,0.23215132595352778,fourier
