nameseq,average,median,maximum,minimum,peak,none_levated_peak,sample_standard_deviation,population_standard_deviation,percentile15,percentile25,percentile50,percentile75,amplitude,variance,interquartile_range,semi_interquartile_range,coefficient_of_variation,skewness,kurtosis,label
LG9_10919067_10919567,40.98678858489309,1.8368252346058678,19177.465503037267,0.03201203852604764,4.074483651094169,97.39609026629655,855.8143546474909,856.6697415223343,0.4106734491605909,0.695324341020554,1.8368252346058678,3.9828219396623057,19177.43349099874,733883.046039943,3.287497598641752,1.643748799320876,20.880249080137176,0.13723757893642619,0.27424353277624725,fourier
