nameseq,average,median,maximum,minimum,peak,none_levated_peak,sample_standard_deviation,population_standard_deviation,percentile15,percentile25,percentile50,percentile75,amplitude,variance,interquartile_range,semi_interquartile_range,coefficient_of_variation,skewness,kurtosis,label
LG9_1384416_1384878,53.640102039161256,3.906570082667594,22272.551901568633,0.0025275382534449675,2.8772005918381467,64.90230878054346,1033.735320002228,1034.8534764351177,0.6884608290821376,1.5695562681285846,3.906570082667594,7.319781257072438,22272.54937403038,1070921.717689849,5.750224988943853,2.8751124944719266,19.271688171799607,0.14433152566477017,0.2544325371494444,fourier
