nameseq,average,median,maximum,minimum,peak,none_levated_peak,sample_standard_deviation,population_standard_deviation,percentile15,percentile25,percentile50,percentile75,amplitude,variance,interquartile_range,semi_interquartile_range,coefficient_of_variation,skewness,kurtosis,label
LG9_12720067_12720126,11.4682908021302,1.170804909759999,588.834375033475,0.002973635540708269,1.7439390354738005,13.13094645099957,75.18365375421332,75.81812621584274,0.3689646693034591,0.4908140164007311,1.170804909759999,2.4983501191850896,588.8314013979343,5748.388262881459,2.007536102784359,1.0037680513921794,6.555785430575948,0.4108932744623279,0.22361262043919422,fourier
