nameseq,average,median,maximum,minimum,peak,none_levated_peak,sample_standard_deviation,population_standard_deviation,percentile15,percentile25,percentile50,percentile75,amplitude,variance,interquartile_range,semi_interquartile_range,coefficient_of_variation,skewness,kurtosis,label
LG9_5069463_5069616,22.071015297109195,2.3908749504822326,2884.6885504524216,0.03933167508408268,2.325825642468602,26.122112276001594,231.45393408322704,232.20908758740552,0.6743424975260097,1.068112222282755,2.3908749504822326,5.168469157814296,2884.6492187773374,53921.06035817537,4.100356935531541,2.0501784677657704,10.486782368980656,0.2550849752186581,0.28021916902817984,fourier
