nameseq,average,median,maximum,minimum,peak,none_levated_peak,sample_standard_deviation,population_standard_deviation,percentile15,percentile25,percentile50,percentile75,amplitude,variance,interquartile_range,semi_interquartile_range,coefficient_of_variation,skewness,kurtosis,label
LG9_8421332_8421661,58.46505317268864,6.652809340599385,15788.806173712548,0.04750604407504247,1.8814658335312247,34.08405435580742,867.3293901933177,868.6465198666107,1.6448008192111805,3.384373559121746,6.652809340599385,14.523776370841412,15788.758667668473,754546.7764763741,11.139402811719666,5.569701405859833,14.835005582419994,0.17921303400271346,0.248906084177868,fourier
