nameseq,average,median,maximum,minimum,peak,none_levated_peak,sample_standard_deviation,population_standard_deviation,percentile15,percentile25,percentile50,percentile75,amplitude,variance,interquartile_range,semi_interquartile_range,coefficient_of_variation,skewness,kurtosis,label
LG9_16048389_16048501,13.035948193168483,0.9612334012407977,1311.027940518279,0.012242997196067753,2.889445869875884,27.096006785691273,122.65566615874036,123.20201926885505,0.4551277442064688,0.505674150849878,0.9612334012407977,2.286187885097932,1311.0156975210828,15178.737551923334,1.780513734248054,0.890256867124027,9.409032955732236,0.29533200960240963,0.2837715474259562,fourier
