nameseq,average,median,maximum,minimum,peak,none_levated_peak,sample_standard_deviation,population_standard_deviation,percentile15,percentile25,percentile50,percentile75,amplitude,variance,interquartile_range,semi_interquartile_range,coefficient_of_variation,skewness,kurtosis,label
LG9_16282892_16283019,19.419449469289653,1.2064206867500797,2129.899460152023,0.0002918859837094207,2.1971100022243513,24.363608804130315,187.3114933568661,188.04749420138123,0.317059106028384,0.7366808561168932,1.2064206867500797,4.47530898792827,2129.8991682660394,35361.8600754185,3.7386281318113768,1.8693140659056884,9.645561459045718,0.29170172832651686,0.25962885120539425,fourier
