nameseq,average,median,maximum,minimum,peak,none_levated_peak,sample_standard_deviation,population_standard_deviation,percentile15,percentile25,percentile50,percentile75,amplitude,variance,interquartile_range,semi_interquartile_range,coefficient_of_variation,skewness,kurtosis,label
LG9_12599447_12599823,43.984066155281205,4.578654680328583,13720.681354332928,0.015420985417355676,2.857095254063448,47.765031319611545,705.4080769532347,706.3454967381938,0.7447711647719835,1.6332990892559918,4.578654680328583,10.023463399515009,13720.66593334751,498923.96076232573,8.390164310259017,4.1950821551295085,16.037809566374886,0.16758559802072562,0.2566923320736177,fourier
