nameseq,average,median,maximum,minimum,peak,none_levated_peak,sample_standard_deviation,population_standard_deviation,percentile15,percentile25,percentile50,percentile75,amplitude,variance,interquartile_range,semi_interquartile_range,coefficient_of_variation,skewness,kurtosis,label
LG9_7649133_7649348,33.5610848575357,3.966508650856431,6031.175615556041,0.025165200894014153,2.145341853686632,30.0427141277582,409.0867063349642,410.03696709577974,0.8292604385467689,1.1567801165416616,3.966508650856431,8.001422395441086,6031.150450355147,168130.31438510556,6.844642278899425,3.4223211394497124,12.189317123433488,0.21702912181003703,0.29378615168378525,fourier
