nameseq,average,median,maximum,minimum,peak,none_levated_peak,sample_standard_deviation,population_standard_deviation,percentile15,percentile25,percentile50,percentile75,amplitude,variance,interquartile_range,semi_interquartile_range,coefficient_of_variation,skewness,kurtosis,label
LG9_196077_197116,95.54730553792,8.123252031561275,87121.46769450963,0.002210320455174286,3.6282202278230082,106.58013860078893,2699.922563560641,2701.2215400916793,1.894333234130888,3.0327906207082016,8.123252031561275,15.226513737668839,87121.46548418918,7296597.808655264,12.193723116960637,6.0968615584803185,28.257443246153276,0.09714062323816919,0.24816691737227173,fourier
