nameseq,average,median,maximum,minimum,peak,none_levated_peak,sample_standard_deviation,population_standard_deviation,percentile15,percentile25,percentile50,percentile75,amplitude,variance,interquartile_range,semi_interquartile_range,coefficient_of_variation,skewness,kurtosis,label
LG9_12994888_12995051,14.137758691888296,0.8605771302107001,2139.367558264574,0.01260466819532339,3.866713802240259,45.16474971151575,166.46381023169502,166.97365464217563,0.15428391464555802,0.29708318065310285,0.8605771302107001,1.5668154667139653,2139.354953596379,27880.201344564543,1.2697322860608624,0.6348661430304312,11.774413035299972,0.23928050565220566,0.2817226496127798,fourier
