nameseq,average,median,maximum,minimum,peak,none_levated_peak,sample_standard_deviation,population_standard_deviation,percentile15,percentile25,percentile50,percentile75,amplitude,variance,interquartile_range,semi_interquartile_range,coefficient_of_variation,skewness,kurtosis,label
LG9_7108676_7113783,427.5454795454261,22.05909266222025,2008372.63055435,0.0018995938186293986,3.9824223342905465,313.4654488887055,28097.603189799076,28100.35394639579,5.426472974816295,9.246359897012198,22.05909266222025,47.44679914454869,2008372.6286547564,789629891.9127214,38.200439247536494,19.100219623768247,65.71839613337264,0.04329405438721751,0.254256103245588,fourier
