nameseq,average,median,maximum,minimum,peak,none_levated_peak,sample_standard_deviation,population_standard_deviation,percentile15,percentile25,percentile50,percentile75,amplitude,variance,interquartile_range,semi_interquartile_range,coefficient_of_variation,skewness,kurtosis,label
LG9_816290_816491,37.43700548334865,5.1449751903761864,5362.847786703278,0.24944923926894502,1.7985769017578626,22.109100740763566,376.1826869484468,377.11730376021444,1.3445430642481608,2.0563704418360977,5.1449751903761864,11.264842066610878,5362.598337464009,142217.46079537386,9.20847162477478,4.60423581238739,10.048418191881467,0.2575240547744654,0.23929859308840803,fourier
