nameseq,average,median,maximum,minimum,peak,none_levated_peak,sample_standard_deviation,population_standard_deviation,percentile15,percentile25,percentile50,percentile75,amplitude,variance,interquartile_range,semi_interquartile_range,coefficient_of_variation,skewness,kurtosis,label
LG9_13437376_13437602,32.97086478541764,4.390896993811891,6142.455725584949,0.004655782505101701,2.2949554753605534,30.448660770471434,406.44579261310554,407.3440164547017,1.0207021387712478,1.8338034835854289,4.390896993811891,7.211791944367327,6142.451069802443,165929.14774144828,5.377988460781898,2.688994230390949,12.327422870414624,0.21095040207842125,0.19896192465674734,fourier
