nameseq,average,median,maximum,minimum,peak,none_levated_peak,sample_standard_deviation,population_standard_deviation,percentile15,percentile25,percentile50,percentile75,amplitude,variance,interquartile_range,semi_interquartile_range,coefficient_of_variation,skewness,kurtosis,label
LG9_13118397_13118602,24.716990602999935,1.7309822339203556,4489.509855011899,0.022944060777515093,2.7781159838420013,38.302778325561434,311.85486331986226,312.61455960591076,0.36868917047752103,0.749434320263519,1.7309822339203556,3.683550309561309,4489.486910951122,97727.86287759754,2.9341159892977897,1.4670579946488949,12.617023986812214,0.22112217322232394,0.22949001588552603,fourier
