nameseq,average,median,maximum,minimum,peak,none_levated_peak,sample_standard_deviation,population_standard_deviation,percentile15,percentile25,percentile50,percentile75,amplitude,variance,interquartile_range,semi_interquartile_range,coefficient_of_variation,skewness,kurtosis,label
LG9_8037729_8038007,31.297817554194225,3.49160539447007,7117.501082022178,0.07832504163233311,2.971453196024432,39.48864562912264,425.0745877663476,425.8384241196299,0.6478304494823115,1.4024559959206662,3.49160539447007,7.153664507252252,7117.422756980545,181338.36345668978,5.751208511331585,2.8756042556657926,13.581604756635285,0.19624470358841004,0.23244924522463334,fourier
