nameseq,average,median,maximum,minimum,peak,none_levated_peak,sample_standard_deviation,population_standard_deviation,percentile15,percentile25,percentile50,percentile75,amplitude,variance,interquartile_range,semi_interquartile_range,coefficient_of_variation,skewness,kurtosis,label
LG9_8795208_8795447,21.119763481056285,1.8884631408408021,4371.933784332317,0.03360645854267693,3.7879212081024156,44.88470876859408,281.4481214474811,282.03631043062796,0.5434854132100839,1.0087552360559884,1.8884631408408021,3.2962178164245644,4371.900177873775,79544.48040132155,2.287462580368576,1.143731290184288,13.326291352643725,0.2049894691921483,0.1435789865255549,fourier
