nameseq,average,median,maximum,minimum,peak,none_levated_peak,sample_standard_deviation,population_standard_deviation,percentile15,percentile25,percentile50,percentile75,amplitude,variance,interquartile_range,semi_interquartile_range,coefficient_of_variation,skewness,kurtosis,label
LG9_7537463_7537580,12.152545769723028,1.1913655901388582,1211.295249974463,0.0020955678610297675,3.236633218969542,26.402101863312172,110.87932085950528,111.35215592934671,0.24735368840821936,0.49948881600926837,1.1913655901388582,2.747105323602211,1211.293154406602,12399.302630113543,2.2476165075929426,1.1238082537964713,9.123958301457387,0.2965705442985091,0.26804085701517494,fourier
