nameseq,average,median,maximum,minimum,peak,none_levated_peak,sample_standard_deviation,population_standard_deviation,percentile15,percentile25,percentile50,percentile75,amplitude,variance,interquartile_range,semi_interquartile_range,coefficient_of_variation,skewness,kurtosis,label
LG9_14059789_14059969,21.109836511584486,2.006998025909231,3294.2739993368664,0.0014962735235165875,2.8580672948473143,33.08745370436577,243.98481885213604,244.6616157662802,0.46013907920270236,0.850489451675575,2.006998025909231,4.232073231797332,3294.272503063343,59859.30622936693,3.3815837801217574,1.6907918900608787,11.557873445312758,0.23488557905628088,0.30887639439142217,fourier
