nameseq,average,median,maximum,minimum,peak,none_levated_peak,sample_standard_deviation,population_standard_deviation,percentile15,percentile25,percentile50,percentile75,amplitude,variance,interquartile_range,semi_interquartile_range,coefficient_of_variation,skewness,kurtosis,label
LG9_14316179_14316577,51.30052442406198,5.006706397960966,17682.81526734018,0.007422855488782124,2.5925660895898703,49.820109497153105,883.8150867310051,884.9247106290517,1.3626324509446182,1.9570804087169371,5.006706397960966,9.428194308356524,17682.80784448469,783091.7434819108,7.471113899639587,3.7355569498197934,17.228188145313787,0.1571385872037875,0.224369451998096,fourier
