nameseq,average,median,maximum,minimum,peak,none_levated_peak,sample_standard_deviation,population_standard_deviation,percentile15,percentile25,percentile50,percentile75,amplitude,variance,interquartile_range,semi_interquartile_range,coefficient_of_variation,skewness,kurtosis,label
LG9_5005678_5005875,25.492350516674765,3.301122744298986,3998.7519441996265,0.03473598464092555,2.589011945243293,28.298316970512563,283.1391542624809,283.8568719013019,0.7994787718951587,1.5209627992063213,3.301122744298986,7.269844257670021,3998.7172082149855,80574.72372559209,5.7488814584637,2.87444072923185,11.10682806896434,0.23512708261963294,0.2473033443391892,fourier
