nameseq,average,median,maximum,minimum,peak,none_levated_peak,sample_standard_deviation,population_standard_deviation,percentile15,percentile25,percentile50,percentile75,amplitude,variance,interquartile_range,semi_interquartile_range,coefficient_of_variation,skewness,kurtosis,label
LG9_799308_799478,33.2979106862491,3.9259196084714674,4700.854438479383,0.04217776389401512,1.711819114931408,22.721574713841957,358.034043294544,359.0855405461993,0.8906716890177031,1.3453081590049834,3.9259196084714674,7.13105767977059,4700.812260715489,128942.42542935615,5.785749520765607,2.8928747603828033,10.752447703645258,0.24611060004939944,0.21784214564577947,fourier
