nameseq,average,median,maximum,minimum,peak,none_levated_peak,sample_standard_deviation,population_standard_deviation,percentile15,percentile25,percentile50,percentile75,amplitude,variance,interquartile_range,semi_interquartile_range,coefficient_of_variation,skewness,kurtosis,label
LG9_5559014_5559309,39.33918640964218,3.968051796529103,9468.380748250187,0.07972490603945179,2.5081013531709213,37.60317332756072,549.0590356212946,549.988856838817,0.872022419008492,1.5154196128841497,3.968051796529103,9.010625737752838,9468.301023344147,302487.74264686875,7.495206124868687,3.7476030624343437,13.95705111701848,0.19326410632558902,0.16255686745563896,fourier
