nameseq,average,median,maximum,minimum,peak,none_levated_peak,sample_standard_deviation,population_standard_deviation,percentile15,percentile25,percentile50,percentile75,amplitude,variance,interquartile_range,semi_interquartile_range,coefficient_of_variation,skewness,kurtosis,label
LG9_7960186_7960627,40.63999535900755,3.2099781346777214,15931.982157584378,0.011423917978620732,3.6253284979934923,68.25547267483452,756.7488561645888,757.6063622257183,0.7478006146538003,1.2325950699530916,3.2099781346777214,6.0574911778875435,15931.9707336664,573967.4000848861,4.8248961079344515,2.4124480539672257,18.620790910028024,0.14838483171564518,0.2512816707007019,fourier
