nameseq,average,median,maximum,minimum,peak,none_levated_peak,sample_standard_deviation,population_standard_deviation,percentile15,percentile25,percentile50,percentile75,amplitude,variance,interquartile_range,semi_interquartile_range,coefficient_of_variation,skewness,kurtosis,label
LG9_16462208_16462495,31.860635912546382,3.1006863485157887,8018.227262360842,0.01690546722799825,3.013122533508385,45.4099806845712,471.4340447387786,472.2546442192336,0.7799105417575475,1.3214332858987163,3.1006863485157887,5.617860334083387,8018.2103568936145,223024.4489866349,4.296427048184671,2.1482135240923355,14.79675565901473,0.18301573603980892,0.28706259868333517,fourier
