nameseq,average,median,maximum,minimum,peak,none_levated_peak,sample_standard_deviation,population_standard_deviation,percentile15,percentile25,percentile50,percentile75,amplitude,variance,interquartile_range,semi_interquartile_range,coefficient_of_variation,skewness,kurtosis,label
LG9_281487_282095,92.12115133823184,8.764230811216418,47993.44500235237,0.010646169449058883,2.2036198750346228,57.57753338641983,1942.736324010835,1944.3333126274144,1.818785594434858,3.358813424130544,8.764230811216418,19.63474476024586,47993.434356182916,3780432.030592695,16.275931336115313,8.137965668057657,21.088927958334867,0.12872089664992106,0.28938782194285756,fourier
