nameseq,average,median,maximum,minimum,peak,none_levated_peak,sample_standard_deviation,population_standard_deviation,percentile15,percentile25,percentile50,percentile75,amplitude,variance,interquartile_range,semi_interquartile_range,coefficient_of_variation,skewness,kurtosis,label
LG9_14917277_14917389,11.23931890560211,0.9939624237717547,1126.5677412724303,0.06832336619380648,3.351330003448176,28.4053025410443,105.39337998845289,105.86284057470635,0.22066749943838332,0.5332430284921488,0.9939624237717547,1.9629488973837066,1126.4994179062364,11206.941014545695,1.4297058688915578,0.7148529344457789,9.377203447436727,0.2916318790502645,0.25218051120638035,fourier
