nameseq,average,median,maximum,minimum,peak,none_levated_peak,sample_standard_deviation,population_standard_deviation,percentile15,percentile25,percentile50,percentile75,amplitude,variance,interquartile_range,semi_interquartile_range,coefficient_of_variation,skewness,kurtosis,label
LG9_1017614_1017814,24.459936573814797,2.5804828443779306,4091.863809091949,0.14660604621726608,2.7391730881152734,31.581990051267326,287.63693971843105,288.35513544245623,0.801180445815522,1.3103742873373003,2.5804828443779306,6.191512835322689,4091.717203045732,83148.68413603726,4.881138547985389,2.4405692739926943,11.759512901859127,0.22819864949392193,0.2870387355918375,fourier
