nameseq,average,median,maximum,minimum,peak,none_levated_peak,sample_standard_deviation,population_standard_deviation,percentile15,percentile25,percentile50,percentile75,amplitude,variance,interquartile_range,semi_interquartile_range,coefficient_of_variation,skewness,kurtosis,label
LG9_7239843_7240073,26.88330369168279,2.308635825356579,5412.163794124589,0.03301523338831381,2.864231304421949,39.853367600834,355.1262432601688,355.8974195065728,0.5557465382873823,1.0040260976817619,2.308635825356579,4.675482733239749,5412.130778891201,126662.97321143746,3.6714566355579867,1.8357283177789934,13.209918220357658,0.20759942414328347,0.24326157163040946,fourier
