nameseq,average,median,maximum,minimum,peak,none_levated_peak,sample_standard_deviation,population_standard_deviation,percentile15,percentile25,percentile50,percentile75,amplitude,variance,interquartile_range,semi_interquartile_range,coefficient_of_variation,skewness,kurtosis,label
LG9_1956975_1957536,64.16029727688425,7.03905473543495,29480.54427785251,0.0014421472636774503,2.919770345279027,58.22837675964929,1242.082220165329,1243.188752429471,1.8118137665051357,2.8553999457088755,7.03905473543495,13.62022005628614,29480.542835705248,1545518.2741671444,10.764820110577265,5.3824100552886325,19.359047150375783,0.13796488255144518,0.23151562701481837,fourier
