nameseq,average,median,maximum,minimum,peak,none_levated_peak,sample_standard_deviation,population_standard_deviation,percentile15,percentile25,percentile50,percentile75,amplitude,variance,interquartile_range,semi_interquartile_range,coefficient_of_variation,skewness,kurtosis,label
LG9_1723840_1723977,17.95486655734448,2.1280814097190204,2070.6606961526636,0.001126500660249559,2.561979497485243,24.566003825822374,175.39138259811907,176.03033328469206,0.5833671285593304,1.0283290208133251,2.1280814097190204,4.558034695169852,2070.6595696520035,30986.67823631977,3.5297056743565265,1.7648528371782632,9.768459266347195,0.2707108795172105,0.2712710864291458,fourier
