nameseq,average,median,maximum,minimum,peak,none_levated_peak,sample_standard_deviation,population_standard_deviation,percentile15,percentile25,percentile50,percentile75,amplitude,variance,interquartile_range,semi_interquartile_range,coefficient_of_variation,skewness,kurtosis,label
LG9_11418454_11418763,36.02822477340331,2.8555876584668067,9833.871223531694,0.03137937494361551,2.868121701339442,48.74563450898746,557.4008086455977,558.3020231526727,0.6082277915091185,1.0957946995454415,2.8555876584668067,5.254096809220158,9833.839844156751,311701.1490563676,4.158302109674716,2.079151054837358,15.471226022134767,0.17853923030112467,0.21103544139921326,fourier
