nameseq,average,median,maximum,minimum,peak,none_levated_peak,sample_standard_deviation,population_standard_deviation,percentile15,percentile25,percentile50,percentile75,amplitude,variance,interquartile_range,semi_interquartile_range,coefficient_of_variation,skewness,kurtosis,label
LG9_5228266_5228745,78.261246432905,8.224138088009854,32127.95777367795,0.005094840920731501,2.044434599405101,48.30837131450761,1464.4339811310056,1465.9618208591444,1.4252000471789514,2.605772615544681,8.224138088009854,16.603519930070526,32127.952678837028,2149044.0602166583,13.997747314525846,6.998873657262923,18.712121872304902,0.14347613326509476,0.27108483303396275,fourier
