nameseq,average,median,maximum,minimum,peak,none_levated_peak,sample_standard_deviation,population_standard_deviation,percentile15,percentile25,percentile50,percentile75,amplitude,variance,interquartile_range,semi_interquartile_range,coefficient_of_variation,skewness,kurtosis,label
LG9_3381014_3381168,31.34115526740223,4.406387855947612,4063.6768621442234,0.1214923223231861,1.6485246387967356,21.143397997784238,324.96439103198765,326.0177629712968,0.7418652106272856,1.48082987755399,4.406387855947612,7.107749628932444,4063.5553698219,106287.58177280865,5.626919751378454,2.813459875689227,10.36861558737694,0.2486558665020314,0.24220359954812748,fourier
