nameseq,average,median,maximum,minimum,peak,none_levated_peak,sample_standard_deviation,population_standard_deviation,percentile15,percentile25,percentile50,percentile75,amplitude,variance,interquartile_range,semi_interquartile_range,coefficient_of_variation,skewness,kurtosis,label
LG9_12944702_12944984,33.27752376804948,2.53042474348424,8299.71612491751,0.062092126468189714,2.834746178557461,45.735031166166216,492.2766325397762,493.1486910311963,0.6407126185854376,1.074355655194978,2.53042474348424,5.429268662900892,8299.65403279104,243195.6314657823,4.354913007705914,2.177456503852957,14.793066815038156,0.18737695632189602,0.2131131449323992,fourier
