nameseq,average,median,maximum,minimum,peak,none_levated_peak,sample_standard_deviation,population_standard_deviation,percentile15,percentile25,percentile50,percentile75,amplitude,variance,interquartile_range,semi_interquartile_range,coefficient_of_variation,skewness,kurtosis,label
LG9_11182458_11186479,345.5764867202187,17.389952660051627,1279255.9783572112,0.03607022681475314,3.879507773779992,277.20976893098685,20168.51456735317,20171.022309304717,4.01958848140035,6.866161674607557,17.389952660051627,37.387661250012115,1279255.9422869843,406870141.0024685,30.521499575404558,15.260749787702279,58.36194111112006,0.04881666415702278,0.2622844641456367,fourier
