nameseq,average,median,maximum,minimum,peak,none_levated_peak,sample_standard_deviation,population_standard_deviation,percentile15,percentile25,percentile50,percentile75,amplitude,variance,interquartile_range,semi_interquartile_range,coefficient_of_variation,skewness,kurtosis,label
LG9_581652_581815,33.56919561631307,2.5810053387562384,4680.344802004312,0.038499372782456034,1.6284771101307298,23.850474533916472,364.0385422526458,365.15351742778256,0.6054521013102635,1.2416111363454898,2.5810053387562384,5.2793867898608235,4680.30630263153,133337.0912898819,4.037775653515334,2.018887826757667,10.844422559703517,0.25537013267170017,0.17508439557957323,fourier
