nameseq,average,median,maximum,minimum,peak,none_levated_peak,sample_standard_deviation,population_standard_deviation,percentile15,percentile25,percentile50,percentile75,amplitude,variance,interquartile_range,semi_interquartile_range,coefficient_of_variation,skewness,kurtosis,label
LG9_13246395_13246779,46.988869966218886,4.662642052388228,15589.932663182537,0.12753573454884268,2.7311432138205154,49.12624930519559,793.1973643861469,794.2295019267216,1.142318817189904,2.002918651676403,4.662642052388228,8.795762645054381,15589.805127447988,630800.5017307682,6.7928439933779785,3.3964219966889893,16.88053713478086,0.16008460118845758,0.2679701832209412,fourier
