nameseq,average,median,maximum,minimum,peak,none_levated_peak,sample_standard_deviation,population_standard_deviation,percentile15,percentile25,percentile50,percentile75,amplitude,variance,interquartile_range,semi_interquartile_range,coefficient_of_variation,skewness,kurtosis,label
LG9_1391852_1391960,26.81486262373732,3.316461621076289,2356.971181819849,0.1112132036958254,1.354969959874789,14.901926253087797,224.28376742999362,225.3197256791235,0.8168739256952842,1.383060621633451,3.316461621076289,8.10401276206555,2356.859968616153,50768.97878011547,6.720952140432098,3.360476070216049,8.364158734546375,0.31431255063961316,0.3131880507787825,fourier
