nameseq,average,median,maximum,minimum,peak,none_levated_peak,sample_standard_deviation,population_standard_deviation,percentile15,percentile25,percentile50,percentile75,amplitude,variance,interquartile_range,semi_interquartile_range,coefficient_of_variation,skewness,kurtosis,label
LG9_11880866_11881082,21.207791448395138,1.7504253358369184,4155.443641868286,0.0027250732207417566,3.4106961825488447,45.62252159226879,281.30482700302866,281.9552436562837,0.3516816717750675,0.7570664183804542,1.7504253358369184,2.994271036480406,4155.440916795065,79498.7594252743,2.237204618099952,1.118602309049976,13.264220731683775,0.20750478745622875,0.2805830931013021,fourier
