nameseq,average,median,maximum,minimum,peak,none_levated_peak,sample_standard_deviation,population_standard_deviation,percentile15,percentile25,percentile50,percentile75,amplitude,variance,interquartile_range,semi_interquartile_range,coefficient_of_variation,skewness,kurtosis,label
LG9_3741807_3741974,33.254036125801896,3.542083874469993,4730.478893220051,0.000837843731678314,1.6840061094583778,23.191642683898287,363.519914646494,364.60667316865283,1.2992412144799348,1.7279877492703801,3.542083874469993,6.743954877675339,4730.478055376319,132938.02611911285,5.015967128404959,2.5079835642024797,10.931602806687213,0.24520212830891572,0.22950126042721902,fourier
