nameseq,average,median,maximum,minimum,peak,none_levated_peak,sample_standard_deviation,population_standard_deviation,percentile15,percentile25,percentile50,percentile75,amplitude,variance,interquartile_range,semi_interquartile_range,coefficient_of_variation,skewness,kurtosis,label
LG9_12780255_12780547,40.88079238808788,2.931189919092024,10549.414952217096,0.004213141549781139,2.3890600196664837,43.36058208200566,614.9906232587069,616.0427893372402,0.6522250664835908,1.2884999424766295,2.931189919092024,6.489081041630694,10549.410739075545,379508.7182944073,5.200581099154064,2.600290549577032,15.043510346387194,0.18512283456246292,0.2076281482645856,fourier
