nameseq,average,median,maximum,minimum,peak,none_levated_peak,sample_standard_deviation,population_standard_deviation,percentile15,percentile25,percentile50,percentile75,amplitude,variance,interquartile_range,semi_interquartile_range,coefficient_of_variation,skewness,kurtosis,label
LG9_10783685_10786091,161.864749059473,2.518811039082099,380868.82464721537,0.0009634027231648499,4.956813253011233,413.06045794479485,7761.4535654611755,7763.066335050627,0.6305481498689799,1.102651507425128,2.518811039082099,4.873414960875789,380868.82368381263,60265198.92239636,3.770763453450661,1.8853817267253306,47.950240003210524,0.06159127411242438,0.2471829512190824,fourier
