nameseq,average,median,maximum,minimum,peak,none_levated_peak,sample_standard_deviation,population_standard_deviation,percentile15,percentile25,percentile50,percentile75,amplitude,variance,interquartile_range,semi_interquartile_range,coefficient_of_variation,skewness,kurtosis,label
LG9_12863588_12864350,56.378403109096844,1.8509005345577103,40975.67567564188,0.011424502258786275,4.511183703468462,146.22054312118615,1482.351700558945,1483.3240533696771,0.5645279047954049,0.8970003317952946,1.8509005345577103,3.8010638726011035,40975.66425113963,2200250.247305049,2.904063540805809,1.4520317704029044,26.292899741953892,0.11035337137734313,0.2447508496012158,fourier
