nameseq,average,median,maximum,minimum,peak,none_levated_peak,sample_standard_deviation,population_standard_deviation,percentile15,percentile25,percentile50,percentile75,amplitude,variance,interquartile_range,semi_interquartile_range,coefficient_of_variation,skewness,kurtosis,label
LG9_9309144_9312077,246.21935205005684,13.458297581733463,663595.1918341947,0.011838530004651373,3.9720679623962734,234.7683984225518,12248.633632924104,12250.721527532796,2.8915365281724204,5.420905238265513,13.458297581733463,25.939042612144455,663595.1799956647,150080177.94515547,20.518137373878943,10.259068686939472,49.74683562010972,0.05700906601761666,0.23962227938720615,fourier
