nameseq,average,median,maximum,minimum,peak,none_levated_peak,sample_standard_deviation,population_standard_deviation,percentile15,percentile25,percentile50,percentile75,amplitude,variance,interquartile_range,semi_interquartile_range,coefficient_of_variation,skewness,kurtosis,label
LG9_5257385_5257568,27.976066760054977,2.944802238820957,4313.8508969279,0.027119106429472812,2.192350120528981,28.09430841962006,316.86541209330625,317.7299850838671,0.6407342980920048,0.9212149204393377,2.944802238820957,6.134556668296172,4313.823777821471,100952.34342139443,5.213341747856834,2.606670873928417,11.326303115123235,0.2369895567572691,0.24770971632116684,fourier
