nameseq,average,median,maximum,minimum,peak,none_levated_peak,sample_standard_deviation,population_standard_deviation,percentile15,percentile25,percentile50,percentile75,amplitude,variance,interquartile_range,semi_interquartile_range,coefficient_of_variation,skewness,kurtosis,label
LG9_14851928_14852280,37.081170920265286,4.518673615166515,10961.751577426203,0.027380212565979143,3.173218745429651,47.715481810037325,582.3184863318226,583.1450566362114,0.7944522658893601,1.9205130065027185,4.518673615166515,7.625780414460637,10961.724197213636,340058.15707925026,5.705267407957919,2.8526337039789595,15.703886147068209,0.16775612351010105,0.2009216533502567,fourier
