nameseq,average,median,maximum,minimum,peak,none_levated_peak,sample_standard_deviation,population_standard_deviation,percentile15,percentile25,percentile50,percentile75,amplitude,variance,interquartile_range,semi_interquartile_range,coefficient_of_variation,skewness,kurtosis,label
LG9_3491747_3492903,98.71249042849304,6.132045480705396,103781.03682895642,0.005046342774238548,3.90696926997341,131.90052012372283,3049.4941107875907,3050.812811005242,1.3709473425657508,2.3790291663905903,6.132045480705396,12.033201628342445,103781.03178261365,9307458.807793707,9.654172461951855,4.827086230975928,30.892687415242886,0.09107783939009832,0.23730147452892855,fourier
