nameseq,average,median,maximum,minimum,peak,none_levated_peak,sample_standard_deviation,population_standard_deviation,percentile15,percentile25,percentile50,percentile75,amplitude,variance,interquartile_range,semi_interquartile_range,coefficient_of_variation,skewness,kurtosis,label
LG9_5862821_5863017,64.78095357548538,9.206715339993663,9352.63030505493,0.14285035686521402,1.0136724305879385,16.368946996587855,663.7259448940623,665.416969150396,1.5480007871592698,3.107980092559144,9.206715339993663,23.35026653537362,9352.487454698065,442779.742833299,20.242286442814475,10.121143221407237,10.245695814289952,0.2511921011812878,0.2276548570021503,fourier
