nameseq,average,median,maximum,minimum,peak,none_levated_peak,sample_standard_deviation,population_standard_deviation,percentile15,percentile25,percentile50,percentile75,amplitude,variance,interquartile_range,semi_interquartile_range,coefficient_of_variation,skewness,kurtosis,label
LG9_5936218_5936606,49.89100306200144,5.860859587666449,15267.704488939038,0.025454802787320898,2.5989989919730614,42.301034991579996,772.8019809742658,773.7972189667867,1.7520675999046222,2.8725978270911106,5.860859587666449,12.098859027046549,15267.67903413625,598762.1360807333,9.226261199955438,4.613130599977719,15.48980644894783,0.17092403186710203,0.23896190933450379,fourier
