nameseq,average,median,maximum,minimum,peak,none_levated_peak,sample_standard_deviation,population_standard_deviation,percentile15,percentile25,percentile50,percentile75,amplitude,variance,interquartile_range,semi_interquartile_range,coefficient_of_variation,skewness,kurtosis,label
LG9_12523522_12523723,25.552296958585274,2.487176304705849,4227.551705832796,0.11654044386154759,2.635118613503359,31.91888048781826,296.47433980747576,297.2109231534279,0.5737685471322599,0.8104934593108434,2.487176304705849,5.646831387674852,4227.435165388934,88334.33284171285,4.836337928364008,2.418168964182004,11.602649276031674,0.23339410084047169,0.25854871841055227,fourier
