nameseq,average,median,maximum,minimum,peak,none_levated_peak,sample_standard_deviation,population_standard_deviation,percentile15,percentile25,percentile50,percentile75,amplitude,variance,interquartile_range,semi_interquartile_range,coefficient_of_variation,skewness,kurtosis,label
LG9_4088097_4088221,10.08149359763494,0.784028735457218,1151.941516719466,0.00847335477606776,4.132985481084015,37.3410810157554,102.54436538349648,102.95702043258088,0.12195924151065843,0.3443259145896595,0.784028735457218,1.2066022730173607,1151.93304336469,10600.148056354876,0.8622763584277011,0.43113817921385056,10.171544959127166,0.2720031908357022,0.24012714567584129,fourier
