nameseq,average,median,maximum,minimum,peak,none_levated_peak,sample_standard_deviation,population_standard_deviation,percentile15,percentile25,percentile50,percentile75,amplitude,variance,interquartile_range,semi_interquartile_range,coefficient_of_variation,skewness,kurtosis,label
LG9_1036010_1036241,27.477964646399073,3.555580469169598,5203.713939129803,0.07776353121520348,2.814376331307628,33.934866459261904,340.6123301904322,341.3487901425349,0.898583198710475,1.4114407505775621,3.555580469169598,6.966909620848662,5203.636175598588,116518.99653177231,5.555468870271099,2.7777344351355495,12.395835520338247,0.2107003950548833,0.22584778403969283,fourier
