nameseq,average,median,maximum,minimum,peak,none_levated_peak,sample_standard_deviation,population_standard_deviation,percentile15,percentile25,percentile50,percentile75,amplitude,variance,interquartile_range,semi_interquartile_range,coefficient_of_variation,skewness,kurtosis,label
LG9_8763479_8763670,21.131605738606776,1.9660811874945059,3574.625775238853,0.020815007092790817,3.02863875048899,37.89251665077782,257.13910961068876,257.81136986800533,0.2560195595416366,0.7145628220305549,1.9660811874945059,3.142533274704153,3574.60496023176,66466.70243321746,2.4279704526735983,1.2139852263367992,12.168460494268249,0.22360104513229126,0.21771619524882543,fourier
