nameseq,average,median,maximum,minimum,peak,none_levated_peak,sample_standard_deviation,population_standard_deviation,percentile15,percentile25,percentile50,percentile75,amplitude,variance,interquartile_range,semi_interquartile_range,coefficient_of_variation,skewness,kurtosis,label
LG9_5636336_5636492,22.301722481919647,3.222753901898084,2831.6046767687817,0.03716026199247359,2.3466049932134516,24.32735010705326,224.9657322442603,225.68562442742663,0.6745962213017931,1.4920214659871927,3.222753901898084,4.922861209038895,2831.567516506789,50934.00107319747,3.430839743051702,1.715419871525851,10.087370265980285,0.25442499694984105,0.15750175298412716,fourier
