nameseq,average,median,maximum,minimum,peak,none_levated_peak,sample_standard_deviation,population_standard_deviation,percentile15,percentile25,percentile50,percentile75,amplitude,variance,interquartile_range,semi_interquartile_range,coefficient_of_variation,skewness,kurtosis,label
LG9_4085925_4086089,17.28454651932528,2.004383587778421,2420.9782687903553,0.024327601966602462,3.1820331495828555,31.479012049018284,187.71459800406308,188.28602884796882,0.5449232362082739,0.8438216282632748,2.004383587778421,3.885071671054645,2420.953941188389,35451.62865933815,3.0412500427913702,1.5206250213956851,10.86025588199179,0.24420311090375807,0.3234874456479295,fourier
