nameseq,average,median,maximum,minimum,peak,none_levated_peak,sample_standard_deviation,population_standard_deviation,percentile15,percentile25,percentile50,percentile75,amplitude,variance,interquartile_range,semi_interquartile_range,coefficient_of_variation,skewness,kurtosis,label
LG9_8368975_8387070,1418.2222347491122,62.23869174752292,23996761.758875247,0.00194080836475132,4.253212121629922,693.2911807324336,178380.6610173355,178385.58995341125,14.264902178041126,25.580114886272334,62.23869174752292,124.61114748027786,23996761.756934438,31821418703.02658,99.03103259400552,49.51551629700276,125.77765081287953,0.022804885943378324,0.2478238884834388,fourier
