nameseq,average,median,maximum,minimum,peak,none_levated_peak,sample_standard_deviation,population_standard_deviation,percentile15,percentile25,percentile50,percentile75,amplitude,variance,interquartile_range,semi_interquartile_range,coefficient_of_variation,skewness,kurtosis,label
LG9_14827428_14827650,54.81672134972177,6.0270158447931355,9642.417116380906,0.023459148240288365,1.3560339163500632,23.275301405715386,643.8619980082347,645.3105082709548,1.0179918640494747,2.2701129991380347,6.0270158447931355,11.76845005443724,9642.393657232666,416425.652084918,9.498337055299206,4.749168527649603,11.74572251230605,0.22732995108823603,0.19469611650379698,fourier
