nameseq,average,median,maximum,minimum,peak,none_levated_peak,sample_standard_deviation,population_standard_deviation,percentile15,percentile25,percentile50,percentile75,amplitude,variance,interquartile_range,semi_interquartile_range,coefficient_of_variation,skewness,kurtosis,label
LG9_3077637_3077790,24.850587788891353,4.257734065586068,2846.7569618307857,0.09546473866104044,2.0656788390446135,20.283545350171924,228.24248181508082,228.98715746999144,0.8822942695470946,1.3709155971518174,4.257734065586068,9.686783033703398,2846.6614970921246,52435.118286186655,8.31586743655158,4.15793371827579,9.184590873826703,0.27067073876268166,0.29949107732236085,fourier
