nameseq,average,median,maximum,minimum,peak,none_levated_peak,sample_standard_deviation,population_standard_deviation,percentile15,percentile25,percentile50,percentile75,amplitude,variance,interquartile_range,semi_interquartile_range,coefficient_of_variation,skewness,kurtosis,label
LG9_16275211_16280480,423.48158818974605,21.664672212652626,2063070.924716314,0.019522552264600434,4.148153581306517,334.277555158818,28415.888646385163,28418.585034743126,4.987216602956425,8.849355040171403,21.664672212652626,44.08644395121452,2063070.9051937617,807615975.376926,35.23708891104312,17.61854445552156,67.10064720370578,0.042421715644097156,0.2545777338610265,fourier
