nameseq,average,median,maximum,minimum,peak,none_levated_peak,sample_standard_deviation,population_standard_deviation,percentile15,percentile25,percentile50,percentile75,amplitude,variance,interquartile_range,semi_interquartile_range,coefficient_of_variation,skewness,kurtosis,label
LG9_12422031_12422138,38.00782329319174,6.4898153561778225,3170.102107962988,0.11107224653191546,0.9471734206480749,11.782695866960882,302.97960682760333,304.3921068242389,1.1616714574260512,2.007313133693128,6.4898153561778225,9.907985467787851,3169.9910357164563,92654.55469689888,7.900672334094724,3.950336167047362,7.971506405153052,0.3120804888523187,0.1976619501462916,fourier
