nameseq,average,median,maximum,minimum,peak,none_levated_peak,sample_standard_deviation,population_standard_deviation,percentile15,percentile25,percentile50,percentile75,amplitude,variance,interquartile_range,semi_interquartile_range,coefficient_of_variation,skewness,kurtosis,label
LG9_4216425_4216619,21.75514665463981,1.8738445110739772,3721.152316667459,0.03488030427689968,2.9877987508825727,37.162984209662135,265.6157149804367,266.2994116454944,0.3695079735487245,0.7130477763380941,1.8738445110739772,3.7628986915796947,3721.117436363182,70915.37664273646,3.0498509152416005,1.5249254576208002,12.209327714358926,0.22454961460051576,0.23573913147740178,fourier
