nameseq,average,median,maximum,minimum,peak,none_levated_peak,sample_standard_deviation,population_standard_deviation,percentile15,percentile25,percentile50,percentile75,amplitude,variance,interquartile_range,semi_interquartile_range,coefficient_of_variation,skewness,kurtosis,label
LG9_3716171_3716292,14.55316963756242,1.317464398801187,1538.9684046055495,0.04852502974556351,2.7943511743107887,26.27536351774717,138.60046153847455,139.1720122582935,0.46363116031345125,0.5197105631258007,1.317464398801187,2.70553828463632,1538.9198795758039,19368.8489960226,2.1858277215105195,1.0929138607552598,9.52373022442755,0.2864861723801783,0.27069753153699255,fourier
