nameseq,average,median,maximum,minimum,peak,none_levated_peak,sample_standard_deviation,population_standard_deviation,percentile15,percentile25,percentile50,percentile75,amplitude,variance,interquartile_range,semi_interquartile_range,coefficient_of_variation,skewness,kurtosis,label
LG9_10111112_10116450,484.0766651037057,30.29722383465702,2343988.418175015,0.08625103971601716,3.67641490482794,286.63107494308474,32075.75948672882,32078.763819567965,7.346687556678262,12.636762289612664,30.29722383465702,63.4690487339678,2343988.3319239756,1029047088.1916226,50.83228644435514,25.41614322217757,66.26173455367261,0.04244134341917587,0.25833651097555793,fourier
