nameseq,average,median,maximum,minimum,peak,none_levated_peak,sample_standard_deviation,population_standard_deviation,percentile15,percentile25,percentile50,percentile75,amplitude,variance,interquartile_range,semi_interquartile_range,coefficient_of_variation,skewness,kurtosis,label
LG9_5237649_5237832,19.23810299502243,1.7133411320735437,2995.767832379511,0.004992237065253653,3.1881175264111232,34.144741167245385,220.05563260113132,220.65605836269006,0.47527729996931284,0.7387436659397694,1.7133411320735437,4.453004516815358,2995.762840142446,48689.096092158885,3.714260850875588,1.857130425437794,11.438530745888377,0.23891361001489025,0.2765859163279078,fourier
