nameseq,average,median,maximum,minimum,peak,none_levated_peak,sample_standard_deviation,population_standard_deviation,percentile15,percentile25,percentile50,percentile75,amplitude,variance,interquartile_range,semi_interquartile_range,coefficient_of_variation,skewness,kurtosis,label
LG9_14607954_14608151,25.855143615950357,2.675561668986663,4239.967592411494,0.00011397644713013222,2.552683558070967,30.703911925884444,300.2977803953876,301.0589927202954,0.8023193537208503,1.3229055556436078,2.675561668986663,5.7476922410428335,4239.967478435046,90636.51709775889,4.4247866853992255,2.2123933426996127,11.614624341522905,0.23156596678581098,0.23876658066407666,fourier
