nameseq,average,median,maximum,minimum,peak,none_levated_peak,sample_standard_deviation,population_standard_deviation,percentile15,percentile25,percentile50,percentile75,amplitude,variance,interquartile_range,semi_interquartile_range,coefficient_of_variation,skewness,kurtosis,label
LG9_231735_237613,447.98213507714365,17.588482637145503,2486707.561440356,0.00063652997412459,4.374430391803921,416.7870928959839,32428.869155048727,32431.627532900435,4.109433567805294,7.028885869148853,17.588482637145503,35.42121740848235,2486707.560803826,1051810464.4327856,28.392331539333497,14.196165769666749,72.38875530039695,0.03981578732044609,0.25524976813986255,fourier
