nameseq,average,median,maximum,minimum,peak,none_levated_peak,sample_standard_deviation,population_standard_deviation,percentile15,percentile25,percentile50,percentile75,amplitude,variance,interquartile_range,semi_interquartile_range,coefficient_of_variation,skewness,kurtosis,label
LG9_6575118_6575375,31.671798013772044,2.6969518941081274,7233.1949059038625,0.12423825621491141,2.7153494715583903,42.06851313887215,449.2318251616288,450.1049685027717,0.5871285610345441,1.0820633447650703,2.6969518941081274,4.91488832247356,7233.0706676476475,202594.48267088112,3.8328249777084897,1.9164124888542449,14.183969756509768,0.19349594906308615,0.2450800019861955,fourier
