nameseq,average,median,maximum,minimum,peak,none_levated_peak,sample_standard_deviation,population_standard_deviation,percentile15,percentile25,percentile50,percentile75,amplitude,variance,interquartile_range,semi_interquartile_range,coefficient_of_variation,skewness,kurtosis,label
LG9_9174107_9178546,409.32321599355004,29.79967295138238,1612780.928384876,0.0036516210571471957,3.615724547672178,240.363767452568,24200.564526752198,24203.29027598952,6.581754642226557,12.18677394737531,29.79967295138238,60.55234217256293,1612780.924733255,585799260.1838087,48.36556822518762,24.18278411259381,59.12336163979895,0.04704727560664484,0.25040941403689193,fourier
