nameseq,average,median,maximum,minimum,peak,none_levated_peak,sample_standard_deviation,population_standard_deviation,percentile15,percentile25,percentile50,percentile75,amplitude,variance,interquartile_range,semi_interquartile_range,coefficient_of_variation,skewness,kurtosis,label
LG9_587420_587818,34.309583575006904,2.5065591684240625,12447.039499452965,0.00987387015857032,3.876467917753596,71.84431208122201,622.2001297879748,622.9812978668473,0.40250943260967503,0.8726810061835996,2.5065591684240625,4.520030945853147,12447.029625582807,388105.69749186153,3.6473499396695477,1.8236749698347738,18.134878507858705,0.1533414550271161,0.29664805692188423,fourier
