nameseq,average,median,maximum,minimum,peak,none_levated_peak,sample_standard_deviation,population_standard_deviation,percentile15,percentile25,percentile50,percentile75,amplitude,variance,interquartile_range,semi_interquartile_range,coefficient_of_variation,skewness,kurtosis,label
LG9_7234242_7234553,24.63614881351776,1.600311655779538,6979.655141162434,0.0020622900174288145,4.221439023900342,64.86750808026046,394.3894814059468,395.0230392142083,0.3980854824126254,0.6910648592755511,1.600311655779538,3.145901799165305,6979.653078872417,156043.20151003,2.454836939889754,1.227418469944877,16.008568725220023,0.17522655834241682,0.2528699395969764,fourier
