nameseq,average,median,maximum,minimum,peak,none_levated_peak,sample_standard_deviation,population_standard_deviation,percentile15,percentile25,percentile50,percentile75,amplitude,variance,interquartile_range,semi_interquartile_range,coefficient_of_variation,skewness,kurtosis,label
LG9_560372_560576,38.453194479124754,5.838419517686645,6203.073457026776,0.03168051660852918,1.7770521866637043,23.02709878775589,431.67108897508774,432.72781292831985,1.5556485670410376,3.2683615528832783,5.838419517686645,11.592643701920514,6203.041776510167,187253.36008172698,8.324282149037234,4.162141074518617,11.225883696331934,0.22666406758123436,0.25165053356306155,fourier
