nameseq,average,median,maximum,minimum,peak,none_levated_peak,sample_standard_deviation,population_standard_deviation,percentile15,percentile25,percentile50,percentile75,amplitude,variance,interquartile_range,semi_interquartile_range,coefficient_of_variation,skewness,kurtosis,label
LG9_12160770_12160980,49.20128131157668,4.125137552126876,8734.210162020221,0.07752035874046878,1.4295020669875205,24.586133799421585,599.3907154017917,600.8161412326011,1.2888342791130665,1.748068191052208,4.125137552126876,10.086525881254717,8734.132641661481,360980.03556563286,8.338457690202508,4.169228845101254,12.182420852132559,0.22560981977790778,0.24011289445818865,fourier
