nameseq,average,median,maximum,minimum,peak,none_levated_peak,sample_standard_deviation,population_standard_deviation,percentile15,percentile25,percentile50,percentile75,amplitude,variance,interquartile_range,semi_interquartile_range,coefficient_of_variation,skewness,kurtosis,label
LG9_5068390_5068542,19.87408696075725,2.3555254757943738,2562.8472596918646,0.030193232611145048,2.5661556226810824,26.882984704736803,206.28550033155727,206.96295864231834,0.5252400325237077,0.9926859763395769,2.3555254757943738,4.480530907202106,2562.8170664592535,42833.66624998198,3.4878449308625292,1.7439224654312646,10.379621501047176,0.2547715877772178,0.2568442806747148,fourier
