nameseq,average,median,maximum,minimum,peak,none_levated_peak,sample_standard_deviation,population_standard_deviation,percentile15,percentile25,percentile50,percentile75,amplitude,variance,interquartile_range,semi_interquartile_range,coefficient_of_variation,skewness,kurtosis,label
LG9_11763740_11764100,27.038160765792117,1.4218885539752293,9085.916602390711,0.018265079015089482,4.450499957289089,80.9202945195597,477.4483573340583,478.1110201891677,0.33017824520138694,0.5955661244327083,1.4218885539752293,2.663911437499077,9085.898337311695,228590.1476263267,2.0683453130663687,1.0341726565331844,17.658314907947137,0.1609573380135886,0.28191359107368913,fourier
