nameseq,average,median,maximum,minimum,peak,none_levated_peak,sample_standard_deviation,population_standard_deviation,percentile15,percentile25,percentile50,percentile75,amplitude,variance,interquartile_range,semi_interquartile_range,coefficient_of_variation,skewness,kurtosis,label
LG9_8738064_8738346,29.553864461099277,2.693748827686204,7333.373352362305,0.01830269128481845,3.1919119564719196,46.740381625050794,434.9482512671025,435.71875364477773,0.7978550847191507,1.1058093281242425,2.693748827686204,5.229507504156235,7333.35504967102,189850.8322777585,4.123698176031993,2.0618490880159963,14.717136293279335,0.1852642162958248,0.27000293145393606,fourier
