nameseq,average,median,maximum,minimum,peak,none_levated_peak,sample_standard_deviation,population_standard_deviation,percentile15,percentile25,percentile50,percentile75,amplitude,variance,interquartile_range,semi_interquartile_range,coefficient_of_variation,skewness,kurtosis,label
LG9_2098187_2098505,28.9658458132297,1.312323549738956,8549.9632628017,0.026008568040280483,3.670990103964692,68.90030802984741,477.8447290598844,478.5954675103139,0.32988120761400175,0.5774348617818603,1.312323549738956,2.6732004181586673,8549.93725423366,229053.6215214159,2.095765556376807,1.0478827781884035,16.496833275334094,0.17361406696624973,0.2108637352907795,fourier
