nameseq,average,median,maximum,minimum,peak,none_levated_peak,sample_standard_deviation,population_standard_deviation,percentile15,percentile25,percentile50,percentile75,amplitude,variance,interquartile_range,semi_interquartile_range,coefficient_of_variation,skewness,kurtosis,label
LG9_1439203_1439393,16.131190499021024,1.1313885045751066,2772.1649531340736,0.0018934168549308585,3.9468052076212534,46.70368228500742,199.95488241366814,200.48038892414073,0.1920768318207406,0.3888525388765278,1.1313885045751066,2.242953189220231,2772.163059717219,40192.38634317472,1.8541006503437032,0.9270503251718516,12.395544050254882,0.22504779798396043,0.28827661554931455,fourier
