nameseq,average,median,maximum,minimum,peak,none_levated_peak,sample_standard_deviation,population_standard_deviation,percentile15,percentile25,percentile50,percentile75,amplitude,variance,interquartile_range,semi_interquartile_range,coefficient_of_variation,skewness,kurtosis,label
LG9_305966_306112,24.573071439150187,2.5497291499258408,3093.6183180932508,0.021838737633794614,1.9940527223606432,24.53704935150499,254.03376587717852,254.9022599179143,0.3583117050053523,1.0282639681998142,2.5497291499258408,4.63272998850765,3093.596479355617,64975.162111259946,3.604466020307836,1.802233010153918,10.337892294263554,0.2600836413991394,0.26135992846667266,fourier
