nameseq,average,median,maximum,minimum,peak,none_levated_peak,sample_standard_deviation,population_standard_deviation,percentile15,percentile25,percentile50,percentile75,amplitude,variance,interquartile_range,semi_interquartile_range,coefficient_of_variation,skewness,kurtosis,label
LG9_4556980_4557298,40.74337922761079,4.825763415669824,10794.108147885057,0.017320976939112477,2.609830979882833,40.69672867596481,603.0905099037358,604.0380211083998,1.1715672320020816,1.987454398577531,4.825763415669824,8.946074861352427,10794.09082690812,364861.93094455166,6.9586204627748955,3.4793102313874478,14.80217206664675,0.17866778811197379,0.2367217047131455,fourier
