nameseq,average,median,maximum,minimum,peak,none_levated_peak,sample_standard_deviation,population_standard_deviation,percentile15,percentile25,percentile50,percentile75,amplitude,variance,interquartile_range,semi_interquartile_range,coefficient_of_variation,skewness,kurtosis,label
LG9_2574429_2574478,6.486824167590715,0.6214484433711935,265.6755127898071,0.024377354552424232,2.569310688261937,13.684015196714947,37.05875587678842,37.43499654687701,0.12091636827125314,0.20624740325800295,0.6214484433711935,1.358026399877091,265.6511354352547,1401.3789664646936,1.151778996619088,0.575889498309544,5.712927454075341,0.47481699685660034,0.12940493961777058,fourier
