nameseq,average,median,maximum,minimum,peak,none_levated_peak,sample_standard_deviation,population_standard_deviation,percentile15,percentile25,percentile50,percentile75,amplitude,variance,interquartile_range,semi_interquartile_range,coefficient_of_variation,skewness,kurtosis,label
LG9_4159348_4159522,33.912611108011305,3.2585483357518576,5083.327917572567,0.006766223550375354,1.720107400386903,25.309239001291683,382.8268284508737,383.9253294992076,0.4369308824953368,1.245134045650632,3.2585483357518576,7.565501436031228,5083.321151349016,147398.6586310751,6.320367390380596,3.160183695190298,11.28862732602849,0.2402187659859356,0.2631521711818339,fourier
