nameseq,average,median,maximum,minimum,peak,none_levated_peak,sample_standard_deviation,population_standard_deviation,percentile15,percentile25,percentile50,percentile75,amplitude,variance,interquartile_range,semi_interquartile_range,coefficient_of_variation,skewness,kurtosis,label
LG9_9620733_9625997,464.6366414343222,33.187148146456735,2181968.414015401,0.006940911428161457,3.7771450710007652,273.95777255133567,30067.693606553552,30070.549444866167,7.940410773309287,13.758562529583642,33.187148146456735,63.7240794592569,2181968.4070744896,904237943.9161409,49.96551692967326,24.98275846483663,64.71227390447577,0.04304781393613377,0.2538360537240421,fourier
