nameseq,average,median,maximum,minimum,peak,none_levated_peak,sample_standard_deviation,population_standard_deviation,percentile15,percentile25,percentile50,percentile75,amplitude,variance,interquartile_range,semi_interquartile_range,coefficient_of_variation,skewness,kurtosis,label
LG9_10778939_10778989,12.516280312859584,0.8751869857217192,553.7775046855776,0.01963477144920532,1.358231005943013,11.155499355973268,76.57453605865567,77.3364905077178,0.17389032787829914,0.30852229650032537,0.8751869857217192,2.5317272750061717,553.7578699141284,5980.932764050324,2.223204978505846,1.111602489252923,6.117994655327494,0.45606910311102056,0.22294824270454958,fourier
