nameseq,average,median,maximum,minimum,peak,none_levated_peak,sample_standard_deviation,population_standard_deviation,percentile15,percentile25,percentile50,percentile75,amplitude,variance,interquartile_range,semi_interquartile_range,coefficient_of_variation,skewness,kurtosis,label
LG9_13826709_13827115,56.98533381564114,5.082313799308675,20005.423994274144,0.0462018482101589,2.3807295242943605,48.689738730935844,990.0638736984172,991.2824143118369,1.2016521538066192,2.22461185493482,5.082313799308675,9.680669816207862,20005.377792425934,982640.8249239043,7.456057961273042,3.728028980636521,17.3740120028334,0.1572717318402306,0.19709063989538178,fourier
