nameseq,average,median,maximum,minimum,peak,none_levated_peak,sample_standard_deviation,population_standard_deviation,percentile15,percentile25,percentile50,percentile75,amplitude,variance,interquartile_range,semi_interquartile_range,coefficient_of_variation,skewness,kurtosis,label
LG9_9935008_9935226,38.5367439159078,6.922444825407177,6450.905458503243,0.2210963080536535,1.8942960038163972,24.17372815736697,434.42452336407507,435.41976985371497,1.4200345375757437,2.31901805382922,6.922444825407177,11.707551217611936,6450.684362195189,189590.37597946211,9.388533163782716,4.694266581891358,11.272995048882335,0.21831847000040916,0.25727225588836783,fourier
