nameseq,average,median,maximum,minimum,peak,none_levated_peak,sample_standard_deviation,population_standard_deviation,percentile15,percentile25,percentile50,percentile75,amplitude,variance,interquartile_range,semi_interquartile_range,coefficient_of_variation,skewness,kurtosis,label
LG9_3886247_3886414,20.42330691956992,2.4240217784269964,2924.091343912299,0.05010472691849324,2.741965354608658,30.254169296781857,224.71896308899875,225.39077015757476,0.42651769264530676,0.949720655168462,2.4240217784269964,3.972639621164551,2924.0412391853806,50800.9992722247,3.022918965996089,1.5114594829980446,11.003064487743151,0.24029060423371218,0.2297410261542796,fourier
