nameseq,average,median,maximum,minimum,peak,none_levated_peak,sample_standard_deviation,population_standard_deviation,percentile15,percentile25,percentile50,percentile75,amplitude,variance,interquartile_range,semi_interquartile_range,coefficient_of_variation,skewness,kurtosis,label
LG9_799995_800236,39.89528172582362,3.8774952362037913,8107.522908210352,0.06123311025270495,2.0219600708936047,31.010588829194248,519.733834336925,520.8110040610261,1.4067779854537954,2.1649786260365884,3.8774952362037913,8.082791093800317,8107.4616751000995,271244.1019510542,5.917812467763729,2.9589062338818644,13.027451163492074,0.20790133781979706,0.23473940316195233,fourier
