nameseq,average,median,maximum,minimum,peak,none_levated_peak,sample_standard_deviation,population_standard_deviation,percentile15,percentile25,percentile50,percentile75,amplitude,variance,interquartile_range,semi_interquartile_range,coefficient_of_variation,skewness,kurtosis,label
LG9_12170276_12170469,34.92323518209427,3.5121501161838182,5723.889060572948,0.0030740320256383473,1.85168030193899,27.36827255683472,409.56645745809755,410.6261395848981,0.6030791518895754,1.3097489837211365,3.5121501161838182,7.7086800339014765,5723.885986540923,168613.82651039623,6.39893105018034,3.19946552509017,11.727620746547823,0.2300804997132176,0.26578480025665374,fourier
