nameseq,average,median,maximum,minimum,peak,none_levated_peak,sample_standard_deviation,population_standard_deviation,percentile15,percentile25,percentile50,percentile75,amplitude,variance,interquartile_range,semi_interquartile_range,coefficient_of_variation,skewness,kurtosis,label
LG9_14263649_14264523,76.17522305595021,4.5864103535924245,60983.788130455396,0.015177996047111017,3.828891534094221,115.14046483889865,2060.2409857929792,2061.419276415923,0.8980729639086443,1.9210803109332895,4.5864103535924245,8.694937979688468,60983.772952459345,4249449.433179148,6.773857668755179,3.3869288343775894,27.046077492674296,0.10424335773730399,0.2343543340938163,fourier
