nameseq,average,median,maximum,minimum,peak,none_levated_peak,sample_standard_deviation,population_standard_deviation,percentile15,percentile25,percentile50,percentile75,amplitude,variance,interquartile_range,semi_interquartile_range,coefficient_of_variation,skewness,kurtosis,label
LG9_12734060_12734816,77.26741177349025,7.226476617338802,49120.552456418394,0.015052528659812383,3.2657148407280627,78.68808354008213,1783.9344305032566,1785.1138914126063,1.501245100021647,2.765719690290077,7.226476617338802,14.529942312741262,49120.537403889735,3186631.605314258,11.764222622451186,5.882111311225593,23.08779845936691,0.11778617076703748,0.2397583661246435,fourier
