nameseq,average,median,maximum,minimum,peak,none_levated_peak,sample_standard_deviation,population_standard_deviation,percentile15,percentile25,percentile50,percentile75,amplitude,variance,interquartile_range,semi_interquartile_range,coefficient_of_variation,skewness,kurtosis,label
LG9_7075291_7078150,240.62088618166166,14.18144204728376,629709.6525048035,0.016949626781804603,3.9619724973234236,222.48711776264685,11772.479603425116,11774.538269105527,3.2475990180360497,6.221453522833237,14.18144204728376,28.101545135772735,629709.6355551768,138639751.45063058,21.8800916129395,10.94004580646975,48.92542700776707,0.05770392944282452,0.23945967770957283,fourier
