nameseq,average,median,maximum,minimum,peak,none_levated_peak,sample_standard_deviation,population_standard_deviation,percentile15,percentile25,percentile50,percentile75,amplitude,variance,interquartile_range,semi_interquartile_range,coefficient_of_variation,skewness,kurtosis,label
LG9_12852363_12852560,20.311076817783405,2.1025818521304442,3529.5311969642785,0.044695749841374005,3.249458440441403,38.077355417701185,250.0305169588328,250.66430889316388,0.4555920914643042,1.1079098040851616,2.1025818521304442,3.373966578906276,3529.486501214437,62832.59575288748,2.2660567748211147,1.1330283874105573,12.310057177269798,0.21847527078445747,0.2282209692948409,fourier
