nameseq,average,median,maximum,minimum,peak,none_levated_peak,sample_standard_deviation,population_standard_deviation,percentile15,percentile25,percentile50,percentile75,amplitude,variance,interquartile_range,semi_interquartile_range,coefficient_of_variation,skewness,kurtosis,label
LG9_13587933_13588092,18.08781089005491,1.42677226731139,2584.988743787149,0.005150099908141308,2.948578667563205,34.72432643364648,203.57750653146044,204.21668394890293,0.34620799632885507,0.6495369026571145,1.42677226731139,2.262279710128185,2584.983593687241,41704.4540030861,1.6127428074710706,0.8063714037355353,11.254955492894497,0.24552376497698328,0.14591581229360082,fourier
