nameseq,average,median,maximum,minimum,peak,none_levated_peak,sample_standard_deviation,population_standard_deviation,percentile15,percentile25,percentile50,percentile75,amplitude,variance,interquartile_range,semi_interquartile_range,coefficient_of_variation,skewness,kurtosis,label
LG9_11173224_11173584,100.89908644454138,11.885985417410152,29768.598274215867,0.034597346809972444,1.192610731906615,28.274931607303124,1563.7587682173414,1565.929149231605,3.1074563059919393,5.218318878098324,11.885985417410152,25.7347643299107,29768.563676869057,2452134.100413218,20.516445451812377,10.258222725906188,15.498245061682027,0.17076758161734495,0.2586411915494571,fourier
