nameseq,average,median,maximum,minimum,peak,none_levated_peak,sample_standard_deviation,population_standard_deviation,percentile15,percentile25,percentile50,percentile75,amplitude,variance,interquartile_range,semi_interquartile_range,coefficient_of_variation,skewness,kurtosis,label
LG9_1439203_1439401,16.715374508122363,1.225195056267311,3002.7919487874233,0.010799160312110033,3.968402460926049,48.760098949479094,212.22221949830762,212.75745923740362,0.12502501357034357,0.40174733959881703,1.225195056267311,2.328016987493092,3002.781149627111,45265.73646115546,1.9262696478942751,0.9631348239471376,12.696228815883499,0.2189711259519446,0.27313338638951173,fourier
