nameseq,average,median,maximum,minimum,peak,none_levated_peak,sample_standard_deviation,population_standard_deviation,percentile15,percentile25,percentile50,percentile75,amplitude,variance,interquartile_range,semi_interquartile_range,coefficient_of_variation,skewness,kurtosis,label
LG9_4742579_4743896,97.68612960192539,3.3530694693449092,121947.5029722419,0.004665338019389546,4.49739727762409,193.24500111769777,3357.627450292715,3358.901934092757,0.8504924954506121,1.4892447228268102,3.3530694693449092,7.272793921536986,121947.49830690389,11282222.202852063,5.783549198710176,2.891774599355088,34.37158851492194,0.08428546185881039,0.2450845297679096,fourier
