nameseq,average,median,maximum,minimum,peak,none_levated_peak,sample_standard_deviation,population_standard_deviation,percentile15,percentile25,percentile50,percentile75,amplitude,variance,interquartile_range,semi_interquartile_range,coefficient_of_variation,skewness,kurtosis,label
LG9_154419_154524,23.66025163644533,2.7580826052279956,2024.3631821795557,0.0882659580664264,1.4933625337655854,15.958409934880311,195.35764100735926,196.2857110340698,0.5450014192382193,0.9926192793408952,2.7580826052279956,5.141854532464126,2024.2749162214893,38528.080356150356,4.14923525312323,2.074617626561615,8.256786276374084,0.3209831300700944,0.23059148466807683,fourier
