nameseq,average,median,maximum,minimum,peak,none_levated_peak,sample_standard_deviation,population_standard_deviation,percentile15,percentile25,percentile50,percentile75,amplitude,variance,interquartile_range,semi_interquartile_range,coefficient_of_variation,skewness,kurtosis,label
LG9_5311473_5311574,14.520808336985027,1.355198366811866,1247.0430945863654,0.10094031369900172,2.3414674452661677,20.199210771453924,122.66420042685198,123.26995324874032,0.3906980913922244,0.7635359870227592,1.355198366811866,3.486015728301435,1246.9421542726664,15195.481373946624,2.7224797412786756,1.3612398706393378,8.447477411737596,0.3219915001530746,0.25345332044132396,fourier
