nameseq,average,median,maximum,minimum,peak,none_levated_peak,sample_standard_deviation,population_standard_deviation,percentile15,percentile25,percentile50,percentile75,amplitude,variance,interquartile_range,semi_interquartile_range,coefficient_of_variation,skewness,kurtosis,label
LG9_9098292_9102912,356.69767242125283,15.81843168781514,1538394.4782928457,0.001217810802870926,4.318316188826235,338.61663950974395,22628.012091840337,22630.460878394973,3.830987304911097,6.679013348107267,15.81843168781514,32.008833602216875,1538394.4770750348,512137759.5685655,25.329820254109606,12.664910127054803,63.4375098055507,0.04519344068094592,0.25481823209862325,fourier
